Name,CMC,Colors,Color identity,Supertypes,Types,Subtypes,Rarity,Set,Power,Toughness,Loyalty,Text
Dire Fleet Ravager,5.0,['B'],['B'],None,['Creature'],"['Orc', 'Pirate', 'Wizard']",Mythic,CLB,4,4,None,"Menace, deathtouch\nWhen Dire Fleet Ravager enters the battlefield, each player loses a third of their life, rounded up."
Dauthi Horror,2.0,['B'],['B'],None,['Creature'],"['Dauthi', 'Horror']",Common,CLB,2,1,None,Shadow (This creature can block or be blocked by only creatures with shadow.)\nDauthi Horror can't be blocked by white creatures.
Ezuri's Predation,8.0,['G'],['G'],None,['Sorcery'],None,Rare,CLB,None,None,None,"For each creature your opponents control, create a 4/4 green Phyrexian Beast creature token. Each of those tokens fights a different one of those creatures."
Embereth Shieldbreaker // Battle Display,2.0,['R'],['R'],None,['Creature'],"['Human', 'Knight']",Uncommon,CLB,2,1,None,None
Dark Hatchling,6.0,['B'],['B'],None,['Creature'],['Horror'],Rare,CLB,3,3,None,"Flying\nWhen Dark Hatchling enters the battlefield, destroy target nonblack creature. It can't be regenerated."
Nalfeshnee,6.0,['R'],['R'],None,['Creature'],"['Beast', 'Demon']",Rare,CLB,4,6,None,"Flying\nWhenever you cast a spell from exile, copy it. You may choose new targets for the copy. If it's a permanent spell, the copy gains haste and ""At the beginning of the end step, sacrifice this permanent."" (A copy of a permanent spell becomes a token.)"
Loot Dispute,4.0,['R'],['R'],None,['Enchantment'],None,Rare,CLB,None,None,None,"When Loot Dispute enters the battlefield, you take the initiative and create a Treasure token.\nWhenever you attack the player who has the initiative, create a Treasure token.\nLoud Ruckus — Whenever you complete a dungeon, create a 5/5 red Dragon creature token with flying."
Lightning Bolt,1.0,['R'],['R'],None,['Instant'],None,Common,CLB,None,None,None,Lightning Bolt deals 3 damage to any target.
Delayed Blast Fireball,3.0,['R'],['R'],None,['Instant'],None,Rare,CLB,None,None,None,"Delayed Blast Fireball deals 2 damage to each opponent and each creature they control. If this spell was cast from exile, it deals 5 damage to each opponent and each creature they control instead.\nForetell {4}{R}{R} (During your turn, you may pay {2} and exile this card from your hand face down. Cast it on a later turn for its foretell cost.)"
Javelin of Lightning,2.0,['R'],['R'],None,['Artifact'],['Equipment'],Common,CLB,None,None,None,"Flash\nWhen Javelin of Lightning enters the battlefield, attach it to target creature you control.\nAs long as it's your turn, equipped creature gets +2/+0 and has first strike.\nEquip {4} ({4}: Attach to target creature you control. Equip only as a sorcery.)"
Curtains' Call,6.0,['B'],['B'],None,['Instant'],None,Rare,CLB,None,None,None,Undaunted (This spell costs {1} less to cast for each opponent.)\nDestroy two target creatures.
Minimus Containment,3.0,['W'],['W'],None,['Enchantment'],['Aura'],Common,CLB,None,None,None,"Enchant nonland permanent\nEnchanted permanent is a Treasure artifact with ""{T}, Sacrifice this artifact: Add one mana of any color,"" and it loses all other abilities. (If it was a creature, it's no longer a creature.)"
Crippling Fear,4.0,['B'],['B'],None,['Sorcery'],None,Rare,CLB,None,None,None,Choose a creature type. Creatures that aren't of the chosen type get -3/-3 until end of turn.
Martial Impetus,3.0,['W'],['W'],None,['Enchantment'],['Aura'],Common,CLB,None,None,None,"Enchant creature\nEnchanted creature gets +1/+1 and is goaded. (It attacks each combat if able and attacks a player other than you if able.)\nWhenever enchanted creature attacks, each other creature that's attacking one of your opponents gets +1/+1 until end of turn."
Explore,2.0,['G'],['G'],None,['Sorcery'],None,Common,CLB,None,None,None,You may play an additional land this turn.\nDraw a card.
Guild Artisan,2.0,['R'],['R'],['Legendary'],['Enchantment'],['Background'],Uncommon,CLB,None,None,None,"Commander creatures you own have ""Whenever this creature attacks a player, if no opponent has more life than that player, you create two Treasure tokens."" (They're artifacts with ""{T}, Sacrifice this artifact: Add one mana of any color."")"
Kodama's Reach,3.0,['G'],['G'],None,['Sorcery'],['Arcane'],Common,CLB,None,None,None,"Search your library for up to two basic land cards, reveal those cards, put one onto the battlefield tapped and the other into your hand, then shuffle."
Genasi Enforcers,2.0,['R'],['R'],None,['Creature'],"['Elemental', 'Shaman']",Common,CLB,1,3,None,"Myriad (Whenever this creature attacks, for each opponent other than defending player, you may create a token that's a copy of this creature that's tapped and attacking that player or a planeswalker they control. Exile the tokens at end of combat.)\n{1}{R}: Creatures you control named Genasi Enforcers get +1/+0 until end of turn."
Corpse Augur,4.0,['B'],['B'],None,['Creature'],"['Zombie', 'Wizard']",Uncommon,CLB,4,2,None,"When Corpse Augur dies, you draw X cards and you lose X life, where X is the number of creature cards in target player's graveyard."
Fireball,1.0,['R'],['R'],None,['Sorcery'],None,Uncommon,CLB,None,None,None,"This spell costs {1} more to cast for each target beyond the first.\nFireball deals X damage divided evenly, rounded down, among any number of targets."
Changeling Outcast,1.0,['B'],['B'],None,['Creature'],['Shapeshifter'],Common,CLB,1,1,None,Changeling (This card is every creature type.)\nChangeling Outcast can't block and can't be blocked.
Death Kiss,6.0,['R'],['R'],None,['Creature'],['Beholder'],Rare,CLB,5,5,None,"Whenever a creature an opponent controls attacks one of your opponents, double its power until end of turn.\n{X}{X}{R}: Monstrosity X. (If this creature isn't monstrous, put X +1/+1 counters on it and it becomes monstrous.)\nWhen Death Kiss becomes monstrous, goad up to X target creatures your opponents control."
Elturel Survivors,4.0,['R'],['R'],None,['Creature'],"['Tiefling', 'Peasant']",Rare,CLB,0,4,None,"Trample, myriad\nAs long as Elturel Survivors is attacking, it gets +X/+0, where X is the number of lands defending player controls."
Calculating Lich,6.0,['B'],['B'],None,['Creature'],"['Zombie', 'Wizard']",Mythic,CLB,5,5,None,"Menace\nWhenever a creature attacks one of your opponents, that player loses 1 life."
"Lulu, Loyal Hollyphant",4.0,['W'],['W'],['Legendary'],['Creature'],"['Elephant', 'Angel']",Uncommon,CLB,3,2,None,"Flying\nAt the beginning of your end step, if a permanent you controlled left the battlefield this turn, put a +1/+1 counter on each tapped creature you control, then untap them.\nChoose a Background (You can have a Background as a second commander.)"
Dream Pillager,7.0,['R'],['R'],None,['Creature'],['Dragon'],Rare,CLB,4,4,None,"Flying\nWhenever Dream Pillager deals combat damage to a player, exile that many cards from the top of your library. Until end of turn, you may cast spells from among those exiled cards."
Legion Loyalty,8.0,['W'],['W'],None,['Enchantment'],None,Mythic,CLB,None,None,None,"Creatures you control have myriad. (Whenever a creature with myriad attacks, for each opponent other than defending player, you may create a token that's a copy of that creature that's tapped and attacking that player or a planeswalker they control. Exile the tokens at end of combat.)"
End-Raze Forerunners,8.0,['G'],['G'],None,['Creature'],['Boar'],Rare,CLB,7,7,None,"Vigilance, trample, haste\nWhen End-Raze Forerunners enters the battlefield, other creatures you control get +2/+2 and gain vigilance and trample until end of turn."
Lae'zel's Acrobatics,4.0,['W'],['W'],None,['Instant'],None,Rare,CLB,None,None,None,"Exile all nontoken creatures you control, then roll a d20.\n1—9 | Return those cards to the battlefield under their owner's control at the beginning of the next end step.\n10—20 | Return those cards to the battlefield under their owner's control, then exile them again. Return those cards to the battlefield under their owner's control at the beginning of the next end step."
Bothersome Quasit,3.0,['R'],['R'],None,['Creature'],['Demon'],Rare,CLB,3,2,None,"Menace\nGoaded creatures your opponents control can't block.\nWhenever you cast a noncreature spell, goad target creature an opponent controls. (Until your next turn, that creature attacks each combat if able and attacks a player other than you if able.)"
"Lae'zel, Vlaakith's Champion",3.0,['W'],['W'],['Legendary'],['Creature'],"['Gith', 'Warrior']",Rare,CLB,3,3,None,"If you would put one or more counters on a creature or planeswalker you control or on yourself, put that many plus one of each of those kinds of counters on that permanent or player instead.\nChoose a Background (You can have a Background as a second commander.)"
"Drakuseth, Maw of Flames",7.0,['R'],['R'],['Legendary'],['Creature'],['Dragon'],Rare,CLB,7,7,None,"Flying\nWhenever Drakuseth, Maw of Flames attacks, it deals 4 damage to any target and 3 damage to each of up to two other targets."
Inspiring Leader,3.0,['W'],['W'],['Legendary'],['Enchantment'],['Background'],Uncommon,CLB,None,None,None,"Commander creatures you own have ""Creature tokens you control get +2/+2."""
"Baeloth Barrityl, Entertainer",5.0,['R'],['R'],['Legendary'],['Creature'],"['Elf', 'Shaman']",Mythic,CLB,2,5,None,"Creatures your opponents control with power less than Baeloth Barrityl's power are goaded. (They attack each combat if able and attack a player other than you if able.)\nWhenever a goaded attacking or blocking creature dies, you create a Treasure token.\nChoose a Background (You can have a Background as a second commander.)"
Icewind Stalwart,4.0,['W'],['W'],None,['Creature'],"['Tiefling', 'Warrior']",Common,CLB,3,3,None,"Protection Fighting Style — When Icewind Stalwart enters the battlefield, exile up to one target non-Warrior creature you control, then return it to the battlefield under its owner's control."
Butcher of Malakir,7.0,['B'],['B'],None,['Creature'],"['Vampire', 'Warrior']",Rare,CLB,5,4,None,"Flying\nWhenever Butcher of Malakir or another creature you control dies, each opponent sacrifices a creature."
Uchuulon,4.0,['B'],['B'],None,['Creature'],"['Crab', 'Ooze', 'Horror']",Rare,CLB,*,4,None,"Uchuulon's power is equal to the number of Crabs, Oozes, and/or Horrors you control.\nHorrific Symbiosis — At the beginning of your end step, exile up to one target creature card from an opponent's graveyard. If you do, create a token that's a copy of Uchuulon."
Horn of Valhalla // Ysgard's Call,2.0,['W'],['W'],None,['Artifact'],['Equipment'],Rare,CLB,None,None,None,Equipped creature gets +1/+1 for each creature you control.\nEquip {3}
Solemn Doomguide,5.0,['B'],['B'],None,['Creature'],"['Tiefling', 'Cleric']",Rare,CLB,4,5,None,"Flying\nEach creature card in your graveyard that's a Cleric, Rogue, Warrior, and/or Wizard has unearth {1}{B}. ({1}{B}: Return the card to the battlefield. The creature gains haste. Exile it at the beginning of the next end step or if it would leave the battlefield. Unearth only as a sorcery.)"
Hammers of Moradin,3.0,['W'],['W'],None,['Creature'],"['Dwarf', 'Cleric']",Uncommon,CLB,3,3,None,"Myriad (Whenever this creature attacks, for each opponent other than defending player, you may create a token that's a copy of this creature that's tapped and attacking that player or a planeswalker they control. Exile the tokens at end of combat.)\nWhenever Hammers of Moradin attacks, for each opponent, tap up to one target creature that player controls."
Disrupt Decorum,4.0,['R'],['R'],None,['Sorcery'],None,Rare,CLB,None,None,None,"Goad all creatures you don't control. (Until your next turn, those creatures attack each combat if able and attack a player other than you if able.)"
Guiding Bolt,3.0,['W'],['W'],None,['Instant'],None,Common,CLB,None,None,None,"Destroy target creature with power 4 or greater.\nScry 2. (Look at the top two cards of your library, then put any number of them on the bottom of your library and the rest on top in any order.)"
Bloodsoaked Champion,1.0,['B'],['B'],None,['Creature'],"['Human', 'Warrior']",Rare,CLB,2,1,None,Bloodsoaked Champion can't block.\nRaid — {1}{B}: Return Bloodsoaked Champion from your graveyard to the battlefield. Activate only if you attacked this turn.
Cultivate,3.0,['G'],['G'],None,['Sorcery'],None,Uncommon,CLB,None,None,None,"Search your library for up to two basic land cards, reveal those cards, put one onto the battlefield tapped and the other into your hand, then shuffle."
Amber Gristle O'Maul,4.0,['R'],['R'],['Legendary'],['Creature'],"['Dwarf', 'Cleric']",Uncommon,CLB,3,3,None,"Haste\nWhenever Amber Gristle O'Maul attacks, you may discard your hand. If you do, draw a card for each player being attacked.\nChoose a Background (You can have a Background as a second commander.)"
Black Market,5.0,['B'],['B'],None,['Enchantment'],None,Rare,CLB,None,None,None,"Whenever a creature dies, put a charge counter on Black Market.\nAt the beginning of your precombat main phase, add {B} for each charge counter on Black Market."
Haunted One,3.0,['B'],['B'],['Legendary'],['Enchantment'],['Background'],Mythic,CLB,None,None,None,"Commander creatures you own have ""Whenever this creature becomes tapped, it and other creatures you control that share a creature type with it each get +2/+0 and gain undying until end of turn."" (When a creature with undying dies, if it had no +1/+1 counters on it, return it to the battlefield under its owner's control with a +1/+1 counter on it.)"
"Viconia, Drow Apostate",3.0,['B'],['B'],['Legendary'],['Creature'],"['Elf', 'Cleric']",Uncommon,CLB,2,3,None,"At the beginning of your upkeep, if there are four or more creature cards in your graveyard, return a creature card at random from your graveyard to your hand.\nChoose a Background (You can have a Background as a second commander.)"
Will Kenrith,6.0,['U'],['U'],['Legendary'],['Planeswalker'],['Will'],Mythic,CLB,None,None,4,"[+2]: Until your next turn, up to two target creatures each have base power and toughness 0/3 and lose all abilities.\n[−2]: Target player draws two cards. Until your next turn, instant, sorcery, and planeswalker spells that player casts cost {2} less to cast.\n[−8]: Target player gets an emblem with ""Whenever you cast an instant or sorcery spell, copy it. You may choose new targets for the copy.""\nPartner with Rowan Kenrith\nWill Kenrith can be your commander."
Underdark Explorer,5.0,['B'],['B'],None,['Creature'],"['Lizard', 'Warrior']",Common,CLB,5,3,None,"Menace (This creature can't be blocked except by two or more creatures.)\nWhen Underdark Explorer enters the battlefield, you take the initiative."
From the Catacombs,5.0,['B'],['B'],None,['Sorcery'],None,Rare,CLB,None,None,None,"Put target creature card from a graveyard onto the battlefield under your control with a corpse counter on it. If that creature would leave the battlefield, exile it instead of putting it anywhere else.\nYou take the initiative.\nEscape—{3}{B}{B}, Exile five other cards from your graveyard. (You may cast this card from your graveyard for its escape cost.)"
Topaz Dragon // Entropic Cloud,6.0,['B'],['B'],None,['Creature'],['Dragon'],Uncommon,CLB,4,4,None,"Flying, deathtouch"
Lovestruck Beast // Heart's Desire,3.0,['G'],['G'],None,['Creature'],"['Beast', 'Noble']",Rare,CLB,5,5,None,Lovestruck Beast can't attack unless you control a 1/1 creature.
Summon Undead,5.0,['B'],['B'],None,['Sorcery'],None,Common,CLB,None,None,None,"You may mill three cards. Then return a creature card from your graveyard to the battlefield. (To mill a card, put the top card of your library into your graveyard.)"
Wharf Infiltrator,2.0,['U'],['U'],None,['Creature'],"['Human', 'Horror']",Rare,CLB,1,1,None,"Skulk (This creature can't be blocked by creatures with greater power.)\nWhenever Wharf Infiltrator deals combat damage to a player, you may draw a card. If you do, discard a card.\nWhenever you discard a creature card, you may pay {2}. If you do, create a 3/2 colorless Eldrazi Horror creature token."
Skullport Merchant,3.0,['B'],['B'],None,['Creature'],"['Dwarf', 'Citizen']",Uncommon,CLB,1,4,None,"When Skullport Merchant enters the battlefield, create a Treasure token. (It's an artifact with ""{T}, Sacrifice this artifact: Add one mana of any color."")\n{1}{B}, Sacrifice another creature or a Treasure: Draw a card."
Dire Fleet Daredevil,2.0,['R'],['R'],None,['Creature'],"['Human', 'Pirate']",Rare,CLB,2,1,None,"First strike\nWhen Dire Fleet Daredevil enters the battlefield, exile target instant or sorcery card from an opponent's graveyard. You may cast it this turn, and mana of any type can be spent to cast that spell. If that spell would be put into a graveyard, exile it instead."
Sigil of Myrkul,3.0,['B'],['B'],None,['Enchantment'],None,Uncommon,CLB,None,None,None,"At the beginning of combat on your turn, mill a card. When you do, if there are four or more creature cards in your graveyard, put a +1/+1 counter on target creature you control and it gains deathtouch until end of turn. (To mill a card, put the top card of your library into your graveyard.)"
Beast Within,3.0,['G'],['G'],None,['Instant'],None,Uncommon,CLB,None,None,None,Destroy target permanent. Its controller creates a 3/3 green Beast creature token.
Scion of Halaster,2.0,['B'],['B'],['Legendary'],['Enchantment'],['Background'],Common,CLB,None,None,None,"Commander creatures you own have ""The first time you would draw a card each turn, instead look at the top two cards of your library. Put one of them into your graveyard and the other back on top of your library. Then draw a card."""
Sly Instigator,4.0,['U'],['U'],None,['Creature'],"['Human', 'Wizard']",Rare,CLB,2,4,None,"{U}, {T}: Until your next turn, target creature an opponent controls can't be blocked. Goad that creature. (Until your next turn, that creature attacks each combat if able and attacks a player other than you if able.)"
"Safana, Calimport Cutthroat",3.0,['B'],['B'],['Legendary'],['Creature'],"['Human', 'Rogue']",Uncommon,CLB,3,2,None,"Menace\nAt the beginning of your end step, if you have the initiative, create a Treasure token. Create three of those tokens instead if you've completed a dungeon.\nChoose a Background (You can have a Background as a second commander.)"
Sludge Monster,5.0,['U'],['U'],None,['Creature'],['Horror'],Rare,CLB,5,5,None,"Whenever Sludge Monster enters the battlefield or attacks, put a slime counter on up to one other target creature.\nNon-Horror creatures with slime counters on them lose all abilities and have base power and toughness 2/2."
Guardian Naga // Banishing Coils,7.0,['W'],['W'],None,['Creature'],['Naga'],Common,CLB,5,6,None,"Vigilance\nAs long as it's your turn, prevent all damage that would be dealt to Guardian Naga."
"Burakos, Party Leader",4.0,['B'],['B'],['Legendary'],['Creature'],['Orc'],Mythic,CLB,2,4,None,"Burakos, Party Leader is also a Cleric, Rogue, Warrior, and Wizard.\nWhenever Burakos attacks, defending player loses X life and you create X Treasure tokens, where X is the number of creatures in your party.\nChoose a Background (You can have a Background as a second commander.)"
Parasitic Impetus,3.0,['B'],['B'],None,['Enchantment'],['Aura'],Common,CLB,None,None,None,"Enchant creature\nEnchanted creature gets +2/+2 and is goaded. (It attacks each combat if able and attacks a player other than you if able.)\nWhenever enchanted creature attacks, its controller loses 2 life and you gain 2 life."
Brainstealer Dragon,7.0,['B'],['B'],None,['Creature'],"['Dragon', 'Horror']",Rare,CLB,6,6,None,"Flying\nAt the beginning of your end step, exile the top card of each opponent's library. You may play those cards for as long as they remain exiled. If you cast a spell this way, you may spend mana as though it were mana of any color to cast it.\nWhenever a nonland permanent an opponent owns enters the battlefield under your control, they lose life equal to its mana value."
Nothic,5.0,['B'],['B'],None,['Creature'],['Horror'],Uncommon,CLB,4,3,None,"Weird Insight — When Nothic dies, roll a d20.\n1—9 | You draw a card and you lose 1 life.\n10—19 | You draw two cards and you lose 2 life.\n20 | You draw seven cards and you lose 7 life."
Reins of Power,4.0,['U'],['U'],None,['Instant'],None,Rare,CLB,None,None,None,Untap all creatures you control and all creatures target opponent controls. You and that opponent each gain control of all creatures the other controls until end of turn. Those creatures gain haste until end of turn.
Myrkul's Invoker,3.0,['B'],['B'],None,['Creature'],"['Cat', 'Rogue']",Common,CLB,2,3,None,Psychic Blades — {8}: Creatures you control get +2/+0 and gain menace until end of turn. (A creature with menace can't be blocked except by two or more creatures.)
Demon Bolt,3.0,['R'],['R'],None,['Instant'],None,Common,CLB,None,None,None,"Demon Bolt deals 4 damage to target creature or planeswalker.\nForetell {R} (During your turn, you may pay {2} and exile this card from your hand face down. Cast it on a later turn for its foretell cost.)"
Murder,3.0,['B'],['B'],None,['Instant'],None,Common,CLB,None,None,None,Destroy target creature.
Intellect Devourer,4.0,['B'],['B'],None,['Creature'],['Horror'],Rare,CLB,2,4,None,"Devour Intellect — When Intellect Devourer enters the battlefield, each opponent exiles a card from their hand until Intellect Devourer leaves the battlefield.\nBody Thief — You may play lands and cast spells from among cards exiled with Intellect Devourer. If you cast a spell this way, you may spend mana as though it were mana of any color to cast it."
Black Market Connections,3.0,['B'],['B'],None,['Enchantment'],None,Rare,CLB,None,None,None,"At the beginning of your precombat main phase, choose one or more —\n• Sell Contraband — Create a Treasure token. You lose 1 life.\n• Buy Information — Draw a card. You lose 2 life.\n• Hire a Mercenary — Create a 3/2 colorless Shapeshifter creature token with changeling. You lose 3 life. (It has every creature type.)"
Hezrou // Demonic Stench,7.0,['B'],['B'],None,['Creature'],"['Frog', 'Demon']",Common,CLB,6,6,None,"Whenever one or more creatures you control become blocked, each blocking creature gets -1/-1 until end of turn."
Reflections of Littjara,5.0,['U'],['U'],None,['Enchantment'],None,Rare,CLB,None,None,None,"As Reflections of Littjara enters the battlefield, choose a creature type.\nWhenever you cast a spell of the chosen type, copy that spell. (A copy of a permanent spell becomes a token.)"
Hornet Queen,7.0,['G'],['G'],None,['Creature'],['Insect'],Rare,CLB,2,2,None,"Flying, deathtouch\nWhen Hornet Queen enters the battlefield, create four 1/1 green Insect creature tokens with flying and deathtouch."
"Zellix, Sanity Flayer",3.0,['U'],['U'],['Legendary'],['Creature'],['Horror'],Mythic,CLB,2,3,None,"Hive Mind — Whenever a player mills one or more creature cards, you create a 1/1 black Horror creature token.\n{1}, {T}: Target player mills three cards.\nChoose a Background (You can have a Background as a second commander.)"
Ghastly Death Tyrant,6.0,['B'],['B'],None,['Creature'],"['Beholder', 'Skeleton']",Common,CLB,6,5,None,"When Ghastly Death Tyrant enters the battlefield, choose one —\n• Disintegration Ray — Destroy target enchantment an opponent controls. You lose life equal to its mana value.\n• Death Ray — Creatures you control gain deathtouch until end of turn."
Psionic Ritual,6.0,['U'],['U'],None,['Sorcery'],None,Rare,CLB,None,None,None,"Replicate—Tap an untapped Horror you control. (When you cast this spell, copy it for each time you paid its replicate cost. You may choose new targets for the copies.)\nExile target instant or sorcery card from a graveyard and copy it. You may cast the copy without paying its mana cost.\nExile Psionic Ritual."
Elder Brain,7.0,['B'],['B'],None,['Creature'],['Horror'],Rare,CLB,6,6,None,"Menace\nWhenever Elder Brain attacks a player, exile all cards from that player's hand, then they draw that many cards. You may play lands and cast spells from among the exiled cards for as long as they remain exiled. If you cast a spell this way, you may spend mana as though it were mana of any color to cast it."
Pursued Whale,7.0,['U'],['U'],None,['Creature'],['Whale'],Rare,CLB,8,8,None,"When Pursued Whale enters the battlefield, each opponent creates a 1/1 red Pirate creature token with ""This creature can't block"" and ""Creatures you control attack each combat if able.""\nSpells your opponents cast that target Pursued Whale cost {3} more to cast."
Cultist of the Absolute,1.0,['B'],['B'],['Legendary'],['Enchantment'],['Background'],Rare,CLB,None,None,None,"Commander creatures you own get +3/+3 and have flying, deathtouch, ""Ward—Pay 3 life,"" and ""At the beginning of your upkeep, sacrifice a creature."""
Curse of Opulence,1.0,['R'],['R'],None,['Enchantment'],"['Aura', 'Curse']",Uncommon,CLB,None,None,None,"Enchant player\nWhenever enchanted player is attacked, create a Gold token. Each opponent attacking that player does the same. (A Gold token is an artifact with ""Sacrifice this artifact: Add one mana of any color."")"
Cloudkill,6.0,['B'],['B'],None,['Sorcery'],None,Uncommon,CLB,None,None,None,"All creatures get -X/-X until end of turn, where X is the greatest mana value of a commander you own on the battlefield or in the command zone."
Mocking Doppelganger,4.0,['U'],['U'],None,['Creature'],['Shapeshifter'],Rare,CLB,0,0,None,"Flash\nYou may have Mocking Doppelganger enter the battlefield as a copy of a creature an opponent controls, except it has ""Other creatures with the same name as this creature are goaded."" (They attack each combat if able and attack a player other than you if able.)"
Cast Down,2.0,['B'],['B'],None,['Instant'],None,Uncommon,CLB,None,None,None,Destroy target nonlegendary creature.
Pull from Tomorrow,2.0,['U'],['U'],None,['Instant'],None,Rare,CLB,None,None,None,"Draw X cards, then discard a card."
Bonecaller Cleric,2.0,['B'],['B'],None,['Creature'],"['Human', 'Cleric']",Uncommon,CLB,2,1,None,"{3}{B}, Sacrifice Bonecaller Cleric: Return target creature card from your graveyard to the battlefield. Activate only as a sorcery."
Beanstalk Giant // Fertile Footsteps,7.0,['G'],['G'],None,['Creature'],['Giant'],Uncommon,CLB,*,*,None,Beanstalk Giant's power and toughness are each equal to the number of lands you control.
Atrocious Experiment,3.0,['B'],['B'],None,['Sorcery'],None,Common,CLB,None,None,None,"Target player mills two cards, draws two cards, and loses 2 life. (To mill a card, a player puts the top card of their library into their graveyard.)"
Propaganda,3.0,['U'],['U'],None,['Enchantment'],None,Uncommon,CLB,None,None,None,Creatures can't attack you unless their controller pays {2} for each creature they control that's attacking you.
Arms of Hadar,4.0,['B'],['B'],None,['Sorcery'],None,Common,CLB,None,None,None,Creatures target player controls get -2/-2 until end of turn.
Grell Philosopher,3.0,['U'],['U'],None,['Creature'],"['Horror', 'Wizard']",Rare,CLB,1,4,None,"Aberrant Tinkering — When Grell Philosopher enters the battlefield and at the beginning of your upkeep, each Horror you control gains all activated abilities of target artifact an opponent controls until end of turn. You may spend blue mana as though it were mana of any color to activate those abilities."
Armor of Shadows,1.0,['B'],['B'],None,['Instant'],None,Common,CLB,None,None,None,"Until end of turn, target creature gets +1/+0 and gains indestructible. (Damage and effects that say ""destroy"" don't destroy it.)"
Chaos Warp,3.0,['R'],['R'],None,['Instant'],None,Rare,CLB,None,None,None,"The owner of target permanent shuffles it into their library, then reveals the top card of their library. If it's a permanent card, they put it onto the battlefield."
Ambition's Cost,4.0,['B'],['B'],None,['Sorcery'],None,Uncommon,CLB,None,None,None,You draw three cards and you lose 3 life.
Endless Evil,3.0,['U'],['U'],None,['Enchantment'],['Aura'],Rare,CLB,None,None,None,"Enchant creature you control\nAt the beginning of your upkeep, create a token that's a copy of enchanted creature, except the token is 1/1.\nWhen enchanted creature dies, if that creature was a Horror, return Endless Evil to its owner's hand."
Altar of Bhaal // Bone Offering,2.0,['B'],['B'],None,['Artifact'],None,Rare,CLB,None,None,None,"{2}{B}, {T}, Exile a creature you control: Return target creature card from your graveyard to the battlefield. Activate only as a sorcery."
Clan Crafter,2.0,['U'],['U'],['Legendary'],['Enchantment'],['Background'],Mythic,CLB,None,None,None,"Commander creatures you own have ""{2}, Sacrifice an artifact: Put a +1/+1 counter on this creature and draw a card."""
Agent of the Iron Throne,3.0,['B'],['B'],['Legendary'],['Enchantment'],['Background'],Uncommon,CLB,None,None,None,"Commander creatures you own have ""Whenever an artifact or creature you control is put into a graveyard from the battlefield, each opponent loses 1 life."""
Overcharged Amalgam,4.0,['U'],['U'],None,['Creature'],"['Zombie', 'Horror']",Rare,CLB,3,3,None,"Flash\nFlying\nExploit (When this creature enters the battlefield, you may sacrifice a creature.)\nWhen Overcharged Amalgam exploits a creature, counter target spell, activated ability, or triggered ability."
Astral Dragon,8.0,['U'],['U'],None,['Creature'],['Dragon'],Rare,CLB,4,4,None,"Flying\nProject Image — When Astral Dragon enters the battlefield, create two tokens that are copies of target noncreature permanent, except they're 3/3 Dragon creatures in addition to their other types, and they have flying."
Wizards of Thay,4.0,['U'],['U'],None,['Creature'],"['Human', 'Wizard']",Rare,CLB,3,3,None,"Myriad (Whenever this creature attacks, for each opponent other than defending player, you may create a token that's a copy of this creature that's tapped and attacking that player or a planeswalker they control. Exile the tokens at end of combat.)\nInstant and sorcery spells you cast cost {1} less to cast.\nYou may cast sorcery spells as though they had flash."
Managorger Hydra,3.0,['G'],['G'],None,['Creature'],['Hydra'],Rare,CLB,1,1,None,"Trample\nWhenever a player casts a spell, put a +1/+1 counter on Managorger Hydra."
Winter Eladrin,3.0,['U'],['U'],None,['Creature'],"['Faerie', 'Elf', 'Wizard']",Common,CLB,2,2,None,"Gust of Wind — When Winter Eladrin enters the battlefield, return up to one other target creature to its owner's hand."
Chaos Dragon,3.0,['R'],['R'],None,['Creature'],['Dragon'],Rare,CLB,4,4,None,"Flying, haste\nChaos Dragon attacks each combat if able.\nAt the beginning of combat on your turn, each player rolls a d20. If one or more opponents had the highest result, Chaos Dragon can't attack those players or planeswalkers they control this combat."
Tymora's Invoker,2.0,['U'],['U'],None,['Creature'],"['Orc', 'Rogue']",Common,CLB,1,3,None,Sleight of Hand — {8}: Draw two cards.
Mind Flayer,5.0,['U'],['U'],None,['Creature'],['Horror'],Rare,CLB,3,3,None,"Dominate Monster — When Mind Flayer enters the battlefield, gain control of target creature for as long as you control Mind Flayer."
Aboleth Spawn,3.0,['U'],['U'],None,['Creature'],"['Fish', 'Horror']",Rare,CLB,2,3,None,"Flash\nWard {2}\nProbing Telepathy — Whenever a creature entering the battlefield under an opponent's control causes a triggered ability of that creature to trigger, you may copy that ability. You may choose new targets for the copy."
Sea Hag // Aquatic Ingress,5.0,['U'],['U'],None,['Creature'],['Hag'],Common,CLB,3,5,None,"When Sea Hag enters the battlefield, creatures your opponents control get -4/-0 until end of turn."
Midnight Clock,3.0,['U'],['U'],None,['Artifact'],None,Rare,CLB,None,None,None,"{T}: Add {U}.\n{2}{U}: Put an hour counter on Midnight Clock.\nAt the beginning of each upkeep, put an hour counter on Midnight Clock.\nWhen the twelfth hour counter is put on Midnight Clock, shuffle your hand and graveyard into your library, then draw seven cards. Exile Midnight Clock."
Sapphire Dragon // Psionic Pulse,7.0,['U'],['U'],None,['Creature'],['Dragon'],Uncommon,CLB,5,6,None,"Flying\nWhenever Sapphire Dragon attacks or blocks, scry 2."
Leyline of Anticipation,4.0,['U'],['U'],None,['Enchantment'],None,Rare,CLB,None,None,None,"If Leyline of Anticipation is in your opening hand, you may begin the game with it on the battlefield.\nYou may cast spells as though they had flash."
Shameless Charlatan,2.0,['U'],['U'],['Legendary'],['Enchantment'],['Background'],Rare,CLB,None,None,None,"Commander creatures you own have ""{2}{U}: This creature becomes a copy of another target creature."""
Battle Mammoth,5.0,['G'],['G'],None,['Creature'],['Elephant'],Mythic,CLB,6,5,None,"Trample\nWhenever a permanent you control becomes the target of a spell or ability an opponent controls, you may draw a card.\nForetell {2}{G}{G} (During your turn, you may pay {2} and exile this card from your hand face down. Cast it on a later turn for its foretell cost.)"
Sailors' Bane,9.0,['U'],['U'],None,['Creature'],"['Dragon', 'Turtle']",Uncommon,CLB,7,7,None,"This spell costs {1} less to cast for each card you own in exile and in your graveyard that's an instant card, a sorcery card, or a card that has an Adventure.\nWard {4} (Whenever this creature becomes the target of a spell or ability an opponent controls, counter it unless that player pays {4}.)"
"Keiga, the Tide Star",6.0,['U'],['U'],['Legendary'],['Creature'],"['Dragon', 'Spirit']",Rare,CLB,5,5,None,"Flying\nWhen Keiga, the Tide Star dies, gain control of target creature."
Robe of the Archmagi,3.0,['U'],['U'],None,['Artifact'],['Equipment'],Rare,CLB,None,None,None,"Whenever equipped creature deals combat damage to a player, you draw that many cards.\nEquip {4}\nEquip Shaman, Warlock, or Wizard {1}"
Stick Together,5.0,['W'],['W'],None,['Sorcery'],None,Rare,CLB,None,None,None,"Each player chooses a party from among creatures they control, then sacrifices the rest. (To choose a party, choose up to one each of Cleric, Rogue, Warrior, and Wizard.)"
Far Traveler,3.0,['W'],['W'],['Legendary'],['Enchantment'],['Background'],Uncommon,CLB,None,None,None,"Commander creatures you own have ""At the beginning of your end step, exile up to one target tapped creature you control, then return it to the battlefield under its owner's control."""
Ravenous Chupacabra,4.0,['B'],['B'],None,['Creature'],"['Beast', 'Horror']",Uncommon,CLB,2,2,None,"When Ravenous Chupacabra enters the battlefield, destroy target creature an opponent controls."
Pseudodragon Familiar,3.0,['U'],['U'],None,['Creature'],['Dragon'],Common,CLB,2,1,None,Flying\n{2}{U}: Target creature gains flying until end of turn.
Hullbreaker Horror,7.0,['U'],['U'],None,['Creature'],"['Kraken', 'Horror']",Rare,CLB,7,8,None,"Flash\nThis spell can't be countered.\nWhenever you cast a spell, choose up to one —\n• Return target spell you don't control to its owner's hand.\n• Return target nonland permanent to its owner's hand."
Nimbleclaw Adept,4.0,['U'],['U'],None,['Creature'],"['Dragon', 'Wizard']",Common,CLB,2,3,None,Bigby's Hand — {T}: Untap two other target permanents. Activate only as a sorcery and only once each turn.
"Grazilaxx, Illithid Scholar",3.0,['U'],['U'],['Legendary'],['Creature'],['Horror'],Rare,CLB,3,2,None,"Whenever a creature you control becomes blocked, you may return it to its owner's hand.\nWhenever one or more creatures you control deal combat damage to a player, draw a card."
Seasoned Dungeoneer,4.0,['W'],['W'],None,['Creature'],"['Human', 'Warrior']",Rare,CLB,3,4,None,"When Seasoned Dungeoneer enters the battlefield, you take the initiative.\nWhenever you attack, target attacking Cleric, Rogue, Warrior, or Wizard gains protection from creatures until end of turn. It explores. (Reveal the top card of your library. Put that card into your hand if it's a land. Otherwise, put a +1/+1 counter on the creature, then put the card back or put it into your graveyard.)"
Modify Memory,5.0,['U'],['U'],None,['Sorcery'],None,Uncommon,CLB,None,None,None,"Exchange control of two target creatures controlled by different players. If you control neither creature, draw three cards."
Harper Recruiter,3.0,['W'],['W'],None,['Creature'],"['Human', 'Warrior']",Rare,CLB,3,1,None,"Flying\nWhenever Harper Recruiter attacks, look at the top four cards of your library. You may reveal a Cleric card, a Rogue card, a Warrior card, and/or a Wizard card from among them and put those cards into your hand. Put the rest on the bottom of your library in a random order."
Kindred Discovery,5.0,['U'],['U'],None,['Enchantment'],None,Rare,CLB,None,None,None,"As Kindred Discovery enters the battlefield, choose a creature type.\nWhenever a creature you control of the chosen type enters the battlefield or attacks, draw a card."
Bonecrusher Giant // Stomp,3.0,['R'],['R'],None,['Creature'],['Giant'],Rare,CLB,4,3,None,"Whenever Bonecrusher Giant becomes the target of a spell, Bonecrusher Giant deals 2 damage to that spell's controller."
Juvenile Mist Dragon,5.0,['U'],['U'],None,['Creature'],['Dragon'],Uncommon,CLB,4,3,None,"Flying\nConfounding Clouds — When Juvenile Mist Dragon enters the battlefield, for each opponent, tap up to one target creature that player controls. Each of those creatures doesn't untap during its controller's next untap step."
Fractured Sanity,3.0,['U'],['U'],None,['Sorcery'],None,Rare,CLB,None,None,None,"Each opponent mills fourteen cards.\nCycling {1}{U} ({1}{U}, Discard this card: Draw a card.)\nWhen you cycle Fractured Sanity, each opponent mills four cards."
"Ellyn Harbreeze, Busybody",4.0,['W'],['W'],['Legendary'],['Creature'],"['Human', 'Peasant']",Uncommon,CLB,2,4,None,"{T}: Look at the top X cards of your library, where X is the number of tokens you created this turn. Put one of those cards into your hand and the rest on the bottom of your library in a random order.\nChoose a Background (You can have a Background as a second commander.)"
Arasta of the Endless Web,4.0,['G'],['G'],['Legendary'],"['Enchantment', 'Creature']",['Spider'],Rare,CLB,3,5,None,"Reach\nWhenever an opponent casts an instant or sorcery spell, create a 1/2 green Spider creature token with reach."
Folk Hero,2.0,['W'],['W'],['Legendary'],['Enchantment'],['Background'],Mythic,CLB,None,None,None,"Commander creatures you own have ""Whenever you cast a spell that shares a creature type with this creature, draw a card. This ability triggers only once each turn."""
Gray Harbor Merfolk,2.0,['U'],['U'],None,['Creature'],"['Merfolk', 'Rogue']",Common,CLB,0,3,None,Gray Harbor Merfolk can't be blocked.\nGray Harbor Merfolk gets +2/+0 as long as you control a commander that's a creature or planeswalker.
Forgotten Creation,4.0,['U'],['U'],None,['Creature'],"['Zombie', 'Horror']",Rare,CLB,3,3,None,"Skulk (This creature can't be blocked by creatures with greater power.)\nAt the beginning of your upkeep, you may discard all the cards in your hand. If you do, draw that many cards."
Gale's Redirection,5.0,['U'],['U'],None,['Instant'],None,Rare,CLB,None,None,None,"Exile target spell, then roll a d20 and add that spell's mana value.\n1—14 | You may cast the exiled card for as long as it remains exiled, and you may spend mana as though it were mana of any color to cast that spell.\n15+ | You may cast the exiled card without paying its mana cost for as long as it remains exiled."
Deep Gnome Terramancer,2.0,['W'],['W'],None,['Creature'],"['Gnome', 'Wizard']",Rare,CLB,2,2,None,"Flash\nMold Earth — Whenever one or more lands enter the battlefield under an opponent's control without being played, you may search your library for a Plains card, put it onto the battlefield tapped, then shuffle. Do this only once each turn."
Dawnbringer Cleric,2.0,['W'],['W'],None,['Creature'],"['Human', 'Cleric']",Common,CLB,1,3,None,"When Dawnbringer Cleric enters the battlefield, choose one —\n• Cure Wounds — You gain 2 life.\n• Dispel Magic — Destroy target enchantment.\n• Gentle Repose — Exile target card from a graveyard."
Fact or Fiction,4.0,['U'],['U'],None,['Instant'],None,Uncommon,CLB,None,None,None,Reveal the top five cards of your library. An opponent separates those cards into two piles. Put one pile into your hand and the other into your graveyard.
Feywild Visitor,3.0,['U'],['U'],['Legendary'],['Enchantment'],['Background'],Uncommon,CLB,None,None,None,"Commander creatures you own have ""Whenever one or more nontoken creatures you control deal combat damage to a player, you create a 1/1 blue Faerie Dragon creature token with flying."""
Domineering Will,4.0,['U'],['U'],None,['Instant'],None,Rare,CLB,None,None,None,Target player gains control of up to three target nonattacking creatures until end of turn. Untap those creatures. They block this turn if able.
Elminster's Simulacrum,6.0,['U'],['U'],None,['Instant'],None,Mythic,CLB,None,None,None,"For each opponent, you create a token that's a copy of up to one target creature that player controls."
Natural Reclamation,5.0,['G'],['G'],None,['Instant'],None,Common,CLB,None,None,None,"Cascade (When you cast this spell, exile cards from the top of your library until you exile a nonland card that costs less. You may cast it without paying its mana cost. Put the exiled cards on the bottom of your library in a random order.)\nDestroy target artifact or enchantment."
Dream Fracture,3.0,['U'],['U'],None,['Instant'],None,Common,CLB,None,None,None,Counter target spell. Its controller draws a card.\nDraw a card.
Brash Taunter,5.0,['R'],['R'],None,['Creature'],['Goblin'],Rare,CLB,1,1,None,"Indestructible\nWhenever Brash Taunter is dealt damage, it deals that much damage to target opponent.\n{2}{R}, {T}: Brash Taunter fights another target creature."
Draconic Lore,6.0,['U'],['U'],None,['Instant'],None,Common,CLB,None,None,None,This spell costs {2} less to cast if you control a Dragon.\nDraw three cards.
Contact Other Plane,4.0,['U'],['U'],None,['Instant'],None,Common,CLB,None,None,None,"Roll a d20.\n1—9 | Draw two cards.\n10—19 | Scry 2, then draw two cards.\n20 | Scry 3, then draw three cards."
Wild-Magic Sorcerer,4.0,['R'],['R'],None,['Creature'],"['Orc', 'Shaman']",Rare,CLB,4,3,None,"The first spell you cast from exile each turn has cascade. (When you cast your first spell from exile, exile cards from the top of your library until you exile a nonland card that costs less. You may cast it without paying its mana cost. Put the exiled cards on the bottom of your library in a random order.)"
Undercellar Sweep,5.0,['W'],['W'],None,['Enchantment'],None,Uncommon,CLB,None,None,None,"When Undercellar Sweep enters the battlefield, you take the initiative.\nWhenever you attack, if you or a player you're attacking has the initiative, you create two 1/1 white Soldier creature tokens that are tapped and attacking."
Bane's Contingency,3.0,['U'],['U'],None,['Instant'],None,Uncommon,CLB,None,None,None,"Counter target spell. If that spell targets a commander you control, instead counter that spell, scry 2, then draw a card."
Dissipation Field,4.0,['U'],['U'],None,['Enchantment'],None,Rare,CLB,None,None,None,"Whenever a permanent deals damage to you, return it to its owner's hand."
Candlekeep Sage,3.0,['U'],['U'],['Legendary'],['Enchantment'],['Background'],Common,CLB,None,None,None,"Commander creatures you own have ""When this creature enters or leaves the battlefield, draw a card."""
Chain Reaction,4.0,['R'],['R'],None,['Sorcery'],None,Rare,CLB,None,None,None,"Chain Reaction deals X damage to each creature, where X is the number of creatures on the battlefield."
Ancient Silver Dragon,8.0,['U'],['U'],None,['Creature'],"['Elder', 'Dragon']",Mythic,CLB,8,8,None,"Flying\nWhenever Ancient Silver Dragon deals combat damage to a player, roll a d20. Draw cards equal to the result. You have no maximum hand size for the rest of the game."
Aarakocra Sneak,4.0,['U'],['U'],None,['Creature'],"['Bird', 'Rogue']",Common,CLB,1,4,None,"Flying\nWhen Aarakocra Sneak enters the battlefield, you take the initiative."
Curse of Verbosity,3.0,['U'],['U'],None,['Enchantment'],"['Aura', 'Curse']",Uncommon,CLB,None,None,None,"Enchant player\nWhenever enchanted player is attacked, you draw a card. Each opponent attacking that player does the same."
Your Temple Is Under Attack,3.0,['W'],['W'],None,['Instant'],None,Common,CLB,None,None,None,Choose one —\n• Pray for Protection — Creatures you control gain indestructible until end of turn.\n• Strike a Deal — You and target opponent each draw two cards.
Contraband Livestock,2.0,['W'],['W'],None,['Instant'],None,Uncommon,CLB,None,None,None,"Exile target creature, then roll a d20.\n1—9 | Its controller creates a 4/4 green Ox creature token.\n10—19 | Its controller creates a 2/2 green Boar creature token.\n20 | Its controller creates a 0/1 white Goat creature token."
Curse of the Swine,2.0,['U'],['U'],None,['Sorcery'],None,Rare,CLB,None,None,None,"Exile X target creatures. For each creature exiled this way, its controller creates a 2/2 green Boar creature token."
Tabaxi Toucaneers,5.0,['W'],['W'],None,['Creature'],"['Cat', 'Ranger']",Common,CLB,3,2,None,"Flying\nMyriad (Whenever this creature attacks, for each opponent other than defending player, you may create a token that's a copy of this creature that's tapped and attacking that player or a planeswalker they control. Exile the tokens at end of combat.)"
Primeval Bounty,6.0,['G'],['G'],None,['Enchantment'],None,Mythic,CLB,None,None,None,"Whenever you cast a creature spell, create a 3/3 green Beast creature token.\nWhenever you cast a noncreature spell, put three +1/+1 counters on target creature you control.\nLandfall — Whenever a land enters the battlefield under your control, you gain 3 life."
Windshaper Planetar,5.0,['W'],['W'],None,['Creature'],['Angel'],Rare,CLB,4,4,None,"Flash\nFlying\nWhen Windshaper Planetar enters the battlefield during the declare attackers step, for each attacking creature, you may reselect which player or permanent that creature is attacking. (It can't attack its controller or their permanents.)"
Warstorm Surge,6.0,['R'],['R'],None,['Enchantment'],None,Rare,CLB,None,None,None,"Whenever a creature enters the battlefield under your control, it deals damage equal to its power to any target."
Stoneskin,3.0,['W'],['W'],None,['Enchantment'],['Aura'],Uncommon,CLB,None,None,None,Flash\nEnchant creature\nEnchanted creature gets +0/+10.
Sculpted Sunburst,5.0,['W'],['W'],None,['Sorcery'],None,Rare,CLB,None,None,None,"Choose a creature you control, then each opponent chooses a creature they control with equal or lesser power. If you chose a creature this way, exile each creature not chosen by any player this way."
Compulsive Research,3.0,['U'],['U'],None,['Sorcery'],None,Common,CLB,None,None,None,Target player draws three cards. Then that player discards two cards unless they discard a land card.
Chasm Skulker,3.0,['U'],['U'],None,['Creature'],"['Squid', 'Horror']",Rare,CLB,1,1,None,"Whenever you draw a card, put a +1/+1 counter on Chasm Skulker.\nWhen Chasm Skulker dies, create X 1/1 blue Squid creature tokens with islandwalk, where X is the number of +1/+1 counters on Chasm Skulker. (They can't be blocked as long as defending player controls an Island.)"
Rescuer Chwinga,2.0,['W'],['W'],None,['Creature'],"['Elemental', 'Spirit']",Uncommon,CLB,2,2,None,"Flash\nNatural Shelter — When Rescuer Chwinga enters the battlefield, you may return another permanent you control to its owner's hand."
Pegasus Guardian // Rescue the Foal,6.0,['W'],['W'],None,['Creature'],['Pegasus'],Common,CLB,3,3,None,"Flying\nAt the beginning of your end step, if a permanent you controlled left the battlefield this turn, create a 1/1 white Pegasus creature token with flying."
Angler Turtle,7.0,['U'],['U'],None,['Creature'],['Turtle'],Rare,CLB,5,7,None,Hexproof\nCreatures your opponents control attack each combat if able.
Blasphemous Act,9.0,['R'],['R'],None,['Sorcery'],None,Rare,CLB,None,None,None,This spell costs {1} less to cast for each creature on the battlefield.\nBlasphemous Act deals 13 damage to each creature.
Warmonger Hellkite,6.0,['R'],['R'],None,['Creature'],['Dragon'],Rare,CLB,5,5,None,Flying\nAll creatures attack each combat if able.\n{1}{R}: Attacking creatures get +1/+0 until end of turn.
Aether Gale,5.0,['U'],['U'],None,['Sorcery'],None,Rare,CLB,None,None,None,Return six target nonland permanents to their owners' hands.
Avatar of Slaughter,8.0,['R'],['R'],None,['Creature'],['Avatar'],Rare,CLB,8,8,None,All creatures have double strike and attack each combat if able.
Return of the Wildspeaker,5.0,['G'],['G'],None,['Instant'],None,Rare,CLB,None,None,None,Choose one —\n• Draw cards equal to the greatest power among non-Human creatures you control.\n• Non-Human creatures you control get +3/+3 until end of turn.
Valiant Changeling,7.0,['W'],['W'],None,['Creature'],['Shapeshifter'],Uncommon,CLB,3,3,None,This spell costs {1} less to cast for each creature type among creatures you control. This effect can't reduce the amount of mana this spell costs by more than {5}.\nChangeling (This card is every creature type.)\nDouble strike
Unbreakable Formation,3.0,['W'],['W'],None,['Instant'],None,Rare,CLB,None,None,None,"Creatures you control gain indestructible until end of turn.\nAddendum — If you cast this spell during your main phase, put a +1/+1 counter on each of those creatures and they gain vigilance until end of turn."
Crystal Dragon // Rob the Hoard,6.0,['W'],['W'],None,['Creature'],['Dragon'],Uncommon,CLB,4,4,None,"Flying, vigilance"
Aurora Phoenix,6.0,['R'],['R'],None,['Creature'],['Phoenix'],Rare,CLB,5,3,None,"Flying\nCascade (When you cast this spell, exile cards from the top of your library until you exile a nonland card that costs less. You may cast it without paying its mana cost. Put the exiled cards on the bottom of your library in a random order.)\nWhenever you cast a spell with cascade, return Aurora Phoenix from your graveyard to your hand."
Squad Commander,4.0,['W'],['W'],None,['Creature'],"['Kor', 'Warrior']",Rare,CLB,3,3,None,"When Squad Commander enters the battlefield, create a 1/1 white Kor Warrior creature token for each creature in your party. (Your party consists of up to one each of Cleric, Rogue, Warrior, and Wizard.)\nAt the beginning of combat on your turn, if you have a full party, creatures you control get +1/+0 and gain indestructible until end of turn."
Solemn Recruit,3.0,['W'],['W'],None,['Creature'],"['Dwarf', 'Warrior']",Rare,CLB,2,2,None,"Double strike\nRevolt — At the beginning of your end step, if a permanent you controlled left the battlefield this turn, put a +1/+1 counter on Solemn Recruit."
Volcanic Torrent,5.0,['R'],['R'],None,['Sorcery'],None,Uncommon,CLB,None,None,None,"Cascade (When you cast this spell, exile cards from the top of your library until you exile a nonland card that costs less. You may cast it without paying its mana cost. Put the exiled cards on the bottom in a random order.)\nVolcanic Torrent deals X damage to each creature and planeswalker your opponents control, where X is the number of spells you've cast this turn."
The Akroan War,4.0,['R'],['R'],None,['Enchantment'],['Saga'],Rare,CLB,None,None,None,"(As this Saga enters and after your draw step, add a lore counter. Sacrifice after III.)\nI — Gain control of target creature for as long as The Akroan War remains on the battlefield.\nII — Until your next turn, creatures your opponents control attack each combat if able.\nIII — Each tapped creature deals damage to itself equal to its power."
Sevinne's Reclamation,3.0,['W'],['W'],None,['Sorcery'],None,Rare,CLB,None,None,None,"Return target permanent card with mana value 3 or less from your graveyard to the battlefield. If this spell was cast from a graveyard, you may copy this spell and may choose a new target for the copy.\nFlashback {4}{W} (You may cast this card from your graveyard for its flashback cost. Then exile it.)"
Sakura-Tribe Elder,2.0,['G'],['G'],None,['Creature'],"['Snake', 'Shaman']",Common,CLB,1,1,None,"Sacrifice Sakura-Tribe Elder: Search your library for a basic land card, put that card onto the battlefield tapped, then shuffle."
Selfless Spirit,2.0,['W'],['W'],None,['Creature'],"['Spirit', 'Cleric']",Rare,CLB,2,1,None,Flying\nSacrifice Selfless Spirit: Creatures you control gain indestructible until end of turn.
Rumor Gatherer,3.0,['W'],['W'],None,['Creature'],"['Elf', 'Wizard']",Uncommon,CLB,2,1,None,"Alliance — Whenever another creature enters the battlefield under your control, scry 1. If this is the second time this ability has resolved this turn, draw a card instead."
Vengeful Ancestor,4.0,['R'],['R'],None,['Creature'],"['Spirit', 'Dragon']",Rare,CLB,3,4,None,"Flying\nWhenever Vengeful Ancestor enters the battlefield or attacks, goad target creature. (Until your next turn, that creature attacks each combat if able and attacks a player other than you if able.)\nWhenever a goaded creature attacks, it deals 1 damage to its controller."
Priest of Ancient Lore,3.0,['W'],['W'],None,['Creature'],"['Dwarf', 'Cleric']",Common,CLB,2,1,None,"When Priest of Ancient Lore enters the battlefield, you gain 1 life and draw a card."
Order of Whiteclay,3.0,['W'],['W'],None,['Creature'],"['Kithkin', 'Cleric']",Rare,CLB,1,4,None,"{1}{W}{W}, {Q}: Return target creature card with mana value 3 or less from your graveyard to the battlefield. ({Q} is the untap symbol.)"
Agitator Ant,3.0,['R'],['R'],None,['Creature'],['Insect'],Rare,CLB,2,2,None,"At the beginning of your end step, each player may put two +1/+1 counters on a creature they control. Goad each creature that had counters put on it this way. (Until your next turn, those creatures attack each combat if able and attack a player other than you if able.)"
Sewer Nemesis,4.0,['B'],['B'],None,['Creature'],['Horror'],Rare,CLB,*,*,None,"As Sewer Nemesis enters the battlefield, choose a player.\nSewer Nemesis's power and toughness are each equal to the number of cards in the chosen player's graveyard.\nWhenever the chosen player casts a spell, that player mills a card."
Mother of Runes,1.0,['W'],['W'],None,['Creature'],"['Human', 'Cleric']",Uncommon,CLB,1,1,None,{T}: Target creature you control gains protection from the color of your choice until end of turn.
Sandwurm Convergence,8.0,['G'],['G'],None,['Enchantment'],None,Rare,CLB,None,None,None,"Creatures with flying can't attack you or planeswalkers you control.\nAt the beginning of your end step, create a 5/5 green Wurm creature token."
Urabrask the Hidden,5.0,['R'],['R'],['Legendary'],['Creature'],"['Phyrexian', 'Praetor']",Mythic,CLB,4,4,None,Creatures you control have haste.\nCreatures your opponents control enter the battlefield tapped.
Mirror Entity,3.0,['W'],['W'],None,['Creature'],['Shapeshifter'],Rare,CLB,1,1,None,"Changeling (This card is every creature type.)\n{X}: Until end of turn, creatures you control have base power and toughness X/X and gain all creature types."
"Mikaeus, the Lunarch",1.0,['W'],['W'],['Legendary'],['Creature'],"['Human', 'Cleric']",Mythic,CLB,0,0,None,"Mikaeus, the Lunarch enters the battlefield with X +1/+1 counters on it.\n{T}: Put a +1/+1 counter on Mikaeus.\n{T}, Remove a +1/+1 counter from Mikaeus: Put a +1/+1 counter on each other creature you control."
Zulaport Cutthroat,2.0,['B'],['B'],None,['Creature'],"['Human', 'Rogue', 'Ally']",Uncommon,CLB,1,1,None,"Whenever Zulaport Cutthroat or another creature you control dies, each opponent loses 1 life and you gain 1 life."
Magus of the Balance,2.0,['W'],['W'],None,['Creature'],"['Human', 'Wizard']",Rare,CLB,2,2,None,"{4}{W}, {T}, Sacrifice Magus of the Balance: Each player chooses a number of lands they control equal to the number of lands controlled by the player who controls the fewest, then sacrifices the rest. Players discard cards and sacrifice creatures the same way."
Thunder Dragon,7.0,['R'],['R'],None,['Creature'],['Dragon'],Rare,CLB,5,5,None,"Flying\nWhen Thunder Dragon enters the battlefield, it deals 3 damage to each creature without flying."
Mage's Attendant,3.0,['W'],['W'],None,['Creature'],"['Cat', 'Rogue']",Uncommon,CLB,3,2,None,"When Mage's Attendant enters the battlefield, create a 1/1 blue Wizard creature token with ""{1}, Sacrifice this creature: Counter target noncreature spell unless its controller pays {1}."""
Puppeteer Clique,5.0,['B'],['B'],None,['Creature'],"['Faerie', 'Wizard']",Rare,CLB,3,2,None,"Flying\nWhen Puppeteer Clique enters the battlefield, put target creature card from an opponent's graveyard onto the battlefield under your control. It gains haste. At the beginning of your next end step, exile it.\nPersist (When this creature dies, if it had no -1/-1 counters on it, return it to the battlefield under its owner's control with a -1/-1 counter on it.)"
Beckoning Will-o'-Wisp,3.0,['W'],['W'],None,['Creature'],['Spirit'],Uncommon,CLB,1,3,None,"Flying\nLure the Unwary — At the beginning of combat on your turn, choose an opponent.\nCreatures attacking the last chosen player get +1/+0."
Search for Tomorrow,3.0,['G'],['G'],None,['Sorcery'],None,Common,CLB,None,None,None,"Search your library for a basic land card, put it onto the battlefield, then shuffle.\nSuspend 2—{G} (Rather than cast this card from your hand, you may pay {G} and exile it with two time counters on it. At the beginning of your upkeep, remove a time counter. When the last is removed, you may cast it without paying its mana cost.)"
Jazal Goldmane,4.0,['W'],['W'],['Legendary'],['Creature'],"['Cat', 'Warrior']",Mythic,CLB,4,4,None,"First strike\n{3}{W}{W}: Attacking creatures you control get +X/+X until end of turn, where X is the number of attacking creatures."
Irregular Cohort,4.0,['W'],['W'],None,['Creature'],['Shapeshifter'],Common,CLB,2,2,None,"Changeling (This card is every creature type.)\nWhen Irregular Cohort enters the battlefield, create a 2/2 colorless Shapeshifter creature token with changeling."
Woe Strider,3.0,['B'],['B'],None,['Creature'],['Horror'],Rare,CLB,3,2,None,"When Woe Strider enters the battlefield, create a 0/1 white Goat creature token.\nSacrifice another creature: Scry 1.\nEscape—{3}{B}{B}, Exile four other cards from your graveyard. (You may cast this card from your graveyard for its escape cost.)\nWoe Strider escapes with two +1/+1 counters on it."
Glorious Protector,4.0,['W'],['W'],None,['Creature'],"['Angel', 'Cleric']",Rare,CLB,3,4,None,"Flash\nFlying\nWhen Glorious Protector enters the battlefield, you may exile any number of non-Angel creatures you control until Glorious Protector leaves the battlefield.\nForetell {2}{W}"
Territorial Hellkite,4.0,['R'],['R'],None,['Creature'],['Dragon'],Rare,CLB,6,5,None,"Flying, haste\nAt the beginning of combat on your turn, choose an opponent at random that Territorial Hellkite didn't attack during your last combat. Territorial Hellkite attacks that player this combat if able. If you can't choose an opponent this way, tap Territorial Hellkite."
Galepowder Mage,4.0,['W'],['W'],None,['Creature'],"['Kithkin', 'Wizard']",Rare,CLB,3,3,None,"Flying\nWhenever Galepowder Mage attacks, exile another target creature. Return that card to the battlefield under its owner's control at the beginning of the next end step."
Frontline Medic,3.0,['W'],['W'],None,['Creature'],"['Human', 'Cleric']",Rare,CLB,3,3,None,"Battalion — Whenever Frontline Medic and at least two other creatures attack, creatures you control gain indestructible until end of turn.\nSacrifice Frontline Medic: Counter target spell with {X} in its mana cost unless its controller pays {3}."
Thwart the Grave,6.0,['B'],['B'],None,['Sorcery'],None,Uncommon,CLB,None,None,None,"This spell costs {1} less to cast for each creature in your party. (Your party consists of up to one each of Cleric, Rogue, Warrior, and Wizard.)\nReturn target creature card and up to one target Cleric, Rogue, Warrior, or Wizard creature card from your graveyard to the battlefield."
Eight-and-a-Half-Tails,2.0,['W'],['W'],['Legendary'],['Creature'],"['Fox', 'Cleric']",Rare,CLB,2,2,None,{1}{W}: Target permanent you control gains protection from white until end of turn.\n{1}: Target spell or permanent becomes white until end of turn.
Sweet-Gum Recluse,6.0,['G'],['G'],None,['Creature'],['Spider'],Rare,CLB,0,3,None,"Flash\nCascade\nReach\nWhen Sweet-Gum Recluse enters the battlefield, put three +1/+1 counters on each of any number of target creatures that entered the battlefield this turn."
Archivist of Oghma,2.0,['W'],['W'],None,['Creature'],"['Halfling', 'Cleric']",Rare,CLB,2,2,None,"Flash\nWhenever an opponent searches their library, you gain 1 life and draw a card."
Tectonic Giant,4.0,['R'],['R'],None,['Creature'],"['Elemental', 'Giant']",Rare,CLB,3,4,None,"Whenever Tectonic Giant attacks or becomes the target of a spell an opponent controls, choose one —\n• Tectonic Giant deals 3 damage to each opponent.\n• Exile the top two cards of your library. Choose one of them. Until the end of your next turn, you may play that card."
Steadfast Unicorn,1.0,['W'],['W'],None,['Creature'],['Unicorn'],Common,CLB,1,2,None,{3}{W}: Creatures you control get +1/+1 and gain vigilance until end of turn. Activate only during your turn.
Dusk // Dawn,9.0,['W'],['W'],None,['Sorcery'],None,Rare,CLB,None,None,None,Destroy all creatures with power 3 or greater.
Githzerai Monk,5.0,['W'],['W'],None,['Creature'],"['Gith', 'Monk']",Uncommon,CLB,3,2,None,"Flash\nFlying\nPsychic Defense — When Githzerai Monk enters the battlefield, tap all creatures you don't control."
Outpost Siege,4.0,['R'],['R'],None,['Enchantment'],None,Rare,CLB,None,None,None,"As Outpost Siege enters the battlefield, choose Khans or Dragons.\n• Khans — At the beginning of your upkeep, exile the top card of your library. Until end of turn, you may play that card.\n• Dragons — Whenever a creature you control leaves the battlefield, Outpost Siege deals 1 damage to any target."
Flaming Fist,3.0,['W'],['W'],['Legendary'],['Enchantment'],['Background'],Common,CLB,None,None,None,"Commander creatures you own have ""Whenever this creature attacks, it gains double strike until end of turn."""
Syphon Mind,4.0,['B'],['B'],None,['Sorcery'],None,Common,CLB,None,None,None,Each other player discards a card. You draw a card for each card discarded this way.
Reckless Barbarian,2.0,['R'],['R'],None,['Creature'],"['Dragon', 'Barbarian']",Common,CLB,2,2,None,Sacrifice Reckless Barbarian: Add {R}{R}.
Crib Swap,3.0,['W'],['W'],None,"['Tribal', 'Instant']",['Shapeshifter'],Common,CLB,None,None,None,Changeling (This card is every creature type.)\nExile target creature. Its controller creates a 1/1 colorless Shapeshifter creature token with changeling.
Popular Entertainer,2.0,['R'],['R'],['Legendary'],['Enchantment'],['Background'],Rare,CLB,None,None,None,"Commander creatures you own have ""Whenever one or more creatures you control deal combat damage to a player, goad target creature that player controls."" (Until your next turn, that creature attacks each combat if able and attacks a player other than you if able.)"
Patron of the Arts,3.0,['R'],['R'],None,['Creature'],"['Dragon', 'Noble']",Common,CLB,3,1,None,"When Patron of the Arts enters the battlefield or dies, create a Treasure token. (It's an artifact with ""{T}, Sacrifice this artifact: Add one mana of any color."")"
Bygone Bishop,3.0,['W'],['W'],None,['Creature'],"['Spirit', 'Cleric']",Rare,CLB,2,3,None,"Flying\nWhenever you cast a creature spell with mana value 3 or less, investigate. (Create a Clue token. It's an artifact with ""{2}, Sacrifice this artifact: Draw a card."")"
Pack Attack,3.0,['R'],['R'],None,['Instant'],None,Common,CLB,None,None,None,"Attacking creatures get +X/+0 until end of turn, where X is the number of players being attacked.\nDraw a card."
Nemesis Phoenix,5.0,['R'],['R'],None,['Creature'],['Phoenix'],Uncommon,CLB,4,2,None,Flying\n{2}{R}: Return Nemesis Phoenix from your graveyard to the battlefield tapped and attacking. Activate only during the declare attackers step and only if you're attacking two or more opponents.
Insufferable Balladeer,2.0,['R'],['R'],None,['Creature'],"['Dwarf', 'Bard']",Common,CLB,2,1,None,"Vicious Mockery — When Insufferable Balladeer enters the battlefield, target creature an opponent controls can't block this turn. Goad it. (Until your next turn, that creature attacks each combat if able and attacks a player other than you if able.)"
Aven Mindcensor,3.0,['W'],['W'],None,['Creature'],"['Bird', 'Wizard']",Uncommon,CLB,2,1,None,"Flash\nFlying\nIf an opponent would search a library, that player searches the top four cards of that library instead."
"Livaan, Cultist of Tiamat",3.0,['R'],['R'],['Legendary'],['Creature'],"['Dragon', 'Shaman']",Uncommon,CLB,1,3,None,"Whenever you cast a noncreature spell, target creature gets +X/+0 until end of turn, where X is that spell's mana value.\nChoose a Background (You can have a Background as a second commander.)"
Stolen Strategy,5.0,['R'],['R'],None,['Enchantment'],None,Rare,CLB,None,None,None,"At the beginning of your upkeep, exile the top card of each opponent's library. Until end of turn, you may cast spells from among those exiled cards, and you may spend mana as though it were mana of any color to cast those spells."
Inspired Tinkering,5.0,['R'],['R'],None,['Sorcery'],None,Uncommon,CLB,None,None,None,"Exile the top three cards of your library. Until the end of your next turn, you may play those cards.\nCreate three Treasure tokens. (They're artifacts with ""{T}, Sacrifice this artifact: Add one mana of any color."")"
Pontiff of Blight,6.0,['B'],['B'],None,['Creature'],"['Zombie', 'Cleric']",Rare,CLB,2,7,None,"Extort (Whenever you cast a spell, you may pay {W/B}. If you do, each opponent loses 1 life and you gain that much life.)\nOther creatures you control have extort. (If a creature has multiple instances of extort, each triggers separately.)"
"Karlach, Fury of Avernus",5.0,['R'],['R'],['Legendary'],['Creature'],"['Tiefling', 'Barbarian']",Mythic,CLB,5,4,None,"Whenever you attack, if it's the first combat phase of the turn, untap all attacking creatures. They gain first strike until end of turn. After this phase, there is an additional combat phase.\nChoose a Background (You can have a Background as a second commander.)"
Ingenious Artillerist,3.0,['R'],['R'],None,['Creature'],"['Human', 'Artificer']",Common,CLB,3,1,None,"Whenever one or more artifacts enter the battlefield under your control, Ingenious Artillerist deals that much damage to each opponent."
Austere Command,6.0,['W'],['W'],None,['Sorcery'],None,Rare,CLB,None,None,None,Choose two —\n• Destroy all artifacts.\n• Destroy all enchantments.\n• Destroy all creatures with mana value 3 or less.\n• Destroy all creatures with mana value 4 or greater.
Hoarding Ogre,4.0,['R'],['R'],None,['Creature'],['Ogre'],Common,CLB,3,3,None,"Whenever Hoarding Ogre attacks, roll a d20.\n1—9 | Create a Treasure token. (It's an artifact with ""{T}, Sacrifice this artifact: Add one mana of any color."")\n10—19 | Create two Treasure tokens.\n20 | Create three Treasure tokens."
Archpriest of Iona,1.0,['W'],['W'],None,['Creature'],"['Human', 'Cleric']",Rare,CLB,*,2,None,"Archpriest of Iona's power is equal to the number of creatures in your party. (Your party consists of up to one each of Cleric, Rogue, Warrior, and Wizard.)\nAt the beginning of combat on your turn, if you have a full party, target creature gets +1/+1 and gains flying until end of turn."
"Gut, True Soul Zealot",3.0,['R'],['R'],['Legendary'],['Creature'],"['Goblin', 'Shaman']",Uncommon,CLB,2,2,None,"Whenever you attack, you may sacrifice another creature or an artifact. If you do, create a 4/1 black Skeleton creature token with menace that's tapped and attacking. (It can't be blocked except by two or more creatures.)\nChoose a Background (You can have a Background as a second commander.)"
"Ryusei, the Falling Star",6.0,['R'],['R'],['Legendary'],['Creature'],"['Dragon', 'Spirit']",Rare,CLB,5,5,None,"Flying\nWhen Ryusei, the Falling Star dies, it deals 5 damage to each creature without flying."
Gnoll War Band,6.0,['R'],['R'],None,['Creature'],['Gnoll'],Uncommon,CLB,5,5,None,"This spell costs {1} less to cast for each opponent who was dealt damage this turn.\nMenace\nMyriad (Whenever this creature attacks, for each opponent other than defending player, you may create a token that's a copy of this creature that's tapped and attacking that player or a planeswalker they control. Exile the tokens at end of combat.)"
Terramorph,4.0,['G'],['G'],None,['Sorcery'],None,Uncommon,CLB,None,None,None,"Search your library for a basic land card, put it onto the battlefield, then shuffle.\nRebound (If you cast this spell from your hand, exile it as it resolves. At the beginning of your next upkeep, you may cast this card from exile without paying its mana cost.)"
"Ganax, Astral Hunter",5.0,['R'],['R'],['Legendary'],['Creature'],['Dragon'],Uncommon,CLB,3,4,None,"Flying\nWhenever Ganax, Astral Hunter or another Dragon enters the battlefield under your control, create a Treasure token. (It's an artifact with ""{T}, Sacrifice this artifact: Add one mana of any color."")\nChoose a Background (You can have a Background as a second commander.)"
Firbolg Flutist,6.0,['R'],['R'],None,['Creature'],"['Giant', 'Bard']",Rare,CLB,4,4,None,"Enthralling Performance — When Firbolg Flutist enters the battlefield, gain control of target creature you don't control until end of turn. Untap it. It gains haste and myriad until end of turn. (Whenever it attacks, for each opponent other than defending player, you may create a token that's a copy of that creature that's tapped and attacking that player or a planeswalker they control. Exile the tokens at end of combat.)"
Plague Spitter,3.0,['B'],['B'],None,['Creature'],"['Phyrexian', 'Horror']",Uncommon,CLB,2,2,None,"At the beginning of your upkeep, Plague Spitter deals 1 damage to each creature and each player.\nWhen Plague Spitter dies, it deals 1 damage to each creature and each player."
Fang Dragon // Forktail Sweep,7.0,['R'],['R'],None,['Creature'],['Dragon'],Common,CLB,6,3,None,Flying
Earth Tremor,4.0,['R'],['R'],None,['Instant'],None,Common,CLB,None,None,None,Earth Tremor deals damage to target creature or planeswalker equal to the number of lands you control.
Dragon Cultist,5.0,['R'],['R'],['Legendary'],['Enchantment'],['Background'],Uncommon,CLB,None,None,None,"Commander creatures you own have ""At the beginning of your end step, if a source you controlled dealt 5 or more damage this turn, create a 4/4 red Dragon creature token with flying."""
Descent into Avernus,3.0,['R'],['R'],None,['Enchantment'],None,Rare,CLB,None,None,None,"At the beginning of your upkeep, put two descent counters on Descent into Avernus. Then each player creates X Treasure tokens and Descent into Avernus deals X damage to each player, where X is the number of descent counters on Descent into Avernus."
Coronation of Chaos,3.0,['R'],['R'],None,['Sorcery'],None,Common,CLB,None,None,None,"Up to three target creatures can't block this turn. Goad them. (Until your next turn, those creatures attack each combat if able and attack a player other than you if able.)"
Caves of Chaos Adventurer,4.0,['R'],['R'],None,['Creature'],"['Human', 'Barbarian']",Rare,CLB,5,3,None,"Trample\nWhen Caves of Chaos Adventurer enters the battlefield, you take the initiative.\nWhenever Caves of Chaos Adventurer attacks, exile the top card of your library. If you've completed a dungeon, you may play that card this turn without paying its mana cost. Otherwise, you may play that card this turn."
Carnelian Orb of Dragonkind,3.0,['R'],['R'],None,['Artifact'],None,Common,CLB,None,None,None,"{T}: Add {R}. If that mana is spent on a Dragon creature spell, it gains haste until end of turn."
Breath Weapon,3.0,['R'],['R'],None,['Instant'],None,Common,CLB,None,None,None,Breath Weapon deals 2 damage to each non-Dragon creature.
Phyrexian Rager,3.0,['B'],['B'],None,['Creature'],"['Phyrexian', 'Horror']",Common,CLB,2,2,None,"When Phyrexian Rager enters the battlefield, you draw a card and you lose 1 life."
Bloodboil Sorcerer,4.0,['R'],['R'],None,['Creature'],"['Human', 'Shaman']",Uncommon,CLB,3,3,None,"When Bloodboil Sorcerer enters the battlefield, you take the initiative.\nCrown of Madness — {1}{R}, Sacrifice an artifact or creature: Goad target creature. (Until your next turn, that creature attacks each combat if able and attacks a player other than you if able.)"
Bhaal's Invoker,3.0,['R'],['R'],None,['Creature'],"['Dragon', 'Shaman']",Common,CLB,4,2,None,Scorching Ray — {8}: Bhaal's Invoker deals 4 damage to each opponent.
Rowan Kenrith,6.0,['R'],['R'],['Legendary'],['Planeswalker'],['Rowan'],Mythic,CLB,None,None,4,"[+2]: During target player's next turn, each creature that player controls attacks if able.\n[−2]: Rowan Kenrith deals 3 damage to each tapped creature target player controls.\n[−8]: Target player gets an emblem with ""Whenever you activate an ability that isn't a mana ability, copy it. You may choose new targets for the copy.""\nPartner with Will Kenrith\nRowan Kenrith can be your commander."
Balor,5.0,['R'],['R'],None,['Creature'],['Demon'],Mythic,CLB,5,5,None,"Flying\nWhenever Balor attacks or dies, choose one or more. Each mode must target a different player.\n• Target opponent draws three cards, then discards three cards at random.\n• Target opponent sacrifices a nontoken artifact.\n• Balor deals damage to target opponent equal to the number of cards in their hand."
Three Visits,2.0,['G'],['G'],None,['Sorcery'],None,Uncommon,CLB,None,None,None,"Search your library for a Forest card, put it onto the battlefield, then shuffle."
Ancient Copper Dragon,6.0,['R'],['R'],None,['Creature'],"['Elder', 'Dragon']",Mythic,CLB,6,5,None,"Flying\nWhenever Ancient Copper Dragon deals combat damage to a player, roll a d20. You create a number of Treasure tokens equal to the result."
Amethyst Dragon // Explosive Crystal,6.0,['R'],['R'],None,['Creature'],['Dragon'],Uncommon,CLB,4,4,None,"Flying, haste"
Zhentarim Bandit,2.0,['B'],['B'],None,['Creature'],"['Halfling', 'Rogue']",Common,CLB,2,1,None,"Whenever Zhentarim Bandit attacks, you may pay 1 life. If you do, create a Treasure token. (It's an artifact with ""{T}, Sacrifice this artifact: Add one mana of any color."")"
Vrock,5.0,['B'],['B'],None,['Creature'],"['Bird', 'Demon']",Uncommon,CLB,3,3,None,"Flying\nToxic Spores — At the beginning of your end step, if a permanent you controlled left the battlefield this turn, each opponent loses 3 life."
Vicious Battlerager,4.0,['B'],['B'],None,['Creature'],"['Dwarf', 'Barbarian']",Common,CLB,1,5,None,"When Vicious Battlerager enters the battlefield, you take the initiative.\nSpiked Retribution — Whenever Vicious Battlerager becomes blocked by a creature, that creature's controller loses 5 life."
Nihilith,6.0,['B'],['B'],None,['Creature'],['Horror'],Rare,CLB,4,4,None,"Fear (This creature can't be blocked except by artifact creatures and/or black creatures.)\nSuspend 7—{1}{B} (Rather than cast this card from your hand, you may pay {1}{B} and exile it with seven time counters on it. At the beginning of your upkeep, remove a time counter. When the last is removed, you may cast it without paying its mana cost. It has haste.)\nWhenever a card is put into an opponent's graveyard from anywhere, if Nihilith is suspended, you may remove a time counter from Nihilith."
Thieves' Tools,2.0,['B'],['B'],None,['Artifact'],['Equipment'],Common,CLB,None,None,None,"When Thieves' Tools enters the battlefield, create a Treasure token. (It's an artifact with ""{T}, Sacrifice this artifact: Add one mana of any color."")\nEquipped creature can't be blocked as long as its power is 3 or less.\nEquip {2} ({2}: Attach to target creature you control. Equip only as a sorcery.)"
Stirge,1.0,['B'],['B'],None,['Creature'],"['Insect', 'Bat']",Common,CLB,1,1,None,"Flying\nStirge can't block.\nBlood Drain — {1}{B}, Pay 1 life, Sacrifice Stirge: Draw a card."
"Sivriss, Nightmare Speaker",4.0,['B'],['B'],['Legendary'],['Creature'],"['Snake', 'Cleric', 'Warlock']",Uncommon,CLB,3,3,None,"{T}, Sacrifice another creature or an artifact: For each opponent, you mill a card, then return that card from your graveyard to your hand unless that player pays 3 life. (To mill a card, put the top card of your library into your graveyard.)\nChoose a Background (You can have a Background as a second commander.)"
Mizzium Mortars,2.0,['R'],['R'],None,['Sorcery'],None,Rare,CLB,None,None,None,"Mizzium Mortars deals 4 damage to target creature you don't control.\nOverload {3}{R}{R}{R} (You may cast this spell for its overload cost. If you do, change ""target"" in its text to ""each."")"
"Shadowheart, Dark Justiciar",4.0,['B'],['B'],['Legendary'],['Creature'],"['Human', 'Elf', 'Cleric']",Rare,CLB,3,4,None,"{1}{B}, {T}, Sacrifice another creature: Draw X cards, where X is that creature's power.\nChoose a Background (You can have a Background as a second commander.)"
"Sarevok, Deathbringer",4.0,['B'],['B'],['Legendary'],['Creature'],"['Human', 'Knight']",Uncommon,CLB,3,4,None,"At the beginning of each player's end step, if no permanents left the battlefield this turn, that player loses X life, where X is Sarevok's power.\nChoose a Background (You can have a Background as a second commander.)"
Ravenloft Adventurer,4.0,['B'],['B'],None,['Creature'],"['Human', 'Rogue', 'Assassin']",Rare,CLB,3,4,None,"When Ravenloft Adventurer enters the battlefield, you take the initiative.\nIf a creature an opponent controls would die, instead exile it and put a hit counter on it.\nWhenever Ravenloft Adventurer attacks, if you've completed a dungeon, defending player loses 1 life for each card they own in exile with a hit counter on it."
Passageway Seer,4.0,['B'],['B'],None,['Creature'],"['Tiefling', 'Warlock']",Uncommon,CLB,2,2,None,"Lifelink\nWhen Passageway Seer enters the battlefield, you take the initiative.\nAt the beginning of your end step, if you have the initiative, put a +1/+1 counter on Passageway Seer."
Pact Weapon,4.0,['B'],['B'],None,['Artifact'],['Equipment'],Mythic,CLB,None,None,None,"As long as Pact Weapon is attached to a creature, you don't lose the game for having 0 or less life.\nWhenever equipped creature attacks, draw a card and reveal it. The creature gets +X/+X until end of turn and you lose X life, where X is that card's mana value.\nEquip—Discard a card."
Nighthowler,3.0,['B'],['B'],None,"['Enchantment', 'Creature']",['Horror'],Rare,CLB,0,0,None,"Bestow {2}{B}{B} (If you cast this card for its bestow cost, it's an Aura spell with enchant creature. It becomes a creature again if it's not attached to a creature.)\nNighthowler and enchanted creature each get +X/+X, where X is the number of creature cards in all graveyards."
Nefarious Imp,3.0,['B'],['B'],None,['Creature'],['Imp'],Common,CLB,2,1,None,"Flying\nWhenever one or more permanents you control leave the battlefield, scry 1. (Look at the top card of your library. You may put that card on the bottom of your library.)"
Myrkul's Edict,2.0,['B'],['B'],None,['Sorcery'],None,Common,CLB,None,None,None,Roll a d20.\n1—9 | Choose an opponent. That player sacrifices a creature.\n10—19 | Each opponent sacrifices a creature.\n20 | Each opponent sacrifices a creature with the greatest power among creatures that player controls.
"Vivien, Champion of the Wilds",3.0,['G'],['G'],['Legendary'],['Planeswalker'],['Vivien'],Rare,CLB,None,None,4,"You may cast creature spells as though they had flash.\n[+1]: Until your next turn, up to one target creature gains vigilance and reach.\n[−2]: Look at the top three cards of your library. Exile one face down and put the rest on the bottom of your library in any order. For as long as it remains exiled, you may look at that card and you may cast it if it's a creature spell."
Mold Folk,2.0,['B'],['B'],None,['Creature'],"['Fungus', 'Warrior']",Common,CLB,1,1,None,"Lifelink\nMold Harvest — {1}, Sacrifice another creature or an artifact: Put a +1/+1 counter on Mold Folk."
Light Up the Stage,3.0,['R'],['R'],None,['Sorcery'],None,Uncommon,CLB,None,None,None,"Spectacle {R} (You may cast this spell for its spectacle cost rather than its mana cost if an opponent lost life this turn.)\nExile the top two cards of your library. Until the end of your next turn, you may play those cards."
Guildsworn Prowler,2.0,['B'],['B'],None,['Creature'],"['Tiefling', 'Rogue', 'Assassin']",Common,CLB,2,1,None,"Deathtouch\nWhen Guildsworn Prowler dies, if it wasn't blocking, draw a card."
Gray Slaad // Entropic Decay,3.0,['B'],['B'],None,['Creature'],"['Frog', 'Horror']",Common,CLB,4,1,None,"As long as there are four or more creature cards in your graveyard, Gray Slaad has menace and deathtouch."
Ghost Lantern // Bind Spirit,1.0,['B'],['B'],None,['Artifact'],['Equipment'],Uncommon,CLB,None,None,None,"Whenever a creature you control dies, put a +1/+1 counter on equipped creature.\nEquip {1}"
Eldritch Pact,7.0,['B'],['B'],None,['Sorcery'],None,Rare,CLB,None,None,None,"Target player draws X cards and loses X life, where X is the number of cards in their graveyard."
Deadly Dispute,2.0,['B'],['B'],None,['Instant'],None,Common,CLB,None,None,None,"As an additional cost to cast this spell, sacrifice an artifact or creature.\nDraw two cards and create a Treasure token. (It's an artifact with ""{T}, Sacrifice this artifact: Add one mana of any color."")"
"Laelia, the Blade Reforged",3.0,['R'],['R'],['Legendary'],['Creature'],"['Spirit', 'Warrior']",Rare,CLB,2,2,None,"Haste\nWhenever Laelia, the Blade Reforged attacks, exile the top card of your library. You may play that card this turn.\nWhenever one or more cards are put into exile from your library and/or your graveyard, put a +1/+1 counter on Laelia."
Criminal Past,3.0,['B'],['B'],['Legendary'],['Enchantment'],['Background'],Uncommon,CLB,None,None,None,"Commander creatures you own have menace and ""This creature gets +X/+0, where X is the number of creature cards in your graveyard."" (A creature with menace can't be blocked except by two or more creatures.)"
Chain Devil,4.0,['B'],['B'],None,['Creature'],['Devil'],Common,CLB,4,2,None,"Animate Chains — When Chain Devil enters the battlefield, each player sacrifices a nontoken creature."
Call to the Void,5.0,['B'],['B'],None,['Sorcery'],None,Rare,CLB,None,None,None,Each player secretly chooses a creature they control and a creature they don't control. Then those choices are revealed. Destroy each creature chosen this way.
Blood Money,7.0,['B'],['B'],None,['Sorcery'],None,Mythic,CLB,None,None,None,"Destroy all creatures. For each nontoken creature destroyed this way, you create a tapped Treasure token."
Jeska's Will,3.0,['R'],['R'],None,['Sorcery'],None,Rare,CLB,None,None,None,"Choose one. If you control a commander as you cast this spell, you may choose both instead.\n• Add {R} for each card in target opponent's hand.\n• Exile the top three cards of your library. You may play them this turn."
Astarion's Thirst,4.0,['B'],['B'],None,['Instant'],None,Rare,CLB,None,None,None,"Exile target creature. Put X +1/+1 counters on a commander creature you control, where X is the power of the creature exiled this way."
Greatsword of Tyr,2.0,['W'],['W'],None,['Artifact'],['Equipment'],Common,CLB,None,None,None,"Whenever equipped creature attacks, put a +1/+1 counter on it and tap up to one target creature defending player controls.\nEquip {W} ({W}: Attach to target creature you control. Equip only as a sorcery.)"
"Kazuul, Tyrant of the Cliffs",5.0,['R'],['R'],['Legendary'],['Creature'],"['Ogre', 'Warrior']",Rare,CLB,5,4,None,"Whenever a creature an opponent controls attacks, if you're the defending player, create a 3/3 red Ogre creature token unless that creature's controller pays {3}."
Ancient Brass Dragon,7.0,['B'],['B'],None,['Creature'],"['Elder', 'Dragon']",Mythic,CLB,7,6,None,"Flying\nWhenever Ancient Brass Dragon deals combat damage to a player, roll a d20. When you do, put any number of target creature cards with total mana value X or less from graveyards onto the battlefield under your control, where X is the result."
Agent of the Shadow Thieves,2.0,['B'],['B'],['Legendary'],['Enchantment'],['Background'],Uncommon,CLB,None,None,None,"Commander creatures you own have ""Whenever this creature attacks a player, if no opponent has more life than that player, put a +1/+1 counter on this creature. It gains deathtouch and indestructible until end of turn."""
"Volo, Itinerant Scholar",3.0,['U'],['U'],['Legendary'],['Creature'],"['Human', 'Wizard']",Mythic,CLB,2,3,None,"When Volo enters the battlefield, create Volo's Journal, a legendary colorless artifact token with hexproof and ""Whenever you cast a creature spell, note one of its creature types that hasn't been noted for this artifact.""\n{2}, {T}: Draw a card for each creature type noted for target permanent you control named Volo's Journal.\nChoose a Background"
Young Blue Dragon // Sand Augury,5.0,['U'],['U'],None,['Creature'],['Dragon'],Common,CLB,3,3,None,Flying
"Vhal, Candlekeep Researcher",4.0,['U'],['U'],['Legendary'],['Creature'],"['Human', 'Wizard']",Uncommon,CLB,2,3,None,"Vigilance\n{T}: Add an amount of {C} equal to Vhal, Candlekeep Researcher's toughness. This mana can't be spent to cast spells from your hand.\nChoose a Background (You can have a Background as a second commander.)"
Tomb of Horrors Adventurer,6.0,['U'],['U'],None,['Creature'],"['Elf', 'Monk']",Rare,CLB,4,4,None,"When Tomb of Horrors Adventurer enters the battlefield, you take the initiative.\nWhenever you cast your second spell each turn, copy it. If you've completed a dungeon, copy that spell twice instead. You may choose new targets for the copies. (A copy of a permanent spell becomes a token.)"
Izzet Chemister,3.0,['R'],['R'],None,['Creature'],"['Goblin', 'Wizard']",Rare,CLB,1,3,None,"Haste\n{R}, {T}: Exile target instant or sorcery card from your graveyard.\n{1}{R}, {T}, Sacrifice Izzet Chemister: Cast any number of cards exiled with Izzet Chemister without paying their mana costs."
Sword Coast Serpent // Capsizing Wave,7.0,['U'],['U'],None,['Creature'],"['Serpent', 'Dragon']",Common,CLB,6,6,None,Sword Coast Serpent can't be blocked as long as you've cast a noncreature spell this turn.
Sword Coast Sailor,2.0,['U'],['U'],['Legendary'],['Enchantment'],['Background'],Uncommon,CLB,None,None,None,"Commander creatures you own have ""Whenever this creature attacks a player, if no opponent has more life than that player, this creature can't be blocked this turn."""
Stunning Strike,3.0,['U'],['U'],None,['Enchantment'],['Aura'],Common,CLB,None,None,None,"Flash\nEnchant creature\nWhen Stunning Strike enters the battlefield, tap enchanted creature and remove it from combat.\nAs long as enchanted creature isn't legendary, it doesn't untap during its controller's untap step."
Ignite the Future,4.0,['R'],['R'],None,['Sorcery'],None,Rare,CLB,None,None,None,"Exile the top three cards of your library. Until the end of your next turn, you may play those cards. If this spell was cast from a graveyard, you may play cards this way without paying their mana costs.\nFlashback {7}{R} (You may cast this card from your graveyard for its flashback cost. Then exile it.)"
Run Away Together,2.0,['U'],['U'],None,['Instant'],None,Common,CLB,None,None,None,Choose two target creatures controlled by different players. Return those creatures to their owners' hands.
Artificer Class,2.0,['U'],['U'],None,['Enchantment'],['Class'],Rare,CLB,None,None,None,"(Gain the next level as a sorcery to add its ability.)\nThe first artifact spell you cast each turn costs {1} less to cast.\n{1}{U}: Level 2\nWhen this Class becomes level 2, reveal cards from the top of your library until you reveal an artifact card. Put that card into your hand and the rest on the bottom of your library in a random order.\n{5}{U}: Level 3\nAt the beginning of your end step, create a token that's a copy of target artifact you control."
"Renari, Merchant of Marvels",4.0,['U'],['U'],['Legendary'],['Creature'],"['Dragon', 'Artificer']",Uncommon,CLB,2,4,None,You may cast Dragon spells and artifact spells as though they had flash.\nChoose a Background (You can have a Background as a second commander.)
Nighthawk Scavenger,3.0,['B'],['B'],None,['Creature'],"['Vampire', 'Rogue']",Rare,CLB,1+*,3,None,"Flying, deathtouch, lifelink\nNighthawk Scavenger's power is equal to 1 plus the number of card types among cards in your opponents' graveyards."
Psychic Impetus,3.0,['U'],['U'],None,['Enchantment'],['Aura'],Common,CLB,None,None,None,"Enchant creature\nEnchanted creature gets +2/+2 and is goaded. (It attacks each combat if able and attacks a player other than you if able.)\nWhenever enchanted creature attacks, you scry 2."
Oceanus Dragon,6.0,['U'],['U'],None,['Creature'],['Dragon'],Common,CLB,3,5,None,"Flying\nWhen Oceanus Dragon enters the battlefield, tap target creature an opponent controls. Goad it. (Until your next turn, that creature attacks each combat if able and attacks a player other than you if able.)"
Mystery Key,2.0,['U'],['U'],None,['Artifact'],['Equipment'],Uncommon,CLB,None,None,None,"When equipped creature deals combat damage to a player, sacrifice Mystery Key. If you do, draw three cards.\nEquip {1} ({1}: Attach to target creature you control. Equip only as a sorcery.)"
Moonshae Pixie // Pixie Dust,4.0,['U'],['U'],None,['Creature'],['Faerie'],Uncommon,CLB,2,2,None,"Flying\nWhen Moonshae Pixie enters the battlefield, draw cards equal to the number of opponents who were dealt combat damage this turn."
Lapis Orb of Dragonkind,3.0,['U'],['U'],None,['Artifact'],None,Common,CLB,None,None,None,"{T}: Add {U}. When you spend this mana to cast a Dragon creature spell, scry 2. (Look at the top two cards of your library, then put any number of them on the bottom of your library and the rest on top in any order.)"
Kenku Artificer,3.0,['U'],['U'],None,['Creature'],"['Bird', 'Artificer']",Common,CLB,1,1,None,"Homunculus Servant — When Kenku Artificer enters the battlefield, put three +1/+1 counters on up to one target noncreature artifact. That artifact becomes a 0/0 Homunculus artifact creature with flying."
Geode Rager,6.0,['R'],['R'],None,['Creature'],['Elemental'],Rare,CLB,4,3,None,"First strike\nLandfall — Whenever a land enters the battlefield under your control, goad each creature target player controls. (Until your next turn, those creatures attack each combat if able and attack a player other than you if able.)"
Irenicus's Vile Duplication,4.0,['U'],['U'],None,['Sorcery'],None,Uncommon,CLB,None,None,None,"Create a token that's a copy of target creature you control, except the token has flying and it isn't legendary."
"Imoen, Mystic Trickster",3.0,['U'],['U'],['Legendary'],['Creature'],"['Human', 'Rogue', 'Wizard']",Uncommon,CLB,2,3,None,"Ward {2} (Whenever this creature becomes the target of a spell or ability an opponent controls, counter it unless that player pays {2}.)\nAt the beginning of your end step, if you have the initiative, draw a card. Draw another card if you've completed a dungeon.\nChoose a Background (You can have a Background as a second commander.)"
Mindblade Render,2.0,['B'],['B'],None,['Creature'],"['Azra', 'Warrior']",Rare,CLB,1,3,None,"Whenever your opponents are dealt combat damage, if any of that damage was dealt by a Warrior, you draw a card and you lose 1 life."
Illithid Harvester // Plant Tadpoles,5.0,['U'],['U'],None,['Creature'],['Horror'],Rare,CLB,4,4,None,"Ceremorphosis — When Illithid Harvester enters the battlefield, turn any number of target tapped nontoken creatures face down. They're 2/2 Horror creatures."
Goggles of Night,2.0,['U'],['U'],None,['Artifact'],['Equipment'],Common,CLB,None,None,None,"Whenever equipped creature deals combat damage to a player, scry 1, then draw a card. (To scry 1, look at the top card of your library, then you may put that card on the bottom of your library.)\nEquip {2} ({2}: Attach to target creature you control. Equip only as a sorcery.)"
"Gale, Waterdeep Prodigy",3.0,['U'],['U'],['Legendary'],['Creature'],"['Human', 'Wizard']",Rare,CLB,1,3,None,"Whenever you cast an instant or sorcery spell from your hand, you may cast up to one target card of the other type from your graveyard. If a spell cast from your graveyard this way would be put into your graveyard, exile it instead.\nChoose a Background (You can have a Background as a second commander.)"
Bloodbraid Elf,4.0,"['G', 'R']","['G', 'R']",None,['Creature'],"['Elf', 'Berserker']",Uncommon,CLB,3,2,None,"Haste\nCascade (When you cast this spell, exile cards from the top of your library until you exile a nonland card that costs less. You may cast it without paying its mana cost. Put the exiled cards on the bottom of your library in a random order.)"
Font of Magic,4.0,['U'],['U'],None,['Enchantment'],None,Mythic,CLB,None,None,None,Instant and sorcery spells you cast cost {1} less to cast for each time you've cast a commander from the command zone this game.
Mardu Strike Leader,3.0,['B'],['B'],None,['Creature'],"['Human', 'Warrior']",Rare,CLB,3,2,None,"Whenever Mardu Strike Leader attacks, create a 2/1 black Warrior creature token.\nDash {3}{B} (You may cast this spell for its dash cost. If you do, it gains haste, and it's returned from the battlefield to its owner's hand at the beginning of the next end step.)"
Feywild Caretaker,5.0,['U'],['U'],None,['Creature'],"['Orc', 'Wizard']",Uncommon,CLB,3,4,None,"When Feywild Caretaker enters the battlefield, you take the initiative.\nAt the beginning of your end step, if you have the initiative, create a 1/1 blue Faerie Dragon creature token with flying."
Dungeon Delver,2.0,['U'],['U'],['Legendary'],['Enchantment'],['Background'],Uncommon,CLB,None,None,None,"Commander creatures you own have ""Room abilities of dungeons you own trigger an additional time."""
Dragonborn Looter,2.0,['U'],['U'],None,['Creature'],"['Dragon', 'Rogue']",Common,CLB,1,2,None,"{1}, {T}: Draw a card, then discard a card."
Displacer Kitten,4.0,['U'],['U'],None,['Creature'],"['Cat', 'Beast']",Rare,CLB,2,2,None,"Avoidance — Whenever you cast a noncreature spell, exile up to one target nonland permanent you control, then return that card to the battlefield under its owner's control."
Consuming Aberration,5.0,"['B', 'U']","['B', 'U']",None,['Creature'],['Horror'],Rare,CLB,*,*,None,"Consuming Aberration's power and toughness are each equal to the number of cards in your opponents' graveyards.\nWhenever you cast a spell, each opponent reveals cards from the top of their library until they reveal a land card, then puts those cards into their graveyard."
Cone of Cold,4.0,['U'],['U'],None,['Sorcery'],None,Uncommon,CLB,None,None,None,"Roll a d20.\n1—9 | Tap all creatures your opponents control.\n10—19 | Tap all creatures your opponents control. Those creatures don't untap during their controllers' next untap steps.\n20 | Tap all creatures your opponents control. Those creatures don't untap during their controllers' next untap steps. Until your next turn, creatures your opponents control enter the battlefield tapped."
"Abdel Adrian, Gorion's Ward",5.0,['W'],['W'],['Legendary'],['Creature'],"['Human', 'Warrior']",Uncommon,CLB,4,4,None,"When Abdel Adrian, Gorion's Ward enters the battlefield, exile any number of other nonland permanents you control until Abdel Adrian leaves the battlefield. Create a 1/1 white Soldier creature token for each permanent exiled this way.\nChoose a Background (You can have a Background as a second commander.)"
Candlekeep Inspiration,5.0,['U'],['U'],None,['Sorcery'],None,Uncommon,CLB,None,None,None,"Until end of turn, creatures you control have base power and toughness X/X, where X is the number of cards you own in exile and in your graveyard that are instant cards, are sorcery cards, and/or have an Adventure."
Blur,3.0,['U'],['U'],None,['Instant'],None,Common,CLB,None,None,None,"Exile target creature you control, then return that card to the battlefield under its owner's control.\nDraw a card."
Greater Gargadon,10.0,['R'],['R'],None,['Creature'],['Beast'],Rare,CLB,9,7,None,"Suspend 10—{R}\nSacrifice an artifact, creature, or land: Remove a time counter from Greater Gargadon. Activate only if Greater Gargadon is suspended."
"Alora, Merry Thief",3.0,['U'],['U'],['Legendary'],['Creature'],"['Halfling', 'Rogue']",Uncommon,CLB,3,2,None,"Whenever you attack, up to one target attacking creature can't be blocked this turn. Return that creature to its owner's hand at the beginning of the next end step.\nChoose a Background (You can have a Background as a second commander.)"
You're Confronted by Robbers,4.0,['W'],['W'],None,['Instant'],None,Common,CLB,None,None,None,Choose one —\n• Stall for Time — Tap up to three target creatures.\n• Call for Aid — Create three 1/1 white Soldier creature tokens.
"Etali, Primal Storm",6.0,['R'],['R'],['Legendary'],['Creature'],"['Elder', 'Dinosaur']",Rare,CLB,6,6,None,"Whenever Etali, Primal Storm attacks, exile the top card of each player's library, then you may cast any number of spells from among those cards without paying their mana costs."
Veteran Soldier,2.0,['W'],['W'],['Legendary'],['Enchantment'],['Background'],Uncommon,CLB,None,None,None,"Commander creatures you own have ""Whenever this creature attacks a player, if no opponent has more life than that player, for each opponent, create a 1/1 white Soldier creature token that's tapped and attacking that opponent."""
Wyrm's Crossing Patrol,1.0,['W'],['W'],None,['Creature'],"['Human', 'Soldier']",Common,CLB,1,1,None,"Myriad (Whenever this creature attacks, for each opponent other than defending player, you may create a token that's a copy of this creature that's tapped and attacking that player or a planeswalker they control. Exile the tokens at end of combat.)"
White Plume Adventurer,3.0,['W'],['W'],None,['Creature'],"['Orc', 'Cleric']",Rare,CLB,3,3,None,"When White Plume Adventurer enters the battlefield, you take the initiative.\nAt the beginning of each opponent's upkeep, untap a creature you control. If you've completed a dungeon, untap all creatures you control instead."
Goblin Spymaster,3.0,['R'],['R'],None,['Creature'],"['Goblin', 'Rogue']",Rare,CLB,2,1,None,"First strike\nAt the beginning of each opponent's end step, that player creates a 1/1 red Goblin creature token with ""Creatures you control attack each combat if able."""
Noble Heritage,2.0,['W'],['W'],['Legendary'],['Enchantment'],['Background'],Rare,CLB,None,None,None,"Commander creatures you own have ""When this creature enters the battlefield and at the beginning of your upkeep, each player may put two +1/+1 counters on a creature they control. For each opponent who does, you gain protection from that player until your next turn."" (You can't be targeted, dealt damage, or enchanted by anything controlled by that player.)"
Scouting Hawk,3.0,['W'],['W'],None,['Creature'],['Bird'],Common,CLB,1,1,None,"Flying\nKeen Sight — When Scouting Hawk enters the battlefield, if an opponent controls more lands than you, search your library for a basic Plains card, put it onto the battlefield tapped, then shuffle."
Roving Harper,3.0,['W'],['W'],None,['Creature'],"['Elf', 'Scout']",Common,CLB,2,2,None,"When Roving Harper enters the battlefield, draw a card."
Recruitment Drive,3.0,['W'],['W'],None,['Sorcery'],None,Common,CLB,None,None,None,Roll a d20.\n1—9 | Create two 1/1 white Soldier creature tokens.\n10—19 | Create two 2/2 white Knight creature tokens.\n20 | Create three 2/2 white Knight creature tokens.
Rasaad yn Bashir,3.0,['W'],['W'],['Legendary'],['Creature'],"['Human', 'Monk']",Uncommon,CLB,0,3,None,"Each creature you control assigns combat damage equal to its toughness rather than its power.\nWhenever Rasaad yn Bashir attacks, if you have the initiative, double the toughness of each creature you control until end of turn.\nChoose a Background (You can have a Background as a second commander.)"
Cut a Deal,3.0,['W'],['W'],None,['Sorcery'],None,Uncommon,CLB,None,None,None,"Each opponent draws a card, then you draw a card for each opponent who drew a card this way."
Malakir Blood-Priest,2.0,['B'],['B'],None,['Creature'],"['Vampire', 'Cleric']",Common,CLB,2,1,None,"When Malakir Blood-Priest enters the battlefield, each opponent loses X life and you gain X life, where X is the number of creatures in your party. (Your party consists of up to one each of Cleric, Rogue, Warrior, and Wizard.)"
In Garruk's Wake,9.0,['B'],['B'],None,['Sorcery'],None,Rare,CLB,None,None,None,Destroy all creatures you don't control and all planeswalkers you don't control.
Escape to the Wilds,5.0,"['G', 'R']","['G', 'R']",None,['Sorcery'],None,Rare,CLB,None,None,None,Exile the top five cards of your library. You may play cards exiled this way until the end of your next turn.\nYou may play an additional land this turn.
Hunted Horror,2.0,['B'],['B'],None,['Creature'],['Horror'],Rare,CLB,7,7,None,"Trample\nWhen Hunted Horror enters the battlefield, target opponent creates two 3/3 green Centaur creature tokens with protection from black."
Extract from Darkness,5.0,"['B', 'U']","['B', 'U']",None,['Sorcery'],None,Uncommon,CLB,None,None,None,Each player mills two cards. Then you put a creature card from a graveyard onto the battlefield under your control.
Hex,6.0,['B'],['B'],None,['Sorcery'],None,Rare,CLB,None,None,None,Destroy six target creatures.
Sarevok's Tome,4.0,None,None,None,['Artifact'],None,Rare,CLB,None,None,None,"When Sarevok's Tome enters the battlefield, you take the initiative.\n{T}: Add {C}. If you have the initiative, add {C}{C} instead.\n{3}, {T}: Exile cards from the top of your library until you exile a nonland card. You may cast that card without paying its mana cost. Activate only if you've completed a dungeon."
Guiltfeeder,5.0,['B'],['B'],None,['Creature'],['Horror'],Rare,CLB,0,4,None,"Fear (This creature can't be blocked except by artifact creatures and/or black creatures.)\nWhenever Guiltfeeder attacks and isn't blocked, defending player loses 1 life for each card in their graveyard."
Drown in the Loch,2.0,"['B', 'U']","['B', 'U']",None,['Instant'],None,Uncommon,CLB,None,None,None,Choose one —\n• Counter target spell with mana value less than or equal to the number of cards in its controller's graveyard.\n• Destroy target creature with mana value less than or equal to the number of cards in its controller's graveyard.
Multiclass Baldric,1.0,None,None,None,['Artifact'],['Equipment'],Rare,CLB,None,None,None,"Equipped creature has lifelink if you control a Cleric, deathtouch if you control a Rogue, haste if you control a Warrior, and flying if you control a Wizard.\nAs long as you have a full party, prevent all damage that would be dealt to equipped creature.\nEquip {2}"
Nalia de'Arnise,3.0,"['B', 'W']","['B', 'W']",['Legendary'],['Creature'],"['Human', 'Rogue']",Mythic,CLB,3,3,None,"You may look at the top card of your library any time.\nYou may cast Cleric, Rogue, Warrior, and Wizard spells from the top of your library.\nAt the beginning of combat on your turn, if you have a full party, put a +1/+1 counter on each creature you control and those creatures gain deathtouch until end of turn."
Grim Hireling,4.0,['B'],['B'],None,['Creature'],"['Tiefling', 'Rogue']",Rare,CLB,3,2,None,"Whenever one or more creatures you control deal combat damage to a player, create two Treasure tokens.\n{B}, Sacrifice X Treasures: Target creature gets -X/-X until end of turn. Activate only as a sorcery."
Dross Harvester,3.0,['B'],['B'],None,['Creature'],['Horror'],Rare,CLB,4,4,None,"Protection from white\nAt the beginning of your end step, you lose 4 life.\nWhenever a creature dies, you gain 2 life."
Despark,2.0,"['B', 'W']","['B', 'W']",None,['Instant'],None,Uncommon,CLB,None,None,None,Exile target permanent with mana value 4 or greater.
"Felisa, Fang of Silverquill",4.0,"['B', 'W']","['B', 'W']",['Legendary'],['Creature'],"['Vampire', 'Wizard']",Mythic,CLB,3,2,None,"Flying\nMentor (Whenever this creature attacks, put a +1/+1 counter on target attacking creature with lesser power.)\nWhenever a nontoken creature you control dies, if it had counters on it, create X tapped 2/1 white and black Inkling creature tokens with flying, where X is the number of counters it had on it."
"Firkraag, Cunning Instigator",5.0,"['R', 'U']","['R', 'U']",['Legendary'],['Creature'],['Dragon'],Mythic,CLB,3,3,None,"Flying, haste\nWhenever one or more Dragons you control attack an opponent, goad target creature that player controls.\nWhenever a creature deals combat damage to one of your opponents, if that creature had to attack this combat, you put a +1/+1 counter on Firkraag, Cunning Instigator and you draw a card."
Grim Haruspex,3.0,['B'],['B'],None,['Creature'],"['Human', 'Wizard']",Rare,CLB,3,2,None,"Morph {B} (You may cast this card face down as a 2/2 creature for {3}. Turn it face up any time for its morph cost.)\nWhenever another nontoken creature you control dies, draw a card."
"Faldorn, Dread Wolf Herald",3.0,"['G', 'R']","['G', 'R']",['Legendary'],['Creature'],"['Human', 'Druid']",Mythic,CLB,3,3,None,"Whenever you cast a spell from exile or a land enters the battlefield under your control from exile, create a 2/2 green Wolf creature token.\n{1}, {T}, Discard a card: Exile the top card of your library. You may play it this turn."
Firja's Retribution,4.0,"['B', 'W']","['B', 'W']",None,['Enchantment'],['Saga'],Rare,CLB,None,None,None,"(As this Saga enters and after your draw step, add a lore counter. Sacrifice after III.)\nI — Create a 4/4 white Angel Warrior creature token with flying and vigilance.\nII — Until end of turn, Angels you control gain ""{T}: Destroy target creature with power less than this creature's power.""\nIII — Angels you control gain double strike until end of turn."
"Gonti, Lord of Luxury",4.0,['B'],['B'],['Legendary'],['Creature'],"['Aetherborn', 'Rogue']",Rare,CLB,2,3,None,"Deathtouch\nWhen Gonti, Lord of Luxury enters the battlefield, look at the top four cards of target opponent's library, exile one of them face down, then put the rest on the bottom of that library in a random order. You may cast that card for as long as it remains exiled, and mana of any type can be spent to cast that spell."
Captain N'ghathrod,5.0,"['B', 'U']","['B', 'U']",['Legendary'],['Creature'],"['Horror', 'Pirate']",Mythic,CLB,3,6,None,"Horrors you control have menace.\nWhenever a Horror you control deals combat damage to a player, that player mills that many cards.\nAt the beginning of your end step, choose target artifact or creature card in an opponent's graveyard that was put there from their library this turn. Put it onto the battlefield under your control."
Blessed Hippogriff // Tyr's Blessing,4.0,['W'],['W'],None,['Creature'],['Hippogriff'],Common,CLB,2,3,None,"Flying\nWhenever Blessed Hippogriff attacks, target attacking creature without flying gains flying until end of turn."
Venture Forth,4.0,['G'],['G'],None,['Sorcery'],None,Rare,CLB,None,None,None,Exile cards from the top of your library until you exile a land card. Put that card onto the battlefield and the rest on the bottom of your library in a random order. Exile Venture Forth with three time counters on it.\nSuspend 3—{1}{G}
Feed the Swarm,2.0,['B'],['B'],None,['Sorcery'],None,Common,CLB,None,None,None,Destroy target creature or enchantment an opponent controls. You lose life equal to that permanent's mana value.
Battle Angels of Tyr,4.0,['W'],['W'],None,['Creature'],"['Angel', 'Knight']",Mythic,CLB,4,4,None,"Flying, myriad\nWhenever Battle Angels of Tyr deals combat damage to a player, draw a card if that player has more cards in hand than each other player. Then you create a Treasure token if that player controls more lands than each other player. Then you gain 3 life if that player has more life than each other player."
Banishment,4.0,['W'],['W'],None,['Enchantment'],None,Uncommon,CLB,None,None,None,"Flash\nWhen Banishment enters the battlefield, exile target nonland permanent an opponent controls and all other nonland permanents your opponents control with the same name as that permanent until Banishment leaves the battlefield."
Tlincalli Hunter // Retrieve Prey,7.0,['G'],['G'],None,['Creature'],"['Scorpion', 'Scout']",Rare,CLB,7,7,None,"Trample\nOnce each turn, you may pay {0} rather than pay the mana cost for a creature spell you cast from exile."
Ancient Gold Dragon,7.0,['W'],['W'],None,['Creature'],"['Elder', 'Dragon']",Mythic,CLB,7,10,None,"Flying\nWhenever Ancient Gold Dragon deals combat damage to a player, roll a d20. You create a number of 1/1 blue Faerie Dragon creature tokens with flying equal to the result."
Bane's Invoker,2.0,['W'],['W'],None,['Creature'],"['Human', 'Cleric']",Common,CLB,2,2,None,Wind Walk — {8}: Up to two target creatures each get +2/+2 and gain flying until end of turn.
High Priest of Penance,2.0,"['B', 'W']","['B', 'W']",None,['Creature'],"['Human', 'Cleric']",Rare,CLB,1,1,None,"Whenever High Priest of Penance is dealt damage, you may destroy target nonland permanent."
Dusk Mangler,7.0,['B'],['B'],None,['Creature'],['Horror'],Uncommon,CLB,5,4,None,"As an additional cost to cast this spell, sacrifice a creature, discard a card, or pay 4 life.\nWhen Dusk Mangler enters the battlefield, each opponent sacrifices a creature, discards a card, and loses 4 life."
Faceless One,5.0,None,None,['Legendary'],"['Enchantment', 'Creature']",['Background'],Special,CLB,3,3,None,"If Faceless One is your commander, choose a color before the game begins. Faceless One is the chosen color.\nChoose a Background (You can have a Background as a second commander.)"
Journey to the Lost City,4.0,['G'],['G'],None,['Enchantment'],None,Rare,CLB,None,None,None,"At the beginning of your upkeep, exile the top four cards of your library, then roll a d20.\n1—9 | You may put a land card from among those cards onto the battlefield.\n10—19 | Create a 2/2 green Wolf creature token, then put a +1/+1 counter on it for each creature card among those cards.\n20 | Put all permanent cards exiled with Journey to the Lost City onto the battlefield, then sacrifice it."
Astral Confrontation,5.0,['W'],['W'],None,['Instant'],None,Common,CLB,None,None,None,This spell costs {1} less to cast for each opponent you're attacking.\nExile target creature.
"Grumgully, the Generous",3.0,"['G', 'R']","['G', 'R']",['Legendary'],['Creature'],"['Goblin', 'Shaman']",Uncommon,CLB,3,3,None,Each other non-Human creature you control enters the battlefield with an additional +1/+1 counter on it.
Spectacular Showdown,2.0,['R'],['R'],None,['Sorcery'],None,Rare,CLB,None,None,None,"Put a double strike counter on target creature, then goad each creature that had a double strike counter put on it this way. (Until your next turn, those creatures attack each combat if able and attack a player other than you if able.)\nOverload {4}{R}{R}{R} (You may cast this spell for its overload cost. If you do, change ""target"" in its text to ""each."")"
Ascend from Avernus,3.0,['W'],['W'],None,['Sorcery'],None,Rare,CLB,None,None,None,Return all creature and planeswalker cards with mana value X or less from your graveyard to the battlefield. Exile Ascend from Avernus.
Green Slime,3.0,['G'],['G'],None,['Creature'],['Ooze'],Rare,CLB,2,2,None,"Flash\nWhen Green Slime enters the battlefield, counter target activated or triggered ability from an artifact or enchantment source. If a permanent's ability is countered this way, destroy that permanent.\nForetell {G} (During your turn, you may pay {2} and exile this card from your hand face down. Cast it on a later turn for its foretell cost.)"
Passionate Archaeologist,2.0,['R'],['R'],['Legendary'],['Enchantment'],['Background'],Mythic,CLB,None,None,None,"Commander creatures you own have ""Whenever you cast a spell from exile, this creature deals damage equal to that spell's mana value to target opponent."""
Goliath Paladin,5.0,['W'],['W'],None,['Creature'],"['Giant', 'Knight']",Common,CLB,3,6,None,"Vigilance\nWhen Goliath Paladin enters the battlefield, you take the initiative."
Nemesis of Reason,5.0,"['B', 'U']","['B', 'U']",None,['Creature'],"['Leviathan', 'Horror']",Rare,CLB,3,7,None,"Whenever Nemesis of Reason attacks, defending player mills ten cards."
Flaming Fist Officer,3.0,['W'],['W'],None,['Creature'],"['Gnome', 'Soldier']",Common,CLB,2,2,None,"Whenever another creature you control leaves the battlefield, put a +1/+1 counter on Flaming Fist Officer."
Durnan of the Yawning Portal,4.0,['G'],['G'],['Legendary'],['Creature'],"['Human', 'Warrior']",Mythic,CLB,3,3,None,"Whenever Durnan attacks, look at the top four cards of your library. You may exile a creature card from among them. Put the rest on the bottom of your library in any order. For as long as that card remains exiled, you may cast it. That spell has undaunted. (It costs {1} less to cast for each opponent.)\nChoose a Background (You can have a Background as a second commander.)"
Slaughter the Strong,3.0,['W'],['W'],None,['Sorcery'],None,Uncommon,CLB,None,None,None,"Each player chooses any number of creatures they control with total power 4 or less, then sacrifices all other creatures they control."
Memory Plunder,4.0,"['B', 'U']","['B', 'U']",None,['Instant'],None,Rare,CLB,None,None,None,You may cast target instant or sorcery card from an opponent's graveyard without paying its mana cost.
Terrain Generator,0.0,None,None,None,['Land'],None,Uncommon,CLB,None,None,None,"{T}: Add {C}.\n{2}, {T}: You may put a basic land card from your hand onto the battlefield tapped."
Kher Keep,0.0,None,['R'],['Legendary'],['Land'],None,Rare,CLB,None,None,None,"{T}: Add {C}.\n{1}{R}, {T}: Create a 0/1 red Kobold creature token named Kobolds of Kher Keep."
Temple of the False God,0.0,None,None,None,['Land'],None,Uncommon,CLB,None,None,None,{T}: Add {C}{C}. Activate only if you control five or more lands.
Kessig Wolf Run,0.0,None,"['G', 'R']",None,['Land'],None,Rare,CLB,None,None,None,"{T}: Add {C}.\n{X}{R}{G}, {T}: Target creature gets +X/+0 and gains trample until end of turn."
Temple of Silence,0.0,None,"['B', 'W']",None,['Land'],None,Rare,CLB,None,None,None,"Temple of Silence enters the battlefield tapped.\nWhen Temple of Silence enters the battlefield, scry 1.\n{T}: Add {W} or {B}."
Izzet Boilerworks,0.0,None,"['R', 'U']",None,['Land'],None,Uncommon,CLB,None,None,None,"Izzet Boilerworks enters the battlefield tapped.\nWhen Izzet Boilerworks enters the battlefield, return a land you control to its owner's hand.\n{T}: Add {U}{R}."
Temple of Epiphany,0.0,None,"['R', 'U']",None,['Land'],None,Rare,CLB,None,None,None,"Temple of Epiphany enters the battlefield tapped.\nWhen Temple of Epiphany enters the battlefield, scry 1.\n{T}: Add {U} or {R}."
Highland Forest,0.0,None,"['G', 'R']",['Snow'],['Land'],"['Mountain', 'Forest']",Common,CLB,None,None,None,({T}: Add {R} or {G}.)\nHighland Forest enters the battlefield tapped.
Temple of Deceit,0.0,None,"['B', 'U']",None,['Land'],None,Rare,CLB,None,None,None,"Temple of Deceit enters the battlefield tapped.\nWhen Temple of Deceit enters the battlefield, scry 1.\n{T}: Add {U} or {B}."
Gruul Turf,0.0,None,"['G', 'R']",None,['Land'],None,Uncommon,CLB,None,None,None,"Gruul Turf enters the battlefield tapped.\nWhen Gruul Turf enters the battlefield, return a land you control to its owner's hand.\n{T}: Add {R}{G}."
Game Trail,0.0,None,"['G', 'R']",None,['Land'],None,Rare,CLB,None,None,None,"As Game Trail enters the battlefield, you may reveal a Mountain or Forest card from your hand. If you don't, Game Trail enters the battlefield tapped.\n{T}: Add {R} or {G}."
Exotic Orchard,0.0,None,None,None,['Land'],None,Rare,CLB,None,None,None,{T}: Add one mana of any color that a land an opponent controls could produce.
Drownyard Temple,0.0,None,None,None,['Land'],None,Rare,CLB,None,None,None,{T}: Add {C}.\n{3}: Return Drownyard Temple from your graveyard to the battlefield tapped.
Dimir Aqueduct,0.0,None,"['B', 'U']",None,['Land'],None,Uncommon,CLB,None,None,None,"Dimir Aqueduct enters the battlefield tapped.\nWhen Dimir Aqueduct enters the battlefield, return a land you control to its owner's hand.\n{T}: Add {U}{B}."
Desolate Lighthouse,0.0,None,"['R', 'U']",None,['Land'],None,Rare,CLB,None,None,None,"{T}: Add {C}.\n{1}{U}{R}, {T}: Draw a card, then discard a card."
Darkwater Catacombs,0.0,None,"['B', 'U']",None,['Land'],None,Rare,CLB,None,None,None,"{1}, {T}: Add {U}{B}."
Creeping Tar Pit,0.0,None,"['B', 'U']",None,['Land'],None,Rare,CLB,None,None,None,Creeping Tar Pit enters the battlefield tapped.\n{T}: Add {U} or {B}.\n{1}{U}{B}: Creeping Tar Pit becomes a 3/2 blue and black Elemental creature until end of turn and can't be blocked this turn. It's still a land.
Cinder Glade,0.0,None,"['G', 'R']",None,['Land'],"['Mountain', 'Forest']",Rare,CLB,None,None,None,({T}: Add {R} or {G}.)\nCinder Glade enters the battlefield tapped unless you control two or more basic lands.
Choked Estuary,0.0,None,"['B', 'U']",None,['Land'],None,Rare,CLB,None,None,None,"As Choked Estuary enters the battlefield, you may reveal an Island or Swamp card from your hand. If you don't, Choked Estuary enters the battlefield tapped.\n{T}: Add {U} or {B}."
Castle Vantress,0.0,None,['U'],None,['Land'],None,Rare,CLB,None,None,None,"Castle Vantress enters the battlefield tapped unless you control an Island.\n{T}: Add {U}.\n{2}{U}{U}, {T}: Scry 2."
Castle Locthwain,0.0,None,['B'],None,['Land'],None,Rare,CLB,None,None,None,"Castle Locthwain enters the battlefield tapped unless you control a Swamp.\n{T}: Add {B}.\n{1}{B}{B}, {T}: Draw a card, then you lose life equal to the number of cards in your hand."
Castle Embereth,0.0,None,['R'],None,['Land'],None,Rare,CLB,None,None,None,"Castle Embereth enters the battlefield tapped unless you control a Mountain.\n{T}: Add {R}.\n{1}{R}{R}, {T}: Creatures you control get +1/+0 until end of turn."
Bojuka Bog,0.0,None,['B'],None,['Land'],None,Common,CLB,None,None,None,"Bojuka Bog enters the battlefield tapped.\nWhen Bojuka Bog enters the battlefield, exile target player's graveyard.\n{T}: Add {B}."
Blighted Woodland,0.0,None,['G'],None,['Land'],None,Uncommon,CLB,None,None,None,"{T}: Add {C}.\n{3}{G}, {T}, Sacrifice Blighted Woodland: Search your library for up to two basic land cards, put them onto the battlefield tapped, then shuffle."
Mindcrank,2.0,None,None,None,['Artifact'],None,Uncommon,CLB,None,None,None,"Whenever an opponent loses life, that player mills that many cards. (Damage causes loss of life.)"
Talisman of Dominance,2.0,None,"['B', 'U']",None,['Artifact'],None,Uncommon,CLB,None,None,None,{T}: Add {C}.\n{T}: Add {U} or {B}. Talisman of Dominance deals 1 damage to you.
Temple of Abandon,0.0,None,"['G', 'R']",None,['Land'],None,Rare,CLB,None,None,None,"Temple of Abandon enters the battlefield tapped.\nWhen Temple of Abandon enters the battlefield, scry 1.\n{T}: Add {R} or {G}."
Thought Vessel,2.0,None,None,None,['Artifact'],None,Uncommon,CLB,None,None,None,You have no maximum hand size.\n{T}: Add {C}.
Ash Barrens,0.0,None,None,None,['Land'],None,Uncommon,CLB,None,None,None,"{T}: Add {C}.\nBasic landcycling {1} ({1}, Discard this card: Search your library for a basic land card, reveal it, put it into your hand, then shuffle.)"
Talisman of Hierarchy,2.0,None,"['B', 'W']",None,['Artifact'],None,Uncommon,CLB,None,None,None,{T}: Add {C}.\n{T}: Add {W} or {B}. Talisman of Hierarchy deals 1 damage to you.
Talisman of Creativity,2.0,None,"['R', 'U']",None,['Artifact'],None,Uncommon,CLB,None,None,None,{T}: Add {C}.\n{T}: Add {U} or {R}. Talisman of Creativity deals 1 damage to you.
Stuffy Doll,5.0,None,None,None,"['Artifact', 'Creature']",['Construct'],Rare,CLB,0,1,None,"Indestructible\nAs Stuffy Doll enters the battlefield, choose a player.\nWhenever Stuffy Doll is dealt damage, it deals that much damage to the chosen player.\n{T}: Stuffy Doll deals 1 damage to itself."
Steel Hellkite,6.0,None,None,None,"['Artifact', 'Creature']",['Dragon'],Rare,CLB,5,5,None,Flying\n{2}: Steel Hellkite gets +1/+0 until end of turn.\n{X}: Destroy each nonland permanent with mana value X whose controller was dealt combat damage by Steel Hellkite this turn. Activate only once each turn.
Spellskite,2.0,None,['U'],None,"['Artifact', 'Creature']","['Phyrexian', 'Horror']",Rare,CLB,0,4,None,{U/P}: Change a target of target spell or ability to Spellskite. ({U/P} can be paid with either {U} or 2 life.)
Solemn Simulacrum,4.0,None,None,None,"['Artifact', 'Creature']",['Golem'],Rare,CLB,2,2,None,"When Solemn Simulacrum enters the battlefield, you may search your library for a basic land card, put that card onto the battlefield tapped, then shuffle.\nWhen Solemn Simulacrum dies, you may draw a card."
Orzhov Signet,2.0,None,"['B', 'W']",None,['Artifact'],None,Common,CLB,None,None,None,"{1}, {T}: Add {W}{B}."
Sol Ring,1.0,None,None,None,['Artifact'],None,Uncommon,CLB,None,None,None,{T}: Add {C}{C}.
Maskwood Nexus,4.0,None,None,None,['Artifact'],None,Rare,CLB,None,None,None,"Creatures you control are every creature type. The same is true for creature spells you control and creature cards you own that aren't on the battlefield.\n{3}, {T}: Create a 2/2 blue Shapeshifter creature token with changeling. (It is every creature type.)"
Skullclamp,1.0,None,None,None,['Artifact'],['Equipment'],Uncommon,CLB,None,None,None,"Equipped creature gets +1/-1.\nWhenever equipped creature dies, draw two cards.\nEquip {1}"
Psychosis Crawler,5.0,None,None,None,"['Artifact', 'Creature']","['Phyrexian', 'Horror']",Rare,CLB,*,*,None,"Psychosis Crawler's power and toughness are each equal to the number of cards in your hand.\nWhenever you draw a card, each opponent loses 1 life."
Phyrexian Revoker,2.0,None,None,None,"['Artifact', 'Creature']","['Phyrexian', 'Horror']",Rare,CLB,2,1,None,"As Phyrexian Revoker enters the battlefield, choose a nonland card name.\nActivated abilities of sources with the chosen name can't be activated."
Marching Duodrone,2.0,None,None,None,"['Artifact', 'Creature']",['Construct'],Common,CLB,2,2,None,"Whenever Marching Duodrone attacks, each player creates a Treasure token. (It's an artifact with ""{T}, Sacrifice this artifact: Add one mana of any color."")"
Marble Diamond,2.0,None,['W'],None,['Artifact'],None,Common,CLB,None,None,None,Marble Diamond enters the battlefield tapped.\n{T}: Add {W}.
Lightning Greaves,2.0,None,None,None,['Artifact'],['Equipment'],Uncommon,CLB,None,None,None,Equipped creature has haste and shroud. (It can't be the target of spells or abilities.)\nEquip {0}
Tainted Isle,0.0,None,"['B', 'U']",None,['Land'],None,Uncommon,CLB,None,None,None,{T}: Add {C}.\n{T}: Add {U} or {B}. Activate only if you control a Swamp.
Manifold Key,1.0,None,None,None,['Artifact'],None,Uncommon,CLB,None,None,None,"{1}, {T}: Untap another target artifact.\n{3}, {T}: Target creature can't be blocked this turn."
Izzet Signet,2.0,None,"['R', 'U']",None,['Artifact'],None,Common,CLB,None,None,None,"{1}, {T}: Add {U}{R}."
Lantern of Revealing,3.0,None,None,None,['Artifact'],None,Common,CLB,None,None,None,"{T}: Add one mana of any color.\n{4}, {T}: Look at the top card of your library. If it's a land card, you may put it onto the battlefield tapped. If you don't put the card onto the battlefield, you may put it on the bottom of your library."
Windbrisk Heights,0.0,None,['W'],None,['Land'],None,Rare,CLB,None,None,None,"Hideaway 4 (When this land enters the battlefield, look at the top four cards of your library, exile one face down, then put the rest on the bottom in a random order.)\nWindbrisk Heights enters the battlefield tapped.\n{T}: Add {W}.\n{W}, {T}: You may play the exiled card without paying its mana cost if you attacked with three or more creatures this turn."
Iron Mastiff,4.0,None,None,None,"['Artifact', 'Creature']",['Dog'],Uncommon,CLB,4,4,None,"Whenever Iron Mastiff attacks, roll a d20 for each player being attacked and ignore all but the highest roll.\n1—9 | Iron Mastiff deals damage equal to its power to you.\n10—19 | Iron Mastiff deals damage equal to its power to defending player.\n20 | Iron Mastiff deals damage equal to its power to each opponent."
Herald's Horn,3.0,None,None,None,['Artifact'],None,Uncommon,CLB,None,None,None,"As Herald's Horn enters the battlefield, choose a creature type.\nCreature spells you cast of the chosen type cost {1} less to cast.\nAt the beginning of your upkeep, look at the top card of your library. If it's a creature card of the chosen type, you may reveal it and put it into your hand."
Geode Golem,5.0,None,None,None,"['Artifact', 'Creature']",['Golem'],Uncommon,CLB,5,3,None,"Trample\nWhenever Geode Golem deals combat damage to a player, you may cast your commander from the command zone without paying its mana cost. (You still pay any additional costs.)"
War Room,0.0,None,None,None,['Land'],None,Rare,CLB,None,None,None,"{T}: Add {C}.\n{3}, {T}, Pay life equal to the number of colors in your commanders' color identity: Draw a card."
Gate Colossus,8.0,None,None,None,"['Artifact', 'Creature']",['Construct'],Uncommon,CLB,8,8,None,"This spell costs {1} less to cast for each Gate you control.\nGate Colossus can't be blocked by creatures with power 2 or less.\nWhenever a Gate enters the battlefield under your control, you may put Gate Colossus from your graveyard on top of your library."
Hedron Archive,4.0,None,None,None,['Artifact'],None,Uncommon,CLB,None,None,None,"{T}: Add {C}{C}.\n{2}, {T}, Sacrifice Hedron Archive: Draw two cards."
Fraying Line,4.0,None,None,None,['Artifact'],None,Rare,CLB,None,None,None,"When Fraying Line enters the battlefield, put a rope counter on target creature you control.\nAt the beginning of each player's upkeep, that player may pay {2}. If they do, they put a rope counter on a creature they control. Otherwise, exile Fraying Line and each creature without a rope counter on it, then remove all rope counters from all creatures."
Wandering Fumarole,0.0,None,"['R', 'U']",None,['Land'],None,Rare,CLB,None,None,None,"Wandering Fumarole enters the battlefield tapped.\n{T}: Add {U} or {R}.\n{2}{U}{R}: Until end of turn, Wandering Fumarole becomes a 1/4 blue and red Elemental creature with ""{0}: Switch this creature's power and toughness until end of turn."" It's still a land."
Fire Diamond,2.0,None,['R'],None,['Artifact'],None,Common,CLB,None,None,None,Fire Diamond enters the battlefield tapped.\n{T}: Add {R}.
Fellwar Stone,2.0,None,None,None,['Artifact'],None,Uncommon,CLB,None,None,None,{T}: Add one mana of any color that a land an opponent controls could produce.
Dungeoneer's Pack,3.0,None,None,None,['Artifact'],None,Uncommon,CLB,None,None,None,"Dungeoneer's Pack enters the battlefield tapped.\n{2}, {T}, Sacrifice Dungeoneer's Pack: You take the initiative, gain 3 life, draw a card, and create a Treasure token. Activate only as a sorcery. (A Treasure token is an artifact with ""{T}, Sacrifice this artifact: Add one mana of any color."")"
Tainted Field,0.0,None,"['B', 'W']",None,['Land'],None,Uncommon,CLB,None,None,None,{T}: Add {C}.\n{T}: Add {W} or {B}. Activate only if you control a Swamp.
Drillworks Mole,1.0,None,None,None,"['Artifact', 'Creature']",['Mole'],Uncommon,CLB,1,1,None,"{2}, {T}: Put a +1/+1 counter on Drillworks Mole and a +1/+1 counter on up to one target commander creature you control."
Dire Mimic,2.0,None,None,None,['Artifact'],['Treasure'],Common,CLB,None,None,None,"Flash\n{T}, Sacrifice Dire Mimic: Add one mana of any color.\n{3}: Dire Mimic becomes a Shapeshifter artifact creature with base power and toughness 5/5 until end of turn."
Sunken Hollow,0.0,None,"['B', 'U']",None,['Land'],"['Island', 'Swamp']",Rare,CLB,None,None,None,({T}: Add {U} or {B}.)\nSunken Hollow enters the battlefield tapped unless you control two or more basic lands.
Starlit Sanctum,0.0,None,"['B', 'W']",None,['Land'],None,Uncommon,CLB,None,None,None,"{T}: Add {C}.\n{W}, {T}, Sacrifice a Cleric creature: You gain life equal to the sacrificed creature's toughness.\n{B}, {T}, Sacrifice a Cleric creature: Target player loses life equal to the sacrificed creature's power."
Decanter of Endless Water,3.0,None,None,None,['Artifact'],None,Common,CLB,None,None,None,You have no maximum hand size.\n{T}: Add one mana of any color.
Spinerock Knoll,0.0,None,['R'],None,['Land'],None,Rare,CLB,None,None,None,"Hideaway 4 (When this land enters the battlefield, look at the top four cards of your library, exile one face down, then put the rest on the bottom in a random order.)\nSpinerock Knoll enters the battlefield tapped.\n{T}: Add {R}.\n{R}, {T}: You may play the exiled card without paying its mana cost if an opponent was dealt 7 or more damage this turn."
Clockwork Fox,3.0,None,None,None,"['Artifact', 'Creature']",['Fox'],Common,CLB,3,2,None,"When Clockwork Fox leaves the battlefield, you draw two cards and each opponent draws a card."
Snowfield Sinkhole,0.0,None,"['B', 'W']",['Snow'],['Land'],"['Plains', 'Swamp']",Common,CLB,None,None,None,({T}: Add {W} or {B}.)\nSnowfield Sinkhole enters the battlefield tapped.
Cloak of the Bat,2.0,None,None,None,['Artifact'],['Equipment'],Common,CLB,None,None,None,Equipped creature has flying and haste.\nEquip {2} ({2}: Attach to target creature you control. Equip only as a sorcery.)
Shambling Vent,0.0,None,"['B', 'W']",None,['Land'],None,Rare,CLB,None,None,None,Shambling Vent enters the battlefield tapped.\n{T}: Add {W} or {B}.\n{1}{W}{B}: Shambling Vent becomes a 2/3 white and black Elemental creature with lifelink until end of turn. It's still a land.
Rogue's Passage,0.0,None,None,None,['Land'],None,Uncommon,CLB,None,None,None,"{T}: Add {C}.\n{4}, {T}: Target creature can't be blocked this turn."
River of Tears,0.0,None,"['B', 'U']",None,['Land'],None,Rare,CLB,None,None,None,"{T}: Add {U}. If you played a land this turn, add {B} instead."
Vault of the Archangel,0.0,None,"['B', 'W']",None,['Land'],None,Rare,CLB,None,None,None,"{T}: Add {C}.\n{2}{W}{B}, {T}: Creatures you control gain deathtouch and lifelink until end of turn."
Reliquary Tower,0.0,None,None,None,['Land'],None,Uncommon,CLB,None,None,None,You have no maximum hand size.\n{T}: Add {C}.
"Xenagos, the Reveler",4.0,"['G', 'R']","['G', 'R']",['Legendary'],['Planeswalker'],['Xenagos'],Mythic,CLB,None,None,3,"[+1]: Add X mana in any combination of {R} and/or {G}, where X is the number of creatures you control.\n[0]: Create a 2/2 red and green Satyr creature token with haste.\n[−6]: Exile the top seven cards of your library. You may put any number of creature and/or land cards from among them onto the battlefield."
Sprite Dragon,2.0,"['R', 'U']","['R', 'U']",None,['Creature'],"['Faerie', 'Dragon']",Uncommon,CLB,1,1,None,"Flying, haste\nWhenever you cast a noncreature spell, put a +1/+1 counter on Sprite Dragon."
Raging Ravine,0.0,None,"['G', 'R']",None,['Land'],None,Rare,CLB,None,None,None,"Raging Ravine enters the battlefield tapped.\n{T}: Add {R} or {G}.\n{2}{R}{G}: Until end of turn, Raging Ravine becomes a 3/3 red and green Elemental creature with ""Whenever this creature attacks, put a +1/+1 counter on it."" It's still a land."
Prismari Campus,0.0,None,"['R', 'U']",None,['Land'],None,Common,CLB,None,None,None,"Prismari Campus enters the battlefield tapped.\n{T}: Add {U} or {R}.\n{4}, {T}: Scry 1."
"Niv-Mizzet, Parun",6.0,"['R', 'U']","['R', 'U']",['Legendary'],['Creature'],"['Dragon', 'Wizard']",Rare,CLB,5,5,None,"This spell can't be countered.\nFlying\nWhenever you draw a card, Niv-Mizzet, Parun deals 1 damage to any target.\nWhenever a player casts an instant or sorcery spell, you draw a card."
Port of Karfell,0.0,None,"['B', 'U']",None,['Land'],None,Uncommon,CLB,None,None,None,"Port of Karfell enters the battlefield tapped.\n{T}: Add {U}.\n{3}{U}{B}{B}, {T}, Sacrifice Port of Karfell: Mill four cards, then return a creature card from your graveyard to the battlefield tapped. (To mill a card, put the top card of your library into your graveyard.)"
Path of Ancestry,0.0,None,None,None,['Land'],None,Common,CLB,None,None,None,"Path of Ancestry enters the battlefield tapped.\n{T}: Add one mana of any color in your commander's color identity. When that mana is spent to cast a creature spell that shares a creature type with your commander, scry 1. (Look at the top card of your library. You may put that card on the bottom.)"
Orzhov Basilica,0.0,None,"['B', 'W']",None,['Land'],None,Uncommon,CLB,None,None,None,"Orzhov Basilica enters the battlefield tapped.\nWhen Orzhov Basilica enters the battlefield, return a land you control to its owner's hand.\n{T}: Add {W}{B}."
Nephalia Drownyard,0.0,None,"['B', 'U']",None,['Land'],None,Rare,CLB,None,None,None,"{T}: Add {C}.\n{1}{U}{B}, {T}: Target player mills three cards."
Myriad Landscape,0.0,None,None,None,['Land'],None,Uncommon,CLB,None,None,None,"Myriad Landscape enters the battlefield tapped.\n{T}: Add {C}.\n{2}, {T}, Sacrifice Myriad Landscape: Search your library for up to two basic land cards that share a land type, put them onto the battlefield tapped, then shuffle."
Mutavault,0.0,None,None,None,['Land'],None,Rare,CLB,None,None,None,{T}: Add {C}.\n{1}: Mutavault becomes a 2/2 creature with all creature types until end of turn. It's still a land.
Mosswort Bridge,0.0,None,['G'],None,['Land'],None,Rare,CLB,None,None,None,"Hideaway 4 (When this land enters the battlefield, look at the top four cards of your library, exile one face down, then put the rest on the bottom in a random order.)\nMosswort Bridge enters the battlefield tapped.\n{T}: Add {G}.\n{G}, {T}: You may play the exiled card without paying its mana cost if creatures you control have total power 10 or greater."
Mossfire Valley,0.0,None,"['G', 'R']",None,['Land'],None,Rare,CLB,None,None,None,"{1}, {T}: Add {R}{G}."
Everflowing Chalice,0.0,None,None,None,['Artifact'],None,Uncommon,CLB,None,None,None,Multikicker {2} (You may pay an additional {2} any number of times as you cast this spell.)\nEverflowing Chalice enters the battlefield with a charge counter on it for each time it was kicked.\n{T}: Add {C} for each charge counter on Everflowing Chalice.
Dragon's Hoard,3.0,None,None,None,['Artifact'],None,Rare,CLB,None,None,None,"Whenever a Dragon enters the battlefield under your control, put a gold counter on Dragon's Hoard.\n{T}, Remove a gold counter from Dragon's Hoard: Draw a card.\n{T}: Add one mana of any color."
Dimir Signet,2.0,None,"['B', 'U']",None,['Artifact'],None,Common,CLB,None,None,None,"{1}, {T}: Add {U}{B}."
Dimir Keyrune,3.0,None,"['B', 'U']",None,['Artifact'],None,Uncommon,CLB,None,None,None,{T}: Add {U} or {B}.\n{U}{B}: Dimir Keyrune becomes a 2/2 blue and black Horror artifact creature until end of turn and can't be blocked this turn.
Mortuary Mire,0.0,None,['B'],None,['Land'],None,Common,CLB,None,None,None,"Mortuary Mire enters the battlefield tapped.\nWhen Mortuary Mire enters the battlefield, you may put target creature card from your graveyard on top of your library.\n{T}: Add {B}."
Shiny Impetus,3.0,['R'],['R'],None,['Enchantment'],['Aura'],Common,CLB,None,None,None,"Enchant creature\nEnchanted creature gets +2/+2 and is goaded. (It attacks each combat if able and attacks a player other than you if able.)\nWhenever enchanted creature attacks, you create a Treasure token. (It's an artifact with ""{T}, Sacrifice this artifact: Add one mana of any color."")"
Stirring Bard,4.0,['R'],['R'],None,['Creature'],"['Dragon', 'Bard']",Common,CLB,0,4,None,"Defender\nWhen Stirring Bard enters the battlefield, you take the initiative.\nMantle of Inspiration — {T}: Target creature gains menace and haste until end of turn."
Sea of Clouds,0.0,None,"['U', 'W']",None,['Land'],None,Rare,CLB,None,None,None,Sea of Clouds enters the battlefield tapped unless you have two or more opponents.\n{T}: Add {W} or {U}.
Reflecting Pool,0.0,None,None,None,['Land'],None,Rare,CLB,None,None,None,{T}: Add one mana of any type that a land you control could produce.
Manor Gate,0.0,None,['G'],None,['Land'],['Gate'],Common,CLB,None,None,None,"Manor Gate enters the battlefield tapped.\nAs Manor Gate enters the battlefield, choose a color other than green.\n{T}: Add {G} or one mana of the chosen color."
Heap Gate,0.0,None,None,None,['Land'],['Gate'],Common,CLB,None,None,None,"{T}: Add {C}.\n{1}, {T}: Add one mana of any color.\n{1}, {T}, Tap an untapped Gate you control: Create a Treasure token. (It's an artifact with ""{T}, Sacrifice this artifact: Add one mana of any color."")"
Chaos Wand,3.0,None,None,None,['Artifact'],None,Rare,CLB,None,None,None,"{4}, {T}: Target opponent exiles cards from the top of their library until they exile an instant or sorcery card. You may cast that card without paying its mana cost. Then put the exiled cards that weren't cast this way on the bottom of that library in a random order."
Swiftfoot Boots,2.0,None,None,None,['Artifact'],['Equipment'],Uncommon,CLB,None,None,None,Equipped creature has hexproof and haste. (It can't be the target of spells or abilities your opponents control.)\nEquip {1}
Bloodthirsty Blade,2.0,None,None,None,['Artifact'],['Equipment'],Uncommon,CLB,None,None,None,Equipped creature gets +2/+0 and is goaded. (It attacks each combat if able and attacks a player other than you if able.)\n{1}: Attach Bloodthirsty Blade to target creature an opponent controls. Activate only as a sorcery.
Command Tower,0.0,None,None,None,['Land'],None,Common,CLB,None,None,None,{T}: Add one mana of any color in your commander's color identity.
Cliffgate,0.0,None,['R'],None,['Land'],['Gate'],Common,CLB,None,None,None,"Cliffgate enters the battlefield tapped.\nAs Cliffgate enters the battlefield, choose a color other than red.\n{T}: Add {R} or one mana of the chosen color."
Black Dragon Gate,0.0,None,['B'],None,['Land'],['Gate'],Common,CLB,None,None,None,"Black Dragon Gate enters the battlefield tapped.\nAs Black Dragon Gate enters the battlefield, choose a color other than black.\n{T}: Add {B} or one mana of the chosen color."
Baldur's Gate,0.0,None,None,['Legendary'],['Land'],['Gate'],Rare,CLB,None,None,None,"{T}: Add {C}.\n{2}, {T}: Add X mana of any one color, where X is the number of other Gates you control."
Trailblazer's Torch,4.0,None,None,None,['Artifact'],['Equipment'],Common,CLB,None,None,None,"When Trailblazer's Torch enters the battlefield, you take the initiative.\nWhenever equipped creature becomes blocked, it deals 2 damage to each creature blocking it.\nEquip {1} ({1}: Attach to target creature you control. Equip only as a sorcery.)"
Stonespeaker Crystal,4.0,None,None,None,['Artifact'],None,Uncommon,CLB,None,None,None,"{T}: Add {C}{C}.\n{2}, {T}, Sacrifice Stonespeaker Crystal: Exile any number of target players' graveyards. Draw a card."
Treasure Keeper,4.0,None,None,None,"['Artifact', 'Creature']",['Construct'],Uncommon,CLB,3,3,None,"When Treasure Keeper dies, reveal cards from the top of your library until you reveal a nonland card with mana value 3 or less. You may cast that card without paying its mana cost. Put all revealed cards not cast this way on the bottom of your library in a random order."
Chardalyn Dragon,6.0,None,None,None,"['Artifact', 'Creature']",['Dragon'],Common,CLB,4,4,None,Flying
Campfire,1.0,None,None,None,['Artifact'],None,Uncommon,CLB,None,None,None,"{1}, {T}: You gain 2 life.\n{2}, {T}, Exile Campfire: Put all commanders you own from the command zone and from your graveyard into your hand. Then shuffle your graveyard into your library."
Bronze Walrus,3.0,None,None,None,"['Artifact', 'Creature']",['Walrus'],Common,CLB,2,2,None,"When Bronze Walrus enters the battlefield, scry 2. (Look at the top two cards of your library, then put any number of them on the bottom of your library and the rest on top in any order.)\n{T}: Add one mana of any color."
Basilisk Collar,1.0,None,None,None,['Artifact'],['Equipment'],Rare,CLB,None,None,None,Equipped creature has deathtouch and lifelink.\nEquip {2}
Arcane Signet,2.0,None,None,None,['Artifact'],None,Uncommon,CLB,None,None,None,{T}: Add one mana of any color in your commander's color identity.
"Zevlor, Elturel Exile",4.0,"['B', 'R', 'U']","['B', 'R', 'U']",['Legendary'],['Creature'],"['Tiefling', 'Warrior']",Rare,CLB,4,2,None,"Haste\n{2}, {T}: When you next cast an instant or sorcery spell that targets only a single opponent or a single permanent an opponent controls this turn, for each other opponent, choose that player or a permanent they control, copy that spell, and the copy targets the chosen player or permanent."
"Tasha, the Witch Queen",5.0,"['B', 'U']","['B', 'U']",['Legendary'],['Planeswalker'],['Tasha'],Mythic,CLB,None,None,4,"Whenever you cast a spell you don't own, create a 3/3 black Demon creature token.\n[+1]: Draw a card. For each opponent, exile up to one target instant or sorcery card from that player's graveyard and put a page counter on it.\n[−3]: You may cast a spell from among cards in exile with page counters on them without paying its mana cost.\nTasha, the Witch Queen can be your commander."
"Raphael, Fiendish Savior",5.0,"['B', 'R']","['B', 'R']",['Legendary'],['Creature'],"['Devil', 'Noble']",Rare,CLB,4,4,None,"Flying\nOther Demons, Devils, Imps, and Tieflings you control get +1/+1 and have lifelink.\nAt the beginning of each end step, if a creature card was put into your graveyard from anywhere this turn, create a 1/1 red Devil creature token with ""When this creature dies, it deals 1 damage to any target."""
"Neera, Wild Mage",6.0,"['R', 'U']","['R', 'U']",['Legendary'],['Creature'],"['Human', 'Elf', 'Shaman']",Rare,CLB,2,7,None,"Whenever you cast a spell, you may put it on the bottom of its owner's library. If you do, reveal cards from the top of your library until you reveal a nonland card. You may cast that card without paying its mana cost. Then put all revealed cards not cast this way on the bottom of your library in a random order. This ability triggers only once each turn."
"Raggadragga, Goreguts Boss",4.0,"['G', 'R']","['G', 'R']",['Legendary'],['Creature'],"['Human', 'Boar']",Rare,CLB,4,4,None,"Each creature you control with a mana ability gets +2/+2.\nWhenever a creature you control with a mana ability attacks, untap it.\nWhenever you cast a spell, if at least seven mana was spent to cast it, untap target creature. It gets +7/+7 and gains trample until end of turn."
"Myrkul, Lord of Bones",7.0,"['B', 'G', 'W']","['B', 'G', 'W']",['Legendary'],['Creature'],['God'],Rare,CLB,7,5,None,"As long as your life total is less than or equal to half your starting life total, Myrkul, Lord of Bones has indestructible.\nWhenever another nontoken creature you control dies, you may exile it. If you do, create a token that's a copy of that card, except it's an enchantment and loses all other card types."
"Minthara, Merciless Soul",4.0,"['B', 'W']","['B', 'W']",['Legendary'],['Creature'],"['Elf', 'Cleric']",Uncommon,CLB,2,2,None,"Ward {X}, where X is the number of experience counters you have.\nAt the beginning of your end step, if a permanent you controlled left the battlefield this turn, you get an experience counter.\nCreatures you control get +1/+0 for each experience counter you have."
"Minsc & Boo, Timeless Heroes",4.0,"['G', 'R']","['G', 'R']",['Legendary'],['Planeswalker'],['Minsc'],Mythic,CLB,None,None,3,"When Minsc & Boo, Timeless Heroes enters the battlefield and at the beginning of your upkeep, you may create Boo, a legendary 1/1 red Hamster creature token with trample and haste.\n[+1]: Put three +1/+1 counters on up to one target creature with trample or haste.\n[−2]: Sacrifice a creature. When you do, Minsc & Boo, Timeless Heroes deals X damage to any target, where X is that creature's power. If the sacrificed creature was a Hamster, draw X cards.\nMinsc & Boo, Timeless Heroes can be your commander."
"Miirym, Sentinel Wyrm",6.0,"['G', 'R', 'U']","['G', 'R', 'U']",['Legendary'],['Creature'],"['Dragon', 'Spirit']",Rare,CLB,6,6,None,"Flying, ward {2}\nWhenever another nontoken Dragon enters the battlefield under your control, create a token that's a copy of it, except the token isn't legendary."
"Mazzy, Truesword Paladin",4.0,"['G', 'R', 'W']","['G', 'R', 'W']",['Legendary'],['Creature'],"['Halfling', 'Knight']",Rare,CLB,3,4,None,"Whenever an enchanted creature attacks one of your opponents, it gets +2/+0 and gains trample until end of turn.\nWhenever an Aura you control is put into your graveyard from the battlefield, exile it. Until the end of your next turn, you may cast that card."
"Jon Irenicus, Shattered One",4.0,"['B', 'U']","['B', 'U']",['Legendary'],['Creature'],"['Elf', 'Wizard']",Rare,CLB,3,3,None,"At the beginning of your end step, target opponent gains control of up to one target creature you control. Put two +1/+1 counters on it and tap it. It's goaded for the rest of the game and it gains ""This creature can't be sacrificed."" (It attacks each combat if able and attacks a player other than you if able.)\nWhenever a creature you own but don't control attacks, you draw a card."
"Mahadi, Emporium Master",3.0,"['B', 'R']","['B', 'R']",['Legendary'],['Creature'],['Devil'],Uncommon,CLB,3,3,None,"At the beginning of your end step, create a Treasure token for each creature that died this turn. (It's an artifact with ""{T}, Sacrifice this artifact: Add one mana of any color."")"
"Gorion, Wise Mentor",3.0,"['G', 'U', 'W']","['G', 'U', 'W']",['Legendary'],['Creature'],"['Human', 'Wizard']",Rare,CLB,3,4,None,"Vigilance\nWhenever you cast an Adventure spell, you may copy it. You may choose new targets for the copy."
"Lozhan, Dragons' Legacy",5.0,"['R', 'U']","['R', 'U']",['Legendary'],['Creature'],"['Dragon', 'Shaman']",Uncommon,CLB,4,2,None,"Flying\nWhenever you cast an Adventure or Dragon spell, Lozhan, Dragons' Legacy deals damage equal to that spell's mana value to any target that isn't a commander."
"Korlessa, Scale Singer",2.0,"['G', 'U']","['G', 'U']",['Legendary'],['Creature'],"['Dragon', 'Bard']",Uncommon,CLB,1,4,None,You may look at the top card of your library any time.\nYou may cast Dragon spells from the top of your library.
"Kagha, Shadow Archdruid",4.0,"['B', 'G']","['B', 'G']",['Legendary'],['Creature'],"['Elf', 'Druid']",Uncommon,CLB,1,4,None,"Whenever Kagha, Shadow Archdruid attacks, it gains deathtouch until end of turn. Mill two cards. (Put the top two cards of your library into your graveyard.)\nOnce during each of your turns, you may play a land or cast a permanent spell from among cards in your graveyard that were put there from your library this turn."
"Gluntch, the Bestower",3.0,"['G', 'W']","['G', 'W']",['Legendary'],['Creature'],['Jellyfish'],Rare,CLB,0,5,None,"Flying\nAt the beginning of your end step, choose a player. They put two +1/+1 counters on a creature they control. Choose a second player to draw a card. Then choose a third player to create two Treasure tokens."
Elminster,5.0,"['U', 'W']","['U', 'W']",['Legendary'],['Planeswalker'],['Elminster'],Mythic,CLB,None,None,5,"Whenever you scry, the next instant or sorcery spell you cast this turn costs {X} less to cast, where X is the number of cards looked at while scrying this way.\n[+2]: Draw a card, then scry 2.\n[−3]: Exile the top card of your library. Create a number of 1/1 blue Faerie Dragon creature tokens with flying equal to that card's mana value.\nElminster can be your commander."
"Dynaheir, Invoker Adept",4.0,"['R', 'U', 'W']","['R', 'U', 'W']",['Legendary'],['Creature'],"['Human', 'Wizard']",Rare,CLB,4,4,None,"Haste\nYou may activate abilities of other creatures you control as though those creatures had haste.\n{T}: When you next activate an ability that isn't a mana ability this turn by spending four or more mana to activate it, copy that ability. You may choose new targets for the copy."
Duke Ulder Ravengard,6.0,"['R', 'W']","['R', 'W']",['Legendary'],['Creature'],"['Human', 'Noble', 'Soldier']",Rare,CLB,5,5,None,"At the beginning of combat on your turn, another target creature you control gains haste and myriad until end of turn. (Whenever it attacks, for each opponent other than defending player, you may create a token that's a copy of that creature that's tapped and attacking that player or a planeswalker they control. Exile the tokens at end of combat.)"
The Council of Four,5.0,"['U', 'W']","['U', 'W']",['Legendary'],['Creature'],"['Human', 'Noble']",Rare,CLB,0,8,None,"Whenever a player draws their second card during their turn, you draw a card.\nWhenever a player casts their second spell during their turn, you create a 2/2 white Knight creature token."
"Cadira, Caller of the Small",3.0,"['G', 'W']","['G', 'W']",['Legendary'],['Creature'],"['Orc', 'Ranger']",Uncommon,CLB,3,3,None,"Trample\nWhenever Cadira, Caller of the Small deals combat damage to a player, for each token you control, create a 1/1 white Rabbit creature token."
"Bane, Lord of Darkness",4.0,"['B', 'U', 'W']","['B', 'U', 'W']",['Legendary'],['Creature'],['God'],Rare,CLB,5,2,None,"As long as your life total is less than or equal to half your starting life total, Bane, Lord of Darkness has indestructible.\nWhenever another nontoken creature you control dies, target opponent may have you draw a card. If they don't, you may put a creature card with equal or lesser toughness from your hand onto the battlefield."
"Astarion, the Decadent",6.0,"['B', 'W']","['B', 'W']",['Legendary'],['Creature'],"['Vampire', 'Elf', 'Rogue']",Rare,CLB,4,4,None,"Deathtouch, lifelink\nAt the beginning of your end step, choose one —\n• Feed — Target opponent loses life equal to the amount of life they lost this turn.\n• Friends — You gain life equal to the amount of life you gained this turn."
You Meet in a Tavern,4.0,['G'],['G'],None,['Sorcery'],None,Common,CLB,None,None,None,Choose one —\n• Form a Party — Look at the top five cards of your library. You may reveal any number of creature cards from among them and put them into your hand. Put the rest on the bottom of your library in a random order.\n• Start a Brawl — Creatures you control get +2/+2 until end of turn.
"Wilson, Refined Grizzly",2.0,['G'],['G'],['Legendary'],['Creature'],"['Bear', 'Warrior']",Uncommon,CLB,2,2,None,"This spell can't be countered.\nVigilance, reach, trample\nWard {2} (Whenever this creature becomes the target of a spell or ability an opponent controls, counter it unless that player pays {2}.)\nChoose a Background (You can have a Background as a second commander.)"
Undercellar Myconid,3.0,['G'],['G'],None,['Creature'],['Fungus'],Common,CLB,1,2,None,"Whenever Undercellar Myconid enters the battlefield or dies, create a 1/1 green Saproling creature token.\n{T}: Add one mana of any color."
Split the Spoils,3.0,['G'],['G'],None,['Sorcery'],None,Uncommon,CLB,None,None,None,Exile up to five target permanent cards from your graveyard and separate them into two piles. An opponent chooses one of those piles. Put that pile into your hand and the other into your graveyard. (Piles can be empty.)
Skanos Dragonheart,5.0,['G'],['G'],['Legendary'],['Creature'],"['Dragon', 'Ranger']",Uncommon,CLB,4,4,None,"Whenever Skanos Dragonheart attacks, it gets +X/+X until end of turn, where X is the greatest power among other Dragons you control and Dragon cards in your graveyard.\nChoose a Background (You can have a Background as a second commander.)"
Sharpshooter Elf,3.0,['G'],['G'],None,['Creature'],"['Elf', 'Ranger']",Uncommon,CLB,*,2,None,"Reach\nSharpshooter Elf's power is equal to the number of creatures you control.\nWhen Sharpshooter Elf enters the battlefield, it deals damage equal to its power to target creature with flying an opponent controls."
Saddle of the Cavalier,3.0,['G'],['G'],None,['Artifact'],['Equipment'],Uncommon,CLB,None,None,None,Equipped creature gets +3/+3 and can't be blocked by creatures with power 3 or less.\nEquip {3}
Predatory Impetus,5.0,['G'],['G'],None,['Enchantment'],['Aura'],Common,CLB,None,None,None,"Enchant creature\nEnchanted creature gets +3/+3, must be blocked if able, and is goaded. (It attacks each combat if able and attacks a player other than you if able.)"
Owlbear Shepherd,3.0,['G'],['G'],None,['Creature'],"['Goblin', 'Druid']",Uncommon,CLB,1,4,None,"At the beginning of your end step, if creatures you control have total power 8 or greater, draw a card."
Overwhelming Encounter,5.0,['G'],['G'],None,['Sorcery'],None,Uncommon,CLB,None,None,None,Creatures you control gain vigilance and trample until end of turn. Roll a d20.\n1—9 | Creatures you control get +2/+2 until end of turn.\n10—19 | Put two +1/+1 counters on each creature you control.\n20 | Put four +1/+1 counters on each creature you control.
Myconid Spore Tender,4.0,['G'],['G'],None,['Creature'],['Fungus'],Common,CLB,4,1,None,"Infesting Spores — When Myconid Spore Tender enters the battlefield, destroy up to one target artifact or enchantment."
Monster Manual // Zoological Study,4.0,['G'],['G'],None,['Artifact'],None,Rare,CLB,None,None,None,"{1}{G}, {T}: You may put a creature card from your hand onto the battlefield."
Majestic Genesis,8.0,['G'],['G'],None,['Sorcery'],None,Mythic,CLB,None,None,None,"Reveal the top X cards of your library, where X is the greatest mana value of a commander you own on the battlefield or in the command zone. You may put any number of permanent cards from among them onto the battlefield. Put the rest on the bottom of your library in a random order."
Jaheira's Respite,5.0,['G'],['G'],None,['Instant'],None,Rare,CLB,None,None,None,"Search your library for up to X basic land cards, where X is the number of creatures attacking you, put those cards onto the battlefield tapped, then shuffle.\nPrevent all combat damage that would be dealt this turn."
Jade Orb of Dragonkind,3.0,['G'],['G'],None,['Artifact'],None,Common,CLB,None,None,None,"{T}: Add {G}. When you spend this mana to cast a Dragon creature spell, it enters the battlefield with an additional +1/+1 counter on it and gains hexproof until your next turn. (It can't be the target of spells or abilities your opponents control.)"
"Halsin, Emerald Archdruid",4.0,['G'],['G'],['Legendary'],['Creature'],"['Elf', 'Druid']",Uncommon,CLB,2,4,None,"{1}: Until end of turn, target token you control becomes a green Bear creature with base power and toughness 4/4 in addition to its other colors and types.\nChoose a Background (You can have a Background as a second commander.)"
Explore the Underdark,5.0,['G'],['G'],None,['Sorcery'],None,Uncommon,CLB,None,None,None,"Search your library for up to two basic land cards and/or Gate cards, put them onto the battlefield tapped, then shuffle.\nYou take the initiative."
Ettercap // Web Shot,5.0,['G'],['G'],None,['Creature'],"['Spider', 'Beast']",Common,CLB,2,5,None,Reach
Earthquake Dragon,15.0,['G'],['G'],None,['Creature'],"['Elemental', 'Dragon']",Rare,CLB,10,10,None,"This spell costs {X} less to cast, where X is the total mana value of Dragons you control.\nFlying, trample\n{2}{G}, Sacrifice a land: Return Earthquake Dragon from your graveyard to your hand."
Druid of the Emerald Grove,4.0,['G'],['G'],None,['Creature'],"['Dwarf', 'Druid']",Common,CLB,2,2,None,"When Druid of the Emerald Grove enters the battlefield, search your library for up to two basic land cards and reveal them, then roll a d20.\n9 or less | Put those cards into your hand, then shuffle.\n10—19 | Put one of those cards onto the battlefield tapped and the other into your hand, then shuffle.\n20+ | Put those cards onto the battlefield tapped, then shuffle."
Dread Linnorm // Scale Deflection,7.0,['G'],['G'],None,['Creature'],"['Snake', 'Dragon']",Common,CLB,7,6,None,Dread Linnorm can't be blocked by creatures with power 3 or less.
Cloakwood Hermit,3.0,['G'],['G'],['Legendary'],['Enchantment'],['Background'],Uncommon,CLB,None,None,None,"Commander creatures you own have ""At the beginning of your end step, if a creature card was put into your graveyard from anywhere this turn, create two tapped 1/1 green Squirrel creature tokens."""
Carefree Swinemaster,3.0,['G'],['G'],None,['Creature'],"['Gnome', 'Ranger']",Common,CLB,1,4,None,"Whenever Carefree Swinemaster attacks, you may pay {1}{G}. If you do, create a 2/2 green Boar creature token that's tapped and attacking."
Bramble Sovereign,4.0,['G'],['G'],None,['Creature'],['Dryad'],Mythic,CLB,4,4,None,"Whenever another nontoken creature enters the battlefield, you may pay {1}{G}. If you do, that creature's controller creates a token that's a copy of that creature."
Band Together,3.0,['G'],['G'],None,['Instant'],None,Common,CLB,None,None,None,Up to two target creatures you control each deal damage equal to their power to another target creature.
Ancient Bronze Dragon,7.0,['G'],['G'],None,['Creature'],"['Elder', 'Dragon']",Mythic,CLB,7,7,None,"Flying\nWhenever Ancient Bronze Dragon deals combat damage to a player, roll a d20. When you do, put X +1/+1 counters on each of up to two target creatures, where X is the result."
Wyll's Reversal,3.0,['R'],['R'],None,['Instant'],None,Rare,CLB,None,None,None,Choose target spell or ability with one or more targets. Roll a d20 and add the greatest power among creatures you control.\n1—14 | You may choose new targets for that spell or ability.\n15+ | You may choose new targets for that spell or ability. Then copy it. You may choose new targets for the copy.
Wrathful Red Dragon,5.0,['R'],['R'],None,['Creature'],['Dragon'],Rare,CLB,5,5,None,"Flying\nWhenever a Dragon you control is dealt damage, it deals that much damage to any target that isn't a Dragon."
Wild Magic Surge,2.0,['R'],['R'],None,['Instant'],None,Uncommon,CLB,None,None,None,Destroy target permanent an opponent controls. Its controller reveals cards from the top of their library until they reveal a permanent card that shares a card type with that permanent. They put that card onto the battlefield and the rest on the bottom of their library in a random order.
Warehouse Thief,4.0,['R'],['R'],None,['Creature'],"['Tiefling', 'Rogue']",Common,CLB,4,2,None,"{2}, {T}, Sacrifice an artifact or creature: Exile the top card of your library. Until the end of your next turn, you may play that card."
Tiamat's Fanatics,5.0,['R'],['R'],None,['Creature'],"['Dragon', 'Warrior']",Common,CLB,4,3,None,"Haste\nMyriad (Whenever this creature attacks, for each opponent other than defending player, you may create a token that's a copy of this creature that's tapped and attacking that player or a planeswalker they control. Exile the tokens at end of combat.)"
Tavern Brawler,3.0,['R'],['R'],['Legendary'],['Enchantment'],['Background'],Common,CLB,None,None,None,"Commander creatures you own have ""At the beginning of your upkeep, exile the top card of your library. This creature gets +X/+0 until end of turn, where X is that card's mana value. You may play that card this turn."""
Swashbuckler Extraordinaire,3.0,['R'],['R'],None,['Creature'],"['Dragon', 'Rogue', 'Warrior']",Uncommon,CLB,2,2,None,"When Swashbuckler Extraordinaire enters the battlefield, create a Treasure token. (It's an artifact with ""{T}, Sacrifice this artifact: Add one mana of any color."")\nWhenever you attack, you may sacrifice one or more Treasures. When you do, up to that many target creatures gain double strike until end of turn."
Forest,0.0,None,['G'],['Basic'],['Land'],['Forest'],Common,CLB,None,None,None,({T}: Add {G}.)
Forest,0.0,None,['G'],['Basic'],['Land'],['Forest'],Common,CLB,None,None,None,({T}: Add {G}.)
Forest,0.0,None,['G'],['Basic'],['Land'],['Forest'],Common,CLB,None,None,None,({T}: Add {G}.)
Forest,0.0,None,['G'],['Basic'],['Land'],['Forest'],Common,CLB,None,None,None,({T}: Add {G}.)
Mountain,0.0,None,['R'],['Basic'],['Land'],['Mountain'],Common,CLB,None,None,None,({T}: Add {R}.)
Mountain,0.0,None,['R'],['Basic'],['Land'],['Mountain'],Common,CLB,None,None,None,({T}: Add {R}.)
Mountain,0.0,None,['R'],['Basic'],['Land'],['Mountain'],Common,CLB,None,None,None,({T}: Add {R}.)
Mountain,0.0,None,['R'],['Basic'],['Land'],['Mountain'],Common,CLB,None,None,None,({T}: Add {R}.)
Swamp,0.0,None,['B'],['Basic'],['Land'],['Swamp'],Common,CLB,None,None,None,({T}: Add {B}.)
Swamp,0.0,None,['B'],['Basic'],['Land'],['Swamp'],Common,CLB,None,None,None,({T}: Add {B}.)
Swamp,0.0,None,['B'],['Basic'],['Land'],['Swamp'],Common,CLB,None,None,None,({T}: Add {B}.)
Swamp,0.0,None,['B'],['Basic'],['Land'],['Swamp'],Common,CLB,None,None,None,({T}: Add {B}.)
Island,0.0,None,['U'],['Basic'],['Land'],['Island'],Common,CLB,None,None,None,({T}: Add {U}.)
Island,0.0,None,['U'],['Basic'],['Land'],['Island'],Common,CLB,None,None,None,({T}: Add {U}.)
Island,0.0,None,['U'],['Basic'],['Land'],['Island'],Common,CLB,None,None,None,({T}: Add {U}.)
Island,0.0,None,['U'],['Basic'],['Land'],['Island'],Common,CLB,None,None,None,({T}: Add {U}.)
Plains,0.0,None,['W'],['Basic'],['Land'],['Plains'],Common,CLB,None,None,None,({T}: Add {W}.)
Plains,0.0,None,['W'],['Basic'],['Land'],['Plains'],Common,CLB,None,None,None,({T}: Add {W}.)
Plains,0.0,None,['W'],['Basic'],['Land'],['Plains'],Common,CLB,None,None,None,({T}: Add {W}.)
Plains,0.0,None,['W'],['Basic'],['Land'],['Plains'],Common,CLB,None,None,None,({T}: Add {W}.)
Spire Garden,0.0,None,"['G', 'R']",None,['Land'],None,Rare,CLB,None,None,None,Spire Garden enters the battlefield tapped unless you have two or more opponents.\n{T}: Add {R} or {G}.
Sea Gate,0.0,None,['U'],None,['Land'],['Gate'],Common,CLB,None,None,None,"Sea Gate enters the battlefield tapped.\nAs Sea Gate enters the battlefield, choose a color other than blue.\n{T}: Add {U} or one mana of the chosen color."
Morphic Pool,0.0,None,"['B', 'U']",None,['Land'],None,Rare,CLB,None,None,None,Morphic Pool enters the battlefield tapped unless you have two or more opponents.\n{T}: Add {U} or {B}.
Luxury Suite,0.0,None,"['B', 'R']",None,['Land'],None,Rare,CLB,None,None,None,Luxury Suite enters the battlefield tapped unless you have two or more opponents.\n{T}: Add {B} or {R}.
Gond Gate,0.0,None,None,None,['Land'],['Gate'],Uncommon,CLB,None,None,None,Gates you control enter the battlefield untapped.\n{T}: Add {C}.\n{T}: Add one mana of any color that a Gate you control could produce.
Citadel Gate,0.0,None,['W'],None,['Land'],['Gate'],Common,CLB,None,None,None,"Citadel Gate enters the battlefield tapped.\nAs Citadel Gate enters the battlefield, choose a color other than white.\n{T}: Add {W} or one mana of the chosen color."
Evolving Wilds,0.0,None,None,None,['Land'],None,Common,CLB,None,None,None,"{T}, Sacrifice Evolving Wilds: Search your library for a basic land card, put it onto the battlefield tapped, then shuffle."
Bountiful Promenade,0.0,None,"['G', 'W']",None,['Land'],None,Rare,CLB,None,None,None,Bountiful Promenade enters the battlefield tapped unless you have two or more opponents.\n{T}: Add {G} or {W}.
Basilisk Gate,0.0,None,None,None,['Land'],['Gate'],Common,CLB,None,None,None,"{T}: Add {C}.\n{2}, {T}: Target creature gets +X/+X until end of turn, where X is the number of Gates you control. Activate only as a sorcery."
Wayfarer's Bauble,1.0,None,None,None,['Artifact'],None,Common,CLB,None,None,None,"{2}, {T}, Sacrifice Wayfarer's Bauble: Search your library for a basic land card, put that card onto the battlefield tapped, then shuffle."
Vexing Puzzlebox,3.0,None,None,None,['Artifact'],None,Mythic,CLB,None,None,None,"Whenever you roll one or more dice, put a number of charge counters on Vexing Puzzlebox equal to the result.\n{T}: Add one mana of any color. Roll a d20.\n{T}, Remove 100 charge counters from Vexing Puzzlebox: Search your library for an artifact card, put that card onto the battlefield, then shuffle."
Universal Solvent,1.0,None,None,None,['Artifact'],None,Common,CLB,None,None,None,"{7}, {T}, Sacrifice Universal Solvent: Destroy target permanent."
Sky Diamond,2.0,None,['U'],None,['Artifact'],None,Common,CLB,None,None,None,Sky Diamond enters the battlefield tapped.\n{T}: Add {U}.
Charcoal Diamond,2.0,None,['B'],None,['Artifact'],None,Common,CLB,None,None,None,Charcoal Diamond enters the battlefield tapped.\n{T}: Add {B}.
Burnished Hart,3.0,None,None,None,"['Artifact', 'Creature']",['Elk'],Uncommon,CLB,2,2,None,"{3}, Sacrifice Burnished Hart: Search your library for up to two basic land cards, put them onto the battlefield tapped, then shuffle."
Blade of Selves,2.0,None,None,None,['Artifact'],['Equipment'],Rare,CLB,None,None,None,"Equipped creature has myriad. (Whenever it attacks, for each opponent other than defending player, you may create a token that's a copy of that creature that's tapped and attacking that player or a planeswalker they control. Exile the tokens at end of combat.)\nEquip {4}"
Bag of Holding,1.0,None,None,None,['Artifact'],None,Uncommon,CLB,None,None,None,"Whenever you discard a card, exile that card from your graveyard.\n{2}, {T}: Draw a card, then discard a card.\n{4}, {T}, Sacrifice Bag of Holding: Return all cards exiled with Bag of Holding to their owner's hand."
Arcane Encyclopedia,3.0,None,None,None,['Artifact'],None,Uncommon,CLB,None,None,None,"{3}, {T}: Draw a card."
Thrakkus the Butcher,5.0,"['G', 'R']","['G', 'R']",['Legendary'],['Creature'],"['Dragon', 'Peasant']",Uncommon,CLB,3,4,None,"Trample\nWhenever Thrakkus the Butcher attacks, double the power of each Dragon you control until end of turn."
"Rilsa Rael, Kingpin",5.0,"['B', 'U']","['B', 'U']",['Legendary'],['Creature'],"['Human', 'Rogue']",Uncommon,CLB,2,5,None,"Deathtouch\nWhen Rilsa Rael, Kingpin enters the battlefield, you take the initiative.\nWhenever you attack, target attacking creature gains deathtouch until end of turn. If you've completed a dungeon, that creature also gets +5/+0 and gains first strike and menace until end of turn."
"Jan Jansen, Chaos Crafter",3.0,"['B', 'R', 'W']","['B', 'R', 'W']",['Legendary'],['Creature'],"['Gnome', 'Artificer']",Rare,CLB,3,3,None,"Haste\n{T}, Sacrifice an artifact creature: Create two Treasure tokens.\n{T}, Sacrifice a noncreature artifact: Create two 1/1 colorless Construct artifact creature tokens."
"Oji, the Exquisite Blade",4.0,"['U', 'W']","['U', 'W']",['Legendary'],['Creature'],"['Human', 'Monk']",Uncommon,CLB,2,3,None,"When Oji, the Exquisite Blade enters the battlefield, you gain 2 life and scry 2.\nWhenever you cast your second spell each turn, exile up to one target creature you control, then return it to the battlefield under its owner's control."
Nine-Fingers Keene,4.0,"['B', 'G', 'U']","['B', 'G', 'U']",['Legendary'],['Creature'],"['Human', 'Rogue']",Rare,CLB,4,4,None,"Menace\nWard—Pay 9 life.\nWhenever Nine-Fingers Keene deals combat damage to a player, look at the top nine cards of your library. You may put a Gate card from among them onto the battlefield. Then if you control nine or more Gates, put the rest into your hand. Otherwise, put the rest on the bottom of your library in a random order."
Rug of Smothering,3.0,None,None,None,"['Artifact', 'Creature']",['Construct'],Uncommon,CLB,1,3,None,"Flying\nWhenever a player casts a spell, they lose 1 life for each spell they've cast this turn."
Prophetic Prism,2.0,None,None,None,['Artifact'],None,Common,CLB,None,None,None,"When Prophetic Prism enters the battlefield, draw a card.\n{1}, {T}: Add one mana of any color."
Prized Statue,2.0,None,None,None,['Artifact'],None,Common,CLB,None,None,None,"When Prized Statue enters the battlefield or is put into a graveyard from the battlefield, create a Treasure token. (It's an artifact with ""{T}, Sacrifice this artifact: Add one mana of any color."")"
Pilgrim's Eye,3.0,None,None,None,"['Artifact', 'Creature']",['Thopter'],Common,CLB,1,1,None,"Flying\nWhen Pilgrim's Eye enters the battlefield, you may search your library for a basic land card, reveal it, put it into your hand, then shuffle."
Patriar's Seal,3.0,None,None,None,['Artifact'],None,Uncommon,CLB,None,None,None,"{T}: Add one mana of any color.\n{1}, {T}: Untap target legendary creature you control."
Noble's Purse,2.0,None,None,None,['Artifact'],None,Uncommon,CLB,None,None,None,"Noble's Purse enters the battlefield tapped and with three coin counters on it.\n{T}, Remove a coin counter from Noble's Purse: Create a Treasure token. (It's an artifact with ""{T}, Sacrifice this artifact: Add one mana of any color."")"
Nimblewright Schematic,2.0,None,None,None,['Artifact'],None,Common,CLB,None,None,None,"When Nimblewright Schematic enters the battlefield or is put into a graveyard from the battlefield, create a 1/1 colorless Construct artifact creature token."
Navigation Orb,3.0,None,None,None,['Artifact'],None,Common,CLB,None,None,None,"{2}, {T}, Sacrifice Navigation Orb: Search your library for up to two basic land cards and/or Gate cards, reveal those cards, put one onto the battlefield tapped and the other into your hand, then shuffle."
Nautiloid Ship,4.0,None,None,None,['Artifact'],['Vehicle'],Mythic,CLB,5,5,None,"Flying\nWhen Nautiloid Ship enters the battlefield, exile target player's graveyard.\nWhenever Nautiloid Ship deals combat damage to a player, you may put a creature card exiled with Nautiloid Ship onto the battlefield under your control.\nCrew 3"
Moss Diamond,2.0,None,['G'],None,['Artifact'],None,Common,CLB,None,None,None,Moss Diamond enters the battlefield tapped.\n{T}: Add {G}.
Mirror of Life Trapping,4.0,None,None,None,['Artifact'],None,Rare,CLB,None,None,None,"Whenever a creature enters the battlefield, if it was cast, exile it, then return all other permanent cards exiled with Mirror of Life Trapping to the battlefield under their owners' control."
Mind Stone,2.0,None,None,None,['Artifact'],None,Uncommon,CLB,None,None,None,"{T}: Add {C}.\n{1}, {T}, Sacrifice Mind Stone: Draw a card."
Mighty Servant of Leuk-o,3.0,None,None,None,['Artifact'],['Vehicle'],Rare,CLB,6,6,None,"Trample\nWard—Discard a card.\nWhenever Mighty Servant of Leuk-o becomes crewed for the first time each turn, if it was crewed by exactly two creatures, it gains ""Whenever this creature deals combat damage to a player, draw two cards"" until end of turn.\nCrew 4"
Meteor Golem,7.0,None,None,None,"['Artifact', 'Creature']",['Golem'],Uncommon,CLB,3,3,None,"When Meteor Golem enters the battlefield, destroy target nonland permanent an opponent controls."
Marut,8.0,None,None,None,"['Artifact', 'Creature']",['Construct'],Common,CLB,7,7,None,"Trample\nWhen Marut enters the battlefield, if mana from a Treasure was spent to cast it, create a Treasure token for each mana from a Treasure spent to cast it. (It's an artifact with ""{T}, Sacrifice this artifact: Add one mana of any color."")"
Commander Liara Portyr,5.0,"['R', 'W']","['R', 'W']",['Legendary'],['Creature'],"['Human', 'Soldier']",Uncommon,CLB,5,3,None,"Whenever you attack, spells you cast from exile this turn cost {X} less to cast, where X is the number of players being attacked. Exile the top X cards of your library. Until end of turn, you may cast spells from among those exiled cards."
Street Urchin,2.0,['R'],['R'],['Legendary'],['Enchantment'],['Background'],Uncommon,CLB,None,None,None,"Commander creatures you own have ""{1}, Sacrifice another creature or an artifact: This creature deals 1 damage to any target."""
"Bhaal, Lord of Murder",5.0,"['B', 'G', 'R']","['B', 'G', 'R']",['Legendary'],['Creature'],['God'],Rare,CLB,4,4,None,"As long as your life total is less than or equal to half your starting life total, Bhaal, Lord of Murder has indestructible.\nWhenever another nontoken creature you control dies, put a +1/+1 counter on target creature and goad it."
Storm King's Thunder,3.0,['R'],['R'],None,['Instant'],None,Mythic,CLB,None,None,None,"When you next cast an instant or sorcery spell this turn, copy that spell X times. You may choose new targets for the copies."
"Baba Lysaga, Night Witch",3.0,"['B', 'G']","['B', 'G']",['Legendary'],['Creature'],"['Human', 'Warlock']",Rare,CLB,3,3,None,"{T}, Sacrifice up to three permanents: If there were three or more card types among the sacrificed permanents, each opponent loses 3 life, you gain 3 life, and you draw three cards."
Alaundo the Seer,4.0,"['G', 'U']","['G', 'U']",['Legendary'],['Creature'],"['Human', 'Shaman']",Rare,CLB,3,5,None,"{T}: Draw a card, then exile a card from your hand and put a number of time counters on it equal to its mana value. It gains ""When the last time counter is removed from this card, if it's exiled, you may cast it without paying its mana cost. If you cast a creature spell this way, it gains haste until end of turn."" Then remove a time counter from each other card you own in exile."
You Look Upon the Tarrasque,5.0,['G'],['G'],None,['Instant'],None,Uncommon,CLB,None,None,None,Choose one —\n• Run and Hide — Prevent all combat damage that would be dealt to you and creatures you control this turn.\n• Gather Your Courage — Target creature gets +5/+5 and gains indestructible until end of turn. All creatures your opponents control able to block that creature this turn do so.
Undermountain Adventurer,4.0,['G'],['G'],None,['Creature'],"['Giant', 'Warrior']",Rare,CLB,3,4,None,"Vigilance\nWhen Undermountain Adventurer enters the battlefield, you take the initiative.\n{T}: Add {G}{G}. If you've completed a dungeon, add six {G} instead."
Traverse the Outlands,5.0,['G'],['G'],None,['Sorcery'],None,Rare,CLB,None,None,None,"Search your library for up to X basic land cards, where X is the greatest power among creatures you control. Put those cards onto the battlefield tapped, then shuffle."
Skullwinder,3.0,['G'],['G'],None,['Creature'],['Snake'],Uncommon,CLB,1,3,None,"Deathtouch\nWhen Skullwinder enters the battlefield, return target card from your graveyard to your hand, then choose an opponent. That player returns a card from their graveyard to their hand."
Silvanus's Invoker,3.0,['G'],['G'],None,['Creature'],"['Dragon', 'Druid']",Common,CLB,3,2,None,Conjure Elemental — {8}: Untap target land you control. It becomes an 8/8 Elemental creature with trample and haste until end of turn. It's still a land.
Scaled Nurturer,2.0,['G'],['G'],None,['Creature'],"['Dragon', 'Druid']",Common,CLB,0,2,None,"{T}: Add {G}. When you spend this mana to cast a Dragon creature spell, you gain 2 life."
Raised by Giants,6.0,['G'],['G'],['Legendary'],['Enchantment'],['Background'],Rare,CLB,None,None,None,Commander creatures you own have base power and toughness 10/10 and are Giants in addition to their other types.
Poison the Blade,2.0,['G'],['G'],None,['Instant'],None,Common,CLB,None,None,None,Target creature gains deathtouch until end of turn.\nDraw a card.
Owlbear Cub,3.0,['G'],['G'],None,['Creature'],"['Bird', 'Bear']",Rare,CLB,3,3,None,"Mama's Coming — Whenever Owlbear Cub attacks a player who controls eight or more lands, look at the top eight cards of your library. You may put a creature card from among them onto the battlefield tapped and attacking that player. Put the rest on the bottom of your library in a random order."
Nature's Lore,2.0,['G'],['G'],None,['Sorcery'],None,Common,CLB,None,None,None,"Search your library for a Forest card, put that card onto the battlefield, then shuffle."
Master Chef,3.0,['G'],['G'],['Legendary'],['Enchantment'],['Background'],Common,CLB,None,None,None,"Commander creatures you own have ""This creature enters the battlefield with an additional +1/+1 counter on it"" and ""Other creatures you control enter the battlefield with an additional +1/+1 counter on them."""
Lurking Green Dragon,4.0,['G'],['G'],None,['Creature'],['Dragon'],Common,CLB,4,4,None,Flying\nLurking Green Dragon can't attack unless defending player controls a creature with flying.
"Jaheira, Friend of the Forest",3.0,['G'],['G'],['Legendary'],['Creature'],"['Human', 'Elf', 'Druid']",Rare,CLB,2,3,None,"Tokens you control have ""{T}: Add {G}.""\nChoose a Background (You can have a Background as a second commander.)"
Hardy Outlander,2.0,['G'],['G'],['Legendary'],['Enchantment'],['Background'],Uncommon,CLB,None,None,None,"Commander creatures you own have ""Whenever this creature attacks a player, if no opponent has more life than that player, another target creature you control gets +X/+X until end of turn, where X is this creature's power."""
Giant Ankheg,8.0,['G'],['G'],None,['Creature'],['Insect'],Uncommon,CLB,8,8,None,"Trample\nWard {2} (Whenever this creature becomes the target of a spell or ability an opponent controls, counter it unless that player pays {2}.)\nOther creatures you control have trample and ward {2}."
"Erinis, Gloom Stalker",3.0,['G'],['G'],['Legendary'],['Creature'],"['Halfling', 'Ranger']",Uncommon,CLB,3,3,None,"Deathtouch\nWhenever Erinis, Gloom Stalker attacks, return target land card from your graveyard to the battlefield.\nChoose a Background (You can have a Background as a second commander.)"
Emerald Dragon // Dissonant Wave,6.0,['G'],['G'],None,['Creature'],['Dragon'],Uncommon,CLB,4,4,None,"Flying, trample"
Druidic Ritual,3.0,['G'],['G'],None,['Sorcery'],None,Common,CLB,None,None,None,"You may mill three cards. Then return up to one creature card and up to one land card from your graveyard to your hand. (To mill a card, put the top card of your library into your graveyard.)"
Draconic Muralists,4.0,['G'],['G'],None,['Creature'],"['Dragon', 'Bard']",Uncommon,CLB,4,3,None,"When Draconic Muralists dies, you may search your library for a Dragon card, reveal it, put it into your hand, then shuffle."
Colossal Badger // Dig Deep,6.0,['G'],['G'],None,['Creature'],['Badger'],Common,CLB,6,5,None,"When Colossal Badger enters the battlefield, you gain 3 life."
Cloakwood Swarmkeeper,1.0,['G'],['G'],None,['Creature'],"['Elf', 'Ranger']",Common,CLB,1,1,None,"Gathered Swarm — Whenever one or more tokens enter the battlefield under your control, put a +1/+1 counter on Cloakwood Swarmkeeper."
Circle of the Land Druid,2.0,['G'],['G'],None,['Creature'],"['Gnome', 'Druid']",Common,CLB,1,1,None,"When Circle of the Land Druid enters the battlefield, you may mill four cards. (You may put the top four cards of your library into your graveyard.)\nNatural Recovery — When Circle of the Land Druid dies, return target land card from your graveyard to your hand."
Barroom Brawl,2.0,['G'],['G'],None,['Sorcery'],None,Rare,CLB,None,None,None,Target creature you control fights target creature the opponent to your left controls. Then that player may copy this spell and may choose new targets for the copy.
Avenging Hunter,5.0,['G'],['G'],None,['Creature'],"['Dragon', 'Ranger']",Common,CLB,5,4,None,"Trample\nWhen Avenging Hunter enters the battlefield, you take the initiative."
Ambitious Dragonborn,4.0,['G'],['G'],None,['Creature'],"['Dragon', 'Barbarian']",Common,CLB,0,0,None,"Ambitious Dragonborn enters the battlefield with X +1/+1 counters on it, where X is the greatest power among creatures you control and creature cards in your graveyard."
Acolyte of Bahamut,2.0,['G'],['G'],['Legendary'],['Enchantment'],['Background'],Uncommon,CLB,None,None,None,"Commander creatures you own have ""The first Dragon spell you cast each turn costs {2} less to cast."""
You've Been Caught Stealing,2.0,['R'],['R'],None,['Sorcery'],None,Common,CLB,None,None,None,"Choose one —\n• Threaten the Merchant — Each creature blocks this turn if able.\n• Bribe the Guards — You create a Treasure token for each opponent who was dealt damage this turn. (It's an artifact with ""{T}, Sacrifice this artifact: Add one mana of any color."")"
Young Red Dragon // Bathe in Gold,4.0,['R'],['R'],None,['Creature'],['Dragon'],Common,CLB,3,2,None,Flying\nYoung Red Dragon can't block.
"Wyll, Blade of Frontiers",2.0,['R'],['R'],['Legendary'],['Creature'],"['Human', 'Warlock']",Rare,CLB,1,1,None,"If you would roll one or more dice, instead roll that many dice plus one and ignore the lowest roll.\nWhenever you roll one or more dice, put a +1/+1 counter on Wyll, Blade of Frontiers.\nChoose a Background (You can have a Background as a second commander.)"
Wand of Wonder,4.0,['R'],['R'],None,['Artifact'],None,Rare,CLB,None,None,None,"{4}, {T}: Roll a d20. Each opponent exiles cards from the top of their library until they exile an instant or sorcery card, then shuffles the rest into their library. You may cast up to X instant and/or sorcery spells from among cards exiled this way without paying their mana costs.\n1—9 | X is one.\n10—19 | X is two.\n20 | X is three."
Two-Handed Axe // Sweeping Cleave,3.0,['R'],['R'],None,['Artifact'],['Equipment'],Uncommon,CLB,None,None,None,"Whenever equipped creature attacks, double its power until end of turn.\nEquip {1}{R}"
Thunderwave,4.0,['R'],['R'],None,['Sorcery'],None,Uncommon,CLB,None,None,None,Roll a d20.\n1—9 | Thunderwave deals 3 damage to each creature.\n10—19 | You may choose a creature. Thunderwave deals 3 damage to each creature not chosen this way.\n20 | Thunderwave deals 6 damage to each creature your opponents control.
Taunting Kobold,1.0,['R'],['R'],None,['Creature'],['Kobold'],Uncommon,CLB,0,1,None,"Haste\nWhenever Taunting Kobold attacks, goad target creature an opponent controls. (Until your next turn, that creature attacks each combat if able and attacks a player other than you if able.)"
