Name,CMC,Colors,Color identity,Supertypes,Types,Subtypes,Rarity,Set,Power,Toughness,Loyalty,Text
Shipwreck Dowser,5.0,['U'],['U'],None,['Creature'],"['Merfolk', 'Wizard']",Common,CMM,3,3,None,"Prowess (Whenever you cast a noncreature spell, this creature gets +1/+1 until end of turn.)\nWhen Shipwreck Dowser enters the battlefield, return target instant or sorcery card from your graveyard to your hand."
Ruins of Oran-Rief,0.0,None,None,None,['Land'],None,Rare,CMM,None,None,None,Ruins of Oran-Rief enters the battlefield tapped.\n{T}: Add {C}. ({C} represents colorless mana.)\n{T}: Put a +1/+1 counter on target colorless creature that entered the battlefield this turn.
Sandsteppe Citadel,0.0,None,"['B', 'G', 'W']",None,['Land'],None,Uncommon,CMM,None,None,None,"Sandsteppe Citadel enters the battlefield tapped.\n{T}: Add {W}, {B}, or {G}."
Savage Lands,0.0,None,"['B', 'G', 'R']",None,['Land'],None,Uncommon,CMM,None,None,None,"Savage Lands enters the battlefield tapped.\n{T}: Add {B}, {R}, or {G}."
Scattered Groves,0.0,None,"['G', 'W']",None,['Land'],"['Forest', 'Plains']",Rare,CMM,None,None,None,"({T}: Add {G} or {W}.)\nScattered Groves enters the battlefield tapped.\nCycling {2} ({2}, Discard this card: Draw a card.)"
Scavenger Grounds,0.0,None,None,None,['Land'],['Desert'],Rare,CMM,None,None,None,"{T}: Add {C}.\n{2}, {T}, Sacrifice a Desert: Exile all graveyards."
Sea Gate Wreckage,0.0,None,None,None,['Land'],None,Rare,CMM,None,None,None,"{T}: Add {C}. ({C} represents colorless mana.)\n{2}{C}, {T}: Draw a card. Activate only if you have no cards in hand."
Seaside Citadel,0.0,None,"['G', 'U', 'W']",None,['Land'],None,Uncommon,CMM,None,None,None,"Seaside Citadel enters the battlefield tapped.\n{T}: Add {G}, {W}, or {U}."
Secluded Courtyard,0.0,None,None,None,['Land'],None,Uncommon,CMM,None,None,None,"As Secluded Courtyard enters the battlefield, choose a creature type.\n{T}: Add {C}.\n{T}: Add one mana of any color. Spend this mana only to cast a creature spell of the chosen type or activate an ability of a creature source of the chosen type."
Selesnya Sanctuary,0.0,None,"['G', 'W']",None,['Land'],None,Common,CMM,None,None,None,"Selesnya Sanctuary enters the battlefield tapped.\nWhen Selesnya Sanctuary enters the battlefield, return a land you control to its owner's hand.\n{T}: Add {G}{W}."
Sheltered Thicket,0.0,None,"['G', 'R']",None,['Land'],"['Mountain', 'Forest']",Rare,CMM,None,None,None,"({T}: Add {R} or {G}.)\nSheltered Thicket enters the battlefield tapped.\nCycling {2} ({2}, Discard this card: Draw a card.)"
Shineshadow Snarl,0.0,None,"['B', 'W']",None,['Land'],None,Rare,CMM,None,None,None,"As Shineshadow Snarl enters the battlefield, you may reveal a Plains or Swamp card from your hand. If you don't, Shineshadow Snarl enters the battlefield tapped.\n{T}: Add {W} or {B}."
Shrine of the Forsaken Gods,0.0,None,None,None,['Land'],None,Rare,CMM,None,None,None,{T}: Add {C}.\n{T}: Add {C}{C}. Spend this mana only to cast colorless spells. Activate only if you control seven or more lands.
Stormsurge Kraken,5.0,['U'],['U'],None,['Creature'],['Kraken'],Rare,CMM,5,5,None,"Hexproof\nLieutenant — As long as you control your commander, Stormsurge Kraken gets +2/+2 and has ""Whenever Stormsurge Kraken becomes blocked, you may draw two cards."""
Skycloud Expanse,0.0,None,"['U', 'W']",None,['Land'],None,Rare,CMM,None,None,None,"{1}, {T}: Add {W}{U}."
Smoldering Marsh,0.0,None,"['B', 'R']",None,['Land'],"['Swamp', 'Mountain']",Rare,CMM,None,None,None,({T}: Add {B} or {R}.)\nSmoldering Marsh enters the battlefield tapped unless you control two or more basic lands.
Sungrass Prairie,0.0,None,"['G', 'W']",None,['Land'],None,Rare,CMM,None,None,None,"{1}, {T}: Add {G}{W}."
Sunken Hollow,0.0,None,"['B', 'U']",None,['Land'],"['Island', 'Swamp']",Rare,CMM,None,None,None,({T}: Add {U} or {B}.)\nSunken Hollow enters the battlefield tapped unless you control two or more basic lands.
Tainted Field,0.0,None,"['B', 'W']",None,['Land'],None,Uncommon,CMM,None,None,None,{T}: Add {C}.\n{T}: Add {W} or {B}. Activate only if you control a Swamp.
Tainted Wood,0.0,None,"['B', 'G']",None,['Land'],None,Uncommon,CMM,None,None,None,{T}: Add {C}.\n{T}: Add {B} or {G}. Activate only if you control a Swamp.
Temple of Enlightenment,0.0,None,"['U', 'W']",None,['Land'],None,Rare,CMM,None,None,None,"Temple of Enlightenment enters the battlefield tapped.\nWhen Temple of Enlightenment enters the battlefield, scry 1.\n{T}: Add {W} or {U}."
Temple of Epiphany,0.0,None,"['R', 'U']",None,['Land'],None,Rare,CMM,None,None,None,"Temple of Epiphany enters the battlefield tapped.\nWhen Temple of Epiphany enters the battlefield, scry 1.\n{T}: Add {U} or {R}."
Temple of Malady,0.0,None,"['B', 'G']",None,['Land'],None,Rare,CMM,None,None,None,"Temple of Malady enters the battlefield tapped.\nWhen Temple of Malady enters the battlefield, scry 1.\n{T}: Add {B} or {G}."
Temple of Plenty,0.0,None,"['G', 'W']",None,['Land'],None,Rare,CMM,None,None,None,"Temple of Plenty enters the battlefield tapped.\nWhen Temple of Plenty enters the battlefield, scry 1.\n{T}: Add {G} or {W}."
Temple of Silence,0.0,None,"['B', 'W']",None,['Land'],None,Rare,CMM,None,None,None,"Temple of Silence enters the battlefield tapped.\nWhen Temple of Silence enters the battlefield, scry 1.\n{T}: Add {W} or {B}."
Temple of the False God,0.0,None,None,None,['Land'],None,Uncommon,CMM,None,None,None,{T}: Add {C}{C}. Activate only if you control five or more lands.
Temple of Triumph,0.0,None,"['R', 'W']",None,['Land'],None,Rare,CMM,None,None,None,"Temple of Triumph enters the battlefield tapped.\nWhen Temple of Triumph enters the battlefield, scry 1.\n{T}: Add {R} or {W}."
Tomb of the Spirit Dragon,0.0,None,None,None,['Land'],None,Uncommon,CMM,None,None,None,"{T}: Add {C}.\n{2}, {T}: You gain 1 life for each colorless creature you control."
Tyrite Sanctum,0.0,None,None,None,['Land'],None,Rare,CMM,None,None,None,"{T}: Add {C}.\n{2}, {T}: Target legendary creature becomes a God in addition to its other types. Put a +1/+1 counter on it.\n{4}, {T}, Sacrifice Tyrite Sanctum: Put an indestructible counter on target God."
Unclaimed Territory,0.0,None,None,None,['Land'],None,Uncommon,CMM,None,None,None,"As Unclaimed Territory enters the battlefield, choose a creature type.\n{T}: Add {C}.\n{T}: Add one mana of any color. Spend this mana only to cast a creature spell of the chosen type."
Urza's Mine,0.0,None,None,None,['Land'],"[""Urza's"", 'Mine']",Common,CMM,None,None,None,"{T}: Add {C}. If you control an Urza's Power-Plant and an Urza's Tower, add {C}{C} instead."
Urza's Power Plant,0.0,None,None,None,['Land'],"[""Urza's"", 'Power-Plant']",Common,CMM,None,None,None,"{T}: Add {C}. If you control an Urza's Mine and an Urza's Tower, add {C}{C} instead."
Urza's Tower,0.0,None,None,None,['Land'],"[""Urza's"", 'Tower']",Common,CMM,None,None,None,"{T}: Add {C}. If you control an Urza's Mine and an Urza's Power-Plant, add {C}{C}{C} instead."
War Room,0.0,None,None,None,['Land'],None,Rare,CMM,None,None,None,"{T}: Add {C}.\n{3}, {T}, Pay life equal to the number of colors in your commanders' color identity: Draw a card."
Wastes,0.0,None,None,['Basic'],['Land'],None,Common,CMM,None,None,None,{T}: Add {C}.
Wastes,0.0,None,None,['Basic'],['Land'],None,Common,CMM,None,None,None,{T}: Add {C}.
Frantic Search,3.0,['U'],['U'],None,['Instant'],None,Common,CMM,None,None,None,"Draw two cards, then discard two cards. Untap up to three lands."
Fact or Fiction,4.0,['U'],['U'],None,['Instant'],None,Uncommon,CMM,None,None,None,Reveal the top five cards of your library. An opponent separates those cards into two piles. Put one pile into your hand and the other into your graveyard.
Exclude,3.0,['U'],['U'],None,['Instant'],None,Common,CMM,None,None,None,Counter target creature spell.\nDraw a card.
Evacuation,5.0,['U'],['U'],None,['Instant'],None,Rare,CMM,None,None,None,Return all creatures to their owners' hands.
Efficient Construction,4.0,['U'],['U'],None,['Enchantment'],None,Uncommon,CMM,None,None,None,"Whenever you cast an artifact spell, create a 1/1 colorless Thopter artifact creature token with flying."
Deranged Assistant,2.0,['U'],['U'],None,['Creature'],"['Human', 'Wizard']",Common,CMM,1,1,None,"{T}, Mill a card: Add {C}. (To mill a card, put the top card of your library into your graveyard.)"
Deep Analysis,4.0,['U'],['U'],None,['Sorcery'],None,Common,CMM,None,None,None,"Target player draws two cards.\nFlashback—{1}{U}, Pay 3 life. (You may cast this card from your graveyard for its flashback cost. Then exile it.)"
Day's Undoing,3.0,['U'],['U'],None,['Sorcery'],None,Rare,CMM,None,None,None,"Each player shuffles their hand and graveyard into their library, then draws seven cards. If it's your turn, end the turn. (Exile all spells and abilities from the stack, including this card. Discard down to your maximum hand size. Damage wears off, and ""this turn"" and ""until end of turn"" effects end.)"
Cyclonic Rift,2.0,['U'],['U'],None,['Instant'],None,Rare,CMM,None,None,None,"Return target nonland permanent you don't control to its owner's hand.\nOverload {6}{U} (You may cast this spell for its overload cost. If you do, change ""target"" in its text to ""each."")"
Cryptic Serpent,7.0,['U'],['U'],None,['Creature'],['Serpent'],Common,CMM,6,5,None,This spell costs {1} less to cast for each instant and sorcery card in your graveyard.
Coveted Peacock,5.0,['U'],['U'],None,['Creature'],['Bird'],Uncommon,CMM,3,4,None,"Flying\nWhenever Coveted Peacock attacks, you may goad target creature defending player controls. (Until your next turn, that creature attacks each combat if able and attacks a player other than you if able.)"
Counterspell,2.0,['U'],['U'],None,['Instant'],None,Common,CMM,None,None,None,Counter target spell.
Commandeer,7.0,['U'],['U'],None,['Instant'],None,Rare,CMM,None,None,None,"You may exile two blue cards from your hand rather than pay this spell's mana cost.\nGain control of target noncreature spell. You may choose new targets for it. (If that spell is an artifact, enchantment, or planeswalker, the permanent enters the battlefield under your control.)"
Capture of Jingzhou,5.0,['U'],['U'],None,['Sorcery'],None,Mythic,CMM,None,None,None,Take an extra turn after this one.
"Brinelin, the Moon Kraken",8.0,['U'],['U'],['Legendary'],['Creature'],['Kraken'],Uncommon,CMM,6,8,None,"When Brinelin, the Moon Kraken enters the battlefield or whenever you cast a spell with mana value 6 or greater, you may return target nonland permanent to its owner's hand.\nPartner (You can have two commanders if both have partner.)"
Bribery,5.0,['U'],['U'],None,['Sorcery'],None,Mythic,CMM,None,None,None,Search target opponent's library for a creature card and put that card onto the battlefield under your control. Then that player shuffles.
"Braids, Conjurer Adept",4.0,['U'],['U'],['Legendary'],['Creature'],"['Human', 'Wizard']",Rare,CMM,2,2,None,"At the beginning of each player's upkeep, that player may put an artifact, creature, or land card from their hand onto the battlefield."
Body Double,5.0,['U'],['U'],None,['Creature'],['Shapeshifter'],Uncommon,CMM,0,0,None,You may have Body Double enter the battlefield as a copy of any creature card in a graveyard.
"Azami, Lady of Scrolls",5.0,['U'],['U'],['Legendary'],['Creature'],"['Human', 'Wizard']",Rare,CMM,0,2,None,Tap an untapped Wizard you control: Draw a card.
Aminatou's Augury,8.0,['U'],['U'],None,['Sorcery'],None,Rare,CMM,None,None,None,"Exile the top eight cards of your library. You may put a land card from among them onto the battlefield. Until end of turn, for each nonland card type, you may cast a spell of that type from among the exiled cards without paying its mana cost."
Aether Gale,5.0,['U'],['U'],None,['Sorcery'],None,Uncommon,CMM,None,None,None,Return six target nonland permanents to their owners' hands.
"Zetalpa, Primal Dawn",8.0,['W'],['W'],['Legendary'],['Creature'],"['Elder', 'Dinosaur']",Rare,CMM,4,8,None,"Flying, double strike, vigilance, trample, indestructible"
Wrath of God,4.0,['W'],['W'],None,['Sorcery'],None,Rare,CMM,None,None,None,Destroy all creatures. They can't be regenerated.
Wanderer's Strike,5.0,['W'],['W'],None,['Sorcery'],None,Common,CMM,None,None,None,"Exile target creature, then proliferate. (Choose any number of permanents and/or players, then give each another counter of each kind already there.)"
Wakening Sun's Avatar,8.0,['W'],['W'],None,['Creature'],"['Dinosaur', 'Avatar']",Rare,CMM,7,7,None,"When Wakening Sun's Avatar enters the battlefield, if you cast it from your hand, destroy all non-Dinosaur creatures."
Unbounded Potential,2.0,['W'],['W'],None,['Instant'],None,Common,CMM,None,None,None,"Choose one —\n• Put a +1/+1 counter on each of up to two target creatures.\n• Proliferate. (Choose any number of permanents and/or players, then give each another counter of each kind already there.)\nEntwine {3}{W} (Choose both if you pay the entwine cost.)"
Thraben Inspector,1.0,['W'],['W'],None,['Creature'],"['Human', 'Soldier']",Common,CMM,1,2,None,"When Thraben Inspector enters the battlefield, investigate. (Create a Clue token. It's an artifact with ""{2}, Sacrifice this artifact: Draw a card."")"
"Teshar, Ancestor's Apostle",4.0,['W'],['W'],['Legendary'],['Creature'],"['Bird', 'Cleric']",Uncommon,CMM,2,2,None,"Flying\nWhenever you cast a historic spell, return target creature card with mana value 3 or less from your graveyard to the battlefield. (Artifacts, legendaries, and Sagas are historic.)"
Swift Response,2.0,['W'],['W'],None,['Instant'],None,Common,CMM,None,None,None,Destroy target tapped creature.
Supply Runners,5.0,['W'],['W'],None,['Creature'],['Dog'],Common,CMM,2,2,None,"When Supply Runners enters the battlefield, put a +1/+1 counter on each other creature you control."
Sunspear Shikari,2.0,['W'],['W'],None,['Creature'],"['Cat', 'Soldier']",Common,CMM,2,2,None,"As long as Sunspear Shikari is equipped, it has first strike and lifelink."
Sunblade Angel,6.0,['W'],['W'],None,['Creature'],['Angel'],Common,CMM,3,3,None,"Flying, first strike, vigilance, lifelink"
Sublime Exhalation,7.0,['W'],['W'],None,['Sorcery'],None,Rare,CMM,None,None,None,Undaunted (This spell costs {1} less to cast for each opponent.)\nDestroy all creatures.
Steelshaper's Gift,1.0,['W'],['W'],None,['Sorcery'],None,Rare,CMM,None,None,None,"Search your library for an Equipment card, reveal that card, put it into your hand, then shuffle."
Spectral Grasp,2.0,['W'],['W'],None,['Enchantment'],['Aura'],Common,CMM,None,None,None,Enchant creature\nEnchanted creature can't attack you or planeswalkers you control.\nEnchanted creature can't block creatures you control.
Smothering Tithe,4.0,['W'],['W'],None,['Enchantment'],None,Mythic,CMM,None,None,None,"Whenever an opponent draws a card, that player may pay {2}. If the player doesn't, you create a Treasure token. (It's an artifact with ""{T}, Sacrifice this artifact: Add one mana of any color."")"
Shelter,2.0,['W'],['W'],None,['Instant'],None,Common,CMM,None,None,None,Target creature you control gains protection from the color of your choice until end of turn.\nDraw a card.
Sevinne's Reclamation,3.0,['W'],['W'],None,['Sorcery'],None,Rare,CMM,None,None,None,"Return target permanent card with mana value 3 or less from your graveyard to the battlefield. If this spell was cast from a graveyard, you may copy this spell and may choose a new target for the copy.\nFlashback {4}{W} (You may cast this card from your graveyard for its flashback cost. Then exile it.)"
"Sephara, Sky's Blade",7.0,['W'],['W'],['Legendary'],['Creature'],['Angel'],Rare,CMM,7,7,None,"You may pay {W} and tap four untapped creatures you control with flying rather than pay this spell's mana cost.\nFlying, lifelink\nOther creatures you control with flying have indestructible. (Damage and effects that say ""destroy"" don't destroy them.)"
Righteous Confluence,5.0,['W'],['W'],None,['Sorcery'],None,Rare,CMM,None,None,None,Choose three. You may choose the same mode more than once.\n• Create a 2/2 white Knight creature token with vigilance.\n• Exile target enchantment.\n• You gain 5 life.
Return to Dust,4.0,['W'],['W'],None,['Instant'],None,Uncommon,CMM,None,None,None,"Exile target artifact or enchantment. If you cast this spell during your main phase, you may exile up to one other target artifact or enchantment."
"Pianna, Nomad Captain",3.0,['W'],['W'],['Legendary'],['Creature'],"['Human', 'Nomad']",Uncommon,CMM,2,2,None,"Whenever Pianna, Nomad Captain attacks, attacking creatures get +1/+1 until end of turn."
Path to Exile,1.0,['W'],['W'],None,['Instant'],None,Uncommon,CMM,None,None,None,"Exile target creature. Its controller may search their library for a basic land card, put that card onto the battlefield tapped, then shuffle."
Palace Sentinels,4.0,['W'],['W'],None,['Creature'],"['Human', 'Soldier']",Common,CMM,2,4,None,"When Palace Sentinels enters the battlefield, you become the monarch."
"Odric, Master Tactician",4.0,['W'],['W'],['Legendary'],['Creature'],"['Human', 'Soldier']",Rare,CMM,3,4,None,"First strike (This creature deals combat damage before creatures without first strike.)\nWhenever Odric, Master Tactician and at least three other creatures attack, you choose which creatures block this combat and how those creatures block."
Myrsmith,2.0,['W'],['W'],None,['Creature'],"['Human', 'Artificer']",Common,CMM,2,1,None,"Whenever you cast an artifact spell, you may pay {1}. If you do, create a 1/1 colorless Myr artifact creature token."
Ministrant of Obligation,3.0,['W'],['W'],None,['Creature'],"['Human', 'Cleric']",Common,CMM,2,1,None,"Afterlife 2 (When this creature dies, create two 1/1 white and black Spirit creature tokens with flying.)"
Mace of the Valiant,3.0,['W'],['W'],None,['Artifact'],['Equipment'],Uncommon,CMM,None,None,None,"Equipped creature gets +1/+1 for each charge counter on Mace of the Valiant and has vigilance.\nWhenever a creature enters the battlefield under your control, put a charge counter on Mace of the Valiant.\nEquip {3}"
Loyal Retainers,3.0,['W'],['W'],None,['Creature'],"['Human', 'Advisor']",Mythic,CMM,1,1,None,"Sacrifice Loyal Retainers: Return target legendary creature card from your graveyard to the battlefield. Activate only during your turn, before attackers are declared."
Land Tax,1.0,['W'],['W'],None,['Enchantment'],None,Mythic,CMM,None,None,None,"At the beginning of your upkeep, if an opponent controls more lands than you, you may search your library for up to three basic land cards, reveal them, put them into your hand, then shuffle."
Knighted Myr,3.0,['W'],['W'],None,"['Artifact', 'Creature']","['Myr', 'Knight']",Common,CMM,2,2,None,"{2}{W}: Adapt 1. (If this creature has no +1/+1 counters on it, put a +1/+1 counter on it.)\nWhenever one or more +1/+1 counters are put on Knighted Myr, it gains double strike until end of turn."
Kirtar's Wrath,6.0,['W'],['W'],None,['Sorcery'],None,Uncommon,CMM,None,None,None,"Destroy all creatures. They can't be regenerated.\nThreshold — If seven or more cards are in your graveyard, instead destroy all creatures, then create two 1/1 white Spirit creature tokens with flying. Creatures destroyed this way can't be regenerated."
"Kemba, Kha Regent",3.0,['W'],['W'],['Legendary'],['Creature'],"['Cat', 'Cleric']",Uncommon,CMM,2,4,None,"At the beginning of your upkeep, create a 2/2 white Cat creature token for each Equipment attached to Kemba, Kha Regent."
Jazal Goldmane,4.0,['W'],['W'],['Legendary'],['Creature'],"['Cat', 'Warrior']",Rare,CMM,4,4,None,"First strike\n{3}{W}{W}: Attacking creatures you control get +X/+X until end of turn, where X is the number of attacking creatures."
Herald of the Host,5.0,['W'],['W'],None,['Creature'],['Angel'],Uncommon,CMM,4,4,None,"Flying, vigilance\nMyriad (Whenever this creature attacks, for each opponent other than defending player, you may create a token that's a copy of this creature that's tapped and attacking that player or a planeswalker they control. Exile the tokens at end of combat.)"
"Heliod, Sun-Crowned",3.0,['W'],['W'],['Legendary'],"['Enchantment', 'Creature']",['God'],Mythic,CMM,5,5,None,"Indestructible\nAs long as your devotion to white is less than five, Heliod isn't a creature.\nWhenever you gain life, put a +1/+1 counter on target creature or enchantment you control.\n{1}{W}: Another target creature gains lifelink until end of turn."
Heavenly Blademaster,6.0,['W'],['W'],None,['Creature'],['Angel'],Rare,CMM,3,6,None,"Flying, double strike\nWhen Heavenly Blademaster enters the battlefield, you may attach any number of Auras and Equipment you control to it.\nOther creatures you control get +1/+1 for each Aura and Equipment attached to Heavenly Blademaster."
Grand Abolisher,2.0,['W'],['W'],None,['Creature'],"['Human', 'Cleric']",Rare,CMM,2,2,None,"During your turn, your opponents can't cast spells or activate abilities of artifacts, creatures, or enchantments."
Generous Gift,3.0,['W'],['W'],None,['Instant'],None,Common,CMM,None,None,None,Destroy target permanent. Its controller creates a 3/3 green Elephant creature token.
Gavony Silversmith,4.0,['W'],['W'],None,['Creature'],"['Human', 'Soldier']",Common,CMM,2,3,None,"When Gavony Silversmith enters the battlefield, put a +1/+1 counter on each of up to two target creatures."
Flawless Maneuver,3.0,['W'],['W'],None,['Instant'],None,Rare,CMM,None,None,None,"If you control a commander, you may cast this spell without paying its mana cost.\nCreatures you control gain indestructible until end of turn."
Elite Scaleguard,5.0,['W'],['W'],None,['Creature'],"['Human', 'Soldier']",Uncommon,CMM,2,3,None,"When Elite Scaleguard enters the battlefield, bolster 2. (Choose a creature with the least toughness among creatures you control and put two +1/+1 counters on it.)\nWhenever a creature you control with a +1/+1 counter on it attacks, tap target creature defending player controls."
Darksteel Mutation,2.0,['W'],['W'],None,['Enchantment'],['Aura'],Uncommon,CMM,None,None,None,"Enchant creature\nEnchanted creature is an Insect artifact creature with base power and toughness 0/1 and has indestructible, and it loses all other abilities, card types, and creature types."
Custodi Squire,5.0,['W'],['W'],None,['Creature'],"['Spirit', 'Cleric']",Common,CMM,3,3,None,"Flying\nWill of the council — When Custodi Squire enters the battlefield, starting with you, each player votes for an artifact, creature, or enchantment card in your graveyard. Return each card with the most votes or tied for most votes to your hand."
Battle Screech,4.0,['W'],['W'],None,['Sorcery'],None,Common,CMM,None,None,None,Create two 1/1 white Bird creature tokens with flying.\nFlashback—Tap three untapped white creatures you control. (You may cast this card from your graveyard for its flashback cost. Then exile it.)
"Xantcha, Sleeper Agent",3.0,"['B', 'R']","['B', 'R']",['Legendary'],['Creature'],"['Phyrexian', 'Minion']",Rare,CMM,5,5,None,"Xantcha, Sleeper Agent enters the battlefield under the control of an opponent of your choice.\nXantcha attacks each combat if able and can't attack its owner or planeswalkers its owner controls.\n{3}: Xantcha's controller loses 2 life and you draw a card. Any player may activate this ability."
Angelic Field Marshal,4.0,['W'],['W'],None,['Creature'],['Angel'],Rare,CMM,3,3,None,"Flying\nLieutenant — As long as you control your commander, Angelic Field Marshal gets +2/+2 and creatures you control have vigilance."
The Ur-Dragon,9.0,"['B', 'G', 'R', 'U', 'W']","['B', 'G', 'R', 'U', 'W']",['Legendary'],['Creature'],"['Dragon', 'Avatar']",Mythic,CMM,10,10,None,"Eminence — As long as The Ur-Dragon is in the command zone or on the battlefield, other Dragon spells you cast cost {1} less to cast.\nFlying\nWhenever one or more Dragons you control attack, draw that many cards, then you may put a permanent card from your hand onto the battlefield."
"Baird, Steward of Argive",4.0,['W'],['W'],['Legendary'],['Creature'],"['Human', 'Soldier']",Uncommon,CMM,2,4,None,Vigilance\nCreatures can't attack you or planeswalkers you control unless their controller pays {1} for each of those creatures.
Tuya Bearclaw,3.0,"['G', 'R']","['G', 'R']",['Legendary'],['Creature'],"['Human', 'Warrior']",Uncommon,CMM,2,2,None,"Whenever Tuya Bearclaw attacks, it gets +X/+X until end of turn, where X is the greatest power among other creatures you control."
"Avacyn, Angel of Hope",8.0,['W'],['W'],['Legendary'],['Creature'],['Angel'],Mythic,CMM,8,8,None,"Flying, vigilance, indestructible\nOther permanents you control have indestructible."
"Tatyova, Benthic Druid",5.0,"['G', 'U']","['G', 'U']",['Legendary'],['Creature'],"['Merfolk', 'Druid']",Uncommon,CMM,3,3,None,"Landfall — Whenever a land enters the battlefield under your control, you gain 1 life and draw a card."
"Anafenza, Kin-Tree Spirit",2.0,['W'],['W'],['Legendary'],['Creature'],"['Spirit', 'Soldier']",Uncommon,CMM,2,2,None,"Whenever another nontoken creature enters the battlefield under your control, bolster 1. (Choose a creature with the least toughness among creatures you control and put a +1/+1 counter on it.)"
"Slimefoot, the Stowaway",3.0,"['B', 'G']","['B', 'G']",['Legendary'],['Creature'],['Fungus'],Uncommon,CMM,2,3,None,"Whenever a Saproling you control dies, Slimefoot, the Stowaway deals 1 damage to each opponent and you gain 1 life.\n{4}: Create a 1/1 green Saproling creature token."
All That Glitters,2.0,['W'],['W'],None,['Enchantment'],['Aura'],Common,CMM,None,None,None,Enchant creature\nEnchanted creature gets +1/+1 for each artifact and/or enchantment you control.
"Morophon, the Boundless",7.0,None,"['B', 'G', 'R', 'U', 'W']",['Legendary'],['Creature'],['Shapeshifter'],Mythic,CMM,6,6,None,"Changeling (This card is every creature type.)\nAs Morophon, the Boundless enters the battlefield, choose a creature type.\nSpells of the chosen type you cast cost {W}{U}{B}{R}{G} less to cast. This effect reduces only the amount of colored mana you pay.\nOther creatures you control of the chosen type get +1/+1."
Ainok Bond-Kin,2.0,['W'],['W'],None,['Creature'],"['Dog', 'Soldier']",Common,CMM,2,1,None,"Outlast {1}{W} ({1}{W}, {T}: Put a +1/+1 counter on this creature. Outlast only as a sorcery.)\nEach creature you control with a +1/+1 counter on it has first strike."
"Sek'Kuar, Deathkeeper",5.0,"['B', 'G', 'R']","['B', 'G', 'R']",['Legendary'],['Creature'],"['Orc', 'Shaman']",Rare,CMM,4,3,None,"Whenever another nontoken creature you control dies, create a 3/1 black and red Graveborn creature token with haste."
Ulamog's Crusher,8.0,None,None,None,['Creature'],['Eldrazi'],Common,CMM,8,8,None,"Annihilator 2 (Whenever this creature attacks, defending player sacrifices two permanents.)\nUlamog's Crusher attacks each combat if able."
"Ulamog, the Ceaseless Hunger",10.0,None,None,['Legendary'],['Creature'],['Eldrazi'],Mythic,CMM,10,10,None,"When you cast this spell, exile two target permanents.\nIndestructible\nWhenever Ulamog, the Ceaseless Hunger attacks, defending player exiles the top twenty cards of their library."
Spellseeker,3.0,['U'],['U'],None,['Creature'],"['Human', 'Wizard']",Mythic,CMM,1,1,None,"When Spellseeker enters the battlefield, you may search your library for an instant or sorcery card with mana value 2 or less, reveal it, put it into your hand, then shuffle."
"Sai, Master Thopterist",3.0,['U'],['U'],['Legendary'],['Creature'],"['Human', 'Artificer']",Rare,CMM,1,4,None,"Whenever you cast an artifact spell, create a 1/1 colorless Thopter artifact creature token with flying.\n{1}{U}, Sacrifice two artifacts: Draw a card."
Rise from the Tides,6.0,['U'],['U'],None,['Sorcery'],None,Uncommon,CMM,None,None,None,Create a tapped 2/2 black Zombie creature token for each instant and sorcery card in your graveyard.
Looter il-Kor,2.0,['U'],['U'],None,['Creature'],"['Kor', 'Rogue']",Common,CMM,1,1,None,"Shadow (This creature can block or be blocked by only creatures with shadow.)\nWhenever Looter il-Kor deals damage to an opponent, draw a card, then discard a card."
Reality Shift,2.0,['U'],['U'],None,['Instant'],None,Uncommon,CMM,None,None,None,"Exile target creature. Its controller manifests the top card of their library. (That player puts the top card of their library onto the battlefield face down as a 2/2 creature. If it's a creature card, it can be turned face up any time for its mana cost.)"
Resculpt,2.0,['U'],['U'],None,['Instant'],None,Common,CMM,None,None,None,Exile target artifact or creature. Its controller creates a 4/4 blue and red Elemental creature token.
Reverse Engineer,5.0,['U'],['U'],None,['Sorcery'],None,Common,CMM,None,None,None,Improvise (Your artifacts can help cast this spell. Each artifact you tap after you're done activating mana abilities pays for {1}.)\nDraw three cards.
Renowned Weaponsmith,2.0,['U'],['U'],None,['Creature'],"['Human', 'Artificer']",Common,CMM,1,3,None,"{T}: Add {C}{C}. Spend this mana only to cast artifact spells or activate abilities of artifacts.\n{U}, {T}: Search your library for a card named Heart-Piercer Bow or Vial of Dragonfire, reveal it, put it into your hand, then shuffle."
Portal Mage,3.0,['U'],['U'],None,['Creature'],"['Human', 'Wizard']",Uncommon,CMM,2,2,None,"Flash\nWhen Portal Mage enters the battlefield during the declare attackers step, you may reselect which player or permanent target attacking creature is attacking. (It can't attack its controller or its controller's planeswalkers.)"
Phyrexian Ingester,7.0,['U'],['U'],None,['Creature'],"['Phyrexian', 'Beast']",Uncommon,CMM,3,3,None,"Imprint — When Phyrexian Ingester enters the battlefield, you may exile target nontoken creature.\nPhyrexian Ingester gets +X/+Y, where X is the exiled creature card's power and Y is its toughness."
Personal Tutor,1.0,['U'],['U'],None,['Sorcery'],None,Rare,CMM,None,None,None,"Search your library for a sorcery card, reveal it, then shuffle and put that card on top."
"Padeem, Consul of Innovation",4.0,['U'],['U'],['Legendary'],['Creature'],"['Vedalken', 'Artificer']",Uncommon,CMM,1,4,None,"Artifacts you control have hexproof.\nAt the beginning of your upkeep, if you control the artifact with the highest mana value or tied for the highest mana value, draw a card."
Mystic Confluence,5.0,['U'],['U'],None,['Instant'],None,Rare,CMM,None,None,None,Choose three. You may choose the same mode more than once.\n• Counter target spell unless its controller pays {3}.\n• Return target creature to its owner's hand.\n• Draw a card.
"Lorthos, the Tidemaker",8.0,['U'],['U'],['Legendary'],['Creature'],['Octopus'],Rare,CMM,8,8,None,"Whenever Lorthos, the Tidemaker attacks, you may pay {8}. If you do, tap up to eight target permanents. Those permanents don't untap during their controllers' next untap steps."
Murmuring Mystic,4.0,['U'],['U'],None,['Creature'],"['Human', 'Wizard']",Common,CMM,1,5,None,"Whenever you cast an instant or sorcery spell, create a 1/1 blue Bird Illusion creature token with flying."
"Kaho, Minamo Historian",4.0,['U'],['U'],['Legendary'],['Creature'],"['Human', 'Wizard']",Uncommon,CMM,2,2,None,"When Kaho, Minamo Historian enters the battlefield, search your library for up to three instant cards, exile them, then shuffle.\n{X}, {T}: You may cast a spell with mana value X from among cards exiled with Kaho without paying its mana cost."
Murder of Crows,5.0,['U'],['U'],None,['Creature'],['Bird'],Uncommon,CMM,4,4,None,"Flying\nWhenever another creature dies, you may draw a card. If you do, discard a card."
Minds Aglow,1.0,['U'],['U'],None,['Sorcery'],None,Rare,CMM,None,None,None,"Join forces — Starting with you, each player may pay any amount of mana. Each player draws X cards, where X is the total amount of mana paid this way."
Forest,0.0,None,['G'],['Basic'],['Land'],['Forest'],Common,CMM,None,None,None,({T}: Add {G}.)
Loyal Drake,3.0,['U'],['U'],None,['Creature'],['Drake'],Uncommon,CMM,2,2,None,"Flying\nLieutenant — At the beginning of combat on your turn, if you control your commander, draw a card."
Forest,0.0,None,['G'],['Basic'],['Land'],['Forest'],Common,CMM,None,None,None,({T}: Add {G}.)
Inga Rune-Eyes,4.0,['U'],['U'],['Legendary'],['Creature'],"['Human', 'Wizard']",Uncommon,CMM,3,3,None,"When Inga Rune-Eyes enters the battlefield, scry 3.\nWhen Inga Rune-Eyes dies, draw three cards if three or more creatures died this turn."
Forest,0.0,None,['G'],['Basic'],['Land'],['Forest'],Common,CMM,None,None,None,({T}: Add {G}.)
Goliath Sphinx,7.0,['U'],['U'],None,['Creature'],['Sphinx'],Common,CMM,8,7,None,Flying
Mountain,0.0,None,['R'],['Basic'],['Land'],['Mountain'],Common,CMM,None,None,None,({T}: Add {R}.)
Mountain,0.0,None,['R'],['Basic'],['Land'],['Mountain'],Common,CMM,None,None,None,({T}: Add {R}.)
Mountain,0.0,None,['R'],['Basic'],['Land'],['Mountain'],Common,CMM,None,None,None,({T}: Add {R}.)
Swamp,0.0,None,['B'],['Basic'],['Land'],['Swamp'],Common,CMM,None,None,None,({T}: Add {B}.)
Swamp,0.0,None,['B'],['Basic'],['Land'],['Swamp'],Common,CMM,None,None,None,({T}: Add {B}.)
Swamp,0.0,None,['B'],['Basic'],['Land'],['Swamp'],Common,CMM,None,None,None,({T}: Add {B}.)
Island,0.0,None,['U'],['Basic'],['Land'],['Island'],Common,CMM,None,None,None,({T}: Add {U}.)
Island,0.0,None,['U'],['Basic'],['Land'],['Island'],Common,CMM,None,None,None,({T}: Add {U}.)
Island,0.0,None,['U'],['Basic'],['Land'],['Island'],Common,CMM,None,None,None,({T}: Add {U}.)
Plains,0.0,None,['W'],['Basic'],['Land'],['Plains'],Common,CMM,None,None,None,({T}: Add {W}.)
Ghostly Flicker,3.0,['U'],['U'],None,['Instant'],None,Common,CMM,None,None,None,"Exile two target artifacts, creatures, and/or lands you control, then return those cards to the battlefield under your control."
Plains,0.0,None,['W'],['Basic'],['Land'],['Plains'],Common,CMM,None,None,None,({T}: Add {W}.)
Plains,0.0,None,['W'],['Basic'],['Land'],['Plains'],Common,CMM,None,None,None,({T}: Add {W}.)
Vault of Champions,0.0,None,"['B', 'W']",None,['Land'],None,Rare,CMM,None,None,None,Vault of Champions enters the battlefield tapped unless you have two or more opponents.\n{T}: Add {W} or {B}.
Undergrowth Stadium,0.0,None,"['B', 'G']",None,['Land'],None,Rare,CMM,None,None,None,Undergrowth Stadium enters the battlefield tapped unless you have two or more opponents.\n{T}: Add {B} or {G}.
Training Center,0.0,None,"['R', 'U']",None,['Land'],None,Rare,CMM,None,None,None,Training Center enters the battlefield tapped unless you have two or more opponents.\n{T}: Add {U} or {R}.
Thriving Moor,0.0,None,['B'],None,['Land'],None,Common,CMM,None,None,None,"Thriving Moor enters the battlefield tapped.\nAs Thriving Moor enters the battlefield, choose a color other than black.\n{T}: Add {B} or one mana of the chosen color."
Thriving Isle,0.0,None,['U'],None,['Land'],None,Common,CMM,None,None,None,"Thriving Isle enters the battlefield tapped.\nAs Thriving Isle enters the battlefield, choose a color other than blue.\n{T}: Add {U} or one mana of the chosen color."
Thriving Heath,0.0,None,['W'],None,['Land'],None,Common,CMM,None,None,None,"Thriving Heath enters the battlefield tapped.\nAs Thriving Heath enters the battlefield, choose a color other than white.\n{T}: Add {W} or one mana of the chosen color."
Thriving Grove,0.0,None,['G'],None,['Land'],None,Common,CMM,None,None,None,"Thriving Grove enters the battlefield tapped.\nAs Thriving Grove enters the battlefield, choose a color other than green.\n{T}: Add {G} or one mana of the chosen color."
Ghost of Ramirez DePietro,3.0,['U'],['U'],['Legendary'],['Creature'],"['Spirit', 'Pirate']",Uncommon,CMM,2,3,None,"Ghost of Ramirez DePietro can't be blocked by creatures with toughness 3 or greater.\nWhenever Ghost of Ramirez DePietro deals combat damage to a player, choose up to one target card in a graveyard that was discarded or put there from a library this turn. Put that card into its owner's hand.\nPartner (You can have two commanders if both have partner.)"
Thriving Bluff,0.0,None,['R'],None,['Land'],None,Common,CMM,None,None,None,"Thriving Bluff enters the battlefield tapped.\nAs Thriving Bluff enters the battlefield, choose a color other than red.\n{T}: Add {R} or one mana of the chosen color."
Terramorphic Expanse,0.0,None,None,None,['Land'],None,Common,CMM,None,None,None,"{T}, Sacrifice Terramorphic Expanse: Search your library for a basic land card, put it onto the battlefield tapped, then shuffle."
Spectator Seating,0.0,None,"['R', 'W']",None,['Land'],None,Rare,CMM,None,None,None,Spectator Seating enters the battlefield tapped unless you have two or more opponents.\n{T}: Add {R} or {W}.
Filigree Attendant,4.0,['U'],['U'],None,"['Artifact', 'Creature']",['Homunculus'],Common,CMM,*,3,None,Flying\nFiligree Attendant's power is equal to the number of artifacts you control.
Rogue's Passage,0.0,None,None,None,['Land'],None,Uncommon,CMM,None,None,None,"{T}: Add {C}.\n{4}, {T}: Target creature can't be blocked this turn."
Reliquary Tower,0.0,None,None,None,['Land'],None,Uncommon,CMM,None,None,None,You have no maximum hand size.\n{T}: Add {C}.
Rejuvenating Springs,0.0,None,"['G', 'U']",None,['Land'],None,Rare,CMM,None,None,None,Rejuvenating Springs enters the battlefield tapped unless you have two or more opponents.\n{T}: Add {G} or {U}.
Path of Ancestry,0.0,None,None,None,['Land'],None,Common,CMM,None,None,None,"Path of Ancestry enters the battlefield tapped.\n{T}: Add one mana of any color in your commander's color identity. When that mana is spent to cast a creature spell that shares a creature type with your commander, scry 1. (Look at the top card of your library. You may put that card on the bottom.)"
Opal Palace,0.0,None,None,None,['Land'],None,Common,CMM,None,None,None,"{T}: Add {C}.\n{1}, {T}: Add one mana of any color in your commander's color identity. If you spend this mana to cast your commander, it enters the battlefield with a number of additional +1/+1 counters on it equal to the number of times it's been cast from the command zone this game."
Myriad Landscape,0.0,None,None,None,['Land'],None,Uncommon,CMM,None,None,None,"Myriad Landscape enters the battlefield tapped.\n{T}: Add {C}.\n{2}, {T}, Sacrifice Myriad Landscape: Search your library for up to two basic land cards that share a land type, put them onto the battlefield tapped, then shuffle."
Stitcher Geralf,5.0,['U'],['U'],['Legendary'],['Creature'],"['Human', 'Wizard']",Rare,CMM,3,4,None,"{2}{U}, {T}: Each player mills three cards. Exile up to two creature cards put into graveyards this way. Create an X/X blue Zombie creature token, where X is the total power of the cards exiled this way."
Command Tower,0.0,None,None,None,['Land'],None,Common,CMM,None,None,None,{T}: Add one mana of any color in your commander's color identity.
Ash Barrens,0.0,None,None,None,['Land'],None,Common,CMM,None,None,None,"{T}: Add {C}.\nBasic landcycling {1} ({1}, Discard this card: Search your library for a basic land card, reveal it, put it into your hand, then shuffle.)"
Vulshok Battlegear,3.0,None,None,None,['Artifact'],['Equipment'],Common,CMM,None,None,None,Equipped creature gets +3/+3.\nEquip {3} ({3}: Attach to target creature you control. Equip only as a sorcery. This card enters the battlefield unattached and stays on the battlefield if the creature leaves.)
Vial of Dragonfire,2.0,None,None,None,['Artifact'],None,Common,CMM,None,None,None,"{2}, {T}, Sacrifice Vial of Dragonfire: It deals 2 damage to target creature."
Unstable Obelisk,3.0,None,None,None,['Artifact'],None,Common,CMM,None,None,None,"{T}: Add {C}.\n{7}, {T}, Sacrifice Unstable Obelisk: Destroy target permanent."
Pearl Medallion,2.0,None,None,None,['Artifact'],None,Rare,CMM,None,None,None,White spells you cast cost {1} less to cast.
Fierce Guardianship,3.0,['U'],['U'],None,['Instant'],None,Rare,CMM,None,None,None,"If you control a commander, you may cast this spell without paying its mana cost.\nCounter target noncreature spell."
Staunch Throneguard,5.0,None,None,None,"['Artifact', 'Creature']",['Construct'],Common,CMM,2,5,None,"Vigilance\nWhen Staunch Throneguard enters the battlefield, you become the monarch."
Fall from Favor,3.0,['U'],['U'],None,['Enchantment'],['Aura'],Common,CMM,None,None,None,"Enchant creature\nWhen Fall from Favor enters the battlefield, tap enchanted creature and you become the monarch.\nEnchanted creature doesn't untap during its controller's untap step unless that player is the monarch."
Thought Vessel,2.0,None,None,None,['Artifact'],None,Uncommon,CMM,None,None,None,You have no maximum hand size.\n{T}: Add {C}.
Thran Dynamo,4.0,None,None,None,['Artifact'],None,Uncommon,CMM,None,None,None,{T}: Add {C}{C}{C}.
Sword of the Animist,2.0,None,None,['Legendary'],['Artifact'],['Equipment'],Rare,CMM,None,None,None,"Equipped creature gets +1/+1.\nWhenever equipped creature attacks, you may search your library for a basic land card, put it onto the battlefield tapped, then shuffle.\nEquip {2}"
Spectral Searchlight,3.0,None,None,None,['Artifact'],None,Uncommon,CMM,None,None,None,{T}: Choose a player. That player adds one mana of any color they choose.
Sol Ring,1.0,None,None,None,['Artifact'],None,Uncommon,CMM,None,None,None,{T}: Add {C}{C}.
Shimmer Myr,3.0,None,None,None,"['Artifact', 'Creature']",['Myr'],Uncommon,CMM,2,2,None,Flash\nYou may cast artifact spells as though they had flash.
Scytheclaw,5.0,None,None,None,['Artifact'],['Equipment'],Rare,CMM,None,None,None,"Living weapon (When this Equipment enters the battlefield, create a 0/0 black Phyrexian Germ creature token, then attach this to it.)\nEquipped creature gets +1/+1.\nWhenever equipped creature deals combat damage to a player, that player loses half their life, rounded up.\nEquip {3}"
Sapphire Medallion,2.0,None,None,None,['Artifact'],None,Rare,CMM,None,None,None,Blue spells you cast cost {1} less to cast.
Pilgrim's Eye,3.0,None,None,None,"['Artifact', 'Creature']",['Thopter'],Common,CMM,1,1,None,"Flying\nWhen Pilgrim's Eye enters the battlefield, you may search your library for a basic land card, reveal it, put it into your hand, then shuffle."
Sandstone Oracle,7.0,None,None,None,"['Artifact', 'Creature']",['Sphinx'],Uncommon,CMM,4,4,None,"Flying\nWhen Sandstone Oracle enters the battlefield, choose an opponent. If that player has more cards in hand than you, draw cards equal to the difference."
Myr Sire,2.0,None,None,None,"['Artifact', 'Creature']","['Phyrexian', 'Myr']",Common,CMM,1,1,None,"When Myr Sire dies, create a 1/1 colorless Phyrexian Myr artifact creature token."
Ruby Medallion,2.0,None,None,None,['Artifact'],None,Rare,CMM,None,None,None,Red spells you cast cost {1} less to cast.
Prophetic Prism,2.0,None,None,None,['Artifact'],None,Common,CMM,None,None,None,"When Prophetic Prism enters the battlefield, draw a card.\n{1}, {T}: Add one mana of any color."
Prismatic Lens,2.0,None,None,None,['Artifact'],None,Common,CMM,None,None,None,"{T}: Add {C}.\n{1}, {T}: Add one mana of any color."
Meteor Golem,7.0,None,None,None,"['Artifact', 'Creature']",['Golem'],Uncommon,CMM,3,3,None,"When Meteor Golem enters the battlefield, destroy target nonland permanent an opponent controls."
Lightning Greaves,2.0,None,None,None,['Artifact'],['Equipment'],Uncommon,CMM,None,None,None,Equipped creature has haste and shroud. (It can't be the target of spells or abilities.)\nEquip {0}
Letter of Acceptance,3.0,None,None,None,['Artifact'],None,Common,CMM,None,None,None,"{T}: Add one mana of any color.\n{2}, {T}, Sacrifice Letter of Acceptance: Draw a card."
Faerie Artisans,4.0,['U'],['U'],None,['Creature'],"['Faerie', 'Artificer']",Rare,CMM,2,2,None,"Flying\nWhenever a nontoken creature enters the battlefield under an opponent's control, create a token that's a copy of that creature except it's an artifact in addition to its other types. Then exile all other tokens created with Faerie Artisans."
Jeweled Lotus,0.0,None,None,None,['Artifact'],None,Mythic,CMM,None,None,None,"{T}, Sacrifice Jeweled Lotus: Add three mana of any one color. Spend this mana only to cast your commander."
Jet Medallion,2.0,None,None,None,['Artifact'],None,Rare,CMM,None,None,None,Black spells you cast cost {1} less to cast.
Inspiring Statuary,3.0,None,None,None,['Artifact'],None,Rare,CMM,None,None,None,Nonartifact spells you cast have improvise. (Your artifacts can help cast those spells. Each artifact you tap after you're done activating mana abilities pays for {1}.)
The Immortal Sun,6.0,None,None,['Legendary'],['Artifact'],None,Mythic,CMM,None,None,None,"Players can't activate planeswalkers' loyalty abilities.\nAt the beginning of your draw step, draw an additional card.\nSpells you cast cost {1} less to cast.\nCreatures you control get +1/+1."
Idol of Oblivion,2.0,None,None,None,['Artifact'],None,Rare,CMM,None,None,None,"{T}: Draw a card. Activate only if you created a token this turn.\n{8}, {T}, Sacrifice Idol of Oblivion: Create a 10/10 colorless Eldrazi creature token."
Hero's Blade,2.0,None,None,None,['Artifact'],['Equipment'],Uncommon,CMM,None,None,None,"Equipped creature gets +3/+2.\nWhenever a legendary creature enters the battlefield under your control, you may attach Hero's Blade to it.\nEquip {4} ({4}: Attach to target creature you control. Equip only as a sorcery.)"
Heart-Piercer Bow,2.0,None,None,None,['Artifact'],['Equipment'],Common,CMM,None,None,None,"Whenever equipped creature attacks, Heart-Piercer Bow deals 1 damage to target creature defending player controls.\nEquip {1} ({1}: Attach to target creature you control. Equip only as a sorcery.)"
Haunted Cloak,3.0,None,None,None,['Artifact'],['Equipment'],Common,CMM,None,None,None,"Equipped creature has vigilance, trample, and haste.\nEquip {1} ({1}: Attach to target creature you control. Equip only as a sorcery.)"
Hammer of Nazahn,4.0,None,None,['Legendary'],['Artifact'],['Equipment'],Rare,CMM,None,None,None,"Whenever Hammer of Nazahn or another Equipment enters the battlefield under your control, you may attach that Equipment to target creature you control.\nEquipped creature gets +2/+0 and has indestructible.\nEquip {4}"
Gilded Lotus,5.0,None,None,None,['Artifact'],None,Rare,CMM,None,None,None,{T}: Add three mana of any one color.
Geode Golem,5.0,None,None,None,"['Artifact', 'Creature']",['Golem'],Uncommon,CMM,5,3,None,"Trample\nWhenever Geode Golem deals combat damage to a player, you may cast your commander from the command zone without paying its mana cost. (You still pay any additional costs.)"
Foundry Inspector,3.0,None,None,None,"['Artifact', 'Creature']",['Construct'],Common,CMM,3,2,None,Artifact spells you cast cost {1} less to cast.
Forebear's Blade,3.0,None,None,None,['Artifact'],['Equipment'],Uncommon,CMM,None,None,None,"Equipped creature gets +3/+0 and has vigilance and trample.\nWhenever equipped creature dies, attach Forebear's Blade to target creature you control.\nEquip {3}"
Firemind Vessel,4.0,None,None,None,['Artifact'],None,Common,CMM,None,None,None,Firemind Vessel enters the battlefield tapped.\n{T}: Add two mana of different colors.
Fellwar Stone,2.0,None,None,None,['Artifact'],None,Uncommon,CMM,None,None,None,{T}: Add one mana of any color that a land an opponent controls could produce.
Extraplanar Lens,3.0,None,None,None,['Artifact'],None,Mythic,CMM,None,None,None,"Imprint — When Extraplanar Lens enters the battlefield, you may exile target land you control.\nWhenever a land with the same name as the exiled card is tapped for mana, its controller adds one mana of any type that land produced."
Explorer's Scope,1.0,None,None,None,['Artifact'],['Equipment'],Common,CMM,None,None,None,"Whenever equipped creature attacks, look at the top card of your library. If it's a land card, you may put it onto the battlefield tapped.\nEquip {1} ({1}: Attach to target creature you control. Equip only as a sorcery.)"
Emerald Medallion,2.0,None,None,None,['Artifact'],None,Rare,CMM,None,None,None,Green spells you cast cost {1} less to cast.
Darksteel Ingot,3.0,None,None,None,['Artifact'],None,Common,CMM,None,None,None,"Indestructible (Effects that say ""destroy"" don't destroy this artifact.)\n{T}: Add one mana of any color."
Commander's Sphere,3.0,None,None,None,['Artifact'],None,Common,CMM,None,None,None,{T}: Add one mana of any color in your commander's color identity.\nSacrifice Commander's Sphere: Draw a card.
Chromatic Lantern,3.0,None,None,None,['Artifact'],None,Rare,CMM,None,None,None,"Lands you control have ""{T}: Add one mana of any color.""\n{T}: Add one mana of any color."
Champion's Helm,3.0,None,None,None,['Artifact'],['Equipment'],Rare,CMM,None,None,None,"Equipped creature gets +2/+2.\nAs long as equipped creature is legendary, it has hexproof. (It can't be the target of spells or abilities your opponents control.)\nEquip {1}"
Campfire,1.0,None,None,None,['Artifact'],None,Common,CMM,None,None,None,"{1}, {T}: You gain 2 life.\n{2}, {T}, Exile Campfire: Put all commanders you own from the command zone and from your graveyard into your hand. Then shuffle your graveyard into your library."
Puresteel Paladin,2.0,['W'],['W'],None,['Creature'],"['Human', 'Knight']",Rare,CMM,2,2,None,"Whenever an Equipment enters the battlefield under your control, you may draw a card.\nMetalcraft — Equipment you control have equip {0} as long as you control three or more artifacts."
Palace Jailer,4.0,['W'],['W'],None,['Creature'],"['Human', 'Soldier']",Uncommon,CMM,2,2,None,"When Palace Jailer enters the battlefield, you become the monarch.\nWhen Palace Jailer enters the battlefield, exile target creature an opponent controls until an opponent becomes the monarch."
"Nahiri, the Lithomancer",5.0,['W'],['W'],['Legendary'],['Planeswalker'],['Nahiri'],Rare,CMM,None,None,3,"[+2]: Create a 1/1 white Kor Soldier creature token. You may attach an Equipment you control to it.\n[−2]: You may put an Equipment card from your hand or graveyard onto the battlefield.\n[−10]: Create a colorless Equipment artifact token named Stoneforged Blade. It has indestructible, ""Equipped creature gets +5/+5 and has double strike,"" and equip {0}.\nNahiri, the Lithomancer can be your commander."
"Mangara, the Diplomat",4.0,['W'],['W'],['Legendary'],['Creature'],"['Human', 'Cleric']",Rare,CMM,2,4,None,"Lifelink\nWhenever an opponent attacks with creatures, if two or more of those creatures are attacking you and/or planeswalkers you control, draw a card.\nWhenever an opponent casts their second spell each turn, draw a card."
Loyal Unicorn,4.0,['W'],['W'],None,['Creature'],['Unicorn'],Uncommon,CMM,3,4,None,"Vigilance\nLieutenant — At the beginning of combat on your turn, if you control your commander, prevent all combat damage that would be dealt to creatures you control this turn. Other creatures you control gain vigilance until end of turn."
"Losheel, Clockwork Scholar",3.0,['W'],['W'],['Legendary'],['Creature'],"['Elephant', 'Artificer']",Uncommon,CMM,2,4,None,"Prevent all combat damage that would be dealt to attacking artifact creatures you control.\nWhenever one or more artifact creatures enter the battlefield under your control, draw a card. This ability triggers only once each turn."
"Keleth, Sunmane Familiar",2.0,['W'],['W'],['Legendary'],['Creature'],['Horse'],Uncommon,CMM,1,1,None,"Whenever a commander you control attacks, put a +1/+1 counter on it.\nPartner (You can have two commanders if both have partner.)"
Burnished Hart,3.0,None,None,None,"['Artifact', 'Creature']",['Elk'],Uncommon,CMM,2,2,None,"{3}, Sacrifice Burnished Hart: Search your library for up to two basic land cards, put them onto the battlefield tapped, then shuffle."
Intangible Virtue,2.0,['W'],['W'],None,['Enchantment'],None,Uncommon,CMM,None,None,None,Creature tokens you control get +1/+1 and have vigilance.
Pathrazer of Ulamog,11.0,None,None,None,['Creature'],['Eldrazi'],Uncommon,CMM,9,9,None,"Annihilator 3 (Whenever this creature attacks, defending player sacrifices three permanents.)\nPathrazer of Ulamog can't be blocked except by three or more creatures."
Brass Knuckles,4.0,None,None,None,['Artifact'],['Equipment'],Common,CMM,None,None,None,"When you cast this spell, copy it. (The copy becomes a token.)\nEquipped creature has double strike as long as two or more Equipment are attached to it.\nEquip {1} ({1}: Attach to target creature you control. Equip only as a sorcery.)"
Fencing Ace,2.0,['W'],['W'],None,['Creature'],"['Human', 'Soldier']",Uncommon,CMM,1,1,None,Double strike
Boompile,4.0,None,None,None,['Artifact'],None,Rare,CMM,None,None,None,"{T}: Flip a coin. If you win the flip, destroy all nonland permanents."
Bonder's Ornament,3.0,None,None,None,['Artifact'],None,Common,CMM,None,None,None,"{T}: Add one mana of any color.\n{4}, {T}: Each player who controls a permanent named Bonder's Ornament draws a card."
"Danitha Capashen, Paragon",3.0,['W'],['W'],['Legendary'],['Creature'],"['Human', 'Knight']",Uncommon,CMM,2,2,None,"First strike, vigilance, lifelink\nAura and Equipment spells you cast cost {1} less to cast."
Assault Suit,4.0,None,None,None,['Artifact'],['Equipment'],Uncommon,CMM,None,None,None,"Equipped creature gets +2/+2, has haste, can't attack you or planeswalkers you control, and can't be sacrificed.\nAt the beginning of each opponent's upkeep, you may have that player gain control of equipped creature until end of turn. If you do, untap it.\nEquip {3}"
Cartographer's Hawk,2.0,['W'],['W'],None,['Creature'],['Bird'],Uncommon,CMM,2,1,None,"Flying\nWhen Cartographer's Hawk deals combat damage to a player who controls more lands than you, return it to its owner's hand. If you do, you may search your library for a Plains card, put it onto the battlefield tapped, then shuffle."
"Kozilek, the Great Distortion",10.0,None,None,['Legendary'],['Creature'],['Eldrazi'],Mythic,CMM,12,12,None,"When you cast this spell, if you have fewer than seven cards in hand, draw cards equal to the difference.\nMenace\nDiscard a card with mana value X: Counter target spell with mana value X."
Ashnod's Altar,3.0,None,None,None,['Artifact'],None,Uncommon,CMM,None,None,None,Sacrifice a creature: Add {C}{C}.
Arcane Signet,2.0,None,None,None,['Artifact'],None,Uncommon,CMM,None,None,None,{T}: Add one mana of any color in your commander's color identity.
"Balan, Wandering Knight",4.0,['W'],['W'],['Legendary'],['Creature'],"['Cat', 'Knight']",Rare,CMM,3,3,None,"First strike\nBalan, Wandering Knight has double strike as long as two or more Equipment are attached to it.\n{1}{W}: Attach all Equipment you control to Balan."
Teysa Karlov,4.0,"['B', 'W']","['B', 'W']",['Legendary'],['Creature'],"['Human', 'Advisor']",Rare,CMM,2,4,None,"If a creature dying causes a triggered ability of a permanent you control to trigger, that ability triggers an additional time.\nCreature tokens you control have vigilance and lifelink."
Ancestral Blade,2.0,['W'],['W'],None,['Artifact'],['Equipment'],Common,CMM,None,None,None,"When Ancestral Blade enters the battlefield, create a 1/1 white Soldier creature token, then attach Ancestral Blade to it.\nEquipped creature gets +1/+1.\nEquip {1} ({1}: Attach to target creature you control. Equip only as a sorcery.)"
"Taigam, Sidisi's Hand",5.0,"['B', 'U']","['B', 'U']",['Legendary'],['Creature'],"['Human', 'Wizard']",Uncommon,CMM,3,4,None,"Skip your draw step.\nAt the beginning of your upkeep, look at the top three cards of your library. Put one of them into your hand and the rest into your graveyard.\n{B}, {T}, Exile X cards from your graveyard: Target creature gets -X/-X until end of turn."
Alms Collector,4.0,['W'],['W'],None,['Creature'],"['Cat', 'Cleric']",Rare,CMM,3,4,None,"Flash\nIf an opponent would draw two or more cards, instead you and that player each draw a card."
"Zilortha, Strength Incarnate",5.0,"['G', 'R']","['G', 'R']",['Legendary'],['Creature'],['Dinosaur'],Rare,CMM,7,3,None,Trample\nLethal damage dealt to creatures you control is determined by their power rather than their toughness.
"Alharu, Solemn Ritualist",5.0,['W'],['W'],['Legendary'],['Creature'],"['Human', 'Monk']",Uncommon,CMM,3,3,None,"When Alharu, Solemn Ritualist enters the battlefield, put a +1/+1 counter on each of up to two other target creatures.\nWhenever a nontoken creature you control with a +1/+1 counter on it dies, create a 1/1 white Spirit creature token with flying.\nPartner (You can have two commanders if both have partner.)"
"Sun Quan, Lord of Wu",6.0,['U'],['U'],['Legendary'],['Creature'],"['Human', 'Soldier']",Mythic,CMM,4,4,None,Creatures you control have horsemanship. (They can't be blocked except by creatures with horsemanship.)
"Sidisi, Brood Tyrant",4.0,"['B', 'G', 'U']","['B', 'G', 'U']",['Legendary'],['Creature'],"['Naga', 'Shaman']",Rare,CMM,3,3,None,"Whenever Sidisi, Brood Tyrant enters the battlefield or attacks, mill three cards.\nWhenever one or more creature cards are put into your graveyard from your library, create a 2/2 black Zombie creature token."
The Prismatic Piper,5.0,None,None,['Legendary'],['Creature'],['Shapeshifter'],Special,CMM,3,3,None,"If The Prismatic Piper is your commander, choose a color before the game begins. The Prismatic Piper is the chosen color.\nPartner (You can have two commanders if both have partner.)"
"Zacama, Primal Calamity",9.0,"['G', 'R', 'W']","['G', 'R', 'W']",['Legendary'],['Creature'],"['Elder', 'Dinosaur']",Rare,CMM,9,9,None,"Vigilance, reach, trample\nWhen Zacama, Primal Calamity enters the battlefield, if you cast it, untap all lands you control.\n{2}{R}: Zacama deals 3 damage to target creature.\n{2}{G}: Destroy target artifact or enchantment.\n{2}{W}: You gain 3 life."
"Yuriko, the Tiger's Shadow",3.0,"['B', 'U']","['B', 'U']",['Legendary'],['Creature'],"['Human', 'Ninja']",Rare,CMM,1,3,None,"Commander ninjutsu {U}{B} ({U}{B}, Return an unblocked attacker you control to hand: Put this card onto the battlefield from your hand or the command zone tapped and attacking.)\nWhenever a Ninja you control deals combat damage to a player, reveal the top card of your library and put that card into your hand. Each opponent loses life equal to that card's mana value."
"Yennett, Cryptic Sovereign",5.0,"['B', 'U', 'W']","['B', 'U', 'W']",['Legendary'],['Creature'],['Sphinx'],Rare,CMM,3,5,None,"Flying, vigilance, menace\nWhenever Yennett, Cryptic Sovereign attacks, reveal the top card of your library. You may cast it without paying its mana cost if its mana value is odd. If you don't cast it, draw a card."
"Omnath, Locus of Mana",3.0,['G'],['G'],['Legendary'],['Creature'],['Elemental'],Mythic,CMM,1,1,None,"You don't lose unspent green mana as steps and phases end.\nOmnath, Locus of Mana gets +1/+1 for each unspent green mana you have."
Ohran Frostfang,5.0,['G'],['G'],['Snow'],['Creature'],['Snake'],Rare,CMM,2,6,None,"Attacking creatures you control have deathtouch.\nWhenever a creature you control deals combat damage to a player, draw a card."
Obscuring Haze,3.0,['G'],['G'],None,['Instant'],None,Rare,CMM,None,None,None,"If you control a commander, you may cast this spell without paying its mana cost.\nPrevent all damage that would be dealt this turn by creatures your opponents control."
"Nemata, Grove Guardian",6.0,['G'],['G'],['Legendary'],['Creature'],['Treefolk'],Uncommon,CMM,4,5,None,{2}{G}: Create a 1/1 green Saproling creature token.\nSacrifice a Saproling: Saproling creatures get +1/+1 until end of turn.
Krosan Tusker,7.0,['G'],['G'],None,['Creature'],"['Boar', 'Beast']",Common,CMM,6,5,None,"Cycling {2}{G} ({2}{G}, Discard this card: Draw a card.)\nWhen you cycle Krosan Tusker, you may search your library for a basic land card, reveal that card, put it into your hand, then shuffle. (Do this before you draw.)"
"Mowu, Loyal Companion",4.0,['G'],['G'],['Legendary'],['Creature'],['Dog'],Uncommon,CMM,3,3,None,"Vigilance, trample\nIf one or more +1/+1 counters would be put on Mowu, Loyal Companion, that many plus one +1/+1 counters are put on it instead."
Kodama's Reach,3.0,['G'],['G'],None,['Sorcery'],['Arcane'],Common,CMM,None,None,None,"Search your library for up to two basic land cards, reveal those cards, put one onto the battlefield tapped and the other into your hand, then shuffle."
"Molimo, Maro-Sorcerer",7.0,['G'],['G'],['Legendary'],['Creature'],['Elemental'],Uncommon,CMM,*,*,None,"Trample (This creature can deal excess combat damage to the player or planeswalker it's attacking.)\nMolimo, Maro-Sorcerer's power and toughness are each equal to the number of lands you control."
Loyal Guardian,5.0,['G'],['G'],None,['Creature'],['Rhino'],Uncommon,CMM,4,4,None,"Trample\nLieutenant — At the beginning of combat on your turn, if you control your commander, put a +1/+1 counter on each creature you control."
Lifeblood Hydra,3.0,['G'],['G'],None,['Creature'],['Hydra'],Rare,CMM,0,0,None,"Trample\nLifeblood Hydra enters the battlefield with X +1/+1 counters on it.\nWhen Lifeblood Hydra dies, you gain life and draw cards equal to its power."
"Jolrael, Mwonvuli Recluse",2.0,['G'],['G'],['Legendary'],['Creature'],"['Human', 'Druid']",Rare,CMM,1,2,None,"Whenever you draw your second card each turn, create a 2/2 green Cat creature token.\n{4}{G}{G}: Until end of turn, creatures you control have base power and toughness X/X, where X is the number of cards in your hand."
Jade Mage,2.0,['G'],['G'],None,['Creature'],"['Human', 'Shaman']",Uncommon,CMM,2,1,None,{2}{G}: Create a 1/1 green Saproling creature token.
Ilysian Caryatid,2.0,['G'],['G'],None,['Creature'],['Plant'],Common,CMM,1,1,None,"{T}: Add one mana of any color. If you control a creature with power 4 or greater, add two mana of any one color instead."
Hunter's Insight,3.0,['G'],['G'],None,['Instant'],None,Uncommon,CMM,None,None,None,"Choose target creature you control. Whenever that creature deals combat damage to a player or planeswalker this turn, draw that many cards."
Heroic Intervention,2.0,['G'],['G'],None,['Instant'],None,Rare,CMM,None,None,None,Permanents you control gain hexproof and indestructible until end of turn.
The Great Henge,9.0,['G'],['G'],['Legendary'],['Artifact'],None,Mythic,CMM,None,None,None,"This spell costs {X} less to cast, where X is the greatest power among creatures you control.\n{T}: Add {G}{G}. You gain 2 life.\nWhenever a nontoken creature enters the battlefield under your control, put a +1/+1 counter on it and draw a card."
"Goreclaw, Terror of Qal Sisma",4.0,['G'],['G'],['Legendary'],['Creature'],['Bear'],Uncommon,CMM,4,3,None,"Creature spells you cast with power 4 or greater cost {2} less to cast.\nWhenever Goreclaw, Terror of Qal Sisma attacks, each creature you control with power 4 or greater gets +1/+1 and gains trample until end of turn."
"Ghalta, Primal Hunger",12.0,['G'],['G'],['Legendary'],['Creature'],"['Elder', 'Dinosaur']",Rare,CMM,12,12,None,"This spell costs {X} less to cast, where X is the total power of creatures you control.\nTrample"
Fungal Plots,2.0,['G'],['G'],None,['Enchantment'],None,Uncommon,CMM,None,None,None,"{1}{G}, Exile a creature card from your graveyard: Create a 1/1 green Saproling creature token.\nSacrifice two Saprolings: You gain 2 life and draw a card."
"Freyalise, Llanowar's Fury",5.0,['G'],['G'],['Legendary'],['Planeswalker'],['Freyalise'],Rare,CMM,None,None,3,"[+2]: Create a 1/1 green Elf Druid creature token with ""{T}: Add {G}.""\n[−2]: Destroy target artifact or enchantment.\n[−6]: Draw a card for each green creature you control.\nFreyalise, Llanowar's Fury can be your commander."
Finale of Devastation,2.0,['G'],['G'],None,['Sorcery'],None,Mythic,CMM,None,None,None,"Search your library and/or graveyard for a creature card with mana value X or less and put it onto the battlefield. If you search your library this way, shuffle. If X is 10 or more, creatures you control get +X/+X and gain haste until end of turn."
Darksteel Monolith,8.0,None,None,None,['Artifact'],None,Rare,CMM,None,None,None,"Indestructible\nOnce each turn, you may pay {0} rather than pay the mana cost for a colorless spell that you cast from your hand."
Fierce Empath,3.0,['G'],['G'],None,['Creature'],['Elf'],Common,CMM,1,1,None,"When Fierce Empath enters the battlefield, you may search your library for a creature card with mana value 6 or greater, reveal it, put it into your hand, then shuffle."
Nyxborn Behemoth,12.0,['G'],['G'],None,"['Enchantment', 'Creature']",['Beast'],Rare,CMM,10,10,None,"This spell costs {X} less to cast, where X is the total mana value of noncreature enchantments you control.\nTrample\n{1}{G}, Sacrifice another enchantment: Nyxborn Behemoth gains indestructible until end of turn."
Ezuri's Predation,8.0,['G'],['G'],None,['Sorcery'],None,Rare,CMM,None,None,None,"For each creature your opponents control, create a 4/4 green Phyrexian Beast creature token. Each of those tokens fights a different one of those creatures."
Hatchery Sliver,2.0,['G'],['G'],None,['Creature'],['Sliver'],Rare,CMM,2,2,None,"Replicate {1}{G} (When you cast this spell, copy it for each time you paid its replicate cost.)\nEach Sliver spell you cast has replicate. The replicate cost is equal to its mana cost. (A copy of a permanent spell becomes a token.)"
Eternal Witness,3.0,['G'],['G'],None,['Creature'],"['Human', 'Shaman']",Uncommon,CMM,2,1,None,"When Eternal Witness enters the battlefield, you may return target card from your graveyard to your hand."
For the Ancestors,3.0,['G'],['G'],None,['Instant'],None,Rare,CMM,None,None,None,Choose a creature type. Look at the top six cards of your library. You may reveal any number of cards of the chosen type from among them and put the revealed cards into your hand. Put the rest on the bottom of your library in a random order.\nFlashback {3}{G} (You may cast this card from your graveyard for its flashback cost. Then exile it.)
Entourage of Trest,5.0,['G'],['G'],None,['Creature'],"['Elf', 'Soldier']",Common,CMM,4,4,None,"When Entourage of Trest enters the battlefield, you become the monarch.\nEntourage of Trest can block an additional creature each combat as long as you're the monarch."
Composer of Spring,2.0,['G'],['G'],None,['Creature'],"['Satyr', 'Bard']",Rare,CMM,1,3,None,"Constellation — Whenever an enchantment enters the battlefield under your control, you may put a land card from your hand onto the battlefield tapped. If you control six or more enchantments, instead you may put a creature or land card from your hand onto the battlefield tapped."
Elvish Mystic,1.0,['G'],['G'],None,['Creature'],"['Elf', 'Druid']",Common,CMM,1,1,None,{T}: Add {G}.
Jaya's Phoenix,5.0,['R'],['R'],None,['Creature'],['Phoenix'],Rare,CMM,3,3,None,"Flying, haste\nWhenever Jaya's Phoenix deals combat damage to a player or planeswalker, copy the next loyalty ability you activate this turn when you activate it. You may choose new targets for the copy.\nWhenever you cast a planeswalker spell, you may return Jaya's Phoenix from your graveyard to the battlefield."
Doubling Season,5.0,['G'],['G'],None,['Enchantment'],None,Mythic,CMM,None,None,None,"If an effect would create one or more tokens under your control, it creates twice that many of those tokens instead.\nIf an effect would put one or more counters on a permanent you control, it puts twice that many of those counters on that permanent instead."
Guff Rewrites History,3.0,['R'],['R'],None,['Instant'],None,Rare,CMM,None,None,None,"For each player, choose target nonenchantment, nonland permanent that player controls. Those permanents' owners shuffle them into their libraries. Each player who controlled one of those permanents exiles cards from the top of their library until they exile a nonland card, then puts the rest on the bottom of their library in a random order. Each player may cast the nonland card they exiled without paying its mana cost."
Deadly Recluse,2.0,['G'],['G'],None,['Creature'],['Spider'],Common,CMM,1,2,None,Reach (This creature can block creatures with flying.)\nDeathtouch (Any amount of damage this deals to a creature is enough to destroy it.)
Descendants' Fury,4.0,['R'],['R'],None,['Enchantment'],None,Rare,CMM,None,None,None,"Whenever one or more creatures you control deal combat damage to a player, you may sacrifice one of them. If you do, reveal cards from the top of your library until you reveal a creature card that shares a creature type with the sacrificed creature. Put that card onto the battlefield and the rest on the bottom of your library in a random order."
Crawling Infestation,3.0,['G'],['G'],None,['Enchantment'],None,Common,CMM,None,None,None,"At the beginning of your upkeep, you may mill two cards. (You may put the top two cards of your library into your graveyard.)\nWhenever one or more creature cards are put into your graveyard from anywhere during your turn, create a 1/1 green Insect creature token. This ability triggers only once each turn."
"Chandra, Legacy of Fire",5.0,['R'],['R'],['Legendary'],['Planeswalker'],['Chandra'],Rare,CMM,None,None,3,"At the beginning of your end step, Chandra, Legacy of Fire deals X damage to each opponent, where X is the number of planeswalkers you control.\n[+1]: Add {R} for each planeswalker you control.\n[0]: Remove a loyalty counter from each of any number of permanents you control. Exile that many cards from the top of your library. You may play them this turn."
Craterhoof Behemoth,8.0,['G'],['G'],None,['Creature'],['Beast'],Mythic,CMM,5,5,None,"Haste\nWhen Craterhoof Behemoth enters the battlefield, creatures you control gain trample and get +X/+X until end of turn, where X is the number of creatures you control."
Capricious Sliver,4.0,['R'],['R'],None,['Creature'],['Sliver'],Rare,CMM,3,3,None,"Sliver creatures you control have ""Whenever this creature deals combat damage to a player, exile the top card of your library. You may play that card this turn."""
Crash of Rhino Beetles,5.0,['G'],['G'],None,['Creature'],['Insect'],Common,CMM,5,5,None,Trample\nCrash of Rhino Beetles gets +10/+10 as long as you control ten or more lands.
Lazotep Sliver,4.0,['B'],['B'],None,['Creature'],"['Zombie', 'Sliver']",Rare,CMM,4,4,None,"Sliver creatures you control have afflict 2. (Whenever a creature with afflict 2 becomes blocked, defending player loses 2 life.)\nWhenever a nontoken Sliver you control dies, amass Slivers 2. (Put two +1/+1 counters on an Army you control. It's also a Sliver. If you don't control an Army, create a 0/0 black Sliver Army creature token first.)"
Courage in Crisis,3.0,['G'],['G'],None,['Sorcery'],None,Common,CMM,None,None,None,"Put a +1/+1 counter on target creature, then proliferate. (Choose any number of permanents and/or players, then give each another counter of each kind already there.)"
Ghoulish Impetus,3.0,['B'],['B'],None,['Enchantment'],['Aura'],Rare,CMM,None,None,None,"Enchant creature\nEnchanted creature gets +1/+1, has deathtouch, and is goaded.\nWhen enchanted creature dies, return Ghoulish Impetus to the battlefield at the beginning of the next end step."
Broken Wings,3.0,['G'],['G'],None,['Instant'],None,Common,CMM,None,None,None,"Destroy target artifact, enchantment, or creature with flying."
Demon of Fate's Design,6.0,['B'],['B'],None,"['Enchantment', 'Creature']",['Demon'],Rare,CMM,6,6,None,"Flying, trample\nOnce during each of your turns, you may cast an enchantment spell by paying life equal to its mana value rather than paying its mana cost.\n{2}{B}, Sacrifice another enchantment: Demon of Fate's Design gets +X/+0 until end of turn, where X is the sacrificed enchantment's mana value."
Bloodspore Thrinax,4.0,['G'],['G'],None,['Creature'],['Lizard'],Rare,CMM,2,2,None,"Devour 1 (As this enters the battlefield, you may sacrifice any number of creatures. This creature enters the battlefield with that many +1/+1 counters on it.)\nEach other creature you control enters the battlefield with an additional X +1/+1 counters on it, where X is the number of +1/+1 counters on Bloodspore Thrinax."
Cacophony Unleashed,7.0,['B'],['B'],None,['Enchantment'],None,Rare,CMM,None,None,None,"When Cacophony Unleashed enters the battlefield, if you cast it, destroy all nonenchantment creatures.\nWhenever Cacophony Unleashed or another enchantment enters the battlefield under your control, until end of turn, Cacophony Unleashed becomes a legendary 6/6 Nightmare God creature with menace and deathtouch. It's still an enchantment."
"Vronos, Masked Inquisitor",5.0,['U'],['U'],['Legendary'],['Planeswalker'],['Vronos'],Rare,CMM,None,None,5,"[+1]: Up to two other target planeswalkers you control phase out at the beginning of the next end step. (Treat them and anything attached to them as though they don't exist until your next turn.)\n[−2]: For each opponent, return up to one target nonland permanent that player controls to its owner's hand.\n[−7]: Target artifact you control becomes a 9/9 Construct artifact creature and gains vigilance, indestructible, and ""This creature can't be blocked."""
Beanstalk Giant // Fertile Footsteps,7.0,['G'],['G'],None,['Creature'],['Giant'],Uncommon,CMM,*,*,None,Beanstalk Giant's power and toughness are each equal to the number of lands you control.
Titan of Littjara,6.0,['U'],['U'],None,['Creature'],['Illusion'],Rare,CMM,6,6,None,"As Titan of Littjara enters the battlefield, choose a creature type.\nTitan of Littjara is the chosen type in addition to its other types.\nWhenever Titan of Littjara enters the battlefield or attacks, you may draw a card for each other creature you control that shares a creature type with it. If you do, discard a card."
"Azusa, Lost but Seeking",3.0,['G'],['G'],['Legendary'],['Creature'],"['Human', 'Monk']",Rare,CMM,1,2,None,You may play two additional lands on each of your turns.
Taunting Sliver,4.0,['U'],['U'],None,['Creature'],['Sliver'],Rare,CMM,3,3,None,"Sliver creatures you control have ""When this creature enters the battlefield, goad target creature an opponent controls."" (Until your next turn, that creature attacks each combat if able and attacks a player other than you if able.)"
Armorcraft Judge,4.0,['G'],['G'],None,['Creature'],"['Elf', 'Artificer']",Uncommon,CMM,3,3,None,"When Armorcraft Judge enters the battlefield, draw a card for each creature you control with a +1/+1 counter on it."
Sparkshaper Visionary,3.0,['U'],['U'],None,['Creature'],"['Human', 'Wizard']",Rare,CMM,0,5,None,"At the beginning of combat on your turn, choose any number of target planeswalkers you control. Until end of turn, they become 3/3 blue Bird creatures with flying, hexproof, and ""Whenever this creature deals combat damage to a player, scry 1."" (They're no longer planeswalkers. Loyalty abilities can still be activated.)"
Arachnogenesis,3.0,['G'],['G'],None,['Instant'],None,Rare,CMM,None,None,None,"Create X 1/2 green Spider creature tokens with reach, where X is the number of creatures attacking you. Prevent all combat damage that would be dealt this turn by non-Spider creatures."
"Teyo, Geometric Tactician",3.0,['W'],['W'],['Legendary'],['Planeswalker'],['Teyo'],Rare,CMM,None,None,3,"When Teyo, Geometric Tactician enters the battlefield, create a 0/4 white Wall creature token with defender and flying.\n[+1]: You and target opponent each draw a card.\n[−2]: Choose left or right. Until your next turn, each player may attack only the nearest opponent in the last chosen direction and planeswalkers controlled by that opponent."
Animal Magnetism,5.0,['G'],['G'],None,['Sorcery'],None,Uncommon,CMM,None,None,None,Reveal the top five cards of your library. An opponent chooses a creature card from among them. Put that card onto the battlefield and the rest into your graveyard.
Regal Sliver,4.0,['W'],['W'],None,['Creature'],['Sliver'],Rare,CMM,3,3,None,"Sliver creatures you control have ""When this creature enters the battlefield, Slivers you control get +1/+1 until end of turn if you're the monarch. Otherwise, you become the monarch."""
Acidic Slime,5.0,['G'],['G'],None,['Creature'],['Ooze'],Uncommon,CMM,2,2,None,"Deathtouch (Any amount of damage this deals to a creature is enough to destroy it.)\nWhen Acidic Slime enters the battlefield, destroy target artifact, enchantment, or land."
Abundant Harvest,1.0,['G'],['G'],None,['Sorcery'],None,Common,CMM,None,None,None,Choose land or nonland. Reveal cards from the top of your library until you reveal a card of the chosen kind. Put that card into your hand and the rest on the bottom of your library in a random order.
Ondu Spiritdancer,5.0,['W'],['W'],None,['Creature'],"['Kor', 'Cleric']",Rare,CMM,3,3,None,"Whenever an enchantment enters the battlefield under your control, you may create a token that's a copy of it. Do this only once each turn."
Queen Marchesa,4.0,"['B', 'R', 'W']","['B', 'R', 'W']",['Legendary'],['Creature'],"['Human', 'Assassin']",Rare,CMM,3,3,None,"Deathtouch, haste\nWhen Queen Marchesa enters the battlefield, you become the monarch.\nAt the beginning of your upkeep, if an opponent is the monarch, create a 1/1 black Assassin creature token with deathtouch and haste."
"Nekusar, the Mindrazer",5.0,"['B', 'R', 'U']","['B', 'R', 'U']",['Legendary'],['Creature'],"['Zombie', 'Wizard']",Rare,CMM,2,4,None,"At the beginning of each player's draw step, that player draws an additional card.\nWhenever an opponent draws a card, Nekusar, the Mindrazer deals 1 damage to that player."
Onakke Oathkeeper,2.0,['W'],['W'],None,['Creature'],"['Ogre', 'Spirit']",Rare,CMM,0,4,None,"Creatures can't attack planeswalkers you control unless their controller pays {1} for each creature they control that's attacking a planeswalker you control.\n{4}{W}{W}, Exile Onakke Oathkeeper from your graveyard: Return target planeswalker card from your graveyard to the battlefield."
"Zada, Hedron Grinder",4.0,['R'],['R'],['Legendary'],['Creature'],"['Goblin', 'Ally']",Uncommon,CMM,3,3,None,"Whenever you cast an instant or sorcery spell that targets only Zada, Hedron Grinder, copy that spell for each other creature you control that the spell could target. Each copy targets a different one of those creatures."
Gatewatch Beacon,3.0,['W'],['W'],None,['Artifact'],None,Rare,CMM,None,None,None,"Gatewatch Beacon enters the battlefield with three loyalty counters on it.\n{T}: Add {W}.\nWhenever a planeswalker enters the battlefield under your control, if Gatewatch Beacon has loyalty counters on it, you may move a loyalty counter from Gatewatch Beacon onto that planeswalker."
Mizzix of the Izmagnus,4.0,"['R', 'U']","['R', 'U']",['Legendary'],['Creature'],"['Goblin', 'Wizard']",Rare,CMM,2,2,None,"Whenever you cast an instant or sorcery spell with mana value greater than the number of experience counters you have, you get an experience counter.\nInstant and sorcery spells you cast cost {1} less to cast for each experience counter you have."
Vandalblast,1.0,['R'],['R'],None,['Sorcery'],None,Uncommon,CMM,None,None,None,"Destroy target artifact you don't control.\nOverload {4}{R} (You may cast this spell for its overload cost. If you do, change ""target"" in its text to ""each."")"
Boon of the Spirit Realm,5.0,['W'],['W'],None,['Enchantment'],None,Rare,CMM,None,None,None,"Constellation — Whenever Boon of the Spirit Realm or another enchantment enters the battlefield under your control, put a blessing counter on Boon of the Spirit Realm.\nCreatures you control get +1/+1 for each blessing counter on Boon of the Spirit Realm."
"Mirri, Weatherlight Duelist",3.0,"['G', 'W']","['G', 'W']",['Legendary'],['Creature'],"['Cat', 'Warrior']",Rare,CMM,3,2,None,"First strike\nWhenever Mirri, Weatherlight Duelist attacks, each opponent can't block with more than one creature this combat.\nAs long as Mirri, Weatherlight Duelist is tapped, no more than one creature can attack you each combat."
Battle at the Helvault,6.0,['W'],['W'],None,['Enchantment'],['Saga'],Rare,CMM,None,None,None,"(As this Saga enters and after your draw step, add a lore counter. Sacrifice after III.)\nI, II — For each player, exile up to one target non-Saga, nonland permanent that player controls until Battle at the Helvault leaves the battlefield.\nIII — Create Avacyn, a legendary 8/8 white Angel creature token with flying, vigilance, and indestructible."
Meren of Clan Nel Toth,4.0,"['B', 'G']","['B', 'G']",['Legendary'],['Creature'],"['Human', 'Shaman']",Rare,CMM,3,4,None,"Whenever another creature you control dies, you get an experience counter.\nAt the beginning of your end step, choose target creature card in your graveyard. If that card's mana value is less than or equal to the number of experience counters you have, return it to the battlefield. Otherwise, put it into your hand."
Ugin's Mastery,4.0,None,None,None,['Enchantment'],None,Rare,CMM,None,None,None,"Whenever you cast a colorless creature spell, manifest the top card of your library. (Put it onto the battlefield face down as a 2/2 creature. Turn it face up any time for its mana cost if it's a creature card.)\nWhenever you attack with creatures with total power 6 or greater, you may turn a face-down creature you control face up."
"Melek, Izzet Paragon",6.0,"['R', 'U']","['R', 'U']",['Legendary'],['Creature'],"['Weird', 'Wizard']",Uncommon,CMM,2,4,None,"Play with the top card of your library revealed.\nYou may cast instant and sorcery spells from the top of your library.\nWhenever you cast an instant or sorcery spell from your library, copy it. You may choose new targets for the copy."
Skittering Cicada,3.0,None,None,None,['Creature'],['Insect'],Rare,CMM,2,2,None,"Flash\nYou may cast colorless spells as though they had flash.\nWhenever you cast a colorless spell, until end of turn, Skittering Cicada gains trample and gets +X/+X, where X is that spell's mana value."
Maelstrom Wanderer,8.0,"['G', 'R', 'U']","['G', 'R', 'U']",['Legendary'],['Creature'],['Elemental'],Rare,CMM,7,5,None,"Creatures you control have haste.\nCascade, cascade (When you cast this spell, exile cards from the top of your library until you exile a nonland card that costs less. You may cast it without paying its mana cost. Put the exiled cards on the bottom of your library in a random order. Then do it again.)"
Rise of the Eldrazi,12.0,None,None,None,['Sorcery'],None,Rare,CMM,None,None,None,This spell can't be countered.\nDestroy target permanent. Target player draws four cards. Take an extra turn after this one.\nExile Rise of the Eldrazi.
"Kykar, Wind's Fury",4.0,"['R', 'U', 'W']","['R', 'U', 'W']",['Legendary'],['Creature'],"['Bird', 'Wizard']",Rare,CMM,3,3,None,"Flying\nWhenever you cast a noncreature spell, create a 1/1 white Spirit creature token with flying.\nSacrifice a Spirit: Add {R}."
"Karador, Ghost Chieftain",8.0,"['B', 'G', 'W']","['B', 'G', 'W']",['Legendary'],['Creature'],"['Centaur', 'Spirit']",Rare,CMM,3,4,None,"This spell costs {1} less to cast for each creature card in your graveyard.\nOnce during each of your turns, you may cast a creature spell from your graveyard."
Abstruse Archaic,4.0,None,None,None,['Creature'],['Avatar'],Rare,CMM,3,4,None,"Vigilance\n{1}, {T}: Copy target activated or triggered ability you control from a colorless source. You may choose new targets for the copy. (Mana abilities can't be targeted.)"
"Judith, the Scourge Diva",3.0,"['B', 'R']","['B', 'R']",['Legendary'],['Creature'],"['Human', 'Shaman']",Uncommon,CMM,2,2,None,"Other creatures you control get +1/+0.\nWhenever a nontoken creature you control dies, Judith, the Scourge Diva deals 1 damage to any target."
Desecrate Reality,7.0,None,None,None,['Instant'],None,Rare,CMM,None,None,None,"For each opponent, exile up to one target permanent that player controls with an even mana value. (Zero is even.)\nAdamant — If at least three colorless mana was spent to cast this spell, return a permanent card with an odd mana value from your graveyard to the battlefield."
"Hanna, Ship's Navigator",3.0,"['U', 'W']","['U', 'W']",['Legendary'],['Creature'],"['Human', 'Artificer']",Rare,CMM,1,2,None,"{1}{W}{U}, {T}: Return target artifact or enchantment card from your graveyard to your hand."
"Hamza, Guardian of Arashin",6.0,"['G', 'W']","['G', 'W']",['Legendary'],['Creature'],"['Elephant', 'Warrior']",Uncommon,CMM,5,5,None,This spell costs {1} less to cast for each creature you control with a +1/+1 counter on it.\nCreature spells you cast cost {1} less to cast for each creature you control with a +1/+1 counter on it.
Flayer of Loyalties,10.0,None,None,None,['Creature'],['Eldrazi'],Rare,CMM,10,10,None,"When you cast this spell, gain control of target creature until end of turn. Untap that creature. Until end of turn, it has base power and toughness 10/10, and gains trample, annihilator 2, and haste.\nAnnihilator 2 (Whenever this creature attacks, defending player sacrifices two permanents.)\nTrample"
"Valduk, Keeper of the Flame",3.0,['R'],['R'],['Legendary'],['Creature'],"['Human', 'Shaman']",Uncommon,CMM,3,2,None,"At the beginning of combat on your turn, for each Aura and Equipment attached to Valduk, Keeper of the Flame, create a 3/1 red Elemental creature token with trample and haste. Exile those tokens at the beginning of the next end step."
Calamity of the Titans,6.0,None,None,None,['Sorcery'],None,Rare,CMM,None,None,None,"As an additional cost to cast this spell, reveal a colorless creature card from your hand.\nExile each creature and planeswalker with mana value less than the revealed card's mana value."
"Gisela, Blade of Goldnight",7.0,"['R', 'W']","['R', 'W']",['Legendary'],['Creature'],['Angel'],Rare,CMM,5,5,None,"Flying, first strike\nIf a source would deal damage to an opponent or a permanent an opponent controls, that source deals double that damage to that player or permanent instead.\nIf a source would deal damage to you or a permanent you control, prevent half that damage, rounded up."
"Rukarumel, Biologist",5.0,"['B', 'G', 'R', 'U', 'W']","['B', 'G', 'R', 'U', 'W']",['Legendary'],['Creature'],"['Human', 'Wizard']",Mythic,CMM,3,3,None,"As Rukarumel, Biologist enters the battlefield, choose a creature type.\nSlivers you control and nontoken creatures you control are the chosen type in addition to their other creature types. The same is true for creature spells you control and creature cards you own that aren't on the battlefield.\n{3}, {T}: Create a 1/1 colorless Sliver creature token."
Experiment Kraj,6.0,"['G', 'U']","['G', 'U']",['Legendary'],['Creature'],"['Ooze', 'Mutant']",Rare,CMM,4,6,None,Experiment Kraj has all activated abilities of each other creature with a +1/+1 counter on it.\n{T}: Put a +1/+1 counter on target creature.
"Narci, Fable Singer",4.0,"['B', 'G', 'W']","['B', 'G', 'W']",['Legendary'],['Creature'],"['Human', 'Bard']",Mythic,CMM,3,3,None,"Lifelink\nWhenever you sacrifice an enchantment, draw a card.\nWhenever the final chapter ability of a Saga you control resolves, each opponent loses X life and you gain X life, where X is that Saga's mana value."
"Aryel, Knight of Windgrace",4.0,"['B', 'W']","['B', 'W']",['Legendary'],['Creature'],"['Human', 'Knight']",Uncommon,CMM,4,4,None,"Vigilance\n{2}{W}, {T}: Create a 2/2 white Knight creature token with vigilance.\n{B}, {T}, Tap X untapped Knights you control: Destroy target creature with power X or less."
"Leori, Sparktouched Hunter",3.0,"['R', 'U', 'W']","['R', 'U', 'W']",['Legendary'],['Creature'],"['Elemental', 'Cat']",Mythic,CMM,3,3,None,"Flying, vigilance\nWhenever Leori, Sparktouched Hunter deals combat damage to a player, choose a planeswalker type. Until end of turn, whenever you activate an ability of a planeswalker of that type, copy that ability. You may choose new targets for the copies."
Treasure Nabber,3.0,['R'],['R'],None,['Creature'],"['Goblin', 'Rogue']",Rare,CMM,3,2,None,"Whenever an opponent taps an artifact for mana, gain control of that artifact until the end of your next turn."
"Omarthis, Ghostfire Initiate",0.0,None,None,['Legendary'],['Creature'],"['Spirit', 'Naga']",Mythic,CMM,0,0,None,"Omarthis, Ghostfire Initiate enters the battlefield with X +1/+1 counters on it.\nWhenever you put one or more +1/+1 counters on another colorless creature, you may put a +1/+1 counter on Omarthis.\nWhen Omarthis dies, manifest a number of cards from the top of your library equal to the number of counters on it."
Temur Battle Rage,2.0,['R'],['R'],None,['Instant'],None,Common,CMM,None,None,None,Target creature gains double strike until end of turn.\nFerocious — That creature also gains trample until end of turn if you control a creature with power 4 or greater.
Sliver Gravemother,5.0,"['B', 'G', 'R', 'U', 'W']","['B', 'G', 'R', 'U', 'W']",['Legendary'],['Creature'],['Sliver'],Mythic,CMM,6,6,None,"The ""legend rule"" doesn't apply to Slivers you control.\nEach Sliver creature card in your graveyard has encore {X}, where X is its mana value.\nEncore {5} ({5}, Exile this card from your graveyard: For each opponent, create a token copy that attacks that opponent this turn if able. They gain haste. Sacrifice them at the beginning of the next end step. Activate only as a sorcery.)"
Tempt with Vengeance,1.0,['R'],['R'],None,['Sorcery'],None,Rare,CMM,None,None,None,"Tempting offer — Create X 1/1 red Elemental creature tokens with haste. Each opponent may create X 1/1 red Elemental creature tokens with haste. For each opponent who does, create X 1/1 red Elemental creature tokens with haste."
Sulfurous Blast,4.0,['R'],['R'],None,['Instant'],None,Common,CMM,None,None,None,"Sulfurous Blast deals 2 damage to each creature and each player. If you cast this spell during your main phase, Sulfurous Blast deals 3 damage to each creature and each player instead."
Commodore Guff,4.0,"['R', 'U', 'W']","['R', 'U', 'W']",['Legendary'],['Planeswalker'],['Guff'],Mythic,CMM,None,None,5,"At the beginning of your end step, put a loyalty counter on another target planeswalker you control.\n[+1]: Create a 1/1 red Wizard creature token with ""{T}: Add {R}. Spend this mana only to cast a planeswalker spell.""\n[−3]: You draw X cards and Commodore Guff deals X damage to each opponent, where X is the number of planeswalkers you control.\nCommodore Guff can be your commander."
"Subira, Tulzidi Caravanner",3.0,['R'],['R'],['Legendary'],['Creature'],"['Human', 'Shaman']",Uncommon,CMM,2,3,None,"Haste\n{1}: Another target creature with power 2 or less can't be blocked this turn.\n{1}{R}, {T}, Discard your hand: Until end of turn, whenever a creature you control with power 2 or less deals combat damage to a player, draw a card."
Storm-Kiln Artist,4.0,['R'],['R'],None,['Creature'],"['Dwarf', 'Shaman']",Uncommon,CMM,2,2,None,"Storm-Kiln Artist gets +1/+0 for each artifact you control.\nMagecraft — Whenever you cast or copy an instant or sorcery spell, create a Treasure token."
"Anikthea, Hand of Erebos",5.0,"['B', 'G', 'W']","['B', 'G', 'W']",['Legendary'],"['Enchantment', 'Creature']",['Demigod'],Mythic,CMM,4,4,None,"Menace\nOther enchantment creatures you control have menace.\nWhenever Anikthea enters the battlefield or attacks, exile up to one target non-Aura enchantment card from your graveyard. Create a token that's a copy of that card, except it's a 3/3 black Zombie creature in addition to its other types."
Star of Extinction,7.0,['R'],['R'],None,['Sorcery'],None,Rare,CMM,None,None,None,Destroy target land. Star of Extinction deals 20 damage to each creature and each planeswalker.
"Zhulodok, Void Gorger",6.0,None,None,['Legendary'],['Creature'],['Eldrazi'],Mythic,CMM,7,4,None,"Colorless spells you cast from your hand with mana value 7 or greater have ""Cascade, cascade."" (When you cast one, exile cards from the top of your library until you exile a nonland card that costs less. You may cast it without paying its mana cost. Put the exiled cards on the bottom of your library in a random order. Then do it again.)"
"Squee, Goblin Nabob",3.0,['R'],['R'],['Legendary'],['Creature'],['Goblin'],Uncommon,CMM,1,1,None,"At the beginning of your upkeep, you may return Squee, Goblin Nabob from your graveyard to your hand."
Spitebellows,6.0,['R'],['R'],None,['Creature'],['Elemental'],Common,CMM,6,1,None,"When Spitebellows leaves the battlefield, it deals 6 damage to target creature.\nEvoke {1}{R}{R} (You may cast this spell for its evoke cost. If you do, it's sacrificed when it enters the battlefield.)"
Spikeshot Goblin,3.0,['R'],['R'],None,['Creature'],"['Goblin', 'Shaman']",Common,CMM,1,2,None,"{R}, {T}: Spikeshot Goblin deals damage equal to its power to any target."
Slice and Dice,6.0,['R'],['R'],None,['Sorcery'],None,Uncommon,CMM,None,None,None,"Slice and Dice deals 4 damage to each creature.\nCycling {2}{R} ({2}{R}, Discard this card: Draw a card.)\nWhen you cycle Slice and Dice, you may have it deal 1 damage to each creature."
Skyline Despot,7.0,['R'],['R'],None,['Creature'],['Dragon'],Uncommon,CMM,5,5,None,"Flying\nWhen Skyline Despot enters the battlefield, you become the monarch.\nAt the beginning of your upkeep, if you're the monarch, create a 5/5 red Dragon creature token with flying."
Scourge of the Throne,6.0,['R'],['R'],None,['Creature'],['Dragon'],Rare,CMM,5,5,None,"Flying\nDethrone (Whenever this creature attacks the player with the most life or tied for most life, put a +1/+1 counter on it.)\nWhenever Scourge of the Throne attacks for the first time each turn, if it's attacking the player with the most life or tied for most life, untap all attacking creatures. After this phase, there is an additional combat phase."
Savage Beating,5.0,['R'],['R'],None,['Instant'],None,Mythic,CMM,None,None,None,"Cast this spell only during your turn and only during combat.\nChoose one —\n• Creatures you control gain double strike until end of turn.\n• Untap all creatures you control. After this phase, there is an additional combat phase.\nEntwine {1}{R} (Choose both if you pay the entwine cost.)"
Rorix Bladewing,6.0,['R'],['R'],['Legendary'],['Creature'],['Dragon'],Uncommon,CMM,6,5,None,"Flying, haste"
Ravaging Blaze,2.0,['R'],['R'],None,['Instant'],None,Uncommon,CMM,None,None,None,"Ravaging Blaze deals X damage to target creature.\nSpell mastery — If there are two or more instant and/or sorcery cards in your graveyard, Ravaging Blaze also deals X damage to that creature's controller."
Rapacious One,6.0,['R'],['R'],None,['Creature'],"['Eldrazi', 'Drone']",Common,CMM,5,4,None,"Trample\nWhenever Rapacious One deals combat damage to a player, create that many 0/1 colorless Eldrazi Spawn creature tokens. They have ""Sacrifice this creature: Add {C}."""
Rapacious Dragon,5.0,['R'],['R'],None,['Creature'],['Dragon'],Common,CMM,3,3,None,"Flying\nWhen Rapacious Dragon enters the battlefield, create two Treasure tokens. (They're artifacts with ""{T}, Sacrifice this artifact: Add one mana of any color."")"
Rakka Mar,4.0,['R'],['R'],['Legendary'],['Creature'],"['Human', 'Shaman']",Uncommon,CMM,2,2,None,"Haste\n{R}, {T}: Create a 3/1 red Elemental creature token with haste."
"Purphoros, God of the Forge",4.0,['R'],['R'],['Legendary'],"['Enchantment', 'Creature']",['God'],Mythic,CMM,6,5,None,"Indestructible\nAs long as your devotion to red is less than five, Purphoros isn't a creature.\nWhenever another creature enters the battlefield under your control, Purphoros deals 2 damage to each opponent.\n{2}{R}: Creatures you control get +1/+0 until end of turn."
Nesting Dragon,5.0,['R'],['R'],None,['Creature'],['Dragon'],Rare,CMM,5,4,None,"Flying\nLandfall — Whenever a land enters the battlefield under your control, create a 0/2 red Dragon Egg creature token with defender and ""When this creature dies, create a 2/2 red Dragon creature token with flying and '{R}: This creature gets +1/+0 until end of turn.'"""
"Neheb, the Eternal",5.0,['R'],['R'],['Legendary'],['Creature'],"['Zombie', 'Minotaur', 'Warrior']",Mythic,CMM,4,6,None,"Afflict 3 (Whenever this creature becomes blocked, defending player loses 3 life.)\nAt the beginning of your postcombat main phase, add {R} for each 1 life your opponents have lost this turn."
Meteoric Mace,6.0,['R'],['R'],None,['Artifact'],['Equipment'],Uncommon,CMM,None,None,None,"Equipped creature gets +4/+0 and has trample.\nEquip {4}\nCascade (When you cast this spell, exile cards from the top of your library until you exile a nonland card that costs less. You may cast it without paying its mana cost. Put the exiled cards on the bottom of your library in a random order.)"
Makeshift Munitions,2.0,['R'],['R'],None,['Enchantment'],None,Common,CMM,None,None,None,"{1}, Sacrifice an artifact or creature: Makeshift Munitions deals 1 damage to any target."
Magus of the Wheel,3.0,['R'],['R'],None,['Creature'],"['Human', 'Wizard']",Rare,CMM,3,3,None,"{1}{R}, {T}, Sacrifice Magus of the Wheel: Each player discards their hand, then draws seven cards."
Loyal Apprentice,2.0,['R'],['R'],None,['Creature'],"['Human', 'Artificer']",Uncommon,CMM,2,1,None,"Haste\nLieutenant — At the beginning of combat on your turn, if you control your commander, create a 1/1 colorless Thopter artifact creature token with flying. That token gains haste until end of turn."
Living Lightning,4.0,['R'],['R'],None,['Creature'],"['Elemental', 'Shaman']",Common,CMM,3,2,None,"When Living Lightning dies, return target instant or sorcery card from your graveyard to your hand."
"Krenko, Mob Boss",4.0,['R'],['R'],['Legendary'],['Creature'],"['Goblin', 'Warrior']",Rare,CMM,3,3,None,"{T}: Create X 1/1 red Goblin creature tokens, where X is the number of Goblins you control."
"Akiri, Fearless Voyager",3.0,"['R', 'W']","['R', 'W']",['Legendary'],['Creature'],"['Kor', 'Warrior']",Uncommon,CMM,3,3,None,"Whenever you attack a player with one or more equipped creatures, draw a card.\n{W}: You may unattach an Equipment from a creature you control. If you do, tap that creature and it gains indestructible until end of turn."
"Yisan, the Wanderer Bard",3.0,['G'],['G'],['Legendary'],['Creature'],"['Human', 'Rogue', 'Bard']",Rare,CMM,2,3,None,"{2}{G}, {T}, Put a verse counter on Yisan, the Wanderer Bard: Search your library for a creature card with mana value equal to the number of verse counters on Yisan, put it onto the battlefield, then shuffle."
"Yedora, Grave Gardener",5.0,['G'],['G'],['Legendary'],['Creature'],"['Treefolk', 'Druid']",Uncommon,CMM,5,5,None,"Whenever another nontoken creature you control dies, you may return it to the battlefield face down under its owner's control. It's a Forest land. (It has no other types or abilities.)"
Wildwood Scourge,1.0,['G'],['G'],None,['Creature'],['Hydra'],Uncommon,CMM,0,0,None,"Wildwood Scourge enters the battlefield with X +1/+1 counters on it.\nWhenever one or more +1/+1 counters are put on another non-Hydra creature you control, put a +1/+1 counter on Wildwood Scourge."
Wayward Swordtooth,3.0,['G'],['G'],None,['Creature'],['Dinosaur'],Rare,CMM,5,5,None,"Ascend (If you control ten or more permanents, you get the city's blessing for the rest of the game.)\nYou may play an additional land on each of your turns.\nWayward Swordtooth can't attack or block unless you have the city's blessing."
Verdeloth the Ancient,6.0,['G'],['G'],['Legendary'],['Creature'],['Treefolk'],Uncommon,CMM,4,7,None,"Kicker {X} (You may pay an additional {X} as you cast this spell.)\nSaproling creatures and other Treefolk creatures get +1/+1.\nWhen Verdeloth the Ancient enters the battlefield, if it was kicked, create X 1/1 green Saproling creature tokens."
Verdant Confluence,6.0,['G'],['G'],None,['Sorcery'],None,Rare,CMM,None,None,None,"Choose three. You may choose the same mode more than once.\n• Put two +1/+1 counters on target creature.\n• Return target permanent card from your graveyard to your hand.\n• Search your library for a basic land card, put it onto the battlefield tapped, then shuffle."
Tuskguard Captain,3.0,['G'],['G'],None,['Creature'],"['Human', 'Warrior']",Common,CMM,2,3,None,"Outlast {G} ({G}, {T}: Put a +1/+1 counter on this creature. Outlast only as a sorcery.)\nEach creature you control with a +1/+1 counter on it has trample."
Plains,0.0,None,['W'],['Basic'],['Land'],['Plains'],Common,CMM,None,None,None,({T}: Add {W}.)
Tooth and Nail,7.0,['G'],['G'],None,['Sorcery'],None,Rare,CMM,None,None,None,"Choose one —\n• Search your library for up to two creature cards, reveal them, put them into your hand, then shuffle.\n• Put up to two creature cards from your hand onto the battlefield.\nEntwine {2} (Choose both if you pay the entwine cost.)"
Plains,0.0,None,['W'],['Basic'],['Land'],['Plains'],Common,CMM,None,None,None,({T}: Add {W}.)
"Surrak, the Hunt Caller",4.0,['G'],['G'],['Legendary'],['Creature'],"['Human', 'Warrior']",Uncommon,CMM,5,4,None,"Formidable — At the beginning of combat on your turn, if creatures you control have total power 8 or greater, target creature you control gains haste until end of turn."
Rampaging Brontodon,7.0,['G'],['G'],None,['Creature'],['Dinosaur'],Uncommon,CMM,7,7,None,"Trample\nWhenever Rampaging Brontodon attacks, it gets +1/+1 until end of turn for each land you control."
Skysnare Spider,6.0,['G'],['G'],None,['Creature'],['Spider'],Common,CMM,6,6,None,Vigilance (Attacking doesn't cause this creature to tap.)\nReach (This creature can block creatures with flying.)
Plains,0.0,None,['W'],['Basic'],['Land'],['Plains'],Common,CMM,None,None,None,({T}: Add {W}.)
Song of the Dryads,3.0,['G'],['G'],None,['Enchantment'],['Aura'],Rare,CMM,None,None,None,Enchant permanent\nEnchanted permanent is a colorless Forest land.
Stonehoof Chieftain,8.0,['G'],['G'],None,['Creature'],"['Centaur', 'Warrior']",Rare,CMM,8,8,None,"Trample, indestructible\nWhenever another creature you control attacks, it gains trample and indestructible until end of turn."
Snakeskin Veil,1.0,['G'],['G'],None,['Instant'],None,Common,CMM,None,None,None,Put a +1/+1 counter on target creature you control. It gains hexproof until end of turn. (It can't be the target of spells or abilities your opponents control.)
Plains,0.0,None,['W'],['Basic'],['Land'],['Plains'],Common,CMM,None,None,None,({T}: Add {W}.)
Skyshroud Claim,4.0,['G'],['G'],None,['Sorcery'],None,Common,CMM,None,None,None,"Search your library for up to two Forest cards, put them onto the battlefield, then shuffle."
Plains,0.0,None,['W'],['Basic'],['Land'],['Plains'],Common,CMM,None,None,None,({T}: Add {W}.)
"Selvala, Heart of the Wilds",3.0,['G'],['G'],['Legendary'],['Creature'],"['Elf', 'Scout']",Mythic,CMM,2,3,None,"Whenever another creature enters the battlefield, its controller may draw a card if its power is greater than each other creature's power.\n{G}, {T}: Add X mana in any combination of colors, where X is the greatest power among creatures you control."
Island,0.0,None,['U'],['Basic'],['Land'],['Island'],Common,CMM,None,None,None,({T}: Add {U}.)
"Sakiko, Mother of Summer",6.0,['G'],['G'],['Legendary'],['Creature'],"['Snake', 'Shaman']",Rare,CMM,3,3,None,"Whenever a creature you control deals combat damage to a player, add that much {G}. Until end of turn, you don't lose this mana as steps and phases end."
Island,0.0,None,['U'],['Basic'],['Land'],['Island'],Common,CMM,None,None,None,({T}: Add {U}.)
Rot Shambler,2.0,['G'],['G'],None,['Creature'],['Fungus'],Common,CMM,1,1,None,"Whenever another creature you control dies, put a +1/+1 counter on Rot Shambler."
Island,0.0,None,['U'],['Basic'],['Land'],['Island'],Common,CMM,None,None,None,({T}: Add {U}.)
"Rishkar, Peema Renegade",3.0,['G'],['G'],['Legendary'],['Creature'],"['Elf', 'Druid']",Uncommon,CMM,2,2,None,"When Rishkar, Peema Renegade enters the battlefield, put a +1/+1 counter on each of up to two target creatures.\nEach creature you control with a counter on it has ""{T}: Add {G}."""
Swamp,0.0,None,['B'],['Basic'],['Land'],['Swamp'],Common,CMM,None,None,None,({T}: Add {B}.)
Ram Through,2.0,['G'],['G'],None,['Instant'],None,Common,CMM,None,None,None,"Target creature you control deals damage equal to its power to target creature you don't control. If the creature you control has trample, excess damage is dealt to that creature's controller instead."
Swamp,0.0,None,['B'],['Basic'],['Land'],['Swamp'],Common,CMM,None,None,None,({T}: Add {B}.)
Regal Behemoth,6.0,['G'],['G'],None,['Creature'],['Dinosaur'],Rare,CMM,5,5,None,"Trample\nWhen Regal Behemoth enters the battlefield, you become the monarch.\nWhenever you tap a land for mana while you're the monarch, add an additional one mana of any color."
Swamp,0.0,None,['B'],['Basic'],['Land'],['Swamp'],Common,CMM,None,None,None,({T}: Add {B}.)
Predatory Rampage,5.0,['G'],['G'],None,['Sorcery'],None,Uncommon,CMM,None,None,None,Creatures you control get +3/+3 until end of turn. Each creature your opponents control blocks this turn if able.
Mountain,0.0,None,['R'],['Basic'],['Land'],['Mountain'],Common,CMM,None,None,None,({T}: Add {R}.)
Kozilek's Predator,4.0,['G'],['G'],None,['Creature'],"['Eldrazi', 'Drone']",Common,CMM,3,3,None,"When Kozilek's Predator enters the battlefield, create two 0/1 colorless Eldrazi Spawn creature tokens. They have ""Sacrifice this creature: Add {C}."""
Mountain,0.0,None,['R'],['Basic'],['Land'],['Mountain'],Common,CMM,None,None,None,({T}: Add {R}.)
Pollenbright Druid,2.0,['G'],['G'],None,['Creature'],"['Elf', 'Druid']",Common,CMM,1,1,None,"When Pollenbright Druid enters the battlefield, choose one —\n• Put a +1/+1 counter on target creature.\n• Proliferate. (Choose any number of permanents and/or players, then give each another counter of each kind already there.)"
Mountain,0.0,None,['R'],['Basic'],['Land'],['Mountain'],Common,CMM,None,None,None,({T}: Add {R}.)
"Oviya Pashiri, Sage Lifecrafter",1.0,['G'],['G'],['Legendary'],['Creature'],"['Human', 'Artificer']",Uncommon,CMM,1,2,None,"{2}{G}, {T}: Create a 1/1 colorless Servo artifact creature token.\n{4}{G}, {T}: Create an X/X colorless Construct artifact creature token, where X is the number of creatures you control."
Forest,0.0,None,['G'],['Basic'],['Land'],['Forest'],Common,CMM,None,None,None,({T}: Add {G}.)
"Kazuul, Tyrant of the Cliffs",5.0,['R'],['R'],['Legendary'],['Creature'],"['Ogre', 'Warrior']",Uncommon,CMM,5,4,None,"Whenever a creature an opponent controls attacks, if you're the defending player, create a 3/3 red Ogre creature token unless that creature's controller pays {3}."
Forest,0.0,None,['G'],['Basic'],['Land'],['Forest'],Common,CMM,None,None,None,({T}: Add {G}.)
Insurrection,8.0,['R'],['R'],None,['Sorcery'],None,Mythic,CMM,None,None,None,Untap all creatures and gain control of them until end of turn. They gain haste until end of turn.
Forest,0.0,None,['G'],['Basic'],['Land'],['Forest'],Common,CMM,None,None,None,({T}: Add {G}.)
Inferno Titan,6.0,['R'],['R'],None,['Creature'],['Giant'],Rare,CMM,6,6,None,"{R}: Inferno Titan gets +1/+0 until end of turn.\nWhenever Inferno Titan enters the battlefield or attacks, it deals 3 damage divided as you choose among one, two, or three targets."
Endbringer,6.0,None,None,None,['Creature'],['Eldrazi'],Rare,CMM,5,5,None,"Untap Endbringer during each other player's untap step.\n{T}: Endbringer deals 1 damage to any target.\n{C}, {T}: Target creature can't attack or block this turn.\n{C}{C}, {T}: Draw a card."
Impulsive Pilferer,1.0,['R'],['R'],None,['Creature'],"['Goblin', 'Pirate']",Common,CMM,1,1,None,"When Impulsive Pilferer dies, create a Treasure token. (It's an artifact with ""{T}, Sacrifice this artifact: Add one mana of any color."")\nEncore {3}{R} ({3}{R}, Exile this card from your graveyard: For each opponent, create a token copy that attacks that opponent this turn if able. They gain haste. Sacrifice them at the beginning of the next end step. Activate only as a sorcery.)"
Endless One,0.0,None,None,None,['Creature'],['Eldrazi'],Rare,CMM,0,0,None,Endless One enters the battlefield with X +1/+1 counters on it.
Hoarding Dragon,5.0,['R'],['R'],None,['Creature'],['Dragon'],Uncommon,CMM,4,4,None,"Flying\nWhen Hoarding Dragon enters the battlefield, you may search your library for an artifact card, exile it, then shuffle.\nWhen Hoarding Dragon dies, you may put the exiled card into its owner's hand."
It That Betrays,12.0,None,None,None,['Creature'],['Eldrazi'],Rare,CMM,11,11,None,"Annihilator 2 (Whenever this creature attacks, defending player sacrifices two permanents.)\nWhenever an opponent sacrifices a nontoken permanent, put that card onto the battlefield under your control."
Hellkite Charger,6.0,['R'],['R'],None,['Creature'],['Dragon'],Rare,CMM,5,5,None,"Flying, haste\nWhenever Hellkite Charger attacks, you may pay {5}{R}{R}. If you do, untap all attacking creatures and after this phase, there is an additional combat phase."
All Is Dust,7.0,None,None,None,"['Tribal', 'Sorcery']",['Eldrazi'],Mythic,CMM,None,None,None,Each player sacrifices all permanents they control that are one or more colors.
Heartless Hidetsugu,5.0,['R'],['R'],['Legendary'],['Creature'],"['Ogre', 'Shaman']",Rare,CMM,4,3,None,"{T}: Heartless Hidetsugu deals damage to each player equal to half that player's life total, rounded down."
Matter Reshaper,3.0,None,None,None,['Creature'],['Eldrazi'],Rare,CMM,3,2,None,"({C} represents colorless mana.)\nWhen Matter Reshaper dies, reveal the top card of your library. You may put that card onto the battlefield if it's a permanent card with mana value 3 or less. Otherwise, put that card into your hand."
Havoc Jester,5.0,['R'],['R'],None,['Creature'],['Devil'],Uncommon,CMM,5,5,None,"Whenever you sacrifice a permanent, Havoc Jester deals 1 damage to any target."
Bane of Bala Ged,7.0,None,None,None,['Creature'],['Eldrazi'],Uncommon,CMM,7,5,None,"Whenever Bane of Bala Ged attacks, defending player exiles two permanents they control."
Guttersnipe,3.0,['R'],['R'],None,['Creature'],"['Goblin', 'Shaman']",Common,CMM,2,2,None,"Whenever you cast an instant or sorcery spell, Guttersnipe deals 2 damage to each opponent."
Not of This World,7.0,None,None,None,"['Tribal', 'Instant']",['Eldrazi'],Uncommon,CMM,None,None,None,Counter target spell or ability that targets a permanent you control.\nThis spell costs {7} less to cast if it targets a spell or ability that targets a creature you control with power 7 or greater.
"Grenzo, Havoc Raiser",2.0,['R'],['R'],['Legendary'],['Creature'],"['Goblin', 'Rogue']",Rare,CMM,2,2,None,"Whenever a creature you control deals combat damage to a player, choose one —\n• Goad target creature that player controls.\n• Exile the top card of that player's library. Until end of turn, you may cast that card and you may spend mana as though it were mana of any color to cast that spell."
Oblivion Sower,6.0,None,None,None,['Creature'],['Eldrazi'],Mythic,CMM,5,8,None,"When you cast this spell, target opponent exiles the top four cards of their library, then you may put any number of land cards that player owns from exile onto the battlefield under your control."
"Godo, Bandit Warlord",6.0,['R'],['R'],['Legendary'],['Creature'],"['Human', 'Barbarian']",Rare,CMM,3,3,None,"When Godo, Bandit Warlord enters the battlefield, you may search your library for an Equipment card, put it onto the battlefield, then shuffle.\nWhenever Godo attacks for the first time each turn, untap it and all Samurai you control. After this phase, there is an additional combat phase."
Spatial Contortion,2.0,None,None,None,['Instant'],None,Uncommon,CMM,None,None,None,({C} represents colorless mana.)\nTarget creature gets +3/-3 until end of turn.
Gargadon,7.0,['R'],['R'],None,['Creature'],['Beast'],Common,CMM,7,5,None,"Trample\nSuspend 4—{1}{R} (Rather than cast this card from your hand, you may pay {1}{R} and exile it with four time counters on it. At the beginning of your upkeep, remove a time counter. When the last is removed, you may cast it without paying its mana cost. It has haste.)"
Titan's Presence,3.0,None,None,None,['Instant'],None,Uncommon,CMM,None,None,None,"As an additional cost to cast this spell, reveal a colorless creature card from your hand.\nExile target creature if its power is less than or equal to the revealed card's power."
Furious Rise,3.0,['R'],['R'],None,['Enchantment'],None,Uncommon,CMM,None,None,None,"At the beginning of your end step, if you control a creature with power 4 or greater, exile the top card of your library. You may play that card until you exile another card with Furious Rise."
"Ugin, the Ineffable",6.0,None,None,['Legendary'],['Planeswalker'],['Ugin'],Rare,CMM,None,None,4,"Colorless spells you cast cost {2} less to cast.\n[+1]: Exile the top card of your library face down and look at it. Create a 2/2 colorless Spirit creature token. When that token leaves the battlefield, put the exiled card into your hand.\n[−3]: Destroy target permanent that's one or more colors."
Frontier Warmonger,4.0,['R'],['R'],None,['Creature'],"['Human', 'Warrior']",Uncommon,CMM,4,4,None,"Whenever one or more creatures attack one of your opponents or a planeswalker they control, those creatures gain menace until end of turn."
Ajani Steadfast,4.0,['W'],['W'],['Legendary'],['Planeswalker'],['Ajani'],Mythic,CMM,None,None,4,"[+1]: Until end of turn, up to one target creature gets +1/+1 and gains first strike, vigilance, and lifelink.\n[−2]: Put a +1/+1 counter on each creature you control and a loyalty counter on each other planeswalker you control.\n[−7]: You get an emblem with ""If a source would deal damage to you or a planeswalker you control, prevent all but 1 of that damage."""
Fists of Flame,2.0,['R'],['R'],None,['Instant'],None,Common,CMM,None,None,None,"Draw a card. Until end of turn, target creature gains trample and gets +1/+0 for each card you've drawn this turn."
Bonescythe Sliver,4.0,['W'],['W'],None,['Creature'],['Sliver'],Rare,CMM,2,2,None,Sliver creatures you control have double strike. (They deal both first-strike and regular combat damage.)
Fiery Confluence,4.0,['R'],['R'],None,['Sorcery'],None,Rare,CMM,None,None,None,Choose three. You may choose the same mode more than once.\n• Fiery Confluence deals 1 damage to each creature.\n• Fiery Confluence deals 2 damage to each opponent.\n• Destroy target artifact.
Archon of Sun's Grace,4.0,['W'],['W'],None,['Creature'],['Archon'],Rare,CMM,3,4,None,"Flying, lifelink\nPegasus creatures you control have lifelink.\nConstellation — Whenever an enchantment enters the battlefield under your control, create a 2/2 white Pegasus creature token with flying."
Fiendlash,2.0,['R'],['R'],None,['Artifact'],['Equipment'],Uncommon,CMM,None,None,None,"Equipped creature gets +2/+0 and has reach.\nWhenever equipped creature is dealt damage, it deals damage equal to its power to target player or planeswalker.\nEquip {2}{R}"
Warping Wail,2.0,None,None,None,['Instant'],None,Uncommon,CMM,None,None,None,"({C} represents colorless mana.)\nChoose one —\n• Exile target creature with power or toughness 1 or less.\n• Counter target sorcery spell.\n• Create a 1/1 colorless Eldrazi Scion creature token. It has ""Sacrifice this creature: Add {C}."""
Faithless Looting,1.0,['R'],['R'],None,['Sorcery'],None,Common,CMM,None,None,None,"Draw two cards, then discard two cards.\nFlashback {2}{R} (You may cast this card from your graveyard for its flashback cost. Then exile it.)"
Artisan of Kozilek,9.0,None,None,None,['Creature'],['Eldrazi'],Uncommon,CMM,10,9,None,"When you cast this spell, you may return target creature card from your graveyard to the battlefield.\nAnnihilator 2 (Whenever this creature attacks, defending player sacrifices two permanents.)"
Dwarven Hammer,3.0,['R'],['R'],None,['Artifact'],['Equipment'],Common,CMM,None,None,None,"When Dwarven Hammer enters the battlefield, you may pay {2}. If you do, create a 2/1 red Dwarf Berserker creature token, then attach Dwarven Hammer to it.\nEquipped creature gets +3/+0 and has trample.\nEquip {3}"
Cast Out,4.0,['W'],['W'],None,['Enchantment'],None,Uncommon,CMM,None,None,None,"Flash\nWhen Cast Out enters the battlefield, exile target nonland permanent an opponent controls until Cast Out leaves the battlefield.\nCycling {W} ({W}, Discard this card: Draw a card.)"
"Drakuseth, Maw of Flames",7.0,['R'],['R'],['Legendary'],['Creature'],['Dragon'],Rare,CMM,7,7,None,"Flying\nWhenever Drakuseth, Maw of Flames attacks, it deals 4 damage to any target and 3 damage to each of up to two other targets."
Cleansing Nova,5.0,['W'],['W'],None,['Sorcery'],None,Rare,CMM,None,None,None,Choose one —\n• Destroy all creatures.\n• Destroy all artifacts and enchantments.
Dragon Fodder,2.0,['R'],['R'],None,['Sorcery'],None,Common,CMM,None,None,None,Create two 1/1 red Goblin creature tokens.
Constricting Sliver,6.0,['W'],['W'],None,['Creature'],['Sliver'],Uncommon,CMM,3,3,None,"Sliver creatures you control have ""When this creature enters the battlefield, you may exile target creature an opponent controls until this creature leaves the battlefield."""
"Yargle, Glutton of Urborg",5.0,['B'],['B'],['Legendary'],['Creature'],"['Frog', 'Spirit']",Uncommon,CMM,9,3,None,None
Deploy the Gatewatch,6.0,['W'],['W'],None,['Sorcery'],None,Mythic,CMM,None,None,None,Look at the top seven cards of your library. Put up to two planeswalker cards from among them onto the battlefield. Put the rest on the bottom of your library in a random order.
"Daretti, Scrap Savant",4.0,['R'],['R'],['Legendary'],['Planeswalker'],['Daretti'],Rare,CMM,None,None,3,"[+2]: Discard up to two cards, then draw that many cards.\n[−2]: Sacrifice an artifact. If you do, return target artifact card from your graveyard to the battlefield.\n[−10]: You get an emblem with ""Whenever an artifact is put into your graveyard from the battlefield, return that card to the battlefield at the beginning of the next end step.""\nDaretti, Scrap Savant can be your commander."
"Elspeth, Sun's Champion",6.0,['W'],['W'],['Legendary'],['Planeswalker'],['Elspeth'],Mythic,CMM,None,None,4,"[+1]: Create three 1/1 white Soldier creature tokens.\n[−3]: Destroy all creatures with power 4 or greater.\n[−7]: You get an emblem with ""Creatures you control get +2/+2 and have flying."""
Disrupt Decorum,4.0,['R'],['R'],None,['Sorcery'],None,Rare,CMM,None,None,None,"Goad all creatures you don't control. (Until your next turn, those creatures attack each combat if able and attack a player other than you if able.)"
Felidar Retreat,4.0,['W'],['W'],None,['Enchantment'],None,Rare,CMM,None,None,None,"Landfall — Whenever a land enters the battlefield under your control, choose one —\n• Create a 2/2 white Cat Beast creature token.\n• Put a +1/+1 counter on each creature you control. Those creatures gain vigilance until end of turn."
Divergent Transformations,7.0,['R'],['R'],None,['Instant'],None,Rare,CMM,None,None,None,"Undaunted (This spell costs {1} less to cast for each opponent.)\nExile two target creatures. For each of those creatures, its controller reveals cards from the top of their library until they reveal a creature card, puts that card onto the battlefield, then shuffles the rest into their library."
Gideon Jura,5.0,['W'],['W'],['Legendary'],['Planeswalker'],['Gideon'],Mythic,CMM,None,None,6,"[+2]: During target opponent's next turn, creatures that player controls attack Gideon Jura if able.\n[−2]: Destroy target tapped creature.\n[0]: Until end of turn, Gideon Jura becomes a 6/6 Human Soldier creature that's still a planeswalker. Prevent all damage that would be dealt to him this turn."
Deflecting Swat,3.0,['R'],['R'],None,['Instant'],None,Rare,CMM,None,None,None,"If you control a commander, you may cast this spell without paying its mana cost.\nYou may choose new targets for target spell or ability."
Grasp of Fate,3.0,['W'],['W'],None,['Enchantment'],None,Rare,CMM,None,None,None,"When Grasp of Fate enters the battlefield, for each opponent, exile up to one target nonland permanent that player controls until Grasp of Fate leaves the battlefield. (Those permanents return under their owners' control.)"
Cyclops Electromancer,5.0,['R'],['R'],None,['Creature'],"['Cyclops', 'Wizard']",Common,CMM,4,2,None,"When Cyclops Electromancer enters the battlefield, it deals X damage to target creature an opponent controls, where X is the number of instant and sorcery cards in your graveyard."
Grateful Apparition,2.0,['W'],['W'],None,['Creature'],['Spirit'],Uncommon,CMM,1,1,None,"Flying\nWhenever Grateful Apparition deals combat damage to a player or planeswalker, proliferate. (Choose any number of permanents and/or players, then give each another counter of each kind already there.)"
Crimson Fleet Commodore,4.0,['R'],['R'],None,['Creature'],"['Ogre', 'Pirate']",Common,CMM,5,2,None,"Trample\nWhen Crimson Fleet Commodore enters the battlefield, you become the monarch."
Harsh Mercy,3.0,['W'],['W'],None,['Sorcery'],None,Rare,CMM,None,None,None,Each player chooses a creature type. Destroy all creatures that aren't of a type chosen this way. They can't be regenerated.
Champion of the Flame,2.0,['R'],['R'],None,['Creature'],"['Human', 'Warrior']",Common,CMM,1,1,None,Trample\nChampion of the Flame gets +2/+2 for each Aura and Equipment attached to it.
"Heliod, God of the Sun",4.0,['W'],['W'],['Legendary'],"['Enchantment', 'Creature']",['God'],Mythic,CMM,5,6,None,"Indestructible\nAs long as your devotion to white is less than five, Heliod isn't a creature. (Each {W} in the mana costs of permanents you control counts toward your devotion to white.)\nOther creatures you control have vigilance.\n{2}{W}{W}: Create a 2/1 white Cleric enchantment creature token."
Captain Ripley Vance,3.0,['R'],['R'],['Legendary'],['Creature'],"['Human', 'Pirate']",Uncommon,CMM,3,2,None,"Whenever you cast your third spell each turn, put a +1/+1 counter on Captain Ripley Vance, then it deals damage equal to its power to any target."
Love Song of Night and Day,3.0,['W'],['W'],None,['Enchantment'],['Saga'],Uncommon,CMM,None,None,None,Read ahead (Choose a chapter and start with that many lore counters. Add one after your draw step. Skipped chapters don't trigger. Sacrifice after III.)\nI — You and target opponent each draw two cards.\nII — Create a 1/1 white Bird creature token with flying.\nIII — Put a +1/+1 counter on each of up to two target creatures.
Blood Aspirant,2.0,['R'],['R'],None,['Creature'],"['Satyr', 'Berserker']",Common,CMM,1,1,None,"Whenever you sacrifice a permanent, put a +1/+1 counter on Blood Aspirant.\n{1}{R}, {T}, Sacrifice a creature or enchantment: Blood Aspirant deals 1 damage to target creature. That creature can't block this turn."
Mesa Enchantress,3.0,['W'],['W'],None,['Creature'],"['Human', 'Druid']",Rare,CMM,0,2,None,"Whenever you cast an enchantment spell, you may draw a card."
Abrade,2.0,['R'],['R'],None,['Instant'],None,Common,CMM,None,None,None,Choose one —\n• Abrade deals 3 damage to target creature.\n• Destroy target artifact.
Norn's Annex,5.0,['W'],['W'],None,['Artifact'],None,Rare,CMM,None,None,None,({W/P} can be paid with either {W} or 2 life.)\nCreatures can't attack you or planeswalkers you control unless their controller pays {W/P} for each of those creatures.
Balefire Dragon,7.0,['R'],['R'],None,['Creature'],['Dragon'],Mythic,CMM,6,6,None,"Flying\nWhenever Balefire Dragon deals combat damage to a player, it deals that much damage to each creature that player controls."
Oath of Gideon,3.0,['W'],['W'],['Legendary'],['Enchantment'],None,Rare,CMM,None,None,None,"When Oath of Gideon enters the battlefield, create two 1/1 white Kor Ally creature tokens.\nEach planeswalker you control enters the battlefield with an additional loyalty counter on it."
The Scarab God,5.0,"['B', 'U']","['B', 'U']",['Legendary'],['Creature'],['God'],Mythic,CMM,5,5,None,"At the beginning of your upkeep, each opponent loses X life and you scry X, where X is the number of Zombies you control.\n{2}{U}{B}: Exile target creature card from a graveyard. Create a token that's a copy of it, except it's a 4/4 black Zombie.\nWhen The Scarab God dies, return it to its owner's hand at the beginning of the next end step."
Omen of the Sun,3.0,['W'],['W'],None,['Enchantment'],None,Common,CMM,None,None,None,"Flash\nWhen Omen of the Sun enters the battlefield, create two 1/1 white Human Soldier creature tokens and you gain 2 life.\n{2}{W}, Sacrifice Omen of the Sun: Scry 2."
"Yahenni, Undying Partisan",3.0,['B'],['B'],['Legendary'],['Creature'],"['Aetherborn', 'Vampire']",Uncommon,CMM,2,2,None,"Haste\nWhenever a creature an opponent controls dies, put a +1/+1 counter on Yahenni, Undying Partisan.\nSacrifice another creature: Yahenni gains indestructible until end of turn."
Oreskos Explorer,2.0,['W'],['W'],None,['Creature'],"['Cat', 'Scout']",Uncommon,CMM,2,2,None,"When Oreskos Explorer enters the battlefield, search your library for up to X Plains cards, where X is the number of players who control more lands than you. Reveal those cards, put them into your hand, then shuffle."
Avatar of Slaughter,8.0,['R'],['R'],None,['Creature'],['Avatar'],Rare,CMM,8,8,None,All creatures have double strike and attack each combat if able.
Promise of Loyalty,5.0,['W'],['W'],None,['Sorcery'],None,Rare,CMM,None,None,None,Each player puts a vow counter on a creature they control and sacrifices the rest. Each of those creatures can't attack you or planeswalkers you control for as long as it has a vow counter on it.
Ashling the Pilgrim,2.0,['R'],['R'],['Legendary'],['Creature'],"['Elemental', 'Shaman']",Rare,CMM,1,1,None,"{1}{R}: Put a +1/+1 counter on Ashling the Pilgrim. If this is the third time this ability has resolved this turn, remove all +1/+1 counters from Ashling the Pilgrim, and it deals that much damage to each creature and each player."
Semester's End,4.0,['W'],['W'],None,['Instant'],None,Rare,CMM,None,None,None,"Exile any number of target creatures and/or planeswalkers you control. At the beginning of the next end step, return each of them to the battlefield under its owner's control. Each of them enters the battlefield with an additional +1/+1 counter on it if it's a creature and an additional loyalty counter on it if it's a planeswalker."
"Anax, Hardened in the Forge",3.0,['R'],['R'],['Legendary'],"['Enchantment', 'Creature']",['Demigod'],Uncommon,CMM,*,3,None,"Anax's power is equal to your devotion to red. (Each {R} in the mana costs of permanents you control counts toward your devotion to red.)\nWhenever Anax or another nontoken creature you control dies, create a 1/1 red Satyr creature token with ""This creature can't block."" If the creature had power 4 or greater, create two of those tokens instead."
Sentinel Sliver,2.0,['W'],['W'],None,['Creature'],['Sliver'],Common,CMM,2,2,None,Sliver creatures you control have vigilance. (Attacking doesn't cause them to tap.)
Wretched Confluence,5.0,['B'],['B'],None,['Instant'],None,Rare,CMM,None,None,None,Choose three. You may choose the same mode more than once.\n• Target player draws a card and loses 1 life.\n• Target creature gets -2/-2 until end of turn.\n• Return target creature card from your graveyard to your hand.
Sigil of the Empty Throne,5.0,['W'],['W'],None,['Enchantment'],None,Rare,CMM,None,None,None,"Whenever you cast an enchantment spell, create a 4/4 white Angel creature token with flying."
Witch's Cauldron,1.0,['B'],['B'],None,['Artifact'],None,Common,CMM,None,None,None,"{1}{B}, {T}, Sacrifice a creature: You gain 1 life and draw a card."
Sinew Sliver,2.0,['W'],['W'],None,['Creature'],['Sliver'],Common,CMM,1,1,None,All Sliver creatures get +1/+1.
"Whisper, Blood Liturgist",4.0,['B'],['B'],['Legendary'],['Creature'],"['Human', 'Cleric']",Uncommon,CMM,2,2,None,"{T}, Sacrifice two creatures: Return target creature card from your graveyard to the battlefield."
Spirited Companion,2.0,['W'],['W'],None,"['Enchantment', 'Creature']",['Dog'],Common,CMM,1,1,None,"When Spirited Companion enters the battlefield, draw a card."
Wake the Dead,2.0,['B'],['B'],None,['Instant'],None,Rare,CMM,None,None,None,Cast this spell only during combat on an opponent's turn.\nReturn X target creature cards from your graveyard to the battlefield. Sacrifice those creatures at the beginning of the next end step.
Starfield Mystic,2.0,['W'],['W'],None,['Creature'],"['Human', 'Cleric']",Rare,CMM,2,2,None,"Enchantment spells you cast cost {1} less to cast.\nWhenever an enchantment you control is put into a graveyard from the battlefield, put a +1/+1 counter on Starfield Mystic."
Vindictive Lich,4.0,['B'],['B'],None,['Creature'],"['Zombie', 'Wizard']",Rare,CMM,4,1,None,"When Vindictive Lich dies, choose one or more. Each mode must target a different player.\n• Target opponent sacrifices a creature.\n• Target opponent discards two cards.\n• Target opponent loses 5 life."
Starfield of Nyx,5.0,['W'],['W'],None,['Enchantment'],None,Mythic,CMM,None,None,None,"At the beginning of your upkeep, you may return target enchantment card from your graveyard to the battlefield.\nAs long as you control five or more enchantments, each other non-Aura enchantment you control is a creature in addition to its other types and has base power and base toughness each equal to its mana value."
Victimize,3.0,['B'],['B'],None,['Sorcery'],None,Uncommon,CMM,None,None,None,"Choose two target creature cards in your graveyard. Sacrifice a creature. If you do, return the chosen cards to the battlefield tapped."
Swords to Plowshares,1.0,['W'],['W'],None,['Instant'],None,Uncommon,CMM,None,None,None,Exile target creature. Its controller gains life equal to its power.
Twisted Abomination,6.0,['B'],['B'],None,['Creature'],"['Zombie', 'Mutant']",Common,CMM,5,3,None,"{B}: Regenerate Twisted Abomination.\nSwampcycling {2} ({2}, Discard this card: Search your library for a Swamp card, reveal it, put it into your hand, then shuffle.)"
Urza's Ruinous Blast,5.0,['W'],['W'],['Legendary'],['Sorcery'],None,Rare,CMM,None,None,None,(You may cast a legendary sorcery only if you control a legendary creature or planeswalker.)\nExile all nonland permanents that aren't legendary.
Twilight Prophet,4.0,['B'],['B'],None,['Creature'],"['Vampire', 'Cleric']",Mythic,CMM,2,4,None,"Flying\nAscend (If you control ten or more permanents, you get the city's blessing for the rest of the game.)\nAt the beginning of your upkeep, if you have the city's blessing, reveal the top card of your library and put it into your hand. Each opponent loses X life and you gain X life, where X is that card's mana value."
The Wanderer,4.0,['W'],['W'],['Legendary'],['Planeswalker'],None,Uncommon,CMM,None,None,5,Prevent all noncombat damage that would be dealt to you and other permanents you control.\n[−2]: Exile target creature with power 4 or greater.
Tragic Slip,1.0,['B'],['B'],None,['Instant'],None,Common,CMM,None,None,None,Target creature gets -1/-1 until end of turn.\nMorbid — That creature gets -13/-13 until end of turn instead if a creature died this turn.
Deepglow Skate,5.0,['U'],['U'],None,['Creature'],['Fish'],Rare,CMM,3,3,None,"When Deepglow Skate enters the battlefield, double the number of each kind of counter on any number of target permanents."
Toxic Deluge,3.0,['B'],['B'],None,['Sorcery'],None,Rare,CMM,None,None,None,"As an additional cost to cast this spell, pay X life.\nAll creatures get -X/-X until end of turn."
Diffusion Sliver,2.0,['U'],['U'],None,['Creature'],['Sliver'],Uncommon,CMM,1,1,None,"Whenever a Sliver creature you control becomes the target of a spell or ability an opponent controls, counter that spell or ability unless its controller pays {2}."
Thorn of the Black Rose,4.0,['B'],['B'],None,['Creature'],"['Human', 'Assassin']",Common,CMM,1,3,None,"Deathtouch\nWhen Thorn of the Black Rose enters the battlefield, you become the monarch."
Distant Melody,4.0,['U'],['U'],None,['Sorcery'],None,Common,CMM,None,None,None,Choose a creature type. Draw a card for each permanent you control of that type.
"Taborax, Hope's Demise",3.0,['B'],['B'],['Legendary'],['Creature'],"['Demon', 'Cleric']",Uncommon,CMM,2,2,None,"Flying\nTaborax, Hope's Demise has lifelink as long as it has five or more +1/+1 counters on it.\nWhenever another nontoken creature you control dies, put a +1/+1 counter on Taborax. If that creature was a Cleric, you may draw a card. If you do, you lose 1 life."
Flux Channeler,3.0,['U'],['U'],None,['Creature'],"['Human', 'Wizard']",Uncommon,CMM,2,2,None,"Whenever you cast a noncreature spell, proliferate. (Choose any number of permanents and/or players, then give each another counter of each kind already there.)"
Supernatural Stamina,1.0,['B'],['B'],None,['Instant'],None,Common,CMM,None,None,None,"Until end of turn, target creature gets +2/+0 and gains ""When this creature dies, return it to the battlefield tapped under its owner's control."""
Fog Bank,2.0,['U'],['U'],None,['Creature'],['Wall'],Uncommon,CMM,0,2,None,"Defender, flying\nPrevent all combat damage that would be dealt to and dealt by Fog Bank."
"Raff Capashen, Ship's Mage",4.0,"['U', 'W']","['U', 'W']",['Legendary'],['Creature'],"['Human', 'Wizard']",Uncommon,CMM,3,3,None,"Flash\nFlying\nYou may cast historic spells as though they had flash. (Artifacts, legendaries, and Sagas are historic.)"
Galerider Sliver,1.0,['U'],['U'],None,['Creature'],['Sliver'],Rare,CMM,1,1,None,Sliver creatures you control have flying.
Sower of Discord,6.0,['B'],['B'],None,['Creature'],['Demon'],Rare,CMM,6,6,None,"Flying\nAs Sower of Discord enters the battlefield, choose two players.\nWhenever damage is dealt to one of the chosen players, the other chosen player also loses that much life."
Jace Beleren,3.0,['U'],['U'],['Legendary'],['Planeswalker'],['Jace'],Mythic,CMM,None,None,3,[+2]: Each player draws a card.\n[−1]: Target player draws a card.\n[−10]: Target player mills twenty cards.
"Shirei, Shizo's Caretaker",5.0,['B'],['B'],['Legendary'],['Creature'],['Spirit'],Uncommon,CMM,2,2,None,"Whenever a creature with power 1 or less is put into your graveyard from the battlefield, you may return that card to the battlefield at the beginning of the next end step if Shirei, Shizo's Caretaker is still on the battlefield."
"Jace, Architect of Thought",4.0,['U'],['U'],['Legendary'],['Planeswalker'],['Jace'],Mythic,CMM,None,None,4,"[+1]: Until your next turn, whenever a creature an opponent controls attacks, it gets -1/-0 until end of turn.\n[−2]: Reveal the top three cards of your library. An opponent separates those cards into two piles. Put one pile into your hand and the other on the bottom of your library in any order.\n[−8]: For each player, search that player's library for a nonland card and exile it, then that player shuffles. You may cast those cards without paying their mana costs."
Serrated Scorpion,1.0,['B'],['B'],None,['Creature'],['Scorpion'],Common,CMM,1,2,None,"When Serrated Scorpion dies, it deals 2 damage to each opponent and you gain 2 life."
"Jace, Mirror Mage",3.0,['U'],['U'],['Legendary'],['Planeswalker'],['Jace'],Mythic,CMM,None,None,4,"Kicker {2}\nWhen Jace, Mirror Mage enters the battlefield, if Jace was kicked, create a token that's a copy of Jace, Mirror Mage, except it's not legendary and its starting loyalty is 1.\n[+1]: Scry 2.\n[0]: Draw a card and reveal it. Remove a number of loyalty counters equal to that card's mana value from Jace, Mirror Mage."
Rune-Scarred Demon,7.0,['B'],['B'],None,['Creature'],['Demon'],Rare,CMM,6,6,None,"Flying\nWhen Rune-Scarred Demon enters the battlefield, search your library for a card, put it into your hand, then shuffle."
"Narset, Parter of Veils",3.0,['U'],['U'],['Legendary'],['Planeswalker'],['Narset'],Uncommon,CMM,None,None,5,"Each opponent can't draw more than one card each turn.\n[−2]: Look at the top four cards of your library. You may reveal a noncreature, nonland card from among them and put it into your hand. Put the rest on the bottom of your library in a random order."
Oath of Jace,3.0,['U'],['U'],['Legendary'],['Enchantment'],None,Rare,CMM,None,None,None,"When Oath of Jace enters the battlefield, draw three cards, then discard two cards.\nAt the beginning of your upkeep, scry X, where X is the number of planeswalkers you control."
Reassembling Skeleton,2.0,['B'],['B'],None,['Creature'],"['Skeleton', 'Warrior']",Uncommon,CMM,1,1,None,{1}{B}: Return Reassembling Skeleton from your graveyard to the battlefield tapped.
Shifting Sliver,4.0,['U'],['U'],None,['Creature'],['Sliver'],Uncommon,CMM,2,2,None,Slivers can't be blocked except by Slivers.
Read the Bones,3.0,['B'],['B'],None,['Sorcery'],None,Common,CMM,None,None,None,"Scry 2, then draw two cards. You lose 2 life."
Spark Double,4.0,['U'],['U'],None,['Creature'],['Illusion'],Rare,CMM,0,0,None,"You may have Spark Double enter the battlefield as a copy of a creature or planeswalker you control, except it enters with an additional +1/+1 counter on it if it's a creature, it enters with an additional loyalty counter on it if it's a planeswalker, and it isn't legendary."
"Razaketh, the Foulblooded",8.0,['B'],['B'],['Legendary'],['Creature'],['Demon'],Mythic,CMM,8,8,None,"Flying, trample\nPay 2 life, Sacrifice another creature: Search your library for a card, put that card into your hand, then shuffle."
Synapse Sliver,5.0,['U'],['U'],None,['Creature'],['Sliver'],Rare,CMM,3,3,None,"Whenever a Sliver deals combat damage to a player, its controller may draw a card."
"Rankle, Master of Pranks",4.0,['B'],['B'],['Legendary'],['Creature'],"['Faerie', 'Rogue']",Rare,CMM,3,3,None,"Flying, haste\nWhenever Rankle, Master of Pranks deals combat damage to a player, choose any number —\n• Each player discards a card.\n• Each player loses 1 life and draws a card.\n• Each player sacrifices a creature."
Thrummingbird,2.0,['U'],['U'],None,['Creature'],"['Phyrexian', 'Bird', 'Horror']",Uncommon,CMM,1,1,None,"Flying\nWhenever Thrummingbird deals combat damage to a player, proliferate. (Choose any number of permanents and/or players, then give each another counter of each kind already there.)"
Priest of the Blood Rite,5.0,['B'],['B'],None,['Creature'],"['Human', 'Cleric']",Uncommon,CMM,2,2,None,"When Priest of the Blood Rite enters the battlefield, create a 5/5 black Demon creature token with flying.\nAt the beginning of your upkeep, you lose 2 life."
Windfall,3.0,['U'],['U'],None,['Sorcery'],None,Uncommon,CMM,None,None,None,"Each player discards their hand, then draws cards equal to the greatest number of cards a player discarded this way."
Phyrexian Gargantua,6.0,['B'],['B'],None,['Creature'],"['Phyrexian', 'Horror']",Common,CMM,4,4,None,"When Phyrexian Gargantua enters the battlefield, you draw two cards and you lose 2 life."
Winged Sliver,2.0,['U'],['U'],None,['Creature'],['Sliver'],Common,CMM,1,1,None,All Sliver creatures have flying.
Ogre Slumlord,5.0,['B'],['B'],None,['Creature'],"['Ogre', 'Rogue']",Rare,CMM,3,3,None,"Whenever another nontoken creature dies, you may create a 1/1 black Rat creature token.\nRats you control have deathtouch."
Clot Sliver,2.0,['B'],['B'],None,['Creature'],['Sliver'],Common,CMM,1,1,None,"All Slivers have ""{2}: Regenerate this permanent."""
Ob Nixilis of the Black Oath,5.0,['B'],['B'],['Legendary'],['Planeswalker'],['Nixilis'],Rare,CMM,None,None,3,"[+2]: Each opponent loses 1 life. You gain life equal to the life lost this way.\n[−2]: Create a 5/5 black Demon creature token with flying. You lose 2 life.\n[−8]: You get an emblem with ""{1}{B}, Sacrifice a creature: You gain X life and draw X cards, where X is the sacrificed creature's power.""\nOb Nixilis of the Black Oath can be your commander."
Crippling Fear,4.0,['B'],['B'],None,['Sorcery'],None,Rare,CMM,None,None,None,Choose a creature type. Creatures that aren't of the chosen type get -3/-3 until end of turn.
Nadier's Nightblade,3.0,['B'],['B'],None,['Creature'],"['Elf', 'Warrior']",Common,CMM,1,3,None,"Whenever a token you control leaves the battlefield, each opponent loses 1 life and you gain 1 life."
Crypt Sliver,2.0,['B'],['B'],None,['Creature'],['Sliver'],Common,CMM,1,1,None,"All Slivers have ""{T}: Regenerate target Sliver."""
Cunning Rhetoric,3.0,['B'],['B'],None,['Enchantment'],None,Rare,CMM,None,None,None,"Whenever an opponent attacks you and/or one or more planeswalkers you control, exile the top card of that player's library. You may play that card for as long as it remains exiled, and you may spend mana as though it were mana of any color to cast it."
Mire Triton,2.0,['B'],['B'],None,['Creature'],"['Zombie', 'Merfolk']",Common,CMM,2,1,None,"Deathtouch\nWhen Mire Triton enters the battlefield, mill two cards and you gain 2 life."
Doomwake Giant,5.0,['B'],['B'],None,"['Enchantment', 'Creature']",['Giant'],Rare,CMM,4,6,None,"Constellation — Whenever Doomwake Giant or another enchantment enters the battlefield under your control, creatures your opponents control get -1/-1 until end of turn."
"Mikaeus, the Unhallowed",6.0,['B'],['B'],['Legendary'],['Creature'],"['Zombie', 'Cleric']",Mythic,CMM,5,5,None,"Intimidate (This creature can't be blocked except by artifact creatures and/or creatures that share a color with it.)\nWhenever a Human deals damage to you, destroy it.\nOther non-Human creatures you control get +1/+1 and have undying. (When a creature with undying dies, if it had no +1/+1 counters on it, return it to the battlefield under its owner's control with a +1/+1 counter on it.)"
Dreadhorde Invasion,2.0,['B'],['B'],None,['Enchantment'],None,Rare,CMM,None,None,None,"At the beginning of your upkeep, you lose 1 life and amass Zombies 1. (Put a +1/+1 counter on an Army you control. It's also a Zombie. If you don't control an Army, create a 0/0 black Zombie Army creature token first.)\nWhenever a Zombie token you control with power 6 or greater attacks, it gains lifelink until end of turn."
Loyal Subordinate,3.0,['B'],['B'],None,['Creature'],['Zombie'],Uncommon,CMM,3,1,None,"Menace\nLieutenant — At the beginning of combat on your turn, if you control your commander, each opponent loses 3 life."
The Eldest Reborn,5.0,['B'],['B'],None,['Enchantment'],['Saga'],Uncommon,CMM,None,None,None,"(As this Saga enters and after your draw step, add a lore counter. Sacrifice after III.)\nI — Each opponent sacrifices a creature or planeswalker.\nII — Each opponent discards a card.\nIII — Put target creature or planeswalker card from a graveyard onto the battlefield under your control."
Lotleth Giant,7.0,['B'],['B'],None,['Creature'],"['Zombie', 'Giant']",Common,CMM,6,5,None,"Undergrowth — When Lotleth Giant enters the battlefield, it deals 1 damage to target opponent for each creature card in your graveyard."
"Erebos, Bleak-Hearted",4.0,['B'],['B'],['Legendary'],"['Enchantment', 'Creature']",['God'],Mythic,CMM,5,6,None,"Indestructible\nAs long as your devotion to black is less than five, Erebos isn't a creature.\nWhenever another creature you control dies, you may pay 2 life. If you do, draw a card.\n{1}{B}, Sacrifice another creature: Target creature gets -2/-1 until end of turn."
Legion Vanguard,2.0,['B'],['B'],None,['Creature'],"['Vampire', 'Soldier']",Common,CMM,2,2,None,"{1}, Sacrifice another creature: Legion Vanguard explores. (Reveal the top card of your library. Put that card into your hand if it's a land. Otherwise, put a +1/+1 counter on this creature, then put the card back or put it into your graveyard.)"
Mindwrack Harpy,4.0,['B'],['B'],None,"['Enchantment', 'Creature']",['Harpy'],Common,CMM,3,2,None,"Flying\nAt the beginning of combat on your turn, each player mills three cards."
Kindred Dominance,7.0,['B'],['B'],None,['Sorcery'],None,Rare,CMM,None,None,None,Choose a creature type. Destroy all creatures that aren't of the chosen type.
Syphon Sliver,3.0,['B'],['B'],None,['Creature'],['Sliver'],Rare,CMM,2,2,None,Sliver creatures you control have lifelink. (Damage dealt by a Sliver creature you control also causes you to gain that much life.)
Isareth the Awakener,3.0,['B'],['B'],['Legendary'],['Creature'],"['Human', 'Wizard']",Uncommon,CMM,3,3,None,"Deathtouch\nWhenever Isareth the Awakener attacks, you may pay {X}. When you do, return target creature card with mana value X from your graveyard to the battlefield with a corpse counter on it. If that creature would leave the battlefield, exile it instead of putting it anywhere else."
Blade Sliver,3.0,['R'],['R'],None,['Creature'],['Sliver'],Uncommon,CMM,2,2,None,All Sliver creatures get +1/+0.
Imp's Mischief,2.0,['B'],['B'],None,['Instant'],None,Rare,CMM,None,None,None,Change the target of target spell with a single target. You lose life equal to that spell's mana value.
Blasphemous Act,9.0,['R'],['R'],None,['Sorcery'],None,Rare,CMM,None,None,None,This spell costs {1} less to cast for each creature on the battlefield.\nBlasphemous Act deals 13 damage to each creature.
Heartless Act,2.0,['B'],['B'],None,['Instant'],None,Uncommon,CMM,None,None,None,Choose one —\n• Destroy target creature with no counters on it.\n• Remove up to three counters from target creature.
Blur Sliver,3.0,['R'],['R'],None,['Creature'],['Sliver'],Common,CMM,2,2,None,Sliver creatures you control have haste. (They can attack and {T} as soon as they come under your control.)
Grave Pact,4.0,['B'],['B'],None,['Enchantment'],None,Mythic,CMM,None,None,None,"Whenever a creature you control dies, each other player sacrifices a creature."
Bonesplitter Sliver,4.0,['R'],['R'],None,['Creature'],['Sliver'],Common,CMM,2,2,None,All Sliver creatures get +2/+0.
"Gorex, the Tombshell",8.0,['B'],['B'],['Legendary'],['Creature'],"['Zombie', 'Turtle']",Uncommon,CMM,4,4,None,"As an additional cost to cast this spell, you may exile any number of creature cards from your graveyard. This spell costs {2} less to cast for each card exiled this way.\nDeathtouch\nWhenever Gorex, the Tombshell attacks or dies, choose a card at random exiled with Gorex and put that card into its owner's hand."
"Chandra, Awakened Inferno",6.0,['R'],['R'],['Legendary'],['Planeswalker'],['Chandra'],Mythic,CMM,None,None,6,"This spell can't be countered.\n[+2]: Each opponent gets an emblem with ""At the beginning of your upkeep, this emblem deals 1 damage to you.""\n[−3]: Chandra, Awakened Inferno deals 3 damage to each non-Elemental creature.\n[−X]: Chandra, Awakened Inferno deals X damage to target creature or planeswalker. If a permanent dealt damage this way would die this turn, exile it instead."
Goremand,6.0,['B'],['B'],None,['Creature'],['Demon'],Uncommon,CMM,5,5,None,"As an additional cost to cast this spell, sacrifice a creature.\nFlying\nTrample (This creature can deal excess combat damage to the player or planeswalker it's attacking.)\nWhen Goremand enters the battlefield, each opponent sacrifices a creature."
"Chandra, Torch of Defiance",4.0,['R'],['R'],['Legendary'],['Planeswalker'],['Chandra'],Mythic,CMM,None,None,4,"[+1]: Exile the top card of your library. You may cast that card. If you don't, Chandra, Torch of Defiance deals 2 damage to each opponent.\n[+1]: Add {R}{R}.\n[−3]: Chandra, Torch of Defiance deals 4 damage to target creature.\n[−7]: You get an emblem with ""Whenever you cast a spell, this emblem deals 5 damage to any target."""
"Gonti, Lord of Luxury",4.0,['B'],['B'],['Legendary'],['Creature'],"['Aetherborn', 'Rogue']",Uncommon,CMM,2,3,None,"Deathtouch\nWhen Gonti, Lord of Luxury enters the battlefield, look at the top four cards of target opponent's library, exile one of them face down, then put the rest on the bottom of that library in a random order. You may cast that card for as long as it remains exiled, and mana of any type can be spent to cast that spell."
Cleaving Sliver,4.0,['R'],['R'],None,['Creature'],['Sliver'],Common,CMM,2,2,None,Sliver creatures you control get +2/+0.
Ghoulcaller Gisa,5.0,['B'],['B'],['Legendary'],['Creature'],"['Human', 'Wizard']",Rare,CMM,3,4,None,"{B}, {T}, Sacrifice another creature: Create X 2/2 black Zombie creature tokens, where X is the sacrificed creature's power."
Hollowhead Sliver,3.0,['R'],['R'],None,['Creature'],['Sliver'],Uncommon,CMM,2,2,None,"Sliver creatures you control have ""{T}, Discard a card: Draw a card."""
Final Parting,5.0,['B'],['B'],None,['Sorcery'],None,Uncommon,CMM,None,None,None,Search your library for two cards. Put one into your hand and the other into your graveyard. Then shuffle.
Repeated Reverberation,4.0,['R'],['R'],None,['Instant'],None,Rare,CMM,None,None,None,"When you next cast an instant spell, cast a sorcery spell, or activate a loyalty ability this turn, copy that spell or ability twice. You may choose new targets for the copies."
Feed the Swarm,2.0,['B'],['B'],None,['Sorcery'],None,Common,CMM,None,None,None,Destroy target creature or enchantment an opponent controls. You lose life equal to that permanent's mana value.
Sarkhan the Masterless,5.0,['R'],['R'],['Legendary'],['Planeswalker'],['Sarkhan'],Rare,CMM,None,None,5,"Whenever a creature attacks you or a planeswalker you control, each Dragon you control deals 1 damage to that creature.\n[+1]: Until end of turn, each planeswalker you control becomes a 4/4 red Dragon creature and gains flying.\n[−3]: Create a 4/4 red Dragon creature token with flying."
Feast of Succession,6.0,['B'],['B'],None,['Sorcery'],None,Uncommon,CMM,None,None,None,All creatures get -4/-4 until end of turn. You become the monarch.
Spiteful Sliver,3.0,['R'],['R'],None,['Creature'],['Sliver'],Rare,CMM,2,2,None,"Sliver creatures you control have ""Whenever this creature is dealt damage, it deals that much damage to target player or planeswalker."""
Extinguish All Hope,6.0,['B'],['B'],None,['Sorcery'],None,Uncommon,CMM,None,None,None,Destroy all nonenchantment creatures.
Striking Sliver,1.0,['R'],['R'],None,['Creature'],['Sliver'],Common,CMM,1,1,None,Sliver creatures you control have first strike. (They deal combat damage before creatures without first strike.)
Exsanguinate,2.0,['B'],['B'],None,['Sorcery'],None,Uncommon,CMM,None,None,None,Each opponent loses X life. You gain life equal to the life lost this way.
Two-Headed Sliver,2.0,['R'],['R'],None,['Creature'],['Sliver'],Common,CMM,1,1,None,All Sliver creatures have menace. (They can't be blocked except by two or more creatures.)
"Endrek Sahr, Master Breeder",5.0,['B'],['B'],['Legendary'],['Creature'],"['Human', 'Wizard']",Rare,CMM,2,2,None,"Whenever you cast a creature spell, create X 1/1 black Thrull creature tokens, where X is that spell's mana value.\nWhen you control seven or more Thrulls, sacrifice Endrek Sahr, Master Breeder."
Abundance,4.0,['G'],['G'],None,['Enchantment'],None,Rare,CMM,None,None,None,"If you would draw a card, you may instead choose land or nonland and reveal cards from the top of your library until you reveal a card of the chosen kind. Put that card into your hand and put all other cards revealed this way on the bottom of your library in any order."
Drown in Sorrow,3.0,['B'],['B'],None,['Sorcery'],None,Common,CMM,None,None,None,All creatures get -2/-2 until end of turn. Scry 1. (Look at the top card of your library. You may put that card on the bottom of your library.)
Arasta of the Endless Web,4.0,['G'],['G'],['Legendary'],"['Enchantment', 'Creature']",['Spider'],Rare,CMM,3,5,None,"Reach\nWhenever an opponent casts an instant or sorcery spell, create a 1/2 green Spider creature token with reach."
Dread Return,4.0,['B'],['B'],None,['Sorcery'],None,Common,CMM,None,None,None,Return target creature card from your graveyard to the battlefield.\nFlashback—Sacrifice three creatures. (You may cast this card from your graveyard for its flashback cost. Then exile it.)
The Binding of the Titans,2.0,['G'],['G'],None,['Enchantment'],['Saga'],Uncommon,CMM,None,None,None,"(As this Saga enters and after your draw step, add a lore counter. Sacrifice after III.)\nI — Each player mills three cards.\nII — Exile up to two target cards from graveyards. For each creature card exiled this way, you gain 1 life.\nIII — Return target creature or land card from your graveyard to your hand."
Dread Drone,5.0,['B'],['B'],None,['Creature'],"['Eldrazi', 'Drone']",Common,CMM,4,1,None,"When Dread Drone enters the battlefield, create two 0/1 colorless Eldrazi Spawn creature tokens. They have ""Sacrifice this creature: Add {C}."""
Brood Sliver,5.0,['G'],['G'],None,['Creature'],['Sliver'],Rare,CMM,3,3,None,"Whenever a Sliver deals combat damage to a player, its controller may create a 1/1 colorless Sliver creature token."
Demonlord Belzenlok,6.0,['B'],['B'],['Legendary'],['Creature'],"['Elder', 'Demon']",Rare,CMM,6,6,None,"Flying, trample\nWhen Demonlord Belzenlok enters the battlefield, exile cards from the top of your library until you exile a nonland card, then put that card into your hand. If the card's mana value is 4 or greater, repeat this process. Demonlord Belzenlok deals 1 damage to you for each card put into your hand this way."
Courser of Kruphix,3.0,['G'],['G'],None,"['Enchantment', 'Creature']",['Centaur'],Rare,CMM,2,4,None,"Play with the top card of your library revealed.\nYou may play lands from the top of your library.\nLandfall — Whenever a land enters the battlefield under your control, you gain 1 life."
Demonic Tutor,2.0,['B'],['B'],None,['Sorcery'],None,Mythic,CMM,None,None,None,"Search your library for a card, put that card into your hand, then shuffle."
Cultivate,3.0,['G'],['G'],None,['Sorcery'],None,Common,CMM,None,None,None,"Search your library for up to two basic land cards, reveal those cards, put one onto the battlefield tapped and the other into your hand, then shuffle."
Demon's Disciple,3.0,['B'],['B'],None,['Creature'],"['Human', 'Cleric']",Common,CMM,3,1,None,"When Demon's Disciple enters the battlefield, each player sacrifices a creature or planeswalker."
Destiny Spinner,2.0,['G'],['G'],None,"['Enchantment', 'Creature']",['Human'],Uncommon,CMM,2,3,None,"Creature and enchantment spells you control can't be countered.\n{3}{G}: Target land you control becomes an X/X Elemental creature with trample and haste until end of turn, where X is the number of enchantments you control. It's still a land."
Decree of Pain,8.0,['B'],['B'],None,['Sorcery'],None,Rare,CMM,None,None,None,"Destroy all creatures. They can't be regenerated. Draw a card for each creature destroyed this way.\nCycling {3}{B}{B} ({3}{B}{B}, Discard this card: Draw a card.)\nWhen you cycle Decree of Pain, all creatures get -2/-2 until end of turn."
Dryad of the Ilysian Grove,3.0,['G'],['G'],None,"['Enchantment', 'Creature']","['Nymph', 'Dryad']",Rare,CMM,2,4,None,You may play an additional land on each of your turns.\nLands you control are every basic land type in addition to their other types.
Deadly Rollick,4.0,['B'],['B'],None,['Instant'],None,Rare,CMM,None,None,None,"If you control a commander, you may cast this spell without paying its mana cost.\nExile target creature."
Eidolon of Blossoms,4.0,['G'],['G'],None,"['Enchantment', 'Creature']",['Spirit'],Rare,CMM,2,2,None,"Constellation — Whenever Eidolon of Blossoms or another enchantment enters the battlefield under your control, draw a card."
Curtains' Call,6.0,['B'],['B'],None,['Instant'],None,Rare,CMM,None,None,None,Undaunted (This spell costs {1} less to cast for each opponent.)\nDestroy two target creatures.
Enchantress's Presence,3.0,['G'],['G'],None,['Enchantment'],None,Rare,CMM,None,None,None,"Whenever you cast an enchantment spell, draw a card."
Corpse Augur,4.0,['B'],['B'],None,['Creature'],"['Zombie', 'Wizard']",Uncommon,CMM,4,2,None,"When Corpse Augur dies, you draw X cards and you lose X life, where X is the number of creature cards in target player's graveyard."
Farseek,2.0,['G'],['G'],None,['Sorcery'],None,Common,CMM,None,None,None,"Search your library for a Plains, Island, Swamp, or Mountain card, put it onto the battlefield tapped, then shuffle."
"Chainer, Dementia Master",5.0,['B'],['B'],['Legendary'],['Creature'],"['Human', 'Minion']",Rare,CMM,3,3,None,"All Nightmares get +1/+1.\n{B}{B}{B}, Pay 3 life: Put target creature card from a graveyard onto the battlefield under your control. That creature is black and is a Nightmare in addition to its other creature types.\nWhen Chainer, Dementia Master leaves the battlefield, exile all Nightmares."
Font of Fertility,1.0,['G'],['G'],None,['Enchantment'],None,Common,CMM,None,None,None,"{1}{G}, Sacrifice Font of Fertility: Search your library for a basic land card, put it onto the battlefield tapped, then shuffle."
Carrion Grub,4.0,['B'],['B'],None,['Creature'],['Insect'],Common,CMM,0,5,None,"Carrion Grub gets +X/+0, where X is the greatest power among creature cards in your graveyard.\nWhen Carrion Grub enters the battlefield, mill four cards. (Put the top four cards of your library into your graveyard.)"
Gemhide Sliver,2.0,['G'],['G'],None,['Creature'],['Sliver'],Common,CMM,1,1,None,"All Slivers have ""{T}: Add one mana of any color."""
Carrier Thrall,2.0,['B'],['B'],None,['Creature'],['Vampire'],Common,CMM,2,1,None,"When Carrier Thrall dies, create a 1/1 colorless Eldrazi Scion creature token. It has ""Sacrifice this creature: Add {C}."""
Greater Tanuki,6.0,['G'],['G'],None,"['Enchantment', 'Creature']",['Dog'],Common,CMM,6,5,None,"Trample\nChannel — {2}{G}, Discard Greater Tanuki: Search your library for a basic land card, put it onto the battlefield tapped, then shuffle."
Cadaver Imp,3.0,['B'],['B'],None,['Creature'],['Imp'],Common,CMM,1,1,None,"Flying\nWhen Cadaver Imp enters the battlefield, you may return target creature card from your graveyard to your hand."
Herald of the Pantheon,2.0,['G'],['G'],None,['Creature'],"['Centaur', 'Shaman']",Rare,CMM,2,2,None,"Enchantment spells you cast cost {1} less to cast.\nWhenever you cast an enchantment spell, you gain 1 life."
Cabal Patriarch,6.0,['B'],['B'],['Legendary'],['Creature'],"['Human', 'Wizard']",Uncommon,CMM,5,5,None,"{2}{B}, Sacrifice a creature: Target creature gets -2/-2 until end of turn.\n{2}{B}, Exile a creature card from your graveyard: Target creature gets -2/-2 until end of turn."
Khalni Heart Expedition,2.0,['G'],['G'],None,['Enchantment'],None,Common,CMM,None,None,None,"Landfall — Whenever a land enters the battlefield under your control, you may put a quest counter on Khalni Heart Expedition.\nRemove three quest counters from Khalni Heart Expedition and sacrifice it: Search your library for up to two basic land cards, put them onto the battlefield tapped, then shuffle."
"Tetsuko Umezawa, Fugitive",2.0,['U'],['U'],['Legendary'],['Creature'],"['Human', 'Rogue']",Uncommon,CMM,1,3,None,Creatures you control with power or toughness 1 or less can't be blocked.
Might Sliver,5.0,['G'],['G'],None,['Creature'],['Sliver'],Uncommon,CMM,2,2,None,All Sliver creatures get +2/+2.
"Zahid, Djinn of the Lamp",6.0,['U'],['U'],['Legendary'],['Creature'],['Djinn'],Uncommon,CMM,5,6,None,You may pay {3}{U} and tap an untapped artifact you control rather than pay this spell's mana cost.\nFlying
Nature's Lore,2.0,['G'],['G'],None,['Sorcery'],None,Common,CMM,None,None,None,"Search your library for a Forest card, put that card onto the battlefield, then shuffle."
Bastion of Remembrance,3.0,['B'],['B'],None,['Enchantment'],None,Uncommon,CMM,None,None,None,"When Bastion of Remembrance enters the battlefield, create a 1/1 white Human Soldier creature token.\nWhenever a creature you control dies, each opponent loses 1 life and you gain 1 life."
Nessian Wanderer,2.0,['G'],['G'],None,['Creature'],"['Satyr', 'Scout']",Uncommon,CMM,1,3,None,"Constellation — Whenever an enchantment enters the battlefield under your control, look at the top three cards of your library. You may reveal a land card from among them and put that card into your hand. Put the rest on the bottom of your library in a random order."
Bloodchief Ascension,1.0,['B'],['B'],None,['Enchantment'],None,Rare,CMM,None,None,None,"At the beginning of each end step, if an opponent lost 2 or more life this turn, you may put a quest counter on Bloodchief Ascension. (Damage causes loss of life.)\nWhenever a card is put into an opponent's graveyard from anywhere, if Bloodchief Ascension has three or more quest counters on it, you may have that player lose 2 life. If you do, you gain 2 life."
Manaweft Sliver,2.0,['G'],['G'],None,['Creature'],['Sliver'],Uncommon,CMM,1,1,None,"Sliver creatures you control have ""{T}: Add one mana of any color."""
Archfiend of Despair,8.0,['B'],['B'],None,['Creature'],['Demon'],Mythic,CMM,6,6,None,"Flying\nYour opponents can't gain life.\nAt the beginning of each end step, each opponent loses life equal to the life that player lost this turn. (Damage causes loss of life.)"
Omen of the Hunt,3.0,['G'],['G'],None,['Enchantment'],None,Common,CMM,None,None,None,"Flash\nWhen Omen of the Hunt enters the battlefield, you may search your library for a basic land card, put it onto the battlefield tapped, then shuffle.\n{2}{G}, Sacrifice Omen of the Hunt: Scry 2."
Witching Well,1.0,['U'],['U'],None,['Artifact'],None,Common,CMM,None,None,None,"When Witching Well enters the battlefield, scry 2. (Look at the top two cards of your library, then put any number of them on the bottom of your library and the rest on top in any order.)\n{3}{U}, Sacrifice Witching Well: Draw two cards."
The Mending of Dominaria,5.0,['G'],['G'],None,['Enchantment'],['Saga'],Rare,CMM,None,None,None,"(As this Saga enters and after your draw step, add a lore counter. Sacrifice after III.)\nI, II — Mill two cards, then you may return a creature card from your graveyard to your hand.\nIII — Return all land cards from your graveyard to the battlefield, then shuffle your graveyard into your library."
Windrider Wizard,3.0,['U'],['U'],None,['Creature'],"['Human', 'Wizard']",Common,CMM,2,2,None,"Flying\nWhenever you cast an instant, sorcery, or Wizard spell, you may draw a card. If you do, discard a card."
Quick Sliver,2.0,['G'],['G'],None,['Creature'],['Sliver'],Common,CMM,1,1,None,Flash\nAny player may cast Sliver spells as though they had flash.
Windcaller Aven,6.0,['U'],['U'],None,['Creature'],"['Bird', 'Wizard']",Common,CMM,4,3,None,"Flying\nCycling {U} ({U}, Discard this card: Draw a card.)\nWhen you cycle Windcaller Aven, target creature gains flying until end of turn."
Rampant Growth,2.0,['G'],['G'],None,['Sorcery'],None,Common,CMM,None,None,None,"Search your library for a basic land card, put that card onto the battlefield tapped, then shuffle."
Whirler Rogue,4.0,['U'],['U'],None,['Creature'],"['Human', 'Rogue', 'Artificer']",Uncommon,CMM,2,2,None,"When Whirler Rogue enters the battlefield, create two 1/1 colorless Thopter artifact creature tokens with flying.\nTap two untapped artifacts you control: Target creature can't be blocked this turn."
Realmwalker,3.0,['G'],['G'],None,['Creature'],['Shapeshifter'],Rare,CMM,2,3,None,"Changeling (This card is every creature type.)\nAs Realmwalker enters the battlefield, choose a creature type.\nYou may look at the top card of your library any time.\nYou may cast creature spells of the chosen type from the top of your library."
Vizier of Tumbling Sands,3.0,['U'],['U'],None,['Creature'],"['Human', 'Cleric']",Common,CMM,1,3,None,"{T}: Untap another target permanent.\nCycling {1}{U} ({1}{U}, Discard this card: Draw a card.)\nWhen you cycle Vizier of Tumbling Sands, untap target permanent."
Sanctum Weaver,2.0,['G'],['G'],None,"['Enchantment', 'Creature']",['Dryad'],Rare,CMM,0,2,None,"{T}: Add X mana of any one color, where X is the number of enchantments you control."
"Thryx, the Sudden Storm",5.0,['U'],['U'],['Legendary'],['Creature'],"['Elemental', 'Giant']",Uncommon,CMM,4,5,None,Flash\nFlying\nSpells you cast with mana value 5 or greater cost {1} less to cast and can't be countered.
Sandwurm Convergence,8.0,['G'],['G'],None,['Enchantment'],None,Rare,CMM,None,None,None,"Creatures with flying can't attack you or planeswalkers you control.\nAt the beginning of your end step, create a 5/5 green Wurm creature token."
"Urza, Lord High Artificer",4.0,['U'],['U'],['Legendary'],['Creature'],"['Human', 'Artificer']",Mythic,CMM,1,4,None,"When Urza, Lord High Artificer enters the battlefield, create a 0/0 colorless Construct artifact creature token with ""This creature gets +1/+1 for each artifact you control.""\nTap an untapped artifact you control: Add {U}.\n{5}: Shuffle your library, then exile the top card. Until end of turn, you may play that card without paying its mana cost."
Three Visits,2.0,['G'],['G'],None,['Sorcery'],None,Uncommon,CMM,None,None,None,"Search your library for a Forest card, put it onto the battlefield, then shuffle."
"Teferi, Temporal Archmage",6.0,['U'],['U'],['Legendary'],['Planeswalker'],['Teferi'],Rare,CMM,None,None,5,"[+1]: Look at the top two cards of your library. Put one of them into your hand and the other on the bottom of your library.\n[−1]: Untap up to four target permanents.\n[−10]: You get an emblem with ""You may activate loyalty abilities of planeswalkers you control on any player's turn any time you could cast an instant.""\nTeferi, Temporal Archmage can be your commander."
Verduran Enchantress,3.0,['G'],['G'],None,['Creature'],"['Human', 'Druid']",Rare,CMM,0,2,None,"Whenever you cast an enchantment spell, you may draw a card."
Tromokratis,7.0,['U'],['U'],['Legendary'],['Creature'],['Kraken'],Uncommon,CMM,8,8,None,"Tromokratis has hexproof unless it's attacking or blocking.\nTromokratis can't be blocked unless all creatures defending player controls block it. (If any creature that player controls doesn't block this creature, it can't be blocked.)"
Venom Sliver,2.0,['G'],['G'],None,['Creature'],['Sliver'],Uncommon,CMM,1,1,None,Sliver creatures you control have deathtouch. (Any amount of damage a creature with deathtouch deals to a creature is enough to destroy it.)
Torrential Gearhulk,6.0,['U'],['U'],None,"['Artifact', 'Creature']",['Construct'],Rare,CMM,5,6,None,"Flash\nWhen Torrential Gearhulk enters the battlefield, you may cast target instant card from your graveyard without paying its mana cost. If that spell would be put into your graveyard, exile it instead."
Setessan Champion,3.0,['G'],['G'],None,['Creature'],"['Human', 'Warrior']",Rare,CMM,1,3,None,"Constellation — Whenever an enchantment enters the battlefield under your control, put a +1/+1 counter on Setessan Champion and draw a card."
"Talrand, Sky Summoner",4.0,['U'],['U'],['Legendary'],['Creature'],"['Merfolk', 'Wizard']",Rare,CMM,2,2,None,"Whenever you cast an instant or sorcery spell, create a 2/2 blue Drake creature token with flying."
Megantic Sliver,6.0,['G'],['G'],None,['Creature'],['Sliver'],Rare,CMM,3,3,None,Sliver creatures you control get +3/+3.
Battle for Bretagard,3.0,"['G', 'W']","['G', 'W']",None,['Enchantment'],['Saga'],Rare,CMM,None,None,None,"(As this Saga enters and after your draw step, add a lore counter. Sacrifice after III.)\nI — Create a 1/1 white Human Warrior creature token.\nII — Create a 1/1 green Elf Warrior creature token.\nIII — Choose any number of artifact tokens and/or creature tokens you control with different names. For each of them, create a token that's a copy of it."
Binding the Old Gods,4.0,"['B', 'G']","['B', 'G']",None,['Enchantment'],['Saga'],Uncommon,CMM,None,None,None,"(As this Saga enters and after your draw step, add a lore counter. Sacrifice after III.)\nI — Destroy target nonland permanent an opponent controls.\nII — Search your library for a Forest card, put it onto the battlefield tapped, then shuffle.\nIII — Creatures you control gain deathtouch until end of turn."
"Calix, Destiny's Hand",4.0,"['G', 'W']","['G', 'W']",['Legendary'],['Planeswalker'],['Calix'],Mythic,CMM,None,None,4,[+1]: Look at the top four cards of your library. You may reveal an enchantment card from among them and put that card into your hand. Put the rest on the bottom of your library in a random order.\n[−3]: Exile target creature or enchantment you don't control until target enchantment you control leaves the battlefield.\n[−7]: Return all enchantment cards from your graveyard to the battlefield.
Cloudshredder Sliver,2.0,"['R', 'W']","['R', 'W']",None,['Creature'],['Sliver'],Rare,CMM,1,1,None,Sliver creatures you control have flying and haste.
Crystalline Sliver,2.0,"['U', 'W']","['U', 'W']",None,['Creature'],['Sliver'],Uncommon,CMM,2,2,None,All Slivers have shroud. (They can't be the targets of spells or abilities.)
Culling Ritual,4.0,"['B', 'G']","['B', 'G']",None,['Sorcery'],None,Rare,CMM,None,None,None,Destroy each nonland permanent with mana value 2 or less. Add {B} or {G} for each permanent destroyed this way.
Decimate,4.0,"['G', 'R']","['G', 'R']",None,['Sorcery'],None,Rare,CMM,None,None,None,"Destroy target artifact, target creature, target enchantment, and target land. (You can't cast this spell unless you have legal choices for all its targets.)"
Firewake Sliver,3.0,"['G', 'R']","['G', 'R']",None,['Creature'],['Sliver'],Uncommon,CMM,1,1,None,"All Sliver creatures have haste.\nAll Slivers have ""{1}, Sacrifice this permanent: Target Sliver creature gets +2/+2 until end of turn."""
Harmonic Sliver,3.0,"['G', 'W']","['G', 'W']",None,['Creature'],['Sliver'],Uncommon,CMM,1,1,None,"All Slivers have ""When this permanent enters the battlefield, destroy target artifact or enchantment."""
Hibernation Sliver,2.0,"['B', 'U']","['B', 'U']",None,['Creature'],['Sliver'],Uncommon,CMM,2,2,None,"All Slivers have ""Pay 2 life: Return this permanent to its owner's hand."""
Jukai Naturalist,2.0,"['G', 'W']","['G', 'W']",None,"['Enchantment', 'Creature']","['Human', 'Monk']",Uncommon,CMM,2,2,None,Lifelink\nEnchantment spells you cast cost {1} less to cast.
Lavabelly Sliver,3.0,"['R', 'W']","['R', 'W']",None,['Creature'],['Sliver'],Uncommon,CMM,2,2,None,"Sliver creatures you control have ""When this creature enters the battlefield, it deals 1 damage to target player or planeswalker and you gain 1 life."""
Mirari's Wake,5.0,"['G', 'W']","['G', 'W']",None,['Enchantment'],None,Mythic,CMM,None,None,None,"Creatures you control get +1/+1.\nWhenever you tap a land for mana, add one mana of any type that land produced."
"Nahiri, the Harbinger",4.0,"['R', 'W']","['R', 'W']",['Legendary'],['Planeswalker'],['Nahiri'],Mythic,CMM,None,None,4,"[+2]: You may discard a card. If you do, draw a card.\n[−2]: Exile target enchantment, tapped artifact, or tapped creature.\n[−8]: Search your library for an artifact or creature card, put it onto the battlefield, then shuffle. It gains haste. Return it to your hand at the beginning of the next end step."
Narset of the Ancient Way,4.0,"['R', 'U', 'W']","['R', 'U', 'W']",['Legendary'],['Planeswalker'],['Narset'],Mythic,CMM,None,None,4,"[+1]: You gain 2 life. Add {U}, {R}, or {W}. Spend this mana only to cast a noncreature spell.\n[−2]: Draw a card, then you may discard a card. When you discard a nonland card this way, Narset of the Ancient Way deals damage equal to that card's mana value to target creature or planeswalker.\n[−6]: You get an emblem with ""Whenever you cast a noncreature spell, this emblem deals 2 damage to any target."""
"Narset, Enlightened Master",6.0,"['R', 'U', 'W']","['R', 'U', 'W']",['Legendary'],['Creature'],"['Human', 'Monk']",Mythic,CMM,3,2,None,"First strike, hexproof\nWhenever Narset, Enlightened Master attacks, exile the top four cards of your library. Until end of turn, you may cast noncreature spells from among those cards without paying their mana costs."
Necrotic Sliver,3.0,"['B', 'W']","['B', 'W']",None,['Creature'],['Sliver'],Uncommon,CMM,2,2,None,"All Slivers have ""{3}, Sacrifice this permanent: Destroy target permanent."""
Nyx Weaver,3.0,"['B', 'G']","['B', 'G']",None,"['Enchantment', 'Creature']",['Spider'],Uncommon,CMM,2,3,None,"Reach\nAt the beginning of your upkeep, mill two cards.\n{1}{B}{G}, Exile Nyx Weaver: Return target card from your graveyard to your hand."
Oath of Teferi,5.0,"['U', 'W']","['U', 'W']",['Legendary'],['Enchantment'],None,Rare,CMM,None,None,None,"When Oath of Teferi enters the battlefield, exile another target permanent you control. Return it to the battlefield under its owner's control at the beginning of the next end step.\nYou may activate the loyalty abilities of planeswalkers you control twice each turn rather than only once."
"Saheeli, Sublime Artificer",3.0,"['R', 'U']","['R', 'U']",['Legendary'],['Planeswalker'],['Saheeli'],Uncommon,CMM,None,None,5,"Whenever you cast a noncreature spell, create a 1/1 colorless Servo artifact creature token.\n[−2]: Target artifact you control becomes a copy of another target artifact or creature you control until end of turn, except it's an artifact in addition to its other types."
Satyr Enchanter,3.0,"['G', 'W']","['G', 'W']",None,['Creature'],"['Satyr', 'Druid']",Uncommon,CMM,2,2,None,"Whenever you cast an enchantment spell, draw a card."
Sliver Hivelord,5.0,"['B', 'G', 'R', 'U', 'W']","['B', 'G', 'R', 'U', 'W']",['Legendary'],['Creature'],['Sliver'],Mythic,CMM,5,5,None,"Sliver creatures you control have indestructible. (Damage and effects that say ""destroy"" don't destroy them.)"
"Sythis, Harvest's Hand",2.0,"['G', 'W']","['G', 'W']",['Legendary'],"['Enchantment', 'Creature']",['Nymph'],Rare,CMM,1,2,None,"Whenever you cast an enchantment spell, you gain 1 life and draw a card."
Wall of Denial,3.0,"['U', 'W']","['U', 'W']",None,['Creature'],['Wall'],Uncommon,CMM,0,8,None,"Defender, flying\nShroud (This creature can't be the target of spells or abilities.)"
Ancient Stone Idol,10.0,None,None,None,"['Artifact', 'Creature']",['Golem'],Rare,CMM,12,12,None,"Flash\nThis spell costs {1} less to cast for each attacking creature.\nTrample\nWhen Ancient Stone Idol dies, create a 6/12 colorless Construct artifact creature token with trample."
Azorius Signet,2.0,None,"['U', 'W']",None,['Artifact'],None,Uncommon,CMM,None,None,None,"{1}, {T}: Add {W}{U}."
Boros Signet,2.0,None,"['R', 'W']",None,['Artifact'],None,Uncommon,CMM,None,None,None,"{1}, {T}: Add {R}{W}."
The Chain Veil,4.0,None,None,['Legendary'],['Artifact'],None,Mythic,CMM,None,None,None,"At the beginning of your end step, if you didn't activate a loyalty ability of a planeswalker this turn, you lose 2 life.\n{4}, {T}: For each planeswalker you control, you may activate one of its loyalty abilities once this turn as though none of its loyalty abilities have been activated this turn."
Crashing Drawbridge,2.0,None,None,None,"['Artifact', 'Creature']",['Wall'],Common,CMM,0,4,None,Defender\n{T}: Creatures you control gain haste until end of turn.
Dreamstone Hedron,6.0,None,None,None,['Artifact'],None,Uncommon,CMM,None,None,None,"{T}: Add {C}{C}{C}.\n{3}, {T}, Sacrifice Dreamstone Hedron: Draw three cards."
Duplicant,6.0,None,None,None,"['Artifact', 'Creature']",['Shapeshifter'],Rare,CMM,2,4,None,"Imprint — When Duplicant enters the battlefield, you may exile target nontoken creature.\nAs long as a card exiled with Duplicant is a creature card, Duplicant has the power, toughness, and creature types of the last creature card exiled with Duplicant. It's still a Shapeshifter."
Endless Atlas,2.0,None,None,None,['Artifact'],None,Rare,CMM,None,None,None,"{2}, {T}: Draw a card. Activate only if you control three or more lands with the same name."
Everflowing Chalice,0.0,None,None,None,['Artifact'],None,Uncommon,CMM,None,None,None,Multikicker {2} (You may pay an additional {2} any number of times as you cast this spell.)\nEverflowing Chalice enters the battlefield with a charge counter on it for each time it was kicked.\n{T}: Add {C} for each charge counter on Everflowing Chalice.
Fireshrieker,3.0,None,None,None,['Artifact'],['Equipment'],Uncommon,CMM,None,None,None,Equipped creature has double strike. (It deals both first-strike and regular combat damage.)\nEquip {2} ({2}: Attach to target creature you control. Equip only as a sorcery.)
Forsaken Monument,5.0,None,None,['Legendary'],['Artifact'],None,Mythic,CMM,None,None,None,"Colorless creatures you control get +2/+2.\nWhenever you tap a permanent for {C}, add an additional {C}.\nWhenever you cast a colorless spell, you gain 2 life."
Hangarback Walker,0.0,None,None,None,"['Artifact', 'Creature']",['Construct'],Rare,CMM,0,0,None,"Hangarback Walker enters the battlefield with X +1/+1 counters on it.\nWhen Hangarback Walker dies, create a 1/1 colorless Thopter artifact creature token with flying for each +1/+1 counter on Hangarback Walker.\n{1}, {T}: Put a +1/+1 counter on Hangarback Walker."
Hedron Archive,4.0,None,None,None,['Artifact'],None,Uncommon,CMM,None,None,None,"{T}: Add {C}{C}.\n{2}, {T}, Sacrifice Hedron Archive: Draw two cards."
Herald's Horn,3.0,None,None,None,['Artifact'],None,Uncommon,CMM,None,None,None,"As Herald's Horn enters the battlefield, choose a creature type.\nCreature spells you cast of the chosen type cost {1} less to cast.\nAt the beginning of your upkeep, look at the top card of your library. If it's a creature card of the chosen type, you may reveal it and put it into your hand."
Honor-Worn Shaku,3.0,None,None,None,['Artifact'],None,Uncommon,CMM,None,None,None,{T}: Add {C}.\nTap an untapped legendary permanent you control: Untap Honor-Worn Shaku.
Icon of Ancestry,3.0,None,None,None,['Artifact'],None,Rare,CMM,None,None,None,"As Icon of Ancestry enters the battlefield, choose a creature type.\nCreatures you control of the chosen type get +1/+1.\n{3}, {T}: Look at the top three cards of your library. You may reveal a creature card of the chosen type from among them and put it into your hand. Put the rest on the bottom of your library in a random order."
Investigator's Journal,2.0,None,None,None,['Artifact'],['Clue'],Rare,CMM,None,None,None,"Investigator's Journal enters the battlefield with a number of suspect counters on it equal to the greatest number of creatures a player controls.\n{2}, {T}, Remove a suspect counter from Investigator's Journal: Draw a card.\n{2}, Sacrifice Investigator's Journal: Draw a card."
Izzet Signet,2.0,None,"['R', 'U']",None,['Artifact'],None,Uncommon,CMM,None,None,None,"{1}, {T}: Add {U}{R}."
Kaldra Compleat,7.0,None,None,['Legendary'],['Artifact'],['Equipment'],Mythic,CMM,None,None,None,"Living weapon\nIndestructible\nEquipped creature gets +5/+5 and has first strike, trample, indestructible, haste, and ""Whenever this creature deals combat damage to a creature, exile that creature.""\nEquip {7}"
Mazemind Tome,2.0,None,None,None,['Artifact'],None,Rare,CMM,None,None,None,"{T}, Put a page counter on Mazemind Tome: Scry 1.\n{2}, {T}, Put a page counter on Mazemind Tome: Draw a card.\nWhen there are four or more page counters on Mazemind Tome, exile it. If you do, you gain 4 life."
Metalwork Colossus,11.0,None,None,None,"['Artifact', 'Creature']",['Construct'],Rare,CMM,10,10,None,"This spell costs {X} less to cast, where X is the total mana value of noncreature artifacts you control.\nSacrifice two artifacts: Return Metalwork Colossus from your graveyard to your hand."
Mind Stone,2.0,None,None,None,['Artifact'],None,Common,CMM,None,None,None,"{T}: Add {C}.\n{1}, {T}, Sacrifice Mind Stone: Draw a card."
Mirage Mirror,3.0,None,None,None,['Artifact'],None,Rare,CMM,None,None,None,"{2}: Mirage Mirror becomes a copy of target artifact, creature, enchantment, or land until end of turn."
Myriad Construct,4.0,None,None,None,"['Artifact', 'Creature']",['Construct'],Rare,CMM,4,4,None,"Kicker {3}\nIf Myriad Construct was kicked, it enters the battlefield with a +1/+1 counter on it for each nonbasic land your opponents control.\nWhen Myriad Construct becomes the target of a spell, sacrifice it and create a number of 1/1 colorless Construct artifact creature tokens equal to its power."
Mystic Forge,4.0,None,None,None,['Artifact'],None,Rare,CMM,None,None,None,"You may look at the top card of your library any time.\nYou may cast artifact spells and colorless spells from the top of your library.\n{T}, Pay 1 life: Exile the top card of your library."
Nevinyrral's Disk,4.0,None,None,None,['Artifact'],None,Rare,CMM,None,None,None,"Nevinyrral's Disk enters the battlefield tapped.\n{1}, {T}: Destroy all artifacts, creatures, and enchantments."
Ornithopter of Paradise,2.0,None,None,None,"['Artifact', 'Creature']",['Thopter'],Common,CMM,0,2,None,Flying\n{T}: Add one mana of any color.
Palladium Myr,3.0,None,None,None,"['Artifact', 'Creature']",['Myr'],Uncommon,CMM,2,2,None,{T}: Add {C}{C}.
Perilous Vault,4.0,None,None,None,['Artifact'],None,Mythic,CMM,None,None,None,"{5}, {T}, Exile Perilous Vault: Exile all nonland permanents."
Phyrexian Triniform,9.0,None,None,None,"['Artifact', 'Creature']","['Phyrexian', 'Golem']",Mythic,CMM,9,9,None,"When Phyrexian Triniform dies, create three 3/3 colorless Phyrexian Golem artifact creature tokens.\nEncore {12} ({12}, Exile this card from your graveyard: For each opponent, create a token copy that attacks that opponent this turn if able. They gain haste. Sacrifice them at the beginning of the next end step. Activate only as a sorcery.)"
Pillar of Origins,2.0,None,None,None,['Artifact'],None,Uncommon,CMM,None,None,None,"As Pillar of Origins enters the battlefield, choose a creature type.\n{T}: Add one mana of any color. Spend this mana only to cast a creature spell of the chosen type."
Scaretiller,4.0,None,None,None,"['Artifact', 'Creature']",['Scarecrow'],Common,CMM,1,4,None,"Whenever Scaretiller becomes tapped, choose one —\n• You may put a land card from your hand onto the battlefield tapped.\n• Return target land card from your graveyard to the battlefield tapped."
Silent Arbiter,4.0,None,None,None,"['Artifact', 'Creature']",['Construct'],Rare,CMM,1,5,None,No more than one creature can attack each combat.\nNo more than one creature can block each combat.
Solemn Simulacrum,4.0,None,None,None,"['Artifact', 'Creature']",['Golem'],Rare,CMM,2,2,None,"When Solemn Simulacrum enters the battlefield, you may search your library for a basic land card, put that card onto the battlefield tapped, then shuffle.\nWhen Solemn Simulacrum dies, you may draw a card."
Soul of New Phyrexia,6.0,None,None,None,"['Artifact', 'Creature']","['Phyrexian', 'Avatar']",Mythic,CMM,6,6,None,"Trample\n{5}: Permanents you control gain indestructible until end of turn.\n{5}, Exile Soul of New Phyrexia from your graveyard: Permanents you control gain indestructible until end of turn."
Steel Hellkite,6.0,None,None,None,"['Artifact', 'Creature']",['Dragon'],Rare,CMM,5,5,None,Flying\n{2}: Steel Hellkite gets +1/+0 until end of turn.\n{X}: Destroy each nonland permanent with mana value X whose controller was dealt combat damage by Steel Hellkite this turn. Activate only once each turn.
Stonecoil Serpent,0.0,None,None,None,"['Artifact', 'Creature']",['Snake'],Rare,CMM,0,0,None,"Reach, trample, protection from multicolored\nStonecoil Serpent enters the battlefield with X +1/+1 counters on it."
Suspicious Bookcase,2.0,None,None,None,"['Artifact', 'Creature']",['Wall'],Uncommon,CMM,0,4,None,"Defender\n{3}, {T}: Target creature can't be blocked this turn."
Talisman of Conviction,2.0,None,"['R', 'W']",None,['Artifact'],None,Uncommon,CMM,None,None,None,{T}: Add {C}.\n{T}: Add {R} or {W}. Talisman of Conviction deals 1 damage to you.
Talisman of Creativity,2.0,None,"['R', 'U']",None,['Artifact'],None,Uncommon,CMM,None,None,None,{T}: Add {C}.\n{T}: Add {U} or {R}. Talisman of Creativity deals 1 damage to you.
Talisman of Progress,2.0,None,"['U', 'W']",None,['Artifact'],None,Uncommon,CMM,None,None,None,{T}: Add {C}.\n{T}: Add {W} or {U}. Talisman of Progress deals 1 damage to you.
Transmogrifying Wand,3.0,None,None,None,['Artifact'],None,Rare,CMM,None,None,None,"Transmogrifying Wand enters the battlefield with three charge counters on it.\n{1}, {T}, Remove a charge counter from Transmogrifying Wand: Destroy target creature. Its controller creates a 2/4 white Ox creature token. Activate only as a sorcery."
Vanquisher's Banner,5.0,None,None,None,['Artifact'],None,Rare,CMM,None,None,None,"As Vanquisher's Banner enters the battlefield, choose a creature type.\nCreatures you control of the chosen type get +1/+1.\nWhenever you cast a creature spell of the chosen type, draw a card."
Wayfarer's Bauble,1.0,None,None,None,['Artifact'],None,Common,CMM,None,None,None,"{2}, {T}, Sacrifice Wayfarer's Bauble: Search your library for a basic land card, put that card onto the battlefield tapped, then shuffle."
Worn Powerstone,3.0,None,None,None,['Artifact'],None,Uncommon,CMM,None,None,None,Worn Powerstone enters the battlefield tapped.\n{T}: Add {C}{C}.
Arcane Lighthouse,0.0,None,None,None,['Land'],None,Uncommon,CMM,None,None,None,"{T}: Add {C}.\n{1}, {T}: Until end of turn, creatures your opponents control lose hexproof and shroud and can't have hexproof or shroud."
Arch of Orazca,0.0,None,None,None,['Land'],None,Rare,CMM,None,None,None,"Ascend (If you control ten or more permanents, you get the city's blessing for the rest of the game.)\n{T}: Add {C}.\n{5}, {T}: Draw a card. Activate only if you have the city's blessing."
Blast Zone,0.0,None,None,None,['Land'],None,Rare,CMM,None,None,None,"Blast Zone enters the battlefield with a charge counter on it.\n{T}: Add {C}.\n{X}{X}, {T}: Put X charge counters on Blast Zone.\n{3}, {T}, Sacrifice Blast Zone: Destroy each nonland permanent with mana value equal to the number of charge counters on Blast Zone."
Bonders' Enclave,0.0,None,None,None,['Land'],None,Rare,CMM,None,None,None,"{T}: Add {C}.\n{3}, {T}: Draw a card. Activate only if you control a creature with power 4 or greater."
Canopy Vista,0.0,None,"['G', 'W']",None,['Land'],"['Forest', 'Plains']",Rare,CMM,None,None,None,({T}: Add {G} or {W}.)\nCanopy Vista enters the battlefield tapped unless you control two or more basic lands.
Cascade Bluffs,0.0,None,"['R', 'U']",None,['Land'],None,Rare,CMM,None,None,None,"{T}: Add {C}.\n{U/R}, {T}: Add {U}{U}, {U}{R}, or {R}{R}."
Cinder Glade,0.0,None,"['G', 'R']",None,['Land'],"['Mountain', 'Forest']",Rare,CMM,None,None,None,({T}: Add {R} or {G}.)\nCinder Glade enters the battlefield tapped unless you control two or more basic lands.
Eldrazi Temple,0.0,None,None,None,['Land'],None,Uncommon,CMM,None,None,None,{T}: Add {C}.\n{T}: Add {C}{C}. Spend this mana only to cast colorless Eldrazi spells or activate abilities of colorless Eldrazi.
Exotic Orchard,0.0,None,None,None,['Land'],None,Rare,CMM,None,None,None,{T}: Add one mana of any color that a land an opponent controls could produce.
Flood Plain,0.0,None,None,None,['Land'],None,Uncommon,CMM,None,None,None,"Flood Plain enters the battlefield tapped.\n{T}, Sacrifice Flood Plain: Search your library for a Plains or Island card, put it onto the battlefield, then shuffle."
Forge of Heroes,0.0,None,None,None,['Land'],None,Common,CMM,None,None,None,{T}: Add {C}.\n{T}: Choose target commander that entered the battlefield this turn. Put a +1/+1 counter on it if it's a creature and a loyalty counter on it if it's a planeswalker.
Fortified Village,0.0,None,"['G', 'W']",None,['Land'],None,Rare,CMM,None,None,None,"As Fortified Village enters the battlefield, you may reveal a Forest or Plains card from your hand. If you don't, Fortified Village enters the battlefield tapped.\n{T}: Add {G} or {W}."
Frontier Bivouac,0.0,None,"['G', 'R', 'U']",None,['Land'],None,Uncommon,CMM,None,None,None,"Frontier Bivouac enters the battlefield tapped.\n{T}: Add {G}, {U}, or {R}."
Frostboil Snarl,0.0,None,"['R', 'U']",None,['Land'],None,Rare,CMM,None,None,None,"As Frostboil Snarl enters the battlefield, you may reveal an Island or Mountain card from your hand. If you don't, Frostboil Snarl enters the battlefield tapped.\n{T}: Add {U} or {R}."
Furycalm Snarl,0.0,None,"['R', 'W']",None,['Land'],None,Rare,CMM,None,None,None,"As Furycalm Snarl enters the battlefield, you may reveal a Mountain or Plains card from your hand. If you don't, Furycalm Snarl enters the battlefield tapped.\n{T}: Add {R} or {W}."
Guildless Commons,0.0,None,None,None,['Land'],None,Uncommon,CMM,None,None,None,"Guildless Commons enters the battlefield tapped.\nWhen Guildless Commons enters the battlefield, return a land you control to its owner's hand.\n{T}: Add {C}{C}."
Interplanar Beacon,0.0,None,None,None,['Land'],None,Uncommon,CMM,None,None,None,"Whenever you cast a planeswalker spell, you gain 1 life.\n{T}: Add {C}.\n{1}, {T}: Add two mana of different colors. Spend this mana only to cast planeswalker spells."
Irrigated Farmland,0.0,None,"['U', 'W']",None,['Land'],"['Plains', 'Island']",Rare,CMM,None,None,None,"({T}: Add {W} or {U}.)\nIrrigated Farmland enters the battlefield tapped.\nCycling {2} ({2}, Discard this card: Draw a card.)"
Geier Reach Sanitarium,0.0,None,None,['Legendary'],['Land'],None,Rare,CMM,None,None,None,"{T}: Add {C}.\n{2}, {T}: Each player draws a card, then discards a card."
Rafiq of the Many,4.0,"['G', 'U', 'W']","['G', 'U', 'W']",['Legendary'],['Creature'],"['Human', 'Knight']",Rare,CMM,3,3,None,"Exalted (Whenever a creature you control attacks alone, that creature gets +1/+1 until end of turn.)\nWhenever a creature you control attacks alone, it gains double strike until end of turn."
Jungle Shrine,0.0,None,"['G', 'R', 'W']",None,['Land'],None,Uncommon,CMM,None,None,None,"Jungle Shrine enters the battlefield tapped.\n{T}: Add {R}, {G}, or {W}."
Grasslands,0.0,None,None,None,['Land'],None,Uncommon,CMM,None,None,None,"Grasslands enters the battlefield tapped.\n{T}, Sacrifice Grasslands: Search your library for a Forest or Plains card, put it onto the battlefield, then shuffle."
Karn's Bastion,0.0,None,None,None,['Land'],None,Rare,CMM,None,None,None,"{T}: Add {C}.\n{4}, {T}: Proliferate. (Choose any number of permanents and/or players, then give each another counter of each kind already there.)"
Krosan Verge,0.0,None,None,None,['Land'],None,Uncommon,CMM,None,None,None,"Krosan Verge enters the battlefield tapped.\n{T}: Add {C}.\n{2}, {T}, Sacrifice Krosan Verge: Search your library for a Forest card and a Plains card, put them onto the battlefield tapped, then shuffle."
Mage-Ring Network,0.0,None,None,None,['Land'],None,Uncommon,CMM,None,None,None,"{T}: Add {C}.\n{1}, {T}: Put a storage counter on Mage-Ring Network.\n{T}, Remove any number of storage counters from Mage-Ring Network: Add {C} for each storage counter removed this way."
Mirrorpool,0.0,None,None,None,['Land'],None,Mythic,CMM,None,None,None,"Mirrorpool enters the battlefield tapped.\n{T}: Add {C}.\n{2}{C}, {T}, Sacrifice Mirrorpool: Copy target instant or sorcery spell you control. You may choose new targets for the copy.\n{4}{C}, {T}, Sacrifice Mirrorpool: Create a token that's a copy of target creature you control."
Mobilized District,0.0,None,None,None,['Land'],None,Rare,CMM,None,None,None,{T}: Add {C}.\n{4}: Mobilized District becomes a 3/3 Citizen creature with vigilance until end of turn. It's still a land. This ability costs {1} less to activate for each legendary creature and planeswalker you control.
Mystic Gate,0.0,None,"['U', 'W']",None,['Land'],None,Rare,CMM,None,None,None,"{T}: Add {C}.\n{W/U}, {T}: Add {W}{W}, {W}{U}, or {U}{U}."
Necroblossom Snarl,0.0,None,"['B', 'G']",None,['Land'],None,Rare,CMM,None,None,None,"As Necroblossom Snarl enters the battlefield, you may reveal a Swamp or Forest card from your hand. If you don't, Necroblossom Snarl enters the battlefield tapped.\n{T}: Add {B} or {G}."
Mystic Monastery,0.0,None,"['R', 'U', 'W']",None,['Land'],None,Uncommon,CMM,None,None,None,"Mystic Monastery enters the battlefield tapped.\n{T}: Add {U}, {R}, or {W}."
Mountain Valley,0.0,None,None,None,['Land'],None,Uncommon,CMM,None,None,None,"Mountain Valley enters the battlefield tapped.\n{T}, Sacrifice Mountain Valley: Search your library for a Mountain or Forest card, put it onto the battlefield, then shuffle."
Golgari Rot Farm,0.0,None,"['B', 'G']",None,['Land'],None,Common,CMM,None,None,None,"Golgari Rot Farm enters the battlefield tapped.\nWhen Golgari Rot Farm enters the battlefield, return a land you control to its owner's hand.\n{T}: Add {B}{G}."
Nomad Outpost,0.0,None,"['B', 'R', 'W']",None,['Land'],None,Uncommon,CMM,None,None,None,"Nomad Outpost enters the battlefield tapped.\n{T}: Add {R}, {W}, or {B}."
Opulent Palace,0.0,None,"['B', 'G', 'U']",None,['Land'],None,Uncommon,CMM,None,None,None,"Opulent Palace enters the battlefield tapped.\n{T}: Add {B}, {G}, or {U}."
Orzhov Basilica,0.0,None,"['B', 'W']",None,['Land'],None,Uncommon,CMM,None,None,None,"Orzhov Basilica enters the battlefield tapped.\nWhen Orzhov Basilica enters the battlefield, return a land you control to its owner's hand.\n{T}: Add {W}{B}."
Port Town,0.0,None,"['U', 'W']",None,['Land'],None,Rare,CMM,None,None,None,"As Port Town enters the battlefield, you may reveal a Plains or Island card from your hand. If you don't, Port Town enters the battlefield tapped.\n{T}: Add {W} or {U}."
Prairie Stream,0.0,None,"['U', 'W']",None,['Land'],"['Plains', 'Island']",Rare,CMM,None,None,None,({T}: Add {W} or {U}.)\nPrairie Stream enters the battlefield tapped unless you control two or more basic lands.
Rocky Tar Pit,0.0,None,None,None,['Land'],None,Uncommon,CMM,None,None,None,"Rocky Tar Pit enters the battlefield tapped.\n{T}, Sacrifice Rocky Tar Pit: Search your library for a Swamp or Mountain card, put it onto the battlefield, then shuffle."
Rugged Prairie,0.0,None,"['R', 'W']",None,['Land'],None,Rare,CMM,None,None,None,"{T}: Add {C}.\n{R/W}, {T}: Add {R}{R}, {R}{W}, or {W}{W}."
