Name,CMC,Colors,Color identity,Supertypes,Types,Subtypes,Rarity,Set,Power,Toughness,Loyalty,Text
Wheel of Misfortune,3.0,['R'],['R'],None,['Sorcery'],None,Rare,CMR,None,None,None,"Each player secretly chooses a number 0 or greater, then all players reveal those numbers simultaneously and determine the highest and lowest numbers revealed this way. Wheel of Misfortune deals damage equal to the highest number to each player who chose that number. Each player who didn't choose the lowest number discards their hand, then draws seven cards."
Welding Sparks,3.0,['R'],['R'],None,['Instant'],None,Common,CMR,None,None,None,"Welding Sparks deals X damage to target creature, where X is 3 plus the number of artifacts you control."
Vow of Lightning,3.0,['R'],['R'],None,['Enchantment'],['Aura'],Uncommon,CMR,None,None,None,"Enchant creature\nEnchanted creature gets +2/+2, has first strike, and can't attack you or planeswalkers you control."
Volcanic Torrent,5.0,['R'],['R'],None,['Sorcery'],None,Uncommon,CMR,None,None,None,"Cascade (When you cast this spell, exile cards from the top of your library until you exile a nonland card that costs less. You may cast it without paying its mana cost. Put the exiled cards on the bottom in a random order.)\nVolcanic Torrent deals X damage to each creature and planeswalker your opponents control, where X is the number of spells you've cast this turn."
Stonefury,5.0,['R'],['R'],None,['Instant'],None,Common,CMR,None,None,None,Stonefury deals damage to target creature equal to the number of lands you control.
Volcanic Dragon,6.0,['R'],['R'],None,['Creature'],['Dragon'],Uncommon,CMR,4,4,None,"Flying, haste"
Soulfire Eruption,9.0,['R'],['R'],None,['Sorcery'],None,Mythic,CMR,None,None,None,"Choose any number of target creatures, planeswalkers, and/or players. For each of them, exile the top card of your library, then Soulfire Eruption deals damage equal to that card's mana value to that permanent or player. You may play the exiled cards until the end of your next turn."
Sandstone Oracle,7.0,None,None,None,"['Artifact', 'Creature']",['Sphinx'],Uncommon,CMR,4,4,None,"Flying\nWhen Sandstone Oracle enters the battlefield, choose an opponent. If that player has more cards in hand than you, draw cards equal to the difference."
Valakut Invoker,3.0,['R'],['R'],None,['Creature'],"['Human', 'Shaman']",Common,CMR,2,3,None,{8}: Valakut Invoker deals 3 damage to any target.
Undying Rage,3.0,['R'],['R'],None,['Enchantment'],['Aura'],Common,CMR,None,None,None,"Enchant creature\nEnchanted creature gets +2/+2 and can't block.\nWhen Undying Rage is put into a graveyard from the battlefield, return Undying Rage to its owner's hand."
"Toggo, Goblin Weaponsmith",3.0,['R'],['R'],['Legendary'],['Creature'],"['Goblin', 'Artificer']",Uncommon,CMR,2,2,None,"Landfall — Whenever a land enters the battlefield under your control, create a colorless Equipment artifact token named Rock with ""Equipped creature has '{1}, {T}, Sacrifice Rock: This creature deals 2 damage to any target'"" and equip {1}.\nPartner (You can have two commanders if both have partner.)"
Soul's Fire,3.0,['R'],['R'],None,['Instant'],None,Common,CMR,None,None,None,Target creature you control deals damage equal to its power to any target.
Skyraker Giant,4.0,['R'],['R'],None,['Creature'],['Giant'],Common,CMR,4,3,None,Reach
Rummaging Goblin,3.0,['R'],['R'],None,['Creature'],"['Goblin', 'Rogue']",Common,CMR,1,1,None,"{T}, Discard a card: Draw a card."
"Rograkh, Son of Rohgahh",0.0,['R'],['R'],['Legendary'],['Creature'],"['Kobold', 'Warrior']",Uncommon,CMR,0,1,None,"First strike, menace, trample\nPartner (You can have two commanders if both have partner.)"
Maelstrom Colossus,8.0,None,None,None,"['Artifact', 'Creature']",['Golem'],Common,CMR,7,7,None,"Cascade (When you cast this spell, exile cards from the top of your library until you exile a nonland card that costs less. You may cast it without paying its mana cost. Put the exiled cards on the bottom of your library in a random order.)"
Ripscale Predator,6.0,['R'],['R'],None,['Creature'],['Dinosaur'],Common,CMR,6,5,None,Menace (This creature can't be blocked except by two or more creatures.)
Renegade Tactics,1.0,['R'],['R'],None,['Sorcery'],None,Common,CMR,None,None,None,Target creature can't block this turn.\nDraw a card.
Portent of Betrayal,4.0,['R'],['R'],None,['Sorcery'],None,Common,CMR,None,None,None,Gain control of target creature until end of turn. Untap that creature. It gains haste until end of turn. Scry 1. (Look at the top card of your library. You may put that card on the bottom of your library.)
Rings of Brighthearth,3.0,None,None,None,['Artifact'],None,Rare,CMR,None,None,None,"Whenever you activate an ability, if it isn't a mana ability, you may pay {2}. If you do, copy that ability. You may choose new targets for the copy."
Port Razer,5.0,['R'],['R'],None,['Creature'],"['Orc', 'Pirate']",Mythic,CMR,4,4,None,"Whenever Port Razer deals combat damage to a player, untap each creature you control. After this phase, there is an additional combat phase.\nPort Razer can't attack a player it has already attacked this turn."
Lumengrid Gargoyle,6.0,None,None,None,"['Artifact', 'Creature']",['Gargoyle'],Common,CMR,4,4,None,Flying
Meteoric Mace,6.0,['R'],['R'],None,['Artifact'],['Equipment'],Uncommon,CMR,None,None,None,"Equipped creature gets +4/+0 and has trample.\nEquip {4}\nCascade (When you cast this spell, exile cards from the top of your library until you exile a nonland card that costs less. You may cast it without paying its mana cost. Put the exiled cards on the bottom of your library in a random order.)"
Makeshift Munitions,2.0,['R'],['R'],None,['Enchantment'],None,Common,CMR,None,None,None,"{1}, Sacrifice an artifact or creature: Makeshift Munitions deals 1 damage to any target."
Lightning-Rig Crew,3.0,['R'],['R'],None,['Creature'],"['Goblin', 'Pirate']",Uncommon,CMR,0,5,None,"{T}: Lightning-Rig Crew deals 1 damage to each opponent.\nWhenever you cast a Pirate spell, untap Lightning-Rig Crew."
"Krark, the Thumbless",2.0,['R'],['R'],['Legendary'],['Creature'],"['Goblin', 'Wizard']",Rare,CMR,2,2,None,"Whenever you cast an instant or sorcery spell, flip a coin. If you lose the flip, return that spell to its owner's hand. If you win the flip, copy that spell, and you may choose new targets for the copy.\nPartner (You can have two commanders if both have partner.)"
"Kediss, Emberclaw Familiar",2.0,['R'],['R'],['Legendary'],['Creature'],"['Elemental', 'Lizard']",Uncommon,CMR,1,1,None,"Whenever a commander you control deals combat damage to an opponent, it deals that much damage to each other opponent.\nPartner (You can have two commanders if both have partner.)"
Jeska's Will,3.0,['R'],['R'],None,['Sorcery'],None,Rare,CMR,None,None,None,"Choose one. If you control a commander as you cast this spell, you may choose both instead.\n• Add {R} for each card in target opponent's hand.\n• Exile the top three cards of your library. You may play them this turn."
"Jeska, Thrice Reborn",3.0,['R'],['R'],['Legendary'],['Planeswalker'],['Jeska'],Mythic,CMR,None,None,0,"Jeska, Thrice Reborn enters the battlefield with a loyalty counter on her for each time you've cast a commander from the command zone this game.\n[0]: Choose target creature. Until your next turn, if that creature would deal combat damage to one of your opponents, it deals triple that damage to that player instead.\n[−X]: Jeska, Thrice Reborn deals X damage to each of up to three targets.\nJeska, Thrice Reborn can be your commander.\nPartner"
Impulsive Pilferer,1.0,['R'],['R'],None,['Creature'],"['Goblin', 'Pirate']",Common,CMR,1,1,None,"When Impulsive Pilferer dies, create a Treasure token. (It's an artifact with ""{T}, Sacrifice this artifact: Add one mana of any color."")\nEncore {3}{R} ({3}{R}, Exile this card from your graveyard: For each opponent, create a token copy that attacks that opponent this turn if able. They gain haste. Sacrifice them at the beginning of the next end step. Activate only as a sorcery.)"
Humble Defector,2.0,['R'],['R'],None,['Creature'],"['Human', 'Rogue']",Uncommon,CMR,2,1,None,{T}: Draw two cards. Target opponent gains control of Humble Defector. Activate only during your turn.
Hellkite Courser,6.0,['R'],['R'],None,['Creature'],['Dragon'],Mythic,CMR,6,5,None,"Flying\nWhen Hellkite Courser enters the battlefield, you may put a commander you own from the command zone onto the battlefield. It gains haste. Return it to the command zone at the beginning of the next end step."
Goblin Trailblazer,2.0,['R'],['R'],None,['Creature'],"['Goblin', 'Pirate']",Common,CMR,2,1,None,Menace (This creature can't be blocked except by two or more creatures.)
Furnace Celebration,3.0,['R'],['R'],None,['Enchantment'],None,Uncommon,CMR,None,None,None,"Whenever you sacrifice another permanent, you may pay {2}. If you do, Furnace Celebration deals 2 damage to any target."
Frenzied Saddlebrute,5.0,['R'],['R'],None,['Creature'],"['Orc', 'Warrior']",Uncommon,CMR,5,4,None,Haste\nAll creatures can attack your opponents and planeswalkers your opponents control as though those creatures had haste.
Flamekin Herald,3.0,['R'],['R'],None,['Creature'],"['Elemental', 'Wizard']",Rare,CMR,3,2,None,"Commander spells you cast have cascade. (Whenever you cast a commander, exile cards from the top of your library until you exile a nonland card with lesser mana value. You may cast it without paying its mana cost. Put the exiled cards on the bottom of your library in a random order.)"
Fiery Cannonade,3.0,['R'],['R'],None,['Instant'],None,Common,CMR,None,None,None,Fiery Cannonade deals 2 damage to each non-Pirate creature.
Pilgrim's Eye,3.0,None,None,None,"['Artifact', 'Creature']",['Thopter'],Common,CMR,1,1,None,"Flying\nWhen Pilgrim's Eye enters the battlefield, you may search your library for a basic land card, reveal it, put it into your hand, then shuffle."
Phyrexian Triniform,9.0,None,None,None,"['Artifact', 'Creature']","['Phyrexian', 'Golem']",Mythic,CMR,9,9,None,"When Phyrexian Triniform dies, create three 3/3 colorless Phyrexian Golem artifact creature tokens.\nEncore {12} ({12}, Exile this card from your graveyard: For each opponent, create a token copy that attacks that opponent this turn if able. They gain haste. Sacrifice them at the beginning of the next end step. Activate only as a sorcery.)"
Fathom Fleet Swordjack,4.0,['R'],['R'],None,['Creature'],"['Orc', 'Pirate']",Uncommon,CMR,4,3,None,"Whenever Fathom Fleet Swordjack attacks, it deals damage to the player or planeswalker it's attacking equal to the number of artifacts you control.\nEncore {5}{R} ({5}{R}, Exile this card from your graveyard: For each opponent, create a token copy that attacks that opponent this turn if able. They gain haste. Sacrifice them at the beginning of the next end step. Activate only as a sorcery.)"
Explosion of Riches,6.0,['R'],['R'],None,['Sorcery'],None,Uncommon,CMR,None,None,None,"Draw a card, then each other player may draw a card. Whenever a card is drawn this way, Explosion of Riches deals 5 damage to target opponent chosen at random from among your opponents."
Emberwilde Captain,4.0,['R'],['R'],None,['Creature'],"['Djinn', 'Pirate']",Rare,CMR,4,2,None,"When Emberwilde Captain enters the battlefield, you become the monarch.\nWhenever an opponent attacks you while you're the monarch, Emberwilde Captain deals damage to that player equal to the number of cards in their hand."
Dragon Mantle,1.0,['R'],['R'],None,['Enchantment'],['Aura'],Common,CMR,None,None,None,"Enchant creature\nWhen Dragon Mantle enters the battlefield, draw a card.\nEnchanted creature has ""{R}: This creature gets +1/+0 until end of turn."""
Dragon Egg,3.0,['R'],['R'],None,['Creature'],"['Dragon', 'Egg']",Common,CMR,0,2,None,"Defender\nWhen Dragon Egg dies, create a 2/2 red Dragon creature token with flying and ""{R}: This creature gets +1/+0 until end of turn."""
"Dargo, the Shipwrecker",7.0,['R'],['R'],['Legendary'],['Creature'],"['Giant', 'Pirate']",Uncommon,CMR,7,5,None,"As an additional cost to cast this spell, you may sacrifice any number of artifacts and/or creatures. This spell costs {2} less to cast for each permanent sacrificed this way and {2} less to cast for each other artifact or creature you've sacrificed this turn.\nTrample\nPartner (You can have two commanders if both have partner.)"
Crimson Fleet Commodore,4.0,['R'],['R'],None,['Creature'],"['Ogre', 'Pirate']",Common,CMR,5,2,None,"Trample\nWhen Crimson Fleet Commodore enters the battlefield, you become the monarch."
Vampiric Tutor,1.0,['B'],['B'],None,['Instant'],None,Mythic,CMR,None,None,None,"Search your library for a card, then shuffle and put that card on top. You lose 2 life."
Champion of the Flame,2.0,['R'],['R'],None,['Creature'],"['Human', 'Warrior']",Common,CMR,1,1,None,Trample\nChampion of the Flame gets +2/+2 for each Aura and Equipment attached to it.
Coercive Recruiter,5.0,['R'],['R'],None,['Creature'],"['Orc', 'Pirate']",Rare,CMR,4,3,None,"Whenever Coercive Recruiter or another Pirate enters the battlefield under your control, gain control of target creature until end of turn. Untap that creature. Until end of turn, it gains haste and becomes a Pirate in addition to its other types."
Court of Ire,5.0,['R'],['R'],None,['Enchantment'],None,Rare,CMR,None,None,None,"When Court of Ire enters the battlefield, you become the monarch.\nAt the beginning of your upkeep, Court of Ire deals 2 damage to any target. If you're the monarch, it deals 7 damage instead."
Coastline Marauders,3.0,['R'],['R'],None,['Creature'],"['Human', 'Pirate']",Uncommon,CMR,0,3,None,"Trample\nWhenever Coastline Marauders attacks, it gets +1/+0 until end of turn for each land defending player controls.\nEncore {4}{R}{R} ({4}{R}{R}, Exile this card from your graveyard: For each opponent, create a token copy that attacks that opponent this turn if able. They gain haste. Sacrifice them at the beginning of the next end step. Activate only as a sorcery.)"
Mindless Automaton,4.0,None,None,None,"['Artifact', 'Creature']",['Construct'],Uncommon,CMR,0,0,None,"Mindless Automaton enters the battlefield with two +1/+1 counters on it.\n{1}, Discard a card: Put a +1/+1 counter on Mindless Automaton.\nRemove two +1/+1 counters from Mindless Automaton: Draw a card."
Burning Anger,5.0,['R'],['R'],None,['Enchantment'],['Aura'],Uncommon,CMR,None,None,None,"Enchant creature\nEnchanted creature has ""{T}: This creature deals damage equal to its power to any target."""
"Breeches, Brazen Plunderer",4.0,['R'],['R'],['Legendary'],['Creature'],"['Goblin', 'Pirate']",Uncommon,CMR,3,3,None,"Menace\nWhenever one or more Pirates you control deal damage to your opponents, exile the top card of each of those opponents' libraries. You may play those cards this turn, and you may spend mana as though it were mana of any color to cast those spells.\nPartner (You can have two commanders if both have partner.)"
Brazen Freebooter,4.0,['R'],['R'],None,['Creature'],"['Human', 'Pirate']",Common,CMR,3,3,None,"When Brazen Freebooter enters the battlefield, create a Treasure token. (It's an artifact with ""{T}, Sacrifice this artifact: Add one mana of any color."")"
Nevinyrral's Disk,4.0,None,None,None,['Artifact'],None,Rare,CMR,None,None,None,"Nevinyrral's Disk enters the battlefield tapped.\n{1}, {T}: Destroy all artifacts, creatures, and enchantments."
Boarding Party,6.0,['R'],['R'],None,['Creature'],"['Human', 'Pirate']",Common,CMR,6,3,None,"Haste\nCascade (When you cast this spell, exile cards from the top of your library until you exile a nonland card that costs less. You may cast it without paying its mana cost. Put the exiled cards on the bottom of your library in a random order.)"
Blasphemous Act,9.0,['R'],['R'],None,['Sorcery'],None,Rare,CMR,None,None,None,This spell costs {1} less to cast for each creature on the battlefield.\nBlasphemous Act deals 13 damage to each creature.
Victimize,3.0,['B'],['B'],None,['Sorcery'],None,Uncommon,CMR,None,None,None,"Choose two target creature cards in your graveyard. Sacrifice a creature. If you do, return the chosen cards to the battlefield tapped."
Aurora Phoenix,6.0,['R'],['R'],None,['Creature'],['Phoenix'],Rare,CMR,5,3,None,"Flying\nCascade (When you cast this spell, exile cards from the top of your library until you exile a nonland card that costs less. You may cast it without paying its mana cost. Put the exiled cards on the bottom of your library in a random order.)\nWhenever you cast a spell with cascade, return Aurora Phoenix from your graveyard to your hand."
"Tormod, the Desecrator",4.0,['B'],['B'],['Legendary'],['Creature'],"['Zombie', 'Wizard']",Uncommon,CMR,4,2,None,"Whenever one or more cards leave your graveyard, create a tapped 2/2 black Zombie creature token.\nPartner (You can have two commanders if both have partner.)"
"Ramos, Dragon Engine",6.0,None,"['B', 'G', 'R', 'U', 'W']",['Legendary'],"['Artifact', 'Creature']",['Dragon'],Mythic,CMR,4,4,None,"Flying\nWhenever you cast a spell, put a +1/+1 counter on Ramos, Dragon Engine for each of that spell's colors.\nRemove five +1/+1 counters from Ramos: Add {W}{W}{U}{U}{B}{B}{R}{R}{G}{G}. Activate only once each turn."
"Alena, Kessig Trapper",5.0,['R'],['R'],['Legendary'],['Creature'],"['Human', 'Scout']",Uncommon,CMR,4,3,None,First strike\n{T}: Add an amount of {R} equal to the greatest power among creatures you control that entered the battlefield this turn.\nPartner (You can have two commanders if both have partner.)
Zur the Enchanter,4.0,"['B', 'U', 'W']","['B', 'U', 'W']",['Legendary'],['Creature'],"['Human', 'Wizard']",Mythic,CMR,1,4,None,"Flying\nWhenever Zur the Enchanter attacks, you may search your library for an enchantment card with mana value 3 or less, put it onto the battlefield, then shuffle."
Vow of Torment,3.0,['B'],['B'],None,['Enchantment'],['Aura'],Uncommon,CMR,None,None,None,"Enchant creature\nEnchanted creature gets +2/+2, has menace, and can't attack you or planeswalkers you control. (It can't be blocked except by two or more creatures.)"
Zedruu the Greathearted,4.0,"['R', 'U', 'W']","['R', 'U', 'W']",['Legendary'],['Creature'],"['Minotaur', 'Monk']",Mythic,CMR,2,4,None,"At the beginning of your upkeep, you gain X life and draw X cards, where X is the number of permanents you own that your opponents control.\n{U}{R}{W}: Target opponent gains control of target permanent you control."
Viscera Seer,1.0,['B'],['B'],None,['Creature'],"['Vampire', 'Wizard']",Common,CMR,1,1,None,Sacrifice a creature: Scry 1. (Look at the top card of your library. You may put that card on the bottom of your library.)
"Yuriko, the Tiger's Shadow",3.0,"['B', 'U']","['B', 'U']",['Legendary'],['Creature'],"['Human', 'Ninja']",Mythic,CMR,1,3,None,"Commander ninjutsu {U}{B} ({U}{B}, Return an unblocked attacker you control to hand: Put this card onto the battlefield from your hand or the command zone tapped and attacking.)\nWhenever a Ninja you control deals combat damage to a player, reveal the top card of your library and put that card into your hand. Each opponent loses life equal to that card's mana value."
Meteor Golem,7.0,None,None,None,"['Artifact', 'Creature']",['Golem'],Uncommon,CMR,3,3,None,"When Meteor Golem enters the battlefield, destroy target nonland permanent an opponent controls."
"Xenagos, God of Revels",5.0,"['G', 'R']","['G', 'R']",['Legendary'],"['Enchantment', 'Creature']",['God'],Mythic,CMR,6,5,None,"Indestructible\nAs long as your devotion to red and green is less than seven, Xenagos isn't a creature.\nAt the beginning of combat on your turn, another target creature you control gains haste and gets +X/+X until end of turn, where X is that creature's power."
Thorn of the Black Rose,4.0,['B'],['B'],None,['Creature'],"['Human', 'Assassin']",Common,CMR,1,3,None,"Deathtouch\nWhen Thorn of the Black Rose enters the battlefield, you become the monarch."
Vial Smasher the Fierce,3.0,"['B', 'R']","['B', 'R']",['Legendary'],['Creature'],"['Goblin', 'Berserker']",Mythic,CMR,2,3,None,"Whenever you cast your first spell each turn, choose an opponent at random. Vial Smasher the Fierce deals damage equal to that spell's mana value to that player or a planeswalker that player controls.\nPartner (You can have two commanders if both have partner.)"
"Tevesh Szat, Doom of Fools",5.0,['B'],['B'],['Legendary'],['Planeswalker'],['Szat'],Mythic,CMR,None,None,4,"[+2]: Create two 0/1 black Thrull creature tokens.\n[+1]: You may sacrifice another creature or planeswalker. If you do, draw two cards, then draw another card if the sacrificed permanent was a commander.\n[−10]: Gain control of all commanders. Put all commanders from the command zone onto the battlefield under your control.\nTevesh Szat, Doom of Fools can be your commander.\nPartner"
Tymna the Weaver,3.0,"['B', 'W']","['B', 'W']",['Legendary'],['Creature'],"['Human', 'Cleric']",Mythic,CMR,2,2,None,"Lifelink\nAt the beginning of your postcombat main phase, you may pay X life, where X is the number of opponents that were dealt combat damage this turn. If you do, draw X cards.\nPartner (You can have two commanders if both have partner.)"
Szat's Will,5.0,['B'],['B'],None,['Instant'],None,Rare,CMR,None,None,None,"Choose one. If you control a commander as you cast this spell, you may choose both.\n• Each opponent sacrifices a creature they control with the greatest power.\n• Exile all opponents' graveyards, then create X 0/1 black Thrull creature tokens, where X is the greatest power among creature cards exiled this way."
"Thrasios, Triton Hero",2.0,"['G', 'U']","['G', 'U']",['Legendary'],['Creature'],"['Merfolk', 'Wizard']",Mythic,CMR,1,3,None,"{4}: Scry 1, then reveal the top card of your library. If it's a land card, put it onto the battlefield tapped. Otherwise, draw a card.\nPartner (You can have two commanders if both have partner.)"
Supernatural Stamina,1.0,['B'],['B'],None,['Instant'],None,Common,CMR,None,None,None,"Until end of turn, target creature gets +2/+0 and gains ""When this creature dies, return it to the battlefield tapped under its owner's control."""
"Tana, the Bloodsower",4.0,"['G', 'R']","['G', 'R']",['Legendary'],['Creature'],"['Elf', 'Druid']",Mythic,CMR,2,2,None,"Trample\nWhenever Tana, the Bloodsower deals combat damage to a player, create that many 1/1 green Saproling creature tokens.\nPartner (You can have two commanders if both have partner.)"
Mask of Memory,2.0,None,None,None,['Artifact'],['Equipment'],Uncommon,CMR,None,None,None,"Whenever equipped creature deals combat damage to a player, you may draw two cards. If you do, discard a card.\nEquip {1} ({1}: Attach to target creature you control. Equip only as a sorcery.)"
"Silas Renn, Seeker Adept",3.0,"['B', 'U']","['B', 'U']",['Legendary'],"['Artifact', 'Creature']",['Human'],Mythic,CMR,2,2,None,"Deathtouch\nWhenever Silas Renn, Seeker Adept deals combat damage to a player, choose target artifact card in your graveyard. You may cast that card this turn.\nPartner (You can have two commanders if both have partner.)"
Spark Harvest,1.0,['B'],['B'],None,['Sorcery'],None,Common,CMR,None,None,None,"As an additional cost to cast this spell, sacrifice a creature or pay {3}{B}.\nDestroy target creature or planeswalker."
Sidar Kondo of Jamuraa,4.0,"['G', 'W']","['G', 'W']",['Legendary'],['Creature'],"['Human', 'Knight']",Mythic,CMR,2,5,None,"Flanking (Whenever a creature without flanking blocks this creature, the blocking creature gets -1/-1 until end of turn.)\nCreatures your opponents control without flying or reach can't block creatures with power 2 or less.\nPartner (You can have two commanders if both have partner.)"
"Sengir, the Dark Baron",6.0,['B'],['B'],['Legendary'],['Creature'],"['Vampire', 'Noble']",Rare,CMR,4,4,None,"Flying\nWhenever another creature dies, put two +1/+1 counters on Sengir, the Dark Baron.\nWhenever another player loses the game, you gain life equal to that player's life total as the turn began.\nPartner (You can have two commanders if both have partner.)"
"Reyhan, Last of the Abzan",3.0,"['B', 'G']","['B', 'G']",['Legendary'],['Creature'],"['Human', 'Warrior']",Mythic,CMR,0,0,None,"Reyhan, Last of the Abzan enters the battlefield with three +1/+1 counters on it.\nWhenever a creature you control dies or is put into the command zone, if it had one or more +1/+1 counters on it, you may put that many +1/+1 counters on target creature.\nPartner (You can have two commanders if both have partner.)"
Sanitarium Skeleton,1.0,['B'],['B'],None,['Creature'],['Skeleton'],Common,CMR,1,2,None,{2}{B}: Return Sanitarium Skeleton from your graveyard to your hand.
"Ravos, Soultender",5.0,"['B', 'W']","['B', 'W']",['Legendary'],['Creature'],"['Human', 'Cleric']",Mythic,CMR,2,2,None,"Flying\nOther creatures you control get +1/+1.\nAt the beginning of your upkeep, you may return target creature card from your graveyard to your hand.\nPartner (You can have two commanders if both have partner.)"
Revenant,5.0,['B'],['B'],None,['Creature'],['Spirit'],Uncommon,CMR,*,*,None,Flying\nRevenant's power and toughness are each equal to the number of creature cards in your graveyard.
"Rakdos, Lord of Riots",4.0,"['B', 'R']","['B', 'R']",['Legendary'],['Creature'],['Demon'],Mythic,CMR,6,6,None,"You can't cast this spell unless an opponent lost life this turn.\nFlying, trample\nCreature spells you cast cost {1} less to cast for each 1 life your opponents have lost this turn."
Rakshasa Debaser,6.0,['B'],['B'],None,['Creature'],['Demon'],Rare,CMR,6,6,None,"Whenever Rakshasa Debaser attacks, put target creature card from defending player's graveyard onto the battlefield under your control.\nEncore {6}{B}{B} ({6}{B}{B}, Exile this card from your graveyard: For each opponent, create a token copy that attacks that opponent this turn if able. They gain haste. Sacrifice them at the beginning of the next end step. Activate only as a sorcery.)"
Queen Marchesa,4.0,"['B', 'R', 'W']","['B', 'R', 'W']",['Legendary'],['Creature'],"['Human', 'Assassin']",Mythic,CMR,3,3,None,"Deathtouch, haste\nWhen Queen Marchesa enters the battlefield, you become the monarch.\nAt the beginning of your upkeep, if an opponent is the monarch, create a 1/1 black Assassin creature token with deathtouch and haste."
Profane Transfusion,9.0,['B'],['B'],None,['Sorcery'],None,Mythic,CMR,None,None,None,"Two target players exchange life totals. You create an X/X colorless Horror artifact creature token, where X is the difference between those players' life totals."
"Prossh, Skyraider of Kher",6.0,"['B', 'G', 'R']","['B', 'G', 'R']",['Legendary'],['Creature'],['Dragon'],Mythic,CMR,5,5,None,"When you cast this spell, create X 0/1 red Kobold creature tokens named Kobolds of Kher Keep, where X is the amount of mana spent to cast it.\nFlying\nSacrifice another creature: Prossh, Skyraider of Kher gets +1/+0 until end of turn."
Pride of the Perfect,4.0,['B'],['B'],None,['Enchantment'],None,Uncommon,CMR,None,None,None,Elves you control get +2/+0.
"Nekusar, the Mindrazer",5.0,"['B', 'R', 'U']","['B', 'R', 'U']",['Legendary'],['Creature'],"['Zombie', 'Wizard']",Mythic,CMR,2,4,None,"At the beginning of each player's draw step, that player draws an additional card.\nWhenever an opponent draws a card, Nekusar, the Mindrazer deals 1 damage to that player."
Plague Reaver,3.0,['B'],['B'],None,['Creature'],['Beast'],Rare,CMR,6,5,None,"At the beginning of your end step, sacrifice each other creature you control.\nDiscard two cards, Sacrifice Plague Reaver: Choose target opponent. Return Plague Reaver to the battlefield under that player's control at the beginning of their next upkeep."
"Muldrotha, the Gravetide",6.0,"['B', 'G', 'U']","['B', 'G', 'U']",['Legendary'],['Creature'],"['Elemental', 'Avatar']",Mythic,CMR,6,6,None,"During each of your turns, you may play a land and cast a permanent spell of each permanent type from your graveyard. (If a card has multiple permanent types, choose one as you play it.)"
Phyrexian Rager,3.0,['B'],['B'],None,['Creature'],"['Phyrexian', 'Horror']",Common,CMR,2,2,None,"When Phyrexian Rager enters the battlefield, you draw a card and you lose 1 life."
"Marath, Will of the Wild",3.0,"['G', 'R', 'W']","['G', 'R', 'W']",['Legendary'],['Creature'],"['Elemental', 'Beast']",Mythic,CMR,0,0,None,"Marath, Will of the Wild enters the battlefield with a number of +1/+1 counters on it equal to the amount of mana spent to cast it.\n{X}, Remove X +1/+1 counters from Marath: Choose one —\n• Put X +1/+1 counters on target creature. X can't be 0.\n• Marath deals X damage to any target. X can't be 0.\n• Create an X/X green Elemental creature token. X can't be 0."
Opposition Agent,3.0,['B'],['B'],None,['Creature'],"['Human', 'Rogue']",Rare,CMR,3,2,None,"Flash\nYou control your opponents while they're searching their libraries.\nWhile an opponent is searching their library, they exile each card they find. You may play those cards for as long as they remain exiled, and you may spend mana as though it were mana of any color to cast them."
Maelstrom Wanderer,8.0,"['G', 'R', 'U']","['G', 'R', 'U']",['Legendary'],['Creature'],['Elemental'],Mythic,CMR,7,5,None,"Creatures you control have haste.\nCascade, cascade (When you cast this spell, exile cards from the top of your library until you exile a nonland card that costs less. You may cast it without paying its mana cost. Put the exiled cards on the bottom of your library in a random order. Then do it again.)"
Null Caller,4.0,['B'],['B'],None,['Creature'],"['Vampire', 'Shaman']",Uncommon,CMR,2,4,None,"{3}{B}, Exile a creature card from your graveyard: Create a tapped 2/2 black Zombie creature token."
"Ludevic, Necro-Alchemist",3.0,"['R', 'U']","['R', 'U']",['Legendary'],['Creature'],"['Human', 'Wizard']",Mythic,CMR,1,4,None,"At the beginning of each player's end step, that player may draw a card if a player other than you lost life this turn.\nPartner (You can have two commanders if both have partner.)"
Noxious Dragon,6.0,['B'],['B'],None,['Creature'],['Dragon'],Uncommon,CMR,4,4,None,"Flying\nWhen Noxious Dragon dies, you may destroy target creature with mana value 3 or less."
Nightshade Harvester,4.0,['B'],['B'],None,['Creature'],"['Elf', 'Shaman']",Rare,CMR,2,2,None,"Whenever a land enters the battlefield under an opponent's control, that player loses 1 life. Put a +1/+1 counter on Nightshade Harvester."
"Kydele, Chosen of Kruphix",4.0,"['G', 'U']","['G', 'U']",['Legendary'],['Creature'],"['Human', 'Wizard']",Mythic,CMR,2,3,None,{T}: Add {C} for each card you've drawn this turn.\nPartner (You can have two commanders if both have partner.)
Necrotic Hex,7.0,['B'],['B'],None,['Sorcery'],None,Rare,CMR,None,None,None,Each player sacrifices six creatures. You create six tapped 2/2 black Zombie creature tokens.
"Kraum, Ludevic's Opus",5.0,"['R', 'U']","['R', 'U']",['Legendary'],['Creature'],"['Zombie', 'Horror']",Mythic,CMR,4,4,None,"Flying, haste\nWhenever an opponent casts their second spell each turn, draw a card.\nPartner (You can have two commanders if both have partner.)"
Nadier's Nightblade,3.0,['B'],['B'],None,['Creature'],"['Elf', 'Warrior']",Uncommon,CMR,1,3,None,"Whenever a token you control leaves the battlefield, each opponent loses 1 life and you gain 1 life."
"Nadier, Agent of the Duskenel",6.0,['B'],['B'],['Legendary'],['Creature'],"['Elf', 'Warrior']",Uncommon,CMR,3,3,None,"Whenever a token you control leaves the battlefield, put a +1/+1 counter on Nadier, Agent of the Duskenel.\nWhen Nadier leaves the battlefield, create a number of 1/1 green Elf Warrior creature tokens equal to its power.\nPartner (You can have two commanders if both have partner.)"
Murder,3.0,['B'],['B'],None,['Instant'],None,Common,CMR,None,None,None,Destroy target creature.
"Miara, Thorn of the Glade",2.0,['B'],['B'],['Legendary'],['Creature'],"['Elf', 'Scout']",Uncommon,CMR,1,2,None,"Whenever Miara, Thorn of the Glade or another Elf you control dies, you may pay {1} and 1 life. If you do, draw a card.\nPartner (You can have two commanders if both have partner.)"
Maalfeld Twins,6.0,['B'],['B'],None,['Creature'],['Zombie'],Common,CMR,4,4,None,"When Maalfeld Twins dies, create two 2/2 black Zombie creature tokens."
Jalum Tome,3.0,None,None,None,['Artifact'],None,Common,CMR,None,None,None,"{2}, {T}: Draw a card, then discard a card."
"Keskit, the Flesh Sculptor",3.0,['B'],['B'],['Legendary'],['Creature'],"['Phyrexian', 'Human', 'Artificer']",Uncommon,CMR,1,3,None,"{T}, Sacrifice three other artifacts and/or creatures: Look at the top three cards of your library. Put two of them into your hand and the other into your graveyard.\nPartner (You can have two commanders if both have partner.)"
Ingenuity Engine,7.0,None,None,None,['Artifact'],None,Uncommon,CMR,None,None,None,"Cascade (When you cast this spell, exile cards from the top of your library until you exile a nonland card that costs less. You may cast it without paying its mana cost. Put the exiled cards on the bottom of your library in a random order.)\n{1}, {T}, Sacrifice an artifact: Return target artifact you control to its owner's hand."
Burnished Hart,3.0,None,None,None,"['Artifact', 'Creature']",['Elk'],Uncommon,CMR,2,2,None,"{3}, Sacrifice Burnished Hart: Search your library for up to two basic land cards, put them onto the battlefield tapped, then shuffle."
Gilt-Leaf Winnower,5.0,['B'],['B'],None,['Creature'],"['Elf', 'Warrior']",Uncommon,CMR,4,3,None,"Menace (This creature can't be blocked except by two or more creatures.)\nWhen Gilt-Leaf Winnower enters the battlefield, you may destroy target non-Elf creature whose power and toughness aren't equal."
Marble Diamond,2.0,None,['W'],None,['Artifact'],None,Common,CMR,None,None,None,Marble Diamond enters the battlefield tapped.\n{T}: Add {W}.
"Karametra, God of Harvests",5.0,"['G', 'W']","['G', 'W']",['Legendary'],"['Enchantment', 'Creature']",['God'],Mythic,CMR,6,7,None,"Indestructible\nAs long as your devotion to green and white is less than seven, Karametra isn't a creature.\nWhenever you cast a creature spell, you may search your library for a Forest or Plains card, put it onto the battlefield tapped, then shuffle."
Howling Golem,3.0,None,None,None,"['Artifact', 'Creature']",['Golem'],Common,CMR,2,3,None,"Whenever Howling Golem attacks or blocks, each player draws a card."
Grafted Wargear,3.0,None,None,None,['Artifact'],['Equipment'],Uncommon,CMR,None,None,None,"Equipped creature gets +3/+2.\nWhenever Grafted Wargear becomes unattached from a permanent, sacrifice that permanent.\nEquip {0} ({0}: Attach to target creature you control. Equip only as a sorcery.)"
Foundry Inspector,3.0,None,None,None,"['Artifact', 'Creature']",['Construct'],Common,CMR,3,2,None,Artifact spells you cast cost {1} less to cast.
Filigree Familiar,3.0,None,None,None,"['Artifact', 'Creature']",['Fox'],Common,CMR,2,2,None,"When Filigree Familiar enters the battlefield, you gain 2 life.\nWhen Filigree Familiar dies, draw a card."
Dreamstone Hedron,6.0,None,None,None,['Artifact'],None,Uncommon,CMR,None,None,None,"{T}: Add {C}{C}{C}.\n{3}, {T}, Sacrifice Dreamstone Hedron: Draw three cards."
Commander's Sphere,3.0,None,None,None,['Artifact'],None,Common,CMR,None,None,None,{T}: Add one mana of any color in your commander's color identity.\nSacrifice Commander's Sphere: Draw a card.
Codex Shredder,1.0,None,None,None,['Artifact'],None,Uncommon,CMR,None,None,None,"{T}: Target player mills a card. (They put the top card of their library into their graveyard.)\n{5}, {T}, Sacrifice Codex Shredder: Return target card from your graveyard to your hand."
Armory of Iroas,2.0,None,None,None,['Artifact'],['Equipment'],Common,CMR,None,None,None,"Whenever equipped creature attacks, put a +1/+1 counter on it.\nEquip {2} ({2}: Attach to target creature you control. Equip only as a sorcery.)"
Angelic Armaments,3.0,None,None,None,['Artifact'],['Equipment'],Uncommon,CMR,None,None,None,"Equipped creature gets +2/+2, has flying, and is a white Angel in addition to its other colors and types.\nEquip {4} ({4}: Attach to target creature you control. Equip only as a sorcery.)"
Ghastly Demise,1.0,['B'],['B'],None,['Instant'],None,Common,CMR,None,None,None,Destroy target nonblack creature if its toughness is less than or equal to the number of cards in your graveyard.
Yurlok of Scorch Thrash,4.0,"['B', 'G', 'R']","['B', 'G', 'R']",['Legendary'],['Creature'],"['Viashino', 'Shaman']",Rare,CMR,4,4,None,"Vigilance\nA player losing unspent mana causes that player to lose that much life.\n{1}, {T}: Each player adds {B}{R}{G}."
"Karador, Ghost Chieftain",8.0,"['B', 'G', 'W']","['B', 'G', 'W']",['Legendary'],['Creature'],"['Centaur', 'Spirit']",Mythic,CMR,3,4,None,"This spell costs {1} less to cast for each creature card in your graveyard.\nOnce during each of your turns, you may cast a creature spell from your graveyard."
"Thalisse, Reverent Medium",5.0,"['B', 'W']","['B', 'W']",['Legendary'],['Creature'],"['Human', 'Cleric']",Uncommon,CMR,3,4,None,"At the beginning of each end step, create X 1/1 white Spirit creature tokens with flying, where X is the number of tokens you created this turn."
"Obeka, Brute Chronologist",4.0,"['B', 'R', 'U']","['B', 'R', 'U']",['Legendary'],['Creature'],"['Ogre', 'Wizard']",Rare,CMR,3,4,None,"{T}: The player whose turn it is may end the turn. (Exile all spells and abilities from the stack. The player whose turn it is discards down to their maximum hand size. Damage wears off, and ""this turn"" and ""until end of turn"" effects end.)"
"Nevinyrral, Urborg Tyrant",6.0,"['B', 'U', 'W']","['B', 'U', 'W']",['Legendary'],['Creature'],"['Zombie', 'Wizard']",Rare,CMR,3,6,None,"Hexproof from artifacts, creatures, and enchantments\nWhen Nevinyrral, Urborg Tyrant enters the battlefield, create a tapped 2/2 black Zombie creature token for each creature that died this turn.\nWhen Nevinyrral dies, you may pay {1}. When you do, destroy all artifacts, creatures, and enchantments."
"Lathiel, the Bounteous Dawn",4.0,"['G', 'W']","['G', 'W']",['Legendary'],['Creature'],['Unicorn'],Rare,CMR,2,2,None,"Lifelink\nAt the beginning of each end step, if you gained life this turn, distribute up to that many +1/+1 counters among any number of other target creatures."
"Ishai, Ojutai Dragonspeaker",4.0,"['U', 'W']","['U', 'W']",['Legendary'],['Creature'],"['Bird', 'Monk']",Mythic,CMR,1,1,None,"Flying\nWhenever an opponent casts a spell, put a +1/+1 counter on Ishai, Ojutai Dragonspeaker.\nPartner (You can have two commanders if both have partner.)"
"Kangee, Sky Warden",5.0,"['U', 'W']","['U', 'W']",['Legendary'],['Creature'],"['Bird', 'Wizard']",Uncommon,CMR,3,3,None,"Flying, vigilance\nWhenever Kangee, Sky Warden attacks, attacking creatures with flying get +2/+0 until end of turn.\nWhenever Kangee blocks, blocking creatures with flying get +0/+2 until end of turn."
"Jared Carthalion, True Heir",3.0,"['G', 'R', 'W']","['G', 'R', 'W']",['Legendary'],['Creature'],"['Human', 'Warrior']",Rare,CMR,3,3,None,"When Jared Carthalion, True Heir enters the battlefield, target opponent becomes the monarch. You can't become the monarch this turn.\nIf damage would be dealt to Jared Carthalion while you're the monarch, prevent that damage and put that many +1/+1 counters on it."
Hans Eriksson,4.0,"['G', 'R']","['G', 'R']",['Legendary'],['Creature'],"['Human', 'Scout']",Rare,CMR,1,4,None,"Whenever Hans Eriksson attacks, reveal the top card of your library. If it's a creature card, put it onto the battlefield tapped and attacking defending player or a planeswalker they control. Otherwise, put that card into your hand. When you put a creature card onto the battlefield this way, it fights Hans Eriksson."
"Gor Muldrak, Amphinologist",3.0,"['G', 'U']","['G', 'U']",['Legendary'],['Creature'],"['Human', 'Scout']",Rare,CMR,3,2,None,"You and permanents you control have protection from Salamanders.\nAt the beginning of your end step, each player who controls the fewest creatures creates a 4/3 blue Salamander Warrior creature token."
"Ghen, Arcanum Weaver",3.0,"['B', 'R', 'W']","['B', 'R', 'W']",['Legendary'],['Creature'],"['Human', 'Wizard']",Rare,CMR,2,3,None,"{R}{W}{B}, {T}, Sacrifice an enchantment: Return target enchantment card from your graveyard to the battlefield."
Captain Vargus Wrath,2.0,"['R', 'U']","['R', 'U']",['Legendary'],['Creature'],"['Orc', 'Pirate']",Uncommon,CMR,1,1,None,"Whenever Captain Vargus Wrath attacks, Pirates you control get +1/+1 until end of turn for each time you've cast a commander from the command zone this game."
Jeweled Lotus,0.0,None,None,None,['Artifact'],None,Mythic,CMR,None,None,None,"{T}, Sacrifice Jeweled Lotus: Add three mana of any one color. Spend this mana only to cast your commander."
"Slurrk, All-Ingesting",6.0,['G'],['G'],['Legendary'],['Creature'],['Ooze'],Uncommon,CMR,0,0,None,"Slurrk, All-Ingesting enters the battlefield with five +1/+1 counters on it.\nWhenever Slurrk or another creature you control dies, if it had a +1/+1 counter on it, put a +1/+1 counter on each creature you control that has a +1/+1 counter on it.\nPartner (You can have two commanders if both have partner.)"
"Averna, the Chaos Bloom",3.0,"['G', 'R', 'U']","['G', 'R', 'U']",['Legendary'],['Creature'],"['Elemental', 'Shaman']",Rare,CMR,4,2,None,"As you cascade, you may put a land card from among the exiled cards onto the battlefield tapped. (Do this after the last card is exiled but before deciding whether to cast a nonland card.)"
"Archelos, Lagoon Mystic",4.0,"['B', 'G', 'U']","['B', 'G', 'U']",['Legendary'],['Creature'],"['Turtle', 'Shaman']",Rare,CMR,2,4,None,"As long as Archelos, Lagoon Mystic is tapped, other permanents enter the battlefield tapped.\nAs long as Archelos is untapped, other permanents enter the battlefield untapped."
Abomination of Llanowar,3.0,"['B', 'G']","['B', 'G']",['Legendary'],['Creature'],"['Elf', 'Horror']",Uncommon,CMR,*,*,None,Vigilance; menace (This creature can't be blocked except by two or more creatures.)\nAbomination of Llanowar's power and toughness are each equal to the number of Elves you control plus the number of Elf cards in your graveyard.
Wildheart Invoker,4.0,['G'],['G'],None,['Creature'],"['Elf', 'Shaman']",Common,CMR,4,3,None,{8}: Target creature gets +5/+5 and gains trample until end of turn.
Soul's Might,5.0,['G'],['G'],None,['Sorcery'],None,Common,CMR,None,None,None,"Put X +1/+1 counters on target creature, where X is that creature's power."
"Ikra Shidiqi, the Usurper",5.0,"['B', 'G']","['B', 'G']",['Legendary'],['Creature'],"['Naga', 'Wizard']",Mythic,CMR,3,7,None,"Menace\nWhenever a creature you control deals combat damage to a player, you gain life equal to that creature's toughness.\nPartner (You can have two commanders if both have partner.)"
Silverback Shaman,5.0,['G'],['G'],None,['Creature'],"['Ape', 'Shaman']",Common,CMR,5,4,None,"Trample\nWhen Silverback Shaman dies, draw a card."
Strength of the Pack,6.0,['G'],['G'],None,['Sorcery'],None,Uncommon,CMR,None,None,None,Put two +1/+1 counters on each creature you control.
Sifter Wurm,7.0,['G'],['G'],None,['Creature'],['Wurm'],Uncommon,CMR,7,7,None,"Trample\nWhen Sifter Wurm enters the battlefield, scry 3, then reveal the top card of your library. You gain life equal to that card's mana value."
Scrounging Bandar,2.0,['G'],['G'],None,['Creature'],"['Cat', 'Monkey']",Common,CMR,0,0,None,"Scrounging Bandar enters the battlefield with two +1/+1 counters on it.\nAt the beginning of your upkeep, you may move any number of +1/+1 counters from Scrounging Bandar onto another target creature."
Rootweaver Druid,3.0,['G'],['G'],None,['Creature'],"['Elf', 'Druid']",Rare,CMR,2,1,None,"When Rootweaver Druid enters the battlefield, each opponent may search their library for up to three basic land cards. They each put one of those cards onto the battlefield tapped under your control and the rest onto the battlefield tapped under their control. Then each player who searched their library this way shuffles."
Reclamation Sage,3.0,['G'],['G'],None,['Creature'],"['Elf', 'Shaman']",Uncommon,CMR,2,1,None,"When Reclamation Sage enters the battlefield, you may destroy target artifact or enchantment."
"Numa, Joraga Chieftain",3.0,['G'],['G'],['Legendary'],['Creature'],"['Elf', 'Warrior']",Uncommon,CMR,2,2,None,"At the beginning of combat on your turn, you may pay {X}{X}. When you do, distribute X +1/+1 counters among any number of target Elves.\nPartner (You can have two commanders if both have partner.)"
Monstrous Onslaught,5.0,['G'],['G'],None,['Sorcery'],None,Uncommon,CMR,None,None,None,"Monstrous Onslaught deals X damage divided as you choose among any number of target creatures, where X is the greatest power among creatures you control as you cast this spell."
Molder Beast,5.0,['G'],['G'],None,['Creature'],['Beast'],Common,CMR,5,3,None,"Trample\nWhenever an artifact is put into a graveyard from the battlefield, Molder Beast gets +2/+0 until end of turn."
Lys Alana Bowmaster,3.0,['G'],['G'],None,['Creature'],"['Elf', 'Archer']",Common,CMR,2,2,None,"Reach\nWhenever you cast an Elf spell, you may have Lys Alana Bowmaster deal 2 damage to target creature with flying."
Kodama of the East Tree,6.0,['G'],['G'],['Legendary'],['Creature'],['Spirit'],Rare,CMR,6,6,None,"Reach\nWhenever another permanent enters the battlefield under your control, if it wasn't put onto the battlefield with this ability, you may put a permanent card with equal or lesser mana value from your hand onto the battlefield.\nPartner (You can have two commanders if both have partner.)"
Mana Confluence,0.0,None,None,None,['Land'],None,Mythic,CMR,None,None,None,"{T}, Pay 1 life: Add one mana of any color."
Ivy Lane Denizen,4.0,['G'],['G'],None,['Creature'],"['Elf', 'Warrior']",Common,CMR,2,3,None,"Whenever another green creature enters the battlefield under your control, put a +1/+1 counter on target creature."
Immaculate Magistrate,4.0,['G'],['G'],None,['Creature'],"['Elf', 'Shaman']",Rare,CMR,2,2,None,{T}: Put a +1/+1 counter on target creature for each Elf you control.
Hunter's Insight,3.0,['G'],['G'],None,['Instant'],None,Uncommon,CMR,None,None,None,"Choose target creature you control. Whenever that creature deals combat damage to a player or planeswalker this turn, draw that many cards."
"Gilanra, Caller of Wirewood",3.0,['G'],['G'],['Legendary'],['Creature'],"['Elf', 'Druid']",Uncommon,CMR,1,2,None,"{T}: Add {G}. When you spend this mana to cast a spell with mana value 6 or greater, draw a card.\nPartner (You can have two commanders if both have partner.)"
Fyndhorn Elves,1.0,['G'],['G'],None,['Creature'],"['Elf', 'Druid']",Common,CMR,1,1,None,{T}: Add {G}.
Fleshbag Marauder,3.0,['B'],['B'],None,['Creature'],"['Zombie', 'Warrior']",Common,CMR,3,1,None,"When Fleshbag Marauder enters the battlefield, each player sacrifices a creature."
Entourage of Trest,5.0,['G'],['G'],None,['Creature'],"['Elf', 'Soldier']",Common,CMR,4,4,None,"When Entourage of Trest enters the battlefield, you become the monarch.\nEntourage of Trest can block an additional creature each combat as long as you're the monarch."
Fin-Clade Fugitives,6.0,['G'],['G'],None,['Creature'],"['Elf', 'Salamander', 'Rogue']",Common,CMR,7,4,None,"Fin-Clade Fugitives can't be blocked by creatures with power 2 or less.\nEncore {4}{G} ({4}{G}, Exile this card from your graveyard: For each opponent, create a token copy that attacks that opponent this turn if able. They gain haste. Sacrifice them at the beginning of the next end step. Activate only as a sorcery.)"
Elvish Visionary,2.0,['G'],['G'],None,['Creature'],"['Elf', 'Shaman']",Common,CMR,1,1,None,"When Elvish Visionary enters the battlefield, draw a card."
Crushing Vines,3.0,['G'],['G'],None,['Instant'],None,Common,CMR,None,None,None,Choose one —\n• Destroy target creature with flying.\n• Destroy target artifact.
Biowaste Blob,4.0,['G'],['G'],None,['Creature'],['Ooze'],Rare,CMR,0,0,None,"Oozes you control get +1/+1.\nAt the beginning of your upkeep, if you control a commander, create a token that's a copy of Biowaste Blob."
Armorcraft Judge,4.0,['G'],['G'],None,['Creature'],"['Elf', 'Artificer']",Uncommon,CMR,3,3,None,"When Armorcraft Judge enters the battlefield, draw a card for each creature you control with a +1/+1 counter on it."
Annoyed Altisaur,7.0,['G'],['G'],None,['Creature'],['Dinosaur'],Common,CMR,6,5,None,"Reach, trample\nCascade (When you cast this spell, exile cards from the top of your library until you exile a nonland card that costs less. You may cast it without paying its mana cost. Put the exiled cards on the bottom of your library in a random order.)"
Apex Devastator,10.0,['G'],['G'],None,['Creature'],"['Chimera', 'Hydra']",Mythic,CMR,10,10,None,"Cascade, cascade, cascade, cascade (When you cast this spell, exile cards from the top of your library until you exile a nonland card that costs less. You may cast it without paying its mana cost. Put the exiled cards on the bottom of your library in a random order. Multiple instances of cascade each trigger separately.)"
Sparktongue Dragon,5.0,['R'],['R'],None,['Creature'],['Dragon'],Common,CMR,3,3,None,"Flying\nWhen Sparktongue Dragon enters the battlefield, you may pay {2}{R}. When you do, it deals 3 damage to any target."
"Anara, Wolvid Familiar",4.0,['G'],['G'],['Legendary'],['Creature'],"['Wolf', 'Beast']",Uncommon,CMR,4,4,None,"As long as it's your turn, commanders you control have indestructible. (Effects that say ""destroy"" don't destroy them. A creature with indestructible can't be destroyed by damage.)\nPartner (You can have two commanders if both have partner.)"
Feast of Succession,6.0,['B'],['B'],None,['Sorcery'],None,Uncommon,CMR,None,None,None,All creatures get -4/-4 until end of turn. You become the monarch.
Scroll Rack,2.0,None,None,None,['Artifact'],None,Mythic,CMR,None,None,None,"{1}, {T}: Exile any number of cards from your hand face down. Put that many cards from the top of your library into your hand. Then look at the exiled cards and put them on top of your library in any order."
"Falthis, Shadowcat Familiar",3.0,['B'],['B'],['Legendary'],['Creature'],"['Nightmare', 'Cat']",Uncommon,CMR,2,2,None,Commanders you control have menace and deathtouch.\nPartner (You can have two commanders if both have partner.)
Eyeblight Massacre,4.0,['B'],['B'],None,['Sorcery'],None,Common,CMR,None,None,None,Non-Elf creatures get -2/-2 until end of turn.
Eyeblight Cullers,5.0,['B'],['B'],None,['Creature'],"['Elf', 'Warrior']",Common,CMR,3,3,None,"When Eyeblight Cullers dies, create three 1/1 green Elf Warrior creature tokens, then mill three cards. (Put the top three cards of your library into your graveyard.)"
Eyeblight Assassin,3.0,['B'],['B'],None,['Creature'],"['Elf', 'Assassin']",Common,CMR,2,2,None,"When Eyeblight Assassin enters the battlefield, target creature an opponent controls gets -1/-1 until end of turn."
Exquisite Huntmaster,4.0,['B'],['B'],None,['Creature'],"['Elf', 'Warrior']",Common,CMR,4,2,None,"When Exquisite Huntmaster dies, create a 1/1 green Elf Warrior creature token.\nEncore {4}{B} ({4}{B}, Exile this card from your graveyard: For each opponent, create a token copy that attacks that opponent this turn if able. They gain haste. Sacrifice them at the beginning of the next end step. Activate only as a sorcery.)"
Elvish Dreadlord,5.0,['B'],['B'],None,['Creature'],"['Zombie', 'Elf']",Rare,CMR,3,3,None,"Deathtouch\nWhen Elvish Dreadlord dies, non-Elf creatures get -3/-3 until end of turn.\nEncore {5}{B}{B} ({5}{B}{B}, Exile this card from your graveyard: For each opponent, create a token copy that attacks that opponent this turn if able. They gain haste. Sacrifice them at the beginning of the next end step. Activate only as a sorcery.)"
Elvish Doomsayer,2.0,['B'],['B'],None,['Creature'],"['Elf', 'Shaman']",Common,CMR,1,1,None,"When Elvish Doomsayer dies, each opponent discards a card."
Dhund Operative,2.0,['B'],['B'],None,['Creature'],"['Human', 'Rogue']",Common,CMR,2,2,None,"As long as you control an artifact, Dhund Operative gets +1/+0 and has deathtouch."
Demonic Lore,3.0,['B'],['B'],None,['Enchantment'],None,Uncommon,CMR,None,None,None,"When Demonic Lore enters the battlefield, draw three cards.\nAt the beginning of your end step, you lose 2 life for each card in your hand."
Defiant Salvager,3.0,['B'],['B'],None,['Creature'],"['Aetherborn', 'Artificer']",Common,CMR,2,2,None,Sacrifice an artifact or creature: Put a +1/+1 counter on Defiant Salvager. Activate only as a sorcery.
Wrong Turn,3.0,['U'],['U'],None,['Instant'],None,Rare,CMR,None,None,None,"Target opponent gains control of target creature. (If an attacking or blocking creature changes controllers, it's removed from combat.)"
Corpse Churn,2.0,['B'],['B'],None,['Instant'],None,Common,CMR,None,None,None,"Mill three cards, then you may return a creature card from your graveyard to your hand. (To mill three cards, put the top three cards of your library into your graveyard.)"
Crow of Dark Tidings,3.0,['B'],['B'],None,['Creature'],"['Zombie', 'Bird']",Common,CMR,2,1,None,"Flying\nWhen Crow of Dark Tidings enters the battlefield or dies, mill two cards. (Put the top two cards of your library into your graveyard.)"
Cuombajj Witches,2.0,['B'],['B'],None,['Creature'],"['Human', 'Wizard']",Uncommon,CMR,1,3,None,{T}: Cuombajj Witches deals 1 damage to any target and 1 damage to any target of an opponent's choice.
Court of Ambition,4.0,['B'],['B'],None,['Enchantment'],None,Rare,CMR,None,None,None,"When Court of Ambition enters the battlefield, you become the monarch.\nAt the beginning of your upkeep, each opponent loses 3 life unless they discard a card. If you're the monarch, instead each opponent loses 6 life unless they discard two cards."
Cast Down,2.0,['B'],['B'],None,['Instant'],None,Uncommon,CMR,None,None,None,Destroy target nonlegendary creature.
Briarblade Adept,5.0,['B'],['B'],None,['Creature'],"['Elf', 'Assassin']",Common,CMR,3,4,None,"Whenever Briarblade Adept attacks, target creature an opponent controls gets -1/-1 until end of turn.\nEncore {3}{B} ({3}{B}, Exile this card from your graveyard: For each opponent, create a token copy that attacks that opponent this turn if able. They gain haste. Sacrifice them at the beginning of the next end step. Activate only as a sorcery.)"
Bladebrand,2.0,['B'],['B'],None,['Instant'],None,Common,CMR,None,None,None,Target creature gains deathtouch until end of turn.\nDraw a card.
Bitter Revelation,4.0,['B'],['B'],None,['Sorcery'],None,Common,CMR,None,None,None,Look at the top four cards of your library. Put two of them into your hand and the rest into your graveyard. You lose 2 life.
"Armix, Filigree Thrasher",3.0,['B'],['B'],['Legendary'],"['Artifact', 'Creature']",['Golem'],Uncommon,CMR,3,2,None,"Whenever Armix, Filigree Thrasher attacks, you may discard a card. When you do, target creature defending player controls gets -X/-X until end of turn, where X is the number of artifacts you control plus the number of artifact cards in your graveyard.\nPartner (You can have two commanders if both have partner.)"
"Derevi, Empyrial Tactician",3.0,"['G', 'U', 'W']","['G', 'U', 'W']",['Legendary'],['Creature'],"['Bird', 'Wizard']",Mythic,CMR,2,3,None,"Flying\nWhenever Derevi, Empyrial Tactician enters the battlefield or a creature you control deals combat damage to a player, you may tap or untap target permanent.\n{1}{G}{W}{U}: Put Derevi onto the battlefield from the command zone."
"Bruse Tarl, Boorish Herder",4.0,"['R', 'W']","['R', 'W']",['Legendary'],['Creature'],"['Human', 'Ally']",Mythic,CMR,3,3,None,"Whenever Bruse Tarl, Boorish Herder enters the battlefield or attacks, target creature you control gains double strike and lifelink until end of turn.\nPartner (You can have two commanders if both have partner.)"
"Brago, King Eternal",4.0,"['U', 'W']","['U', 'W']",['Legendary'],['Creature'],"['Spirit', 'Noble']",Mythic,CMR,2,4,None,"Flying\nWhenever Brago, King Eternal deals combat damage to a player, exile any number of target nonland permanents you control, then return those cards to the battlefield under their owner's control."
"Akiri, Line-Slinger",2.0,"['R', 'W']","['R', 'W']",['Legendary'],['Creature'],"['Kor', 'Soldier', 'Ally']",Mythic,CMR,0,3,None,"First strike, vigilance\nAkiri, Line-Slinger gets +1/+0 for each artifact you control.\nPartner (You can have two commanders if both have partner.)"
Vivid Creek,0.0,None,['U'],None,['Land'],None,Uncommon,CMR,None,None,None,"Vivid Creek enters the battlefield tapped with two charge counters on it.\n{T}: Add {U}.\n{T}, Remove a charge counter from Vivid Creek: Add one mana of any color."
Forest,0.0,None,['G'],['Basic'],['Land'],['Forest'],Common,CMR,None,None,None,({T}: Add {G}.)
"Najeela, the Blade-Blossom",3.0,['R'],"['B', 'G', 'R', 'U', 'W']",['Legendary'],['Creature'],"['Human', 'Warrior']",Mythic,CMR,3,2,None,"Whenever a Warrior attacks, you may have its controller create a 1/1 white Warrior creature token that's tapped and attacking.\n{W}{U}{B}{R}{G}: Untap all attacking creatures. They gain trample, lifelink, and haste until end of turn. After this phase, there is an additional combat phase. Activate only during combat."
Prophetic Prism,2.0,None,None,None,['Artifact'],None,Common,CMR,None,None,None,"When Prophetic Prism enters the battlefield, draw a card.\n{1}, {T}: Add one mana of any color."
Forest,0.0,None,['G'],['Basic'],['Land'],['Forest'],Common,CMR,None,None,None,({T}: Add {G}.)
Mountain,0.0,None,['R'],['Basic'],['Land'],['Mountain'],Common,CMR,None,None,None,({T}: Add {R}.)
Mountain,0.0,None,['R'],['Basic'],['Land'],['Mountain'],Common,CMR,None,None,None,({T}: Add {R}.)
Island,0.0,None,['U'],['Basic'],['Land'],['Island'],Common,CMR,None,None,None,({T}: Add {U}.)
Island,0.0,None,['U'],['Basic'],['Land'],['Island'],Common,CMR,None,None,None,({T}: Add {U}.)
Vivid Grove,0.0,None,['G'],None,['Land'],None,Uncommon,CMR,None,None,None,"Vivid Grove enters the battlefield tapped with two charge counters on it.\n{T}: Add {G}.\n{T}, Remove a charge counter from Vivid Grove: Add one mana of any color."
Plains,0.0,None,['W'],['Basic'],['Land'],['Plains'],Common,CMR,None,None,None,({T}: Add {W}.)
Transguild Promenade,0.0,None,None,None,['Land'],None,Common,CMR,None,None,None,"Transguild Promenade enters the battlefield tapped.\nWhen Transguild Promenade enters the battlefield, sacrifice it unless you pay {1}.\n{T}: Add one mana of any color."
Plains,0.0,None,['W'],['Basic'],['Land'],['Plains'],Common,CMR,None,None,None,({T}: Add {W}.)
Woodland Stream,0.0,None,"['G', 'U']",None,['Land'],None,Common,CMR,None,None,None,Woodland Stream enters the battlefield tapped.\n{T}: Add {G} or {U}.
Wind-Scarred Crag,0.0,None,"['R', 'W']",None,['Land'],None,Common,CMR,None,None,None,"Wind-Scarred Crag enters the battlefield tapped.\nWhen Wind-Scarred Crag enters the battlefield, you gain 1 life.\n{T}: Add {R} or {W}."
Pirate's Cutlass,3.0,None,None,None,['Artifact'],['Equipment'],Common,CMR,None,None,None,"When Pirate's Cutlass enters the battlefield, attach it to target Pirate you control.\nEquipped creature gets +2/+1.\nEquip {2} ({2}: Attach to target creature you control. Equip only as a sorcery.)"
Thornwood Falls,0.0,None,"['G', 'U']",None,['Land'],None,Common,CMR,None,None,None,"Thornwood Falls enters the battlefield tapped.\nWhen Thornwood Falls enters the battlefield, you gain 1 life.\n{T}: Add {G} or {U}."
"Sunhome, Fortress of the Legion",0.0,None,"['R', 'W']",None,['Land'],None,Uncommon,CMR,None,None,None,"{T}: Add {C}.\n{2}{R}{W}, {T}: Target creature gains double strike until end of turn."
Stone Quarry,0.0,None,"['R', 'W']",None,['Land'],None,Uncommon,CMR,None,None,None,Stone Quarry enters the battlefield tapped.\n{T}: Add {R} or {W}.
Slayers' Stronghold,0.0,None,"['R', 'W']",None,['Land'],None,Rare,CMR,None,None,None,"{T}: Add {C}.\n{R}{W}, {T}: Target creature gets +2/+0 and gains vigilance and haste until end of turn."
Simic Guildgate,0.0,None,"['G', 'U']",None,['Land'],['Gate'],Common,CMR,None,None,None,Simic Guildgate enters the battlefield tapped.\n{T}: Add {G} or {U}.
Simic Growth Chamber,0.0,None,"['G', 'U']",None,['Land'],None,Uncommon,CMR,None,None,None,"Simic Growth Chamber enters the battlefield tapped.\nWhen Simic Growth Chamber enters the battlefield, return a land you control to its owner's hand.\n{T}: Add {G}{U}."
Secluded Steppe,0.0,None,['W'],None,['Land'],None,Uncommon,CMR,None,None,None,"Secluded Steppe enters the battlefield tapped.\n{T}: Add {W}.\nCycling {W} ({W}, Discard this card: Draw a card.)"
Rogue's Passage,0.0,None,None,None,['Land'],None,Uncommon,CMR,None,None,None,"{T}: Add {C}.\n{4}, {T}: Target creature can't be blocked this turn."
Reliquary Tower,0.0,None,None,None,['Land'],None,Uncommon,CMR,None,None,None,You have no maximum hand size.\n{T}: Add {C}.
Perilous Myr,2.0,None,None,None,"['Artifact', 'Creature']","['Phyrexian', 'Myr']",Common,CMR,1,1,None,"When Perilous Myr dies, it deals 2 damage to any target."
Myriad Landscape,0.0,None,None,None,['Land'],None,Uncommon,CMR,None,None,None,"Myriad Landscape enters the battlefield tapped.\n{T}: Add {C}.\n{2}, {T}, Sacrifice Myriad Landscape: Search your library for up to two basic land cards that share a land type, put them onto the battlefield tapped, then shuffle."
Pennon Blade,3.0,None,None,None,['Artifact'],['Equipment'],Uncommon,CMR,None,None,None,Equipped creature gets +1/+1 for each creature you control.\nEquip {4} ({4}: Attach to target creature you control. Equip only as a sorcery.)
Memorial to War,0.0,None,['R'],None,['Land'],None,Uncommon,CMR,None,None,None,"Memorial to War enters the battlefield tapped.\n{T}: Add {R}.\n{4}{R}, {T}, Sacrifice Memorial to War: Destroy target land."
Memorial to Genius,0.0,None,['U'],None,['Land'],None,Uncommon,CMR,None,None,None,"Memorial to Genius enters the battlefield tapped.\n{T}: Add {U}.\n{4}{U}, {T}, Sacrifice Memorial to Genius: Draw two cards."
Jungle Basin,0.0,None,['G'],None,['Land'],None,Uncommon,CMR,None,None,None,"Jungle Basin enters the battlefield tapped.\nWhen Jungle Basin enters the battlefield, sacrifice it unless you return an untapped Forest you control to its owner's hand.\n{T}: Add {C}{G}."
Forgotten Cave,0.0,None,['R'],None,['Land'],None,Common,CMR,None,None,None,"Forgotten Cave enters the battlefield tapped.\n{T}: Add {R}.\nCycling {R} ({R}, Discard this card: Draw a card.)"
Evolving Wilds,0.0,None,None,None,['Land'],None,Common,CMR,None,None,None,"{T}, Sacrifice Evolving Wilds: Search your library for a basic land card, put it onto the battlefield tapped, then shuffle."
Encroaching Wastes,0.0,None,None,None,['Land'],None,Uncommon,CMR,None,None,None,"{T}: Add {C}.\n{4}, {T}, Sacrifice Encroaching Wastes: Destroy target nonbasic land."
Coral Atoll,0.0,None,['U'],None,['Land'],None,Uncommon,CMR,None,None,None,"Coral Atoll enters the battlefield tapped.\nWhen Coral Atoll enters the battlefield, sacrifice it unless you return an untapped Island you control to its owner's hand.\n{T}: Add {C}{U}."
Moss Diamond,2.0,None,['G'],None,['Artifact'],None,Common,CMR,None,None,None,Moss Diamond enters the battlefield tapped.\n{T}: Add {G}.
Boros Guildgate,0.0,None,"['R', 'W']",None,['Land'],['Gate'],Common,CMR,None,None,None,Boros Guildgate enters the battlefield tapped.\n{T}: Add {R} or {W}.
Boros Garrison,0.0,None,"['R', 'W']",None,['Land'],None,Uncommon,CMR,None,None,None,"Boros Garrison enters the battlefield tapped.\nWhen Boros Garrison enters the battlefield, return a land you control to its owner's hand.\n{T}: Add {R}{W}."
Blighted Woodland,0.0,None,['G'],None,['Land'],None,Uncommon,CMR,None,None,None,"{T}: Add {C}.\n{3}{G}, {T}, Sacrifice Blighted Woodland: Search your library for up to two basic land cards, put them onto the battlefield tapped, then shuffle."
Sword of Vengeance,3.0,None,None,None,['Artifact'],['Equipment'],Rare,CMR,None,None,None,"Equipped creature gets +2/+0 and has first strike, vigilance, trample, and haste.\nEquip {3}"
Swiftfoot Boots,2.0,None,None,None,['Artifact'],['Equipment'],Uncommon,CMR,None,None,None,Equipped creature has hexproof and haste. (It can't be the target of spells or abilities your opponents control.)\nEquip {1}
Sunforger,3.0,None,"['R', 'W']",None,['Artifact'],['Equipment'],Rare,CMR,None,None,None,"Equipped creature gets +4/+0.\n{R}{W}, Unattach Sunforger: Search your library for a red or white instant card with mana value 4 or less and cast that card without paying its mana cost. Then shuffle.\nEquip {3}"
Sol Ring,1.0,None,None,None,['Artifact'],None,Uncommon,CMR,None,None,None,{T}: Add {C}{C}.
Simic Signet,2.0,None,"['G', 'U']",None,['Artifact'],None,Common,CMR,None,None,None,"{1}, {T}: Add {G}{U}."
Seer's Sundial,4.0,None,None,None,['Artifact'],None,Rare,CMR,None,None,None,"Landfall — Whenever a land enters the battlefield under your control, you may pay {2}. If you do, draw a card."
Ring of Valkas,2.0,None,None,None,['Artifact'],['Equipment'],Uncommon,CMR,None,None,None,"Equipped creature has haste. (It can attack and {T} no matter when it came under your control.)\nAt the beginning of your upkeep, put a +1/+1 counter on equipped creature if it's red.\nEquip {1} ({1}: Attach to target creature you control. Equip only as a sorcery.)"
Ring of Thune,2.0,None,None,None,['Artifact'],['Equipment'],Uncommon,CMR,None,None,None,"Equipped creature has vigilance. (Attacking doesn't cause it to tap.)\nAt the beginning of your upkeep, put a +1/+1 counter on equipped creature if it's white.\nEquip {1} ({1}: Attach to target creature you control. Equip only as a sorcery.)"
Mask of Avacyn,2.0,None,None,None,['Artifact'],['Equipment'],Uncommon,CMR,None,None,None,Equipped creature gets +1/+2 and has hexproof. (It can't be the target of spells or abilities your opponents control.)\nEquip {3}
Loxodon Warhammer,3.0,None,None,None,['Artifact'],['Equipment'],Rare,CMR,None,None,None,Equipped creature gets +3/+0 and has trample and lifelink.\nEquip {3}
Fireshrieker,3.0,None,None,None,['Artifact'],['Equipment'],Uncommon,CMR,None,None,None,Equipped creature has double strike. (It deals both first-strike and regular combat damage.)\nEquip {2} ({2}: Attach to target creature you control. Equip only as a sorcery.)
Explorer's Scope,1.0,None,None,None,['Artifact'],['Equipment'],Common,CMR,None,None,None,"Whenever equipped creature attacks, look at the top card of your library. If it's a land card, you may put it onto the battlefield tapped.\nEquip {1} ({1}: Attach to target creature you control. Equip only as a sorcery.)"
Brass Squire,3.0,None,None,None,"['Artifact', 'Creature']",['Myr'],Uncommon,CMR,1,3,None,{T}: Attach target Equipment you control to target creature you control.
Boros Signet,2.0,None,"['R', 'W']",None,['Artifact'],None,Common,CMR,None,None,None,"{1}, {T}: Add {R}{W}."
Bonesplitter,1.0,None,None,None,['Artifact'],['Equipment'],Common,CMR,None,None,None,Equipped creature gets +2/+0.\nEquip {1}
Blackblade Reforged,2.0,None,None,['Legendary'],['Artifact'],['Equipment'],Rare,CMR,None,None,None,Equipped creature gets +1/+1 for each land you control.\nEquip legendary creature {3}\nEquip {7}
Wear // Tear,3.0,['R'],"['R', 'W']",None,['Instant'],None,Uncommon,CMR,None,None,None,Destroy target artifact.\nFuse (You may cast one or both halves of this card from your hand.)
Loreseeker's Stone,6.0,None,None,None,['Artifact'],None,Uncommon,CMR,None,None,None,"{3}, {T}: Draw three cards. This ability costs {1} more to activate for each card in your hand."
Urban Evolution,5.0,"['G', 'U']","['G', 'U']",None,['Sorcery'],None,Uncommon,CMR,None,None,None,Draw three cards. You may play an additional land this turn.
"Tiana, Ship's Caretaker",5.0,"['R', 'W']","['R', 'W']",['Legendary'],['Creature'],"['Angel', 'Artificer']",Uncommon,CMR,3,3,None,"Flying, first strike\nWhenever an Aura or Equipment you control is put into a graveyard from the battlefield, you may return that card to its owner's hand at the beginning of the next end step."
Spitting Image,6.0,"['G', 'U']","['G', 'U']",None,['Sorcery'],None,Rare,CMR,None,None,None,Create a token that's a copy of target creature.\nRetrace (You may cast this card from your graveyard by discarding a land card in addition to paying its other costs.)
Simic Sky Swallower,7.0,"['G', 'U']","['G', 'U']",None,['Creature'],['Leviathan'],Rare,CMR,6,6,None,"Flying, trample\nShroud (This creature can't be the target of spells or abilities.)"
Simic Charm,2.0,"['G', 'U']","['G', 'U']",None,['Instant'],None,Uncommon,CMR,None,None,None,Choose one —\n• Target creature gets +3/+3 until end of turn.\n• Permanents you control gain hexproof until end of turn.\n• Return target creature to its owner's hand.
Sharktocrab,4.0,"['G', 'U']","['G', 'U']",None,['Creature'],"['Shark', 'Octopus', 'Crab']",Uncommon,CMR,4,4,None,"{2}{G}{U}: Adapt 1. (If this creature has no +1/+1 counters on it, put a +1/+1 counter on it.)\nWhenever one or more +1/+1 counters are put on Sharktocrab, tap target creature an opponent controls. That creature doesn't untap during its controller's next untap step."
Haunted Cloak,3.0,None,None,None,['Artifact'],['Equipment'],Common,CMR,None,None,None,"Equipped creature has vigilance, trample, and haste.\nEquip {1} ({1}: Attach to target creature you control. Equip only as a sorcery.)"
Response // Resurgence,7.0,"['W', 'R']","['R', 'W']",None,['Instant'],None,Rare,CMR,None,None,None,Response deals 5 damage to target attacking or blocking creature.
Murkfiend Liege,5.0,"['G', 'U']","['G', 'U']",None,['Creature'],['Horror'],Rare,CMR,4,4,None,Other green creatures you control get +1/+1.\nOther blue creatures you control get +1/+1.\nUntap all green and/or blue creatures you control during each other player's untap step.
Horizon Stone,5.0,None,None,None,['Artifact'],None,Rare,CMR,None,None,None,"If you would lose unspent mana, that mana becomes colorless instead."
Master Warcraft,4.0,"['R', 'W']","['R', 'W']",None,['Instant'],None,Rare,CMR,None,None,None,Cast this spell only before attackers are declared.\nYou choose which creatures attack this turn.\nYou choose which creatures block this turn and how those creatures block.
Hero's Blade,2.0,None,None,None,['Artifact'],['Equipment'],Uncommon,CMR,None,None,None,"Equipped creature gets +3/+2.\nWhenever a legendary creature enters the battlefield under your control, you may attach Hero's Blade to it.\nEquip {4} ({4}: Attach to target creature you control. Equip only as a sorcery.)"
Growth Spiral,2.0,"['G', 'U']","['G', 'U']",None,['Instant'],None,Common,CMR,None,None,None,Draw a card. You may put a land card from your hand onto the battlefield.
Golem Artisan,5.0,None,None,None,"['Artifact', 'Creature']",['Golem'],Uncommon,CMR,3,3,None,"{2}: Target artifact creature gets +1/+1 until end of turn.\n{2}: Target artifact creature gains your choice of flying, trample, or haste until end of turn."
Fathom Mage,4.0,"['G', 'U']","['G', 'U']",None,['Creature'],"['Human', 'Wizard']",Rare,CMR,1,1,None,"Evolve (Whenever a creature enters the battlefield under your control, if that creature has greater power or toughness than this creature, put a +1/+1 counter on this creature.)\nWhenever a +1/+1 counter is put on Fathom Mage, you may draw a card."
Fire Diamond,2.0,None,['R'],None,['Artifact'],None,Common,CMR,None,None,None,Fire Diamond enters the battlefield tapped.\n{T}: Add {R}.
Deflecting Palm,2.0,"['R', 'W']","['R', 'W']",None,['Instant'],None,Rare,CMR,None,None,None,"The next time a source of your choice would deal damage to you this turn, prevent that damage. If damage is prevented this way, Deflecting Palm deals that much damage to that source's controller."
Charcoal Diamond,2.0,None,['B'],None,['Artifact'],None,Common,CMR,None,None,None,Charcoal Diamond enters the battlefield tapped.\n{T}: Add {B}.
Coiling Oracle,2.0,"['G', 'U']","['G', 'U']",None,['Creature'],"['Snake', 'Elf', 'Druid']",Common,CMR,1,1,None,"When Coiling Oracle enters the battlefield, reveal the top card of your library. If it's a land card, put it onto the battlefield. Otherwise, put that card into your hand."
Brass Herald,6.0,None,None,None,"['Artifact', 'Creature']",['Golem'],Uncommon,CMR,2,2,None,"As Brass Herald enters the battlefield, choose a creature type.\nWhen Brass Herald enters the battlefield, reveal the top four cards of your library. Put all creature cards of the chosen type revealed this way into your hand and the rest on the bottom of your library in any order.\nCreatures of the chosen type get +1/+1."
Boros Charm,2.0,"['R', 'W']","['R', 'W']",None,['Instant'],None,Uncommon,CMR,None,None,None,Choose one —\n• Boros Charm deals 4 damage to target player or planeswalker.\n• Permanents you control gain indestructible until end of turn.\n• Target creature gains double strike until end of turn.
Commander's Plate,1.0,None,None,None,['Artifact'],['Equipment'],Mythic,CMR,None,None,None,Equipped creature gets +3/+3 and has protection from each color that's not in your commander's color identity.\nEquip commander {3}\nEquip {5}
Yavimaya Elder,3.0,['G'],['G'],None,['Creature'],"['Human', 'Druid']",Common,CMR,2,1,None,"When Yavimaya Elder dies, you may search your library for up to two basic land cards, reveal them, put them into your hand, then shuffle.\n{2}, Sacrifice Yavimaya Elder: Draw a card."
Bladegriff Prototype,5.0,None,None,None,"['Artifact', 'Creature']",['Griffin'],Rare,CMR,3,2,None,"Flying\nWhenever Bladegriff Prototype deals combat damage to a player, destroy target nonland permanent of that player's choice that one of your opponents controls."
Wickerbough Elder,4.0,['G'],['G'],None,['Creature'],"['Treefolk', 'Shaman']",Common,CMR,4,4,None,"Wickerbough Elder enters the battlefield with a -1/-1 counter on it.\n{G}, Remove a -1/-1 counter from Wickerbough Elder: Destroy target artifact or enchantment."
Armillary Sphere,2.0,None,None,None,['Artifact'],None,Common,CMR,None,None,None,"{2}, {T}, Sacrifice Armillary Sphere: Search your library for up to two basic land cards, reveal them, put them into your hand, then shuffle."
Verdant Sun's Avatar,7.0,['G'],['G'],None,['Creature'],"['Dinosaur', 'Avatar']",Rare,CMR,5,5,None,"Whenever Verdant Sun's Avatar or another creature enters the battlefield under your control, you gain life equal to that creature's toughness."
Arcane Signet,2.0,None,None,None,['Artifact'],None,Uncommon,CMR,None,None,None,{T}: Add one mana of any color in your commander's color identity.
Terastodon,8.0,['G'],['G'],None,['Creature'],['Elephant'],Rare,CMR,9,9,None,"When Terastodon enters the battlefield, you may destroy up to three target noncreature permanents. For each permanent put into a graveyard this way, its controller creates a 3/3 green Elephant creature token."
Amorphous Axe,2.0,None,None,None,['Artifact'],['Equipment'],Common,CMR,None,None,None,Equipped creature gets +3/+0 and is every creature type.\nEquip {3} ({3}: Attach to target creature you control. Equip only as a sorcery.)
Sporemound,5.0,['G'],['G'],None,['Creature'],['Fungus'],Common,CMR,3,3,None,"Landfall — Whenever a land enters the battlefield under your control, create a 1/1 green Saproling creature token."
"Zara, Renegade Recruiter",5.0,"['R', 'U']","['R', 'U']",['Legendary'],['Creature'],"['Human', 'Pirate']",Rare,CMR,4,3,None,"Flying\nWhenever Zara, Renegade Recruiter attacks, look at defending player's hand. You may put a creature card from it onto the battlefield under your control tapped and attacking that player or a planeswalker they control. Return that creature to its owner's hand at the beginning of the next end step."
Search for Tomorrow,3.0,['G'],['G'],None,['Sorcery'],None,Common,CMR,None,None,None,"Search your library for a basic land card, put it onto the battlefield, then shuffle.\nSuspend 2—{G} (Rather than cast this card from your hand, you may pay {G} and exile it with two time counters on it. At the beginning of your upkeep, remove a time counter. When the last is removed, you may cast it without paying its mana cost.)"
Tuya Bearclaw,3.0,"['G', 'R']","['G', 'R']",['Legendary'],['Creature'],"['Human', 'Warrior']",Uncommon,CMR,2,2,None,"Whenever Tuya Bearclaw attacks, it gets +X/+X until end of turn, where X is the greatest power among other creatures you control."
Retreat to Kazandu,3.0,['G'],['G'],None,['Enchantment'],None,Uncommon,CMR,None,None,None,"Landfall — Whenever a land enters the battlefield under your control, choose one —\n• Put a +1/+1 counter on target creature.\n• You gain 2 life."
"Reyav, Master Smith",2.0,"['R', 'W']","['R', 'W']",['Legendary'],['Creature'],"['Dwarf', 'Artificer']",Uncommon,CMR,2,2,None,"Whenever a creature you control that's enchanted or equipped attacks, that creature gains double strike until end of turn."
"Nymris, Oona's Trickster",5.0,"['B', 'U']","['B', 'U']",['Legendary'],['Creature'],"['Faerie', 'Knight']",Rare,CMR,1,6,None,"Flash\nFlying\nWhenever you cast your first spell during each opponent's turn, look at the top two cards of your library. Put one of those cards into your hand and the other into your graveyard."
Ramunap Excavator,3.0,['G'],['G'],None,['Creature'],"['Naga', 'Cleric']",Rare,CMR,2,3,None,You may play lands from your graveyard.
"Liesa, Shroud of Dusk",5.0,"['B', 'W']","['B', 'W']",['Legendary'],['Creature'],['Angel'],Rare,CMR,5,5,None,"Rather than pay {2} for each previous time you've cast this spell from the command zone this game, pay 2 life that many times.\nFlying, lifelink\nWhenever a player casts a spell, they lose 2 life."
Rampant Growth,2.0,['G'],['G'],None,['Sorcery'],None,Common,CMR,None,None,None,"Search your library for a basic land card, put that card onto the battlefield tapped, then shuffle."
"Kwain, Itinerant Meddler",2.0,"['U', 'W']","['U', 'W']",['Legendary'],['Creature'],"['Rabbit', 'Wizard']",Rare,CMR,1,3,None,"{T}: Each player may draw a card, then each player who drew a card this way gains 1 life."
Rampaging Baloths,6.0,['G'],['G'],None,['Creature'],['Beast'],Rare,CMR,6,6,None,"Trample\nLandfall — Whenever a land enters the battlefield under your control, you may create a 4/4 green Beast creature token."
"Juri, Master of the Revue",2.0,"['B', 'R']","['B', 'R']",['Legendary'],['Creature'],"['Human', 'Shaman']",Uncommon,CMR,1,1,None,"Whenever you sacrifice a permanent, put a +1/+1 counter on Juri, Master of the Revue.\nWhen Juri dies, it deals damage equal to its power to any target."
"Molimo, Maro-Sorcerer",7.0,['G'],['G'],['Legendary'],['Creature'],['Elemental'],Rare,CMR,*,*,None,"Trample (This creature can deal excess combat damage to the player or planeswalker it's attacking.)\nMolimo, Maro-Sorcerer's power and toughness are each equal to the number of lands you control."
"Imoti, Celebrant of Bounty",5.0,"['G', 'U']","['G', 'U']",['Legendary'],['Creature'],"['Naga', 'Druid']",Uncommon,CMR,3,1,None,"Cascade (When you cast this spell, exile cards from the top of your library until you exile a nonland card that costs less. You may cast it without paying its mana cost. Put the exiled cards on the bottom of your library in a random order.)\nSpells you cast with mana value 6 or greater have cascade."
Kodama's Reach,3.0,['G'],['G'],None,['Sorcery'],['Arcane'],Common,CMR,None,None,None,"Search your library for up to two basic land cards, reveal those cards, put one onto the battlefield tapped and the other into your hand, then shuffle."
"Hamza, Guardian of Arashin",6.0,"['G', 'W']","['G', 'W']",['Legendary'],['Creature'],"['Elephant', 'Warrior']",Uncommon,CMR,5,5,None,This spell costs {1} less to cast for each creature you control with a +1/+1 counter on it.\nCreature spells you cast cost {1} less to cast for each creature you control with a +1/+1 counter on it.
Khalni Heart Expedition,2.0,['G'],['G'],None,['Enchantment'],None,Common,CMR,None,None,None,"Landfall — Whenever a land enters the battlefield under your control, you may put a quest counter on Khalni Heart Expedition.\nRemove three quest counters from Khalni Heart Expedition and sacrifice it: Search your library for up to two basic land cards, put them onto the battlefield tapped, then shuffle."
"Gnostro, Voice of the Crags",4.0,"['R', 'U', 'W']","['R', 'U', 'W']",['Legendary'],['Creature'],['Chimera'],Rare,CMR,3,3,None,"{T}: Choose one. X is the number of spells you've cast this turn.\n• Scry X.\n• Gnostro, Voice of the Crags deals X damage to target creature.\n• You gain X life."
Harmonize,4.0,['G'],['G'],None,['Sorcery'],None,Uncommon,CMR,None,None,None,Draw three cards.
"Colfenor, the Last Yew",6.0,"['B', 'G', 'W']","['B', 'G', 'W']",['Legendary'],['Creature'],"['Treefolk', 'Shaman']",Rare,CMR,3,7,None,"Vigilance, reach\nWhenever Colfenor, the Last Yew or another creature you control dies, return up to one other target creature card with lesser toughness from your graveyard to your hand."
Explore,2.0,['G'],['G'],None,['Sorcery'],None,Common,CMR,None,None,None,You may play an additional land this turn.\nDraw a card.
"Blim, Comedic Genius",4.0,"['B', 'R']","['B', 'R']",['Legendary'],['Creature'],['Imp'],Rare,CMR,4,3,None,"Flying\nWhenever Blim, Comedic Genius deals combat damage to a player, that player gains control of target permanent you control. Then each player loses life and discards cards equal to the number of permanents they control but don't own."
Eternal Witness,3.0,['G'],['G'],None,['Creature'],"['Human', 'Shaman']",Uncommon,CMR,2,1,None,"When Eternal Witness enters the battlefield, you may return target card from your graveyard to your hand."
"Bell Borca, Spectral Sergeant",4.0,"['R', 'W']","['R', 'W']",['Legendary'],['Creature'],"['Spirit', 'Soldier']",Rare,CMR,*,5,None,"Note the mana value of each card as it's put into exile.\nBell Borca, Spectral Sergeant's power is equal to the greatest number noted for it this turn.\nAt the beginning of your upkeep, exile the top card of your library. You may play that card this turn."
Cultivate,3.0,['G'],['G'],None,['Sorcery'],None,Common,CMR,None,None,None,"Search your library for up to two basic land cards, reveal those cards, put one onto the battlefield tapped and the other into your hand, then shuffle."
Araumi of the Dead Tide,3.0,"['B', 'U']","['B', 'U']",['Legendary'],['Creature'],"['Merfolk', 'Wizard']",Uncommon,CMR,1,4,None,"{T}, Exile cards from your graveyard equal to the number of opponents you have: Target creature card in your graveyard gains encore until end of turn. The encore cost is equal to its mana cost. (Exile the creature card and pay its mana cost: For each opponent, create a token copy that attacks that opponent this turn if able. They gain haste. Sacrifice them at the beginning of the next end step. Activate only as a sorcery.)"
Beast Within,3.0,['G'],['G'],None,['Instant'],None,Uncommon,CMR,None,None,None,Destroy target permanent. Its controller creates a 3/3 green Beast creature token.
"Belbe, Corrupted Observer",2.0,"['B', 'G']","['B', 'G']",['Legendary'],['Creature'],"['Phyrexian', 'Zombie', 'Elf']",Rare,CMR,2,2,None,"At the beginning of each player's postcombat main phase, that player adds {C}{C} for each of your opponents who lost life this turn. (Damage causes loss of life.)"
Avenger of Zendikar,7.0,['G'],['G'],None,['Creature'],['Elemental'],Mythic,CMR,5,5,None,"When Avenger of Zendikar enters the battlefield, create a 0/1 green Plant creature token for each land you control.\nLandfall — Whenever a land enters the battlefield under your control, you may put a +1/+1 counter on each Plant creature you control."
"Amareth, the Lustrous",6.0,"['G', 'U', 'W']","['G', 'U', 'W']",['Legendary'],['Creature'],['Dragon'],Rare,CMR,6,6,None,"Flying\nWhenever another permanent enters the battlefield under your control, look at the top card of your library. If it shares a card type with that permanent, you may reveal that card and put it into your hand."
Acidic Slime,5.0,['G'],['G'],None,['Creature'],['Ooze'],Uncommon,CMR,2,2,None,"Deathtouch (Any amount of damage this deals to a creature is enough to destroy it.)\nWhen Acidic Slime enters the battlefield, destroy target artifact, enchantment, or land."
Wildsize,3.0,['G'],['G'],None,['Instant'],None,Common,CMR,None,None,None,Target creature gets +2/+2 and gains trample until end of turn.\nDraw a card.
Word of Seizing,5.0,['R'],['R'],None,['Instant'],None,Rare,CMR,None,None,None,"Split second (As long as this spell is on the stack, players can't cast spells or activate abilities that aren't mana abilities.)\nUntap target permanent and gain control of it until end of turn. It gains haste until end of turn."
Vow of Wildness,3.0,['G'],['G'],None,['Enchantment'],['Aura'],Uncommon,CMR,None,None,None,"Enchant creature\nEnchanted creature gets +3/+3, has trample, and can't attack you or planeswalkers you control."
Wild Ricochet,4.0,['R'],['R'],None,['Instant'],None,Rare,CMR,None,None,None,You may choose new targets for target instant or sorcery spell. Then copy that spell. You may choose new targets for the copy.
Three Visits,2.0,['G'],['G'],None,['Sorcery'],None,Uncommon,CMR,None,None,None,"Search your library for a Forest card, put it onto the battlefield, then shuffle."
Volcanic Fallout,3.0,['R'],['R'],None,['Instant'],None,Uncommon,CMR,None,None,None,This spell can't be countered.\nVolcanic Fallout deals 2 damage to each creature and each player.
Sweet-Gum Recluse,6.0,['G'],['G'],None,['Creature'],['Spider'],Rare,CMR,0,3,None,"Flash\nCascade\nReach\nWhen Sweet-Gum Recluse enters the battlefield, put three +1/+1 counters on each of any number of target creatures that entered the battlefield this turn."
Temur Battle Rage,2.0,['R'],['R'],None,['Instant'],None,Common,CMR,None,None,None,Target creature gains double strike until end of turn.\nFerocious — That creature also gains trample until end of turn if you control a creature with power 4 or greater.
Stingerfling Spider,5.0,['G'],['G'],None,['Creature'],['Spider'],Uncommon,CMR,2,5,None,"Reach\nWhen Stingerfling Spider enters the battlefield, you may destroy target creature with flying."
Peel from Reality,2.0,['U'],['U'],None,['Instant'],None,Common,CMR,None,None,None,Return target creature you control and target creature you don't control to their owners' hands.
Sentinel Spider,5.0,['G'],['G'],None,['Creature'],['Spider'],Common,CMR,4,4,None,"Vigilance, reach"
Expedite,1.0,['R'],['R'],None,['Instant'],None,Common,CMR,None,None,None,Target creature gains haste until end of turn.\nDraw a card.
Scaled Behemoth,6.0,['G'],['G'],None,['Creature'],['Crocodile'],Uncommon,CMR,6,7,None,Hexproof (This creature can't be the target of spells or abilities your opponents control.)
Jaya's Immolating Inferno,2.0,['R'],['R'],['Legendary'],['Sorcery'],None,Rare,CMR,None,None,None,(You may cast a legendary sorcery only if you control a legendary creature or planeswalker.)\nJaya's Immolating Inferno deals X damage to each of up to three targets.
Reshape the Earth,9.0,['G'],['G'],None,['Sorcery'],None,Mythic,CMR,None,None,None,"Search your library for up to ten land cards, put them onto the battlefield tapped, then shuffle."
Ordeal of Nylea,2.0,['G'],['G'],None,['Enchantment'],['Aura'],Uncommon,CMR,None,None,None,"Enchant creature\nWhenever enchanted creature attacks, put a +1/+1 counter on it. Then if it has three or more +1/+1 counters on it, sacrifice Ordeal of Nylea.\nWhen you sacrifice Ordeal of Nylea, search your library for up to two basic land cards, put them onto the battlefield tapped, then shuffle."
Relentless Assault,4.0,['R'],['R'],None,['Sorcery'],None,Rare,CMR,None,None,None,"Untap all creatures that attacked this turn. After this main phase, there is an additional combat phase followed by an additional main phase."
Natural Reclamation,5.0,['G'],['G'],None,['Instant'],None,Common,CMR,None,None,None,"Cascade (When you cast this spell, exile cards from the top of your library until you exile a nonland card that costs less. You may cast it without paying its mana cost. Put the exiled cards on the bottom of your library in a random order.)\nDestroy target artifact or enchantment."
Fists of Flame,2.0,['R'],['R'],None,['Instant'],None,Common,CMR,None,None,None,"Draw a card. Until end of turn, target creature gains trample and gets +1/+0 for each card you've drawn this turn."
Magus of the Order,4.0,['G'],['G'],None,['Creature'],"['Human', 'Wizard']",Rare,CMR,3,3,None,"{G}, {T}, Sacrifice Magus of the Order and another green creature: Search your library for a green creature card, put it onto the battlefield, then shuffle."
Lifecrafter's Gift,4.0,['G'],['G'],None,['Instant'],None,Common,CMR,None,None,None,"Put a +1/+1 counter on target creature, then put a +1/+1 counter on each creature you control with a +1/+1 counter on it."
Dualcaster Mage,3.0,['R'],['R'],None,['Creature'],"['Human', 'Wizard']",Rare,CMR,2,2,None,"Flash\nWhen Dualcaster Mage enters the battlefield, copy target instant or sorcery spell. You may choose new targets for the copy."
Kamahl's Will,4.0,['G'],['G'],None,['Instant'],None,Rare,CMR,None,None,None,"Choose one. If you control a commander as you cast this spell, you may choose both.\n• Until end of turn, any number of target lands you control become 1/1 Elemental creatures with vigilance, indestructible, and haste. They're still lands.\n• Choose target creature you don't control. Each creature you control deals damage equal to its power to that creature."
"Kamahl, Heart of Krosa",8.0,['G'],['G'],['Legendary'],['Creature'],"['Human', 'Druid']",Mythic,CMR,5,5,None,"At the beginning of combat on your turn, creatures you control get +3/+3 and gain trample until end of turn.\n{1}{G}: Until end of turn, target land you control becomes a 1/1 Elemental creature with vigilance, indestructible, and haste. It's still a land.\nPartner (You can have two commanders if both have partner.)"
Imperious Perfect,3.0,['G'],['G'],None,['Creature'],"['Elf', 'Warrior']",Uncommon,CMR,2,2,None,"Other Elves you control get +1/+1.\n{G}, {T}: Create a 1/1 green Elf Warrior creature token."
"Ich-Tekik, Salvage Splicer",5.0,['G'],['G'],['Legendary'],['Creature'],"['Phyrexian', 'Human', 'Artificer']",Uncommon,CMR,1,1,None,"When Ich-Tekik, Salvage Splicer enters the battlefield, create a 3/3 colorless Phyrexian Golem artifact creature token.\nWhenever an artifact is put into a graveyard from the battlefield, put a +1/+1 counter on Ich-Tekik and a +1/+1 counter on each Golem you control.\nPartner (You can have two commanders if both have partner.)"
Comet Storm,2.0,['R'],['R'],None,['Instant'],None,Mythic,CMR,None,None,None,"Multikicker {1} (You may pay an additional {1} any number of times as you cast this spell.)\nChoose any target, then choose another target for each time this spell was kicked. Comet Storm deals X damage to each of them."
"Halana, Kessig Ranger",4.0,['G'],['G'],['Legendary'],['Creature'],"['Human', 'Archer', 'Ranger']",Uncommon,CMR,3,4,None,"Reach\nWhenever another creature enters the battlefield under your control, you may pay {2}. When you do, that creature deals damage equal to its power to target creature.\nPartner (You can have two commanders if both have partner.)"
Abrade,2.0,['R'],['R'],None,['Instant'],None,Uncommon,CMR,None,None,None,Choose one —\n• Abrade deals 3 damage to target creature.\n• Destroy target artifact.
Gift of Paradise,3.0,['G'],['G'],None,['Enchantment'],['Aura'],Common,CMR,None,None,None,"Enchant land\nWhen Gift of Paradise enters the battlefield, you gain 3 life.\nEnchanted land has ""{T}: Add two mana of any one color."""
Whelming Wave,4.0,['U'],['U'],None,['Sorcery'],None,Rare,CMR,None,None,None,"Return all creatures to their owners' hands except for Krakens, Leviathans, Octopuses, and Serpents."
Ancient Animus,2.0,['G'],['G'],None,['Instant'],None,Common,CMR,None,None,None,Put a +1/+1 counter on target creature you control if it's legendary. Then it fights target creature an opponent controls. (Each deals damage equal to its power to the other.)
Fertilid,3.0,['G'],['G'],None,['Creature'],['Elemental'],Common,CMR,0,0,None,"Fertilid enters the battlefield with two +1/+1 counters on it.\n{1}{G}, Remove a +1/+1 counter from Fertilid: Target player searches their library for a basic land card, puts it onto the battlefield tapped, then shuffles."
Tromokratis,7.0,['U'],['U'],['Legendary'],['Creature'],['Kraken'],Rare,CMR,8,8,None,"Tromokratis has hexproof unless it's attacking or blocking.\nTromokratis can't be blocked unless all creatures defending player controls block it. (If any creature that player controls doesn't block this creature, it can't be blocked.)"
Farhaven Elf,3.0,['G'],['G'],None,['Creature'],"['Elf', 'Druid']",Common,CMR,1,1,None,"When Farhaven Elf enters the battlefield, you may search your library for a basic land card, put it onto the battlefield tapped, then shuffle."
Scourge of Fleets,7.0,['U'],['U'],None,['Creature'],['Kraken'],Rare,CMR,6,6,None,"When Scourge of Fleets enters the battlefield, return each creature your opponents control with toughness X or less to its owner's hand, where X is the number of Islands you control."
Dawnglade Regent,7.0,['G'],['G'],None,['Creature'],['Elk'],Rare,CMR,8,8,None,"When Dawnglade Regent enters the battlefield, you become the monarch.\nAs long as you're the monarch, permanents you control have hexproof."
Stormtide Leviathan,8.0,['U'],['U'],None,['Creature'],['Leviathan'],Rare,CMR,8,8,None,Islandwalk (This creature can't be blocked as long as defending player controls an Island.)\nAll lands are Islands in addition to their other types.\nCreatures without flying or islandwalk can't attack.
Court of Bounty,4.0,['G'],['G'],None,['Enchantment'],None,Rare,CMR,None,None,None,"When Court of Bounty enters the battlefield, you become the monarch.\nAt the beginning of your upkeep, you may put a land card from your hand onto the battlefield. If you're the monarch, instead you may put a creature or land card from your hand onto the battlefield."
"Nezahal, Primal Tide",7.0,['U'],['U'],['Legendary'],['Creature'],"['Elder', 'Dinosaur']",Rare,CMR,7,7,None,"This spell can't be countered.\nYou have no maximum hand size.\nWhenever an opponent casts a noncreature spell, draw a card.\nDiscard three cards: Exile Nezahal, Primal Tide. Return it to the battlefield tapped under its owner's control at the beginning of the next end step."
Ambush Viper,2.0,['G'],['G'],None,['Creature'],['Snake'],Common,CMR,2,1,None,Flash\nDeathtouch
Sphinx of Uthuun,7.0,['U'],['U'],None,['Creature'],['Sphinx'],Rare,CMR,5,6,None,"Flying\nWhen Sphinx of Uthuun enters the battlefield, reveal the top five cards of your library. An opponent separates those cards into two piles. Put one pile into your hand and the other into your graveyard."
Wild Celebrants,5.0,['R'],['R'],None,['Creature'],['Satyr'],Common,CMR,5,3,None,"When Wild Celebrants enters the battlefield, you may destroy target artifact."
"Slinn Voda, the Rising Deep",8.0,['U'],['U'],['Legendary'],['Creature'],['Leviathan'],Uncommon,CMR,8,8,None,"Kicker {1}{U} (You may pay an additional {1}{U} as you cast this spell.)\nWhen Slinn Voda, the Rising Deep enters the battlefield, if it was kicked, return all creatures to their owners' hands except for Merfolk, Krakens, Leviathans, Octopuses, and Serpents."
Seer's Lantern,3.0,None,None,None,['Artifact'],None,Common,CMR,None,None,None,"{T}: Add {C}.\n{2}, {T}: Scry 1. (Look at the top card of your library. You may put that card on the bottom of your library.)"
Shipbreaker Kraken,6.0,['U'],['U'],None,['Creature'],['Kraken'],Rare,CMR,6,6,None,"{6}{U}{U}: Monstrosity 4. (If this creature isn't monstrous, put four +1/+1 counters on it and it becomes monstrous.)\nWhen Shipbreaker Kraken becomes monstrous, tap up to four target creatures. Those creatures don't untap during their controllers' untap steps for as long as you control Shipbreaker Kraken."
Mulldrifter,5.0,['U'],['U'],None,['Creature'],['Elemental'],Uncommon,CMR,2,2,None,"Flying\nWhen Mulldrifter enters the battlefield, draw two cards.\nEvoke {2}{U} (You may cast this spell for its evoke cost. If you do, it's sacrificed when it enters the battlefield.)"
Martial Coup,2.0,['W'],['W'],None,['Sorcery'],None,Rare,CMR,None,None,None,"Create X 1/1 white Soldier creature tokens. If X is 5 or more, destroy all other creatures."
Ironclad Slayer,3.0,['W'],['W'],None,['Creature'],"['Human', 'Warrior']",Common,CMR,3,2,None,"When Ironclad Slayer enters the battlefield, you may return target Aura or Equipment card from your graveyard to your hand."
Generous Gift,3.0,['W'],['W'],None,['Instant'],None,Uncommon,CMR,None,None,None,Destroy target permanent. Its controller creates a 3/3 green Elephant creature token.
Flickerwisp,3.0,['W'],['W'],None,['Creature'],['Elemental'],Uncommon,CMR,3,1,None,"Flying\nWhen Flickerwisp enters the battlefield, exile another target permanent. Return that card to the battlefield under its owner's control at the beginning of the next end step."
Faith Unbroken,4.0,['W'],['W'],None,['Enchantment'],['Aura'],Uncommon,CMR,None,None,None,"Enchant creature you control\nWhen Faith Unbroken enters the battlefield, exile target creature an opponent controls until Faith Unbroken leaves the battlefield.\nEnchanted creature gets +2/+2."
Disenchant,2.0,['W'],['W'],None,['Instant'],None,Common,CMR,None,None,None,Destroy target artifact or enchantment.
Dawn Charm,2.0,['W'],['W'],None,['Instant'],None,Uncommon,CMR,None,None,None,Choose one —\n• Prevent all combat damage that would be dealt this turn.\n• Regenerate target creature.\n• Counter target spell that targets you.
"Danitha Capashen, Paragon",3.0,['W'],['W'],['Legendary'],['Creature'],"['Human', 'Knight']",Uncommon,CMR,2,2,None,"First strike, vigilance, lifelink\nAura and Equipment spells you cast cost {1} less to cast."
Condemn,1.0,['W'],['W'],None,['Instant'],None,Uncommon,CMR,None,None,None,Put target attacking creature on the bottom of its owner's library. Its controller gains life equal to its toughness.
Elder Deep-Fiend,8.0,None,['U'],None,['Creature'],"['Eldrazi', 'Octopus']",Rare,CMR,5,6,None,"Flash\nEmerge {5}{U}{U} (You may cast this spell by sacrificing a creature and paying the emerge cost reduced by that creature's mana value.)\nWhen you cast this spell, tap up to four target permanents."
Stumpsquall Hydra,3.0,['G'],['G'],None,['Creature'],['Hydra'],Rare,CMR,1,1,None,"When Stumpsquall Hydra enters the battlefield, distribute X +1/+1 counters among it and any number of commanders."
Trench Behemoth,7.0,['U'],['U'],None,['Creature'],['Kraken'],Rare,CMR,7,7,None,"Return a land you control to its owner's hand: Untap Trench Behemoth. It gains hexproof until end of turn.\nLandfall — Whenever a land enters the battlefield under your control, target creature an opponent controls attacks during its controller's next combat phase if able."
"Aesi, Tyrant of Gyre Strait",6.0,"['G', 'U']","['G', 'U']",['Legendary'],['Creature'],['Serpent'],Mythic,CMR,5,5,None,"You may play an additional land on each of your turns.\nLandfall — Whenever a land enters the battlefield under your control, you may draw a card."
Blazing Sunsteel,2.0,['R'],['R'],None,['Artifact'],['Equipment'],Rare,CMR,None,None,None,"Equipped creature gets +1/+0 for each opponent you have.\nWhenever equipped creature is dealt damage, it deals that much damage to any target.\nEquip {4}"
Timely Ward,3.0,['W'],['W'],None,['Enchantment'],['Aura'],Rare,CMR,None,None,None,You may cast Timely Ward as though it had flash if it targets a commander.\nEnchant creature\nEnchanted creature has indestructible.
"Wyleth, Soul of Steel",3.0,"['R', 'W']","['R', 'W']",['Legendary'],['Creature'],"['Human', 'Warrior']",Mythic,CMR,2,2,None,"Trample\nWhenever Wyleth, Soul of Steel attacks, draw a card for each Aura and Equipment attached to it."
War Room,0.0,None,None,None,['Land'],None,Rare,CMR,None,None,None,"{T}: Add {C}.\n{3}, {T}, Pay life equal to the number of colors in your commanders' color identity: Draw a card."
Vault of Champions,0.0,None,"['B', 'W']",None,['Land'],None,Rare,CMR,None,None,None,Vault of Champions enters the battlefield tapped unless you have two or more opponents.\n{T}: Add {W} or {B}.
Undergrowth Stadium,0.0,None,"['B', 'G']",None,['Land'],None,Rare,CMR,None,None,None,Undergrowth Stadium enters the battlefield tapped unless you have two or more opponents.\n{T}: Add {B} or {G}.
Supreme Will,3.0,['U'],['U'],None,['Instant'],None,Uncommon,CMR,None,None,None,Choose one —\n• Counter target spell unless its controller pays {3}.\n• Look at the top four cards of your library. Put one of them into your hand and the rest on the bottom of your library in any order.
Relic Seeker,2.0,['W'],['W'],None,['Creature'],"['Human', 'Soldier']",Rare,CMR,2,2,None,"Renown 1 (When this creature deals combat damage to a player, if it isn't renowned, put a +1/+1 counter on it and it becomes renowned.)\nWhen Relic Seeker becomes renowned, you may search your library for an Equipment card, reveal it, put it into your hand, then shuffle."
Oreskos Explorer,2.0,['W'],['W'],None,['Creature'],"['Cat', 'Scout']",Uncommon,CMR,2,2,None,"When Oreskos Explorer enters the battlefield, search your library for up to X Plains cards, where X is the number of players who control more lands than you. Reveal those cards, put them into your hand, then shuffle."
On Serra's Wings,4.0,['W'],['W'],['Legendary'],['Enchantment'],['Aura'],Uncommon,CMR,None,None,None,"Enchant creature\nEnchanted creature is legendary, gets +1/+1, and has flying, vigilance, and lifelink."
Spectator Seating,0.0,None,"['R', 'W']",None,['Land'],None,Rare,CMR,None,None,None,Spectator Seating enters the battlefield tapped unless you have two or more opponents.\n{T}: Add {R} or {W}.
Terramorphic Expanse,0.0,None,None,None,['Land'],None,Common,CMR,None,None,None,"{T}, Sacrifice Terramorphic Expanse: Search your library for a basic land card, put it onto the battlefield tapped, then shuffle."
Rupture Spire,0.0,None,None,None,['Land'],None,Common,CMR,None,None,None,"Rupture Spire enters the battlefield tapped.\nWhen Rupture Spire enters the battlefield, sacrifice it unless you pay {1}.\n{T}: Add one mana of any color."
Training Center,0.0,None,"['R', 'U']",None,['Land'],None,Rare,CMR,None,None,None,Training Center enters the battlefield tapped unless you have two or more opponents.\n{T}: Add {U} or {R}.
Rejuvenating Springs,0.0,None,"['G', 'U']",None,['Land'],None,Rare,CMR,None,None,None,Rejuvenating Springs enters the battlefield tapped unless you have two or more opponents.\n{T}: Add {G} or {U}.
Path of Ancestry,0.0,None,None,None,['Land'],None,Common,CMR,None,None,None,"Path of Ancestry enters the battlefield tapped.\n{T}: Add one mana of any color in your commander's color identity. When that mana is spent to cast a creature spell that shares a creature type with your commander, scry 1. (Look at the top card of your library. You may put that card on the bottom.)"
Opal Palace,0.0,None,None,None,['Land'],None,Common,CMR,None,None,None,"{T}: Add {C}.\n{1}, {T}: Add one mana of any color in your commander's color identity. If you spend this mana to cast your commander, it enters the battlefield with a number of additional +1/+1 counters on it equal to the number of times it's been cast from the command zone this game."
Guildless Commons,0.0,None,None,None,['Land'],None,Uncommon,CMR,None,None,None,"Guildless Commons enters the battlefield tapped.\nWhen Guildless Commons enters the battlefield, return a land you control to its owner's hand.\n{T}: Add {C}{C}."
Command Tower,0.0,None,None,None,['Land'],None,Common,CMR,None,None,None,{T}: Add one mana of any color in your commander's color identity.
Command Beacon,0.0,None,None,None,['Land'],None,Rare,CMR,None,None,None,"{T}: Add {C}.\n{T}, Sacrifice Command Beacon: Put your commander into your hand from the command zone."
Workshop Assistant,3.0,None,None,None,"['Artifact', 'Creature']",['Construct'],Common,CMR,1,2,None,"When Workshop Assistant dies, return another target artifact card from your graveyard to your hand."
Universal Solvent,1.0,None,None,None,['Artifact'],None,Common,CMR,None,None,None,"{7}, {T}, Sacrifice Universal Solvent: Destroy target permanent."
Thought Vessel,2.0,None,None,None,['Artifact'],None,Uncommon,CMR,None,None,None,You have no maximum hand size.\n{T}: Add {C}.
Sunset Pyramid,2.0,None,None,None,['Artifact'],None,Uncommon,CMR,None,None,None,"Sunset Pyramid enters the battlefield with three brick counters on it.\n{2}, {T}, Remove a brick counter from Sunset Pyramid: Draw a card.\n{2}, {T}: Scry 1."
Staunch Throneguard,5.0,None,None,None,"['Artifact', 'Creature']",['Construct'],Common,CMR,2,5,None,"Vigilance\nWhen Staunch Throneguard enters the battlefield, you become the monarch."
Staff of Domination,3.0,None,None,None,['Artifact'],None,Rare,CMR,None,None,None,"{1}: Untap Staff of Domination.\n{2}, {T}: You gain 1 life.\n{3}, {T}: Untap target creature.\n{4}, {T}: Tap target creature.\n{5}, {T}: Draw a card."
Spectral Searchlight,3.0,None,None,None,['Artifact'],None,Common,CMR,None,None,None,{T}: Choose a player. That player adds one mana of any color they choose.
Unquestioned Authority,3.0,['W'],['W'],None,['Enchantment'],['Aura'],Uncommon,CMR,None,None,None,"Enchant creature\nWhen Unquestioned Authority enters the battlefield, draw a card.\nEnchanted creature has protection from creatures."
Sky Diamond,2.0,None,['U'],None,['Artifact'],None,Common,CMR,None,None,None,Sky Diamond enters the battlefield tapped.\n{T}: Add {U}.
Valorous Stance,2.0,['W'],['W'],None,['Instant'],None,Uncommon,CMR,None,None,None,"Choose one —\n• Target creature gains indestructible until end of turn. (Damage and effects that say ""destroy"" don't destroy it.)\n• Destroy target creature with toughness 4 or greater."
"Sram, Senior Edificer",2.0,['W'],['W'],['Legendary'],['Creature'],"['Dwarf', 'Advisor']",Rare,CMR,2,2,None,"Whenever you cast an Aura, Equipment, or Vehicle spell, draw a card."
White Sun's Zenith,3.0,['W'],['W'],None,['Instant'],None,Rare,CMR,None,None,None,Create X 2/2 white Cat creature tokens. Shuffle White Sun's Zenith into its owner's library.
Spirit Mantle,2.0,['W'],['W'],None,['Enchantment'],['Aura'],Uncommon,CMR,None,None,None,Enchant creature\nEnchanted creature gets +1/+1 and has protection from creatures.
Sigarda's Aid,1.0,['W'],['W'],None,['Enchantment'],None,Rare,CMR,None,None,None,"You may cast Aura and Equipment spells as though they had flash.\nWhenever an Equipment enters the battlefield under your control, you may attach it to target creature you control."
Unbreakable Formation,3.0,['W'],['W'],None,['Instant'],None,Rare,CMR,None,None,None,"Creatures you control gain indestructible until end of turn.\nAddendum — If you cast this spell during your main phase, put a +1/+1 counter on each of those creatures and they gain vigilance until end of turn."
Arcane Denial,2.0,['U'],['U'],None,['Instant'],None,Common,CMR,None,None,None,Counter target spell. Its controller may draw up to two cards at the beginning of the next turn's upkeep.\nYou draw a card at the beginning of the next turn's upkeep.
Winds of Rath,5.0,['W'],['W'],None,['Sorcery'],None,Rare,CMR,None,None,None,Destroy all creatures that aren't enchanted. They can't be regenerated.
Sisay's Ring,4.0,None,None,None,['Artifact'],None,Common,CMR,None,None,None,{T}: Add {C}{C}.
Shimmer Myr,3.0,None,None,None,"['Artifact', 'Creature']",['Myr'],Uncommon,CMR,2,2,None,Flash\nYou may cast artifact spells as though they had flash.
Compulsive Research,3.0,['U'],['U'],None,['Sorcery'],None,Common,CMR,None,None,None,Target player draws three cards. Then that player discards two cards unless they discard a land card.
Fact or Fiction,4.0,['U'],['U'],None,['Instant'],None,Uncommon,CMR,None,None,None,Reveal the top five cards of your library. An opponent separates those cards into two piles. Put one pile into your hand and the other into your graveyard.
Counterspell,2.0,['U'],['U'],None,['Instant'],None,Common,CMR,None,None,None,Counter target spell.
"Odric, Lunarch Marshal",4.0,['W'],['W'],['Legendary'],['Creature'],"['Human', 'Soldier']",Rare,CMR,3,3,None,"At the beginning of each combat, creatures you control gain first strike until end of turn if a creature you control has first strike. The same is true for flying, deathtouch, double strike, haste, hexproof, indestructible, lifelink, menace, reach, skulk, trample, and vigilance."
Into the Roil,2.0,['U'],['U'],None,['Instant'],None,Common,CMR,None,None,None,"Kicker {1}{U} (You may pay an additional {1}{U} as you cast this spell.)\nReturn target nonland permanent to its owner's hand. If this spell was kicked, draw a card."
Swords to Plowshares,1.0,['W'],['W'],None,['Instant'],None,Uncommon,CMR,None,None,None,Exile target creature. Its controller gains life equal to its power.
Warden of Evos Isle,3.0,['U'],['U'],None,['Creature'],"['Bird', 'Wizard']",Uncommon,CMR,2,2,None,Flying\nCreature spells with flying you cast cost {1} less to cast.
Strategic Planning,2.0,['U'],['U'],None,['Sorcery'],None,Common,CMR,None,None,None,Look at the top three cards of your library. Put one of them into your hand and the rest into your graveyard.
Vow of Flight,3.0,['U'],['U'],None,['Enchantment'],['Aura'],Uncommon,CMR,None,None,None,"Enchant creature\nEnchanted creature gets +2/+2, has flying, and can't attack you or planeswalkers you control."
Trove Tracker,3.0,['U'],['U'],None,['Creature'],"['Human', 'Pirate']",Common,CMR,2,2,None,"When Trove Tracker dies, draw a card.\nEncore {5}{U}{U} ({5}{U}{U}, Exile this card from your graveyard: For each opponent, create a token copy that attacks that opponent this turn if able. They gain haste. Sacrifice them at the beginning of the next end step. Activate only as a sorcery.)"
Thirst for Knowledge,3.0,['U'],['U'],None,['Instant'],None,Uncommon,CMR,None,None,None,Draw three cards. Then discard two cards unless you discard an artifact card.
Spontaneous Mutation,1.0,['U'],['U'],None,['Enchantment'],['Aura'],Common,CMR,None,None,None,"Flash\nEnchant creature\nEnchanted creature gets -X/-0, where X is the number of cards in your graveyard."
Sphinx of the Second Sun,8.0,['U'],['U'],None,['Creature'],['Sphinx'],Mythic,CMR,6,6,None,"Flying\nAt the beginning of your postcombat main phase, there is an additional beginning phase after this phase. (The beginning phase includes the untap, upkeep, and draw steps.)"
Skilled Animator,3.0,['U'],['U'],None,['Creature'],"['Human', 'Artificer']",Uncommon,CMR,1,3,None,"When Skilled Animator enters the battlefield, target artifact you control becomes an artifact creature with base power and toughness 5/5 for as long as Skilled Animator remains on the battlefield."
Skaab Goliath,6.0,['U'],['U'],None,['Creature'],"['Zombie', 'Giant']",Common,CMR,6,9,None,"As an additional cost to cast this spell, exile two creature cards from your graveyard.\nTrample"
Siren Stormtamer,1.0,['U'],['U'],None,['Creature'],"['Siren', 'Pirate', 'Wizard']",Uncommon,CMR,1,1,None,"Flying\n{U}, Sacrifice Siren Stormtamer: Counter target spell or ability that targets you or a creature you control."
"Siani, Eye of the Storm",4.0,['U'],['U'],['Legendary'],['Creature'],"['Djinn', 'Monk']",Uncommon,CMR,3,2,None,"Flying\nWhenever Siani, Eye of the Storm attacks, scry X, where X is the number of attacking creatures with flying.\nPartner (You can have two commanders if both have partner.)"
Scrapdiver Serpent,7.0,['U'],['U'],None,['Creature'],['Serpent'],Common,CMR,5,5,None,Scrapdiver Serpent can't be blocked as long as defending player controls an artifact.
Scholar of the Ages,7.0,['U'],['U'],None,['Creature'],"['Human', 'Wizard']",Uncommon,CMR,3,3,None,"When Scholar of the Ages enters the battlefield, return up to two target instant and/or sorcery cards from your graveyard to your hand."
Scholar of Stars,4.0,['U'],['U'],None,['Creature'],"['Human', 'Artificer']",Common,CMR,3,2,None,"When Scholar of Stars enters the battlefield, if you control an artifact, draw a card."
Sakashima's Will,4.0,['U'],['U'],None,['Sorcery'],None,Rare,CMR,None,None,None,"Choose one. If you control a commander as you cast this spell, you may choose both.\n• Target opponent chooses a creature they control. You gain control of it.\n• Choose a creature you control. Each other creature you control becomes a copy of that creature until end of turn."
Sakashima's Protege,6.0,['U'],['U'],None,['Creature'],['Shapeshifter'],Rare,CMR,3,1,None,"Flash\nCascade (When you cast this spell, exile cards from the top of your library until you exile a nonland card that costs less. You may cast it without paying its mana cost. Put the exiled cards on the bottom of your library in a random order.)\nYou may have Sakashima's Protege enter the battlefield as a copy of any permanent that entered the battlefield this turn."
Sakashima of a Thousand Faces,4.0,['U'],['U'],['Legendary'],['Creature'],"['Human', 'Rogue']",Mythic,CMR,3,1,None,"You may have Sakashima of a Thousand Faces enter the battlefield as a copy of another creature you control, except it has Sakashima of a Thousand Faces's other abilities.\nThe ""legend rule"" doesn't apply to permanents you control.\nPartner (You can have two commanders if both have partner.)"
Sailor of Means,3.0,['U'],['U'],None,['Creature'],"['Human', 'Pirate']",Common,CMR,1,4,None,"When Sailor of Means enters the battlefield, create a Treasure token. (It's an artifact with ""{T}, Sacrifice this artifact: Add one mana of any color."")"
Run Away Together,2.0,['U'],['U'],None,['Instant'],None,Common,CMR,None,None,None,Choose two target creatures controlled by different players. Return those creatures to their owners' hands.
Prying Eyes,6.0,['U'],['U'],None,['Instant'],None,Common,CMR,None,None,None,"Draw four cards, then discard two cards."
Prosperous Pirates,5.0,['U'],['U'],None,['Creature'],"['Human', 'Pirate']",Common,CMR,3,4,None,"When Prosperous Pirates enters the battlefield, create two Treasure tokens. (They're artifacts with ""{T}, Sacrifice this artifact: Add one mana of any color."")"
Preordain,1.0,['U'],['U'],None,['Sorcery'],None,Common,CMR,None,None,None,"Scry 2, then draw a card. (To scry 2, look at the top two cards of your library, then put any number of them on the bottom and the rest on top in any order.)"
Omenspeaker,2.0,['U'],['U'],None,['Creature'],"['Human', 'Wizard']",Common,CMR,1,3,None,"When Omenspeaker enters the battlefield, scry 2. (Look at the top two cards of your library, then put any number of them on the bottom of your library and the rest on top in any order.)"
Mnemonic Deluge,9.0,['U'],['U'],None,['Sorcery'],None,Mythic,CMR,None,None,None,Exile target instant or sorcery card from a graveyard. Copy that card three times. You may cast the copies without paying their mana costs. Exile Mnemonic Deluge.
Merchant Raiders,4.0,['U'],['U'],None,['Creature'],"['Human', 'Pirate']",Uncommon,CMR,2,4,None,"Whenever Merchant Raiders or another Pirate enters the battlefield under your control, tap up to one target creature. That creature doesn't untap during its controller's untap step for as long as you control Merchant Raiders."
Mana Drain,2.0,['U'],['U'],None,['Instant'],None,Mythic,CMR,None,None,None,"Counter target spell. At the beginning of your next main phase, add an amount of {C} equal to that spell's mana value."
"Malcolm, Keen-Eyed Navigator",3.0,['U'],['U'],['Legendary'],['Creature'],"['Siren', 'Pirate']",Uncommon,CMR,2,2,None,"Flying\nWhenever one or more Pirates you control deal damage to your opponents, you create a Treasure token for each opponent dealt damage. (It's an artifact with ""{T}, Sacrifice this artifact: Add one mana of any color."")\nPartner (You can have two commanders if both have partner.)"
Laboratory Drudge,4.0,['U'],['U'],None,['Creature'],"['Zombie', 'Horror']",Rare,CMR,3,4,None,"At the beginning of each end step, draw a card if you've cast a spell from a graveyard or activated an ability of a card in a graveyard this turn."
Kitesail Skirmisher,4.0,['U'],['U'],None,['Creature'],"['Human', 'Pirate']",Common,CMR,3,1,None,"Flying\nWhenever Kitesail Skirmisher attacks, another target creature attacking the same player or planeswalker gains flying until end of turn.\nEncore {4}{U} ({4}{U}, Exile this card from your graveyard: For each opponent, create a token copy that attacks that opponent this turn if able. They gain haste. Sacrifice them at the beginning of the next end step. Activate only as a sorcery.)"
Kitesail Corsair,2.0,['U'],['U'],None,['Creature'],"['Human', 'Pirate']",Common,CMR,2,1,None,Kitesail Corsair has flying as long as it's attacking.
Interpret the Signs,6.0,['U'],['U'],None,['Sorcery'],None,Uncommon,CMR,None,None,None,"Scry 3, then reveal the top card of your library. Draw cards equal to that card's mana value. (To scry 3, look at the top three cards of your library, then put any number of them on the bottom of your library and the rest on top in any order.)"
Hullbreacher,3.0,['U'],['U'],None,['Creature'],"['Merfolk', 'Pirate']",Rare,CMR,3,2,None,"Flash\nIf an opponent would draw a card except the first one they draw in each of their draw steps, instead you create a Treasure token. (It's an artifact with ""{T}, Sacrifice this artifact: Add one mana of any color."")"
Horizon Scholar,6.0,['U'],['U'],None,['Creature'],['Sphinx'],Uncommon,CMR,4,4,None,"Flying\nWhen Horizon Scholar enters the battlefield, scry 2. (Look at the top two cards of your library, then put any number of them on the bottom of your library and the rest on top in any order.)"
"Glacian, Powerstone Engineer",6.0,['U'],['U'],['Legendary'],['Creature'],"['Human', 'Artificer']",Uncommon,CMR,3,6,None,"{T}, Tap X untapped artifacts you control: Look at the top X cards of your library. Put one of those cards into your hand and the rest into your graveyard.\nPartner (You can have two commanders if both have partner.)"
Ghost of Ramirez DePietro,3.0,['U'],['U'],['Legendary'],['Creature'],"['Spirit', 'Pirate']",Uncommon,CMR,2,3,None,"Ghost of Ramirez DePietro can't be blocked by creatures with toughness 3 or greater.\nWhenever Ghost of Ramirez DePietro deals combat damage to a player, choose up to one target card in a graveyard that was discarded or put there from a library this turn. Put that card into its owner's hand.\nPartner (You can have two commanders if both have partner.)"
Galestrike,3.0,['U'],['U'],None,['Instant'],None,Common,CMR,None,None,None,Return target tapped creature to its owner's hand.\nDraw a card.
Forceful Denial,5.0,['U'],['U'],None,['Instant'],None,Common,CMR,None,None,None,"Cascade (When you cast this spell, exile cards from the top of your library until you exile a nonland card that costs less. You may cast it without paying its mana cost. Put the exiled cards on the bottom of your library in a random order.)\nCounter target spell."
Fall from Favor,3.0,['U'],['U'],None,['Enchantment'],['Aura'],Common,CMR,None,None,None,"Enchant creature\nWhen Fall from Favor enters the battlefield, tap enchanted creature and you become the monarch.\nEnchanted creature doesn't untap during its controller's untap step unless that player is the monarch."
"Esior, Wardwing Familiar",2.0,['U'],['U'],['Legendary'],['Creature'],['Bird'],Uncommon,CMR,1,3,None,Flying\nSpells your opponents cast that target one or more commanders you control cost {3} more to cast.\nPartner (You can have two commanders if both have partner.)
"Eligeth, Crossroads Augur",6.0,['U'],['U'],['Legendary'],['Creature'],['Sphinx'],Rare,CMR,5,6,None,"Flying\nIf you would scry a number of cards, draw that many cards instead.\nPartner (You can have two commanders if both have partner.)"
Deranged Assistant,2.0,['U'],['U'],None,['Creature'],"['Human', 'Wizard']",Common,CMR,1,1,None,"{T}, Mill a card: Add {C}. (To mill a card, put the top card of your library into your graveyard.)"
Daring Saboteur,2.0,['U'],['U'],None,['Creature'],"['Human', 'Pirate']",Uncommon,CMR,2,1,None,"{2}{U}: Daring Saboteur can't be blocked this turn.\nWhenever Daring Saboteur deals combat damage to a player, you may draw a card. If you do, discard a card."
Court of Cunning,3.0,['U'],['U'],None,['Enchantment'],None,Rare,CMR,None,None,None,"When Court of Cunning enters the battlefield, you become the monarch.\nAt the beginning of your upkeep, any number of target players each mill two cards. If you're the monarch, each of those players mills ten cards instead. (To mill a card, a player puts the top card of their library into their graveyard.)"
Confiscate,6.0,['U'],['U'],None,['Enchantment'],['Aura'],Uncommon,CMR,None,None,None,Enchant permanent\nYou control enchanted permanent.
Flood of Recollection,2.0,['U'],['U'],None,['Sorcery'],None,Common,CMR,None,None,None,Return target instant or sorcery card from your graveyard to your hand. Exile Flood of Recollection.
"Brinelin, the Moon Kraken",8.0,['U'],['U'],['Legendary'],['Creature'],['Kraken'],Uncommon,CMR,6,8,None,"When Brinelin, the Moon Kraken enters the battlefield or whenever you cast a spell with mana value 6 or greater, you may return target nonland permanent to its owner's hand.\nPartner (You can have two commanders if both have partner.)"
Meloku the Clouded Mirror,5.0,['U'],['U'],['Legendary'],['Creature'],"['Moonfolk', 'Wizard']",Rare,CMR,2,4,None,"Flying\n{1}, Return a land you control to its owner's hand: Create a 1/1 blue Illusion creature token with flying."
Body of Knowledge,5.0,['U'],['U'],None,['Creature'],['Avatar'],Rare,CMR,*,*,None,"Body of Knowledge's power and toughness are each equal to the number of cards in your hand.\nYou have no maximum hand size.\nWhenever Body of Knowledge is dealt damage, draw that many cards."
Ior Ruin Expedition,2.0,['U'],['U'],None,['Enchantment'],None,Common,CMR,None,None,None,"Landfall — Whenever a land enters the battlefield under your control, you may put a quest counter on Ior Ruin Expedition.\nRemove three quest counters from Ior Ruin Expedition and sacrifice it: Draw two cards."
Azure Fleet Admiral,4.0,['U'],['U'],None,['Creature'],"['Human', 'Pirate']",Common,CMR,3,3,None,"When Azure Fleet Admiral enters the battlefield, you become the monarch.\nAzure Fleet Admiral can't be blocked by creatures the monarch controls."
Aven Surveyor,5.0,['U'],['U'],None,['Creature'],"['Bird', 'Scout']",Common,CMR,2,2,None,"Flying\nWhen Aven Surveyor enters the battlefield, choose one —\n• Put a +1/+1 counter on Aven Surveyor.\n• Return target creature to its owner's hand."
Aqueous Form,1.0,['U'],['U'],None,['Enchantment'],['Aura'],Common,CMR,None,None,None,"Enchant creature\nEnchanted creature can't be blocked.\nWhenever enchanted creature attacks, scry 1. (Look at the top card of your library. You may put that card on the bottom of your library.)"
Amphin Mutineer,4.0,['U'],['U'],None,['Creature'],"['Salamander', 'Pirate']",Rare,CMR,3,3,None,"When Amphin Mutineer enters the battlefield, exile up to one target non-Salamander creature. That creature's controller creates a 4/3 blue Salamander Warrior creature token.\nEncore {4}{U}{U} ({4}{U}{U}, Exile this card from your graveyard: For each opponent, create a token copy that attacks that opponent this turn if able. They gain haste. Sacrifice them at the beginning of the next end step. Activate only as a sorcery.)"
Vow of Duty,3.0,['W'],['W'],None,['Enchantment'],['Aura'],Uncommon,CMR,None,None,None,"Enchant creature\nEnchanted creature gets +2/+2, has vigilance, and can't attack you or planeswalkers you control."
Trusty Packbeast,3.0,['W'],['W'],None,['Creature'],['Beast'],Common,CMR,2,3,None,"When Trusty Packbeast enters the battlefield, return target artifact card from your graveyard to your hand."
Triumphant Reckoning,9.0,['W'],['W'],None,['Sorcery'],None,Mythic,CMR,None,None,None,"Return all artifact, enchantment, and planeswalker cards from your graveyard to the battlefield."
Squad Captain,5.0,['W'],['W'],None,['Creature'],"['Human', 'Soldier']",Common,CMR,2,2,None,Vigilance\nSquad Captain enters the battlefield with a +1/+1 counter on it for each other creature you control.
Soul of Eternity,7.0,['W'],['W'],None,['Creature'],['Avatar'],Rare,CMR,*,*,None,"Soul of Eternity's power and toughness are each equal to your life total.\nEncore {7}{W}{W} ({7}{W}{W}, Exile this card from your graveyard: For each opponent, create a token copy that attacks that opponent this turn if able. They gain haste. Sacrifice them at the beginning of the next end step. Activate only as a sorcery.)"
Slith Ascendant,3.0,['W'],['W'],None,['Creature'],['Slith'],Common,CMR,1,1,None,"Flying\nWhenever Slith Ascendant deals combat damage to a player, put a +1/+1 counter on it."
Slaughter the Strong,3.0,['W'],['W'],None,['Sorcery'],None,Uncommon,CMR,None,None,None,"Each player chooses any number of creatures they control with total power 4 or less, then sacrifices all other creatures they control."
Slash the Ranks,5.0,['W'],['W'],None,['Sorcery'],None,Rare,CMR,None,None,None,Destroy all creatures and planeswalkers except for commanders.
Skywhaler's Shot,3.0,['W'],['W'],None,['Instant'],None,Common,CMR,None,None,None,Destroy target creature with power 3 or greater. Scry 1. (Look at the top card of your library. You may put that card on the bottom of your library.)
Seraphic Greatsword,2.0,['W'],['W'],None,['Artifact'],['Equipment'],Mythic,CMR,None,None,None,"Equipped creature gets +2/+2.\nWhenever equipped creature attacks the player with the most life or tied for most life, create a 4/4 white Angel creature token with flying that's tapped and attacking that player.\nEquip {4}"
Seraph of Dawn,4.0,['W'],['W'],None,['Creature'],['Angel'],Common,CMR,2,4,None,"Flying, lifelink"
Return to Dust,4.0,['W'],['W'],None,['Instant'],None,Uncommon,CMR,None,None,None,"Exile target artifact or enchantment. If you cast this spell during your main phase, you may exile up to one other target artifact or enchantment."
"Rebbec, Architect of Ascension",4.0,['W'],['W'],['Legendary'],['Creature'],"['Human', 'Artificer']",Uncommon,CMR,3,4,None,Artifacts you control have protection from each mana value among artifacts you control.\nPartner (You can have two commanders if both have partner.)
Raise the Alarm,2.0,['W'],['W'],None,['Instant'],None,Common,CMR,None,None,None,Create two 1/1 white Soldier creature tokens.
"Radiant, Serra Archangel",7.0,['W'],['W'],['Legendary'],['Creature'],['Angel'],Uncommon,CMR,6,4,None,"Flying\nTap another untapped creature you control with flying: Radiant, Serra Archangel gains protection from the color of your choice until end of turn.\nPartner (You can have two commanders if both have partner.)"
Promise of Tomorrow,3.0,['W'],['W'],None,['Enchantment'],None,Rare,CMR,None,None,None,"Whenever a creature you control dies, exile it.\nAt the beginning of each end step, if you control no creatures, sacrifice Promise of Tomorrow and return all cards exiled with it to the battlefield under your control."
Prava of the Steel Legion,3.0,['W'],['W'],['Legendary'],['Creature'],"['Cat', 'Soldier']",Uncommon,CMR,1,4,None,"As long as it's your turn, creature tokens you control get +1/+4.\n{3}{W}: Create a 1/1 white Soldier creature token.\nPartner (You can have two commanders if both have partner.)"
Patron of the Valiant,5.0,['W'],['W'],None,['Creature'],['Angel'],Uncommon,CMR,4,4,None,"Flying\nWhen Patron of the Valiant enters the battlefield, put a +1/+1 counter on each creature you control with a +1/+1 counter on it."
Palace Sentinels,4.0,['W'],['W'],None,['Creature'],"['Human', 'Soldier']",Common,CMR,2,4,None,"When Palace Sentinels enters the battlefield, you become the monarch."
Orzhov Advokist,3.0,['W'],['W'],None,['Creature'],"['Human', 'Advisor']",Uncommon,CMR,1,4,None,"At the beginning of your upkeep, each player may put two +1/+1 counters on a creature they control. If a player does, creatures that player controls can't attack you or planeswalkers you control until your next turn."
Open the Armory,2.0,['W'],['W'],None,['Sorcery'],None,Uncommon,CMR,None,None,None,"Search your library for an Aura or Equipment card, reveal it, put it into your hand, then shuffle."
Ninth Bridge Patrol,2.0,['W'],['W'],None,['Creature'],"['Dwarf', 'Soldier']",Common,CMR,1,1,None,"Whenever another creature you control leaves the battlefield, put a +1/+1 counter on Ninth Bridge Patrol."
Make a Stand,3.0,['W'],['W'],None,['Instant'],None,Uncommon,CMR,None,None,None,"Creatures you control get +1/+0 and gain indestructible until end of turn. (Damage and effects that say ""destroy"" don't destroy them.)"
"Livio, Oathsworn Sentinel",2.0,['W'],['W'],['Legendary'],['Creature'],"['Human', 'Knight']",Rare,CMR,2,2,None,"{1}{W}: Choose another target creature. Its controller may exile it with an aegis counter on it.\n{2}{W}, {T}: Return all exiled cards with aegis counters on them to the battlefield under their owners' control.\nPartner (You can have two commanders if both have partner.)"
Kor Cartographer,4.0,['W'],['W'],None,['Creature'],"['Kor', 'Scout']",Common,CMR,2,2,None,"When Kor Cartographer enters the battlefield, you may search your library for a Plains card, put it onto the battlefield tapped, then shuffle."
Kinsbaile Courier,3.0,['W'],['W'],None,['Creature'],"['Kithkin', 'Soldier']",Common,CMR,2,1,None,"When Kinsbaile Courier enters the battlefield, put a +1/+1 counter on target creature.\nEncore {2}{W} ({2}{W}, Exile this card from your graveyard: For each opponent, create a token copy that attacks that opponent this turn if able. They gain haste. Sacrifice them at the beginning of the next end step. Activate only as a sorcery.)"
"Keleth, Sunmane Familiar",2.0,['W'],['W'],['Legendary'],['Creature'],['Horse'],Uncommon,CMR,1,1,None,"Whenever a commander you control attacks, put a +1/+1 counter on it.\nPartner (You can have two commanders if both have partner.)"
Keeper of the Accord,4.0,['W'],['W'],None,['Creature'],"['Human', 'Soldier']",Rare,CMR,3,4,None,"At the beginning of each opponent's end step, if that player controls more creatures than you, create a 1/1 white Soldier creature token.\nAt the beginning of each opponent's end step, if that player controls more lands than you, you may search your library for a basic Plains card, put it onto the battlefield tapped, then shuffle."
Kangee's Lieutenant,3.0,['W'],['W'],None,['Creature'],"['Bird', 'Soldier']",Uncommon,CMR,1,1,None,"Flying\nWhenever Kangee's Lieutenant attacks, attacking creatures with flying get +1/+1 until end of turn.\nEncore {5}{W} ({5}{W}, Exile this card from your graveyard: For each opponent, create a token copy that attacks that opponent this turn if able. They gain haste. Sacrifice them at the beginning of the next end step. Activate only as a sorcery.)"
Iona's Judgment,5.0,['W'],['W'],None,['Sorcery'],None,Common,CMR,None,None,None,Exile target creature or enchantment.
Intangible Virtue,2.0,['W'],['W'],None,['Enchantment'],None,Uncommon,CMR,None,None,None,Creature tokens you control get +1/+1 and have vigilance.
Inspiring Roar,4.0,['W'],['W'],None,['Sorcery'],None,Common,CMR,None,None,None,Put a +1/+1 counter on each creature you control.
First Response,4.0,['W'],['W'],None,['Enchantment'],None,Uncommon,CMR,None,None,None,"At the beginning of each upkeep, if you lost life last turn, create a 1/1 white Soldier creature token."
Fencing Ace,2.0,['W'],['W'],None,['Creature'],"['Human', 'Soldier']",Uncommon,CMR,1,1,None,Double strike
Faith's Fetters,4.0,['W'],['W'],None,['Enchantment'],['Aura'],Uncommon,CMR,None,None,None,"Enchant permanent\nWhen Faith's Fetters enters the battlefield, you gain 4 life.\nEnchanted permanent can't attack or block, and its activated abilities can't be activated unless they're mana abilities."
Doomed Traveler,1.0,['W'],['W'],None,['Creature'],"['Human', 'Soldier']",Common,CMR,1,1,None,"When Doomed Traveler dies, create a 1/1 white Spirit creature token with flying."
Dispeller's Capsule,1.0,['W'],['W'],None,['Artifact'],None,Common,CMR,None,None,None,"{2}{W}, {T}, Sacrifice Dispeller's Capsule: Destroy target artifact or enchantment."
Court Street Denizen,3.0,['W'],['W'],None,['Creature'],"['Human', 'Soldier']",Common,CMR,2,2,None,"Whenever another white creature enters the battlefield under your control, tap target creature an opponent controls."
"Akroma, Vision of Ixidor",7.0,['W'],['W'],['Legendary'],['Creature'],['Angel'],Mythic,CMR,6,6,None,"Flying, first strike, vigilance, trample\nAt the beginning of each combat, until end of turn, each other creature you control gets +1/+1 if it has flying, +1/+1 if it has first strike, and so on for double strike, deathtouch, haste, hexproof, indestructible, lifelink, menace, protection, reach, trample, vigilance, and partner.\nPartner"
Benevolent Blessing,2.0,['W'],['W'],None,['Enchantment'],['Aura'],Common,CMR,None,None,None,"Flash\nEnchant creature\nAs Benevolent Blessing enters the battlefield, choose a color.\nEnchanted creature has protection from the chosen color. This effect doesn't remove Auras and Equipment you control that are already attached to it."
Captain's Call,4.0,['W'],['W'],None,['Sorcery'],None,Common,CMR,None,None,None,Create three 1/1 white Soldier creature tokens.
Court of Grace,4.0,['W'],['W'],None,['Enchantment'],None,Rare,CMR,None,None,None,"When Court of Grace enters the battlefield, you become the monarch.\nAt the beginning of your upkeep, create a 1/1 white Spirit creature token with flying. If you're the monarch, create a 4/4 white Angel creature token with flying instead."
Cage of Hands,3.0,['W'],['W'],None,['Enchantment'],['Aura'],Common,CMR,None,None,None,Enchant creature\nEnchanted creature can't attack or block.\n{1}{W}: Return Cage of Hands to its owner's hand.
Austere Command,6.0,['W'],['W'],None,['Sorcery'],None,Rare,CMR,None,None,None,Choose two —\n• Destroy all artifacts.\n• Destroy all enchantments.\n• Destroy all creatures with mana value 3 or less.\n• Destroy all creatures with mana value 4 or greater.
Armored Skyhunter,4.0,['W'],['W'],None,['Creature'],"['Cat', 'Knight']",Rare,CMR,3,3,None,"Flying\nWhenever Armored Skyhunter attacks, look at the top six cards of your library. You may put an Aura or Equipment card from among them onto the battlefield. If an Equipment is put onto the battlefield this way, you may attach it to a creature you control. Put the rest of those cards on the bottom of your library in a random order."
"Ardenn, Intrepid Archaeologist",3.0,['W'],['W'],['Legendary'],['Creature'],"['Kor', 'Scout']",Uncommon,CMR,2,2,None,"At the beginning of combat on your turn, you may attach any number of Auras and Equipment you control to target permanent or player.\nPartner (You can have two commanders if both have partner.)"
Archon of Coronation,6.0,['W'],['W'],None,['Creature'],['Archon'],Mythic,CMR,5,5,None,"Flying\nWhen Archon of Coronation enters the battlefield, you become the monarch.\nAs long as you're the monarch, damage doesn't cause you to lose life. (When a creature deals combat damage to you, its controller still becomes the monarch.)"
Anointer of Valor,6.0,['W'],['W'],None,['Creature'],['Angel'],Common,CMR,3,5,None,"Flying\nWhenever a creature attacks, you may pay {3}. When you do, put a +1/+1 counter on that creature."
Akroma's Will,4.0,['W'],['W'],None,['Instant'],None,Rare,CMR,None,None,None,"Choose one. If you control a commander as you cast this spell, you may choose both instead.\n• Creatures you control gain flying, vigilance, and double strike until end of turn.\n• Creatures you control gain lifelink, indestructible, and protection from all colors until end of turn."
Angelic Gift,2.0,['W'],['W'],None,['Enchantment'],['Aura'],Common,CMR,None,None,None,"Enchant creature\nWhen Angelic Gift enters the battlefield, draw a card.\nEnchanted creature has flying."
The Prismatic Piper,5.0,None,None,['Legendary'],['Creature'],['Shapeshifter'],Special,CMR,3,3,None,"If The Prismatic Piper is your commander, choose a color before the game begins. The Prismatic Piper is the chosen color.\nPartner (You can have two commanders if both have partner.)"
Angel of the Dawn,5.0,['W'],['W'],None,['Creature'],['Angel'],Common,CMR,3,3,None,"Flying\nWhen Angel of the Dawn enters the battlefield, creatures you control get +1/+1 and gain vigilance until end of turn."
Ancestral Blade,2.0,['W'],['W'],None,['Artifact'],['Equipment'],Common,CMR,None,None,None,"When Ancestral Blade enters the battlefield, create a 1/1 white Soldier creature token, then attach Ancestral Blade to it.\nEquipped creature gets +1/+1.\nEquip {1} ({1}: Attach to target creature you control. Equip only as a sorcery.)"
"Alharu, Solemn Ritualist",5.0,['W'],['W'],['Legendary'],['Creature'],"['Human', 'Monk']",Uncommon,CMR,3,3,None,"When Alharu, Solemn Ritualist enters the battlefield, put a +1/+1 counter on each of up to two other target creatures.\nWhenever a nontoken creature you control with a +1/+1 counter on it dies, create a 1/1 white Spirit creature token with flying.\nPartner (You can have two commanders if both have partner.)"
