Name,CMC,Colors,Color identity,Supertypes,Types,Subtypes,Rarity,Set,Power,Toughness,Loyalty,Text
Contortionist Troupe,1.0,['G'],['G'],None,['Creature'],['Human'],Uncommon,DBL,0,0,None,"Contortionist Troupe enters the battlefield with X +1/+1 counters on it.\nCoven — At the beginning of your end step, if you control three or more creatures with different powers, put a +1/+1 counter on target creature you control."
Clear Shot,3.0,['G'],['G'],None,['Instant'],None,Uncommon,DBL,None,None,None,Target creature you control gets +1/+1 until end of turn. It deals damage equal to its power to target creature you don't control.
Candlelit Cavalry,5.0,['G'],['G'],None,['Creature'],"['Human', 'Knight']",Common,DBL,5,5,None,"Coven — At the beginning of combat on your turn, if you control three or more creatures with different powers, Candlelit Cavalry gains trample until end of turn."
Burly Breaker // Dire-Strain Demolisher,5.0,['G'],['G'],None,['Creature'],"['Human', 'Werewolf']",Uncommon,DBL,6,5,None,"Ward {1} (Whenever this creature becomes the target of a spell or ability an opponent controls, counter it unless that player pays {1}.)\nDaybound (If a player casts no spells during their own turn, it becomes night next turn.)"
Brood Weaver,4.0,['G'],['G'],None,['Creature'],['Spider'],Uncommon,DBL,2,4,None,"Reach\nWhen Brood Weaver dies, create a 1/2 green Spider creature token with reach."
Bird Admirer // Wing Shredder,3.0,['G'],['G'],None,['Creature'],"['Human', 'Archer', 'Werewolf']",Common,DBL,1,4,None,"Reach\nDaybound (If a player casts no spells during their own turn, it becomes night next turn.)"
Briarbridge Tracker,3.0,['G'],['G'],None,['Creature'],"['Human', 'Scout']",Rare,DBL,2,3,None,"Vigilance\nWhen Briarbridge Tracker enters the battlefield, investigate. (Create a Clue token. It's an artifact with ""{2}, Sacrifice this artifact: Draw a card."")\nAs long as you control a token, Briarbridge Tracker gets +2/+0."
Voldaren Stinger,1.0,['R'],['R'],None,['Creature'],"['Vampire', 'Warrior']",Common,DBL,1,1,None,Voldaren Stinger has first strike as long as it's attacking.\n{2}{R}: Voldaren Stinger gets +2/+0 until end of turn.
Bounding Wolf,3.0,['G'],['G'],None,['Creature'],['Wolf'],Common,DBL,3,2,None,Flash\nReach
Voldaren Ambusher,3.0,['R'],['R'],None,['Creature'],"['Vampire', 'Archer']",Uncommon,DBL,2,2,None,"When Voldaren Ambusher enters the battlefield, if an opponent lost life this turn, it deals X damage to up to one target creature or planeswalker, where X is the number of Vampires you control."
Village Watch // Village Reavers,5.0,['R'],['R'],None,['Creature'],"['Human', 'Werewolf']",Uncommon,DBL,4,3,None,"Haste\nDaybound (If a player casts no spells during their own turn, it becomes night next turn.)"
Sunstreak Phoenix,4.0,['R'],['R'],None,['Creature'],['Phoenix'],Mythic,DBL,4,2,None,"Flying\nIf it's neither day nor night, it becomes day as Sunstreak Phoenix enters the battlefield.\nWhenever day becomes night or night becomes day, you may pay {1}{R}. If you do, return Sunstreak Phoenix from your graveyard to the battlefield tapped."
Spellrune Painter // Spellrune Howler,3.0,['R'],['R'],None,['Creature'],"['Human', 'Shaman', 'Werewolf']",Uncommon,DBL,2,3,None,"Whenever you cast an instant or sorcery spell, Spellrune Painter gets +1/+1 until end of turn.\nDaybound (If a player casts no spells during their own turn, it becomes night next turn.)"
Smoldering Egg // Ashmouth Dragon,2.0,['R'],['R'],None,['Creature'],"['Dragon', 'Egg']",Rare,DBL,0,4,None,"Defender\nWhenever you cast an instant or sorcery spell, put a number of ember counters on Smoldering Egg equal to the amount of mana spent to cast that spell. Then if Smoldering Egg has seven or more ember counters on it, remove them and transform Smoldering Egg."
Raze the Effigy,1.0,['R'],['R'],None,['Instant'],None,Common,DBL,None,None,None,Choose one —\n• Destroy target artifact.\n• Target attacking creature gets +2/+2 until end of turn.
Play with Fire,1.0,['R'],['R'],None,['Instant'],None,Uncommon,DBL,None,None,None,"Play with Fire deals 2 damage to any target. If a player is dealt damage this way, scry 1. (Look at the top card of your library. You may put that card on the bottom of your library.)"
Obsessive Astronomer,2.0,['R'],['R'],None,['Creature'],"['Human', 'Wizard']",Uncommon,DBL,2,2,None,"If it's neither day nor night, it becomes day as Obsessive Astronomer enters the battlefield.\nWhenever day becomes night or night becomes day, discard up to two cards, then draw that many cards."
Crossroads Candleguide,4.0,None,None,None,"['Artifact', 'Creature']",['Scarecrow'],Common,DBL,3,4,None,"When Crossroads Candleguide enters the battlefield, exile up to one target card from a graveyard.\n{2}: Add one mana of any color."
The Celestus,3.0,None,None,['Legendary'],['Artifact'],None,Rare,DBL,None,None,None,"If it's neither day nor night, it becomes day as The Celestus enters the battlefield.\n{T}: Add one mana of any color.\n{3}, {T}: If it's night, it becomes day. Otherwise, it becomes night. Activate only as a sorcery.\nWhenever day becomes night or night becomes day, you gain 1 life. You may draw a card. If you do, discard a card."
Wake to Slaughter,5.0,"['B', 'R']","['B', 'R']",None,['Sorcery'],None,Rare,DBL,None,None,None,Choose up to two target creature cards in your graveyard. An opponent chooses one of them. Return that card to your hand. Return the other to the battlefield under your control. It gains haste. Exile it at the beginning of the next end step.\nFlashback {4}{B}{R} (You may cast this card from your graveyard for its flashback cost. Then exile it.)
Vampire Socialite,2.0,"['B', 'R']","['B', 'R']",None,['Creature'],"['Vampire', 'Noble']",Uncommon,DBL,2,2,None,"Menace (This creature can't be blocked except by two or more creatures.)\nWhen Vampire Socialite enters the battlefield, if an opponent lost life this turn, put a +1/+1 counter on each other Vampire you control.\nAs long as an opponent lost life this turn, each other Vampire you control enters the battlefield with an additional +1/+1 counter on it."
"Vadrik, Astral Archmage",3.0,"['R', 'U']","['R', 'U']",['Legendary'],['Creature'],"['Human', 'Wizard']",Rare,DBL,1,2,None,"If it's neither day nor night, it becomes day as Vadrik, Astral Archmage enters the battlefield.\nInstant and sorcery spells you cast cost {X} less to cast, where X is Vadrik's power.\nWhenever day becomes night or night becomes day, put a +1/+1 counter on Vadrik."
Unnatural Moonrise,2.0,"['G', 'R']","['G', 'R']",None,['Sorcery'],None,Uncommon,DBL,None,None,None,"It becomes night. Until end of turn, target creature gets +1/+0 and gains trample and ""Whenever this creature deals combat damage to a player, draw a card.""\nFlashback {2}{R}{G} (You may cast this card from your graveyard for its flashback cost. Then exile it.)"
"Tovolar, Dire Overlord // Tovolar, the Midnight Scourge",3.0,"['G', 'R']","['G', 'R']",['Legendary'],['Creature'],"['Human', 'Werewolf']",Rare,DBL,3,3,None,"Whenever a Wolf or Werewolf you control deals combat damage to a player, draw a card.\nAt the beginning of your upkeep, if you control three or more Wolves and/or Werewolves, it becomes night. Then transform any number of Human Werewolves you control.\nDaybound"
"Teferi, Who Slows the Sunset",4.0,"['U', 'W']","['U', 'W']",['Legendary'],['Planeswalker'],['Teferi'],Mythic,DBL,None,None,4,"[+1]: Choose up to one target artifact, up to one target creature, and up to one target land. Untap the chosen permanents you control. Tap the chosen permanents you don't control. You gain 2 life.\n[−2]: Look at the top three cards of your library. Put one of them into your hand and the rest on the bottom of your library in any order.\n[−7]: You get an emblem with ""Untap all permanents you control during each opponent's untap step"" and ""You draw a card during each opponent's draw step."""
Sunrise Cavalier,3.0,"['R', 'W']","['R', 'W']",None,['Creature'],"['Human', 'Knight']",Uncommon,DBL,3,3,None,"Trample, haste\nIf it's neither day nor night, it becomes day as Sunrise Cavalier enters the battlefield.\nWhenever day becomes night or night becomes day, put a +1/+1 counter on target creature you control."
Storm Skreelix,5.0,"['R', 'U']","['R', 'U']",None,['Creature'],"['Drake', 'Horror']",Uncommon,DBL,2,4,None,"Flying\nInstant and sorcery spells you cast cost {1} less to cast.\nWhenever you cast an instant or sorcery spell, Storm Skreelix gets +2/+0 until end of turn."
"Slogurk, the Overslime",3.0,"['G', 'U']","['G', 'U']",['Legendary'],['Creature'],['Ooze'],Rare,DBL,3,3,None,"Trample\nWhenever a land card is put into your graveyard from anywhere, put a +1/+1 counter on Slogurk, the Overslime.\nRemove three +1/+1 counters from Slogurk: Return it to its owner's hand.\nWhen Slogurk leaves the battlefield, return up to three target land cards from your graveyard to your hand."
Siphon Insight,2.0,"['B', 'U']","['B', 'U']",None,['Instant'],None,Rare,DBL,None,None,None,"Look at the top two cards of target opponent's library. Exile one of them face down and put the other on the bottom of that library. You may play the exiled card for as long as it remains exiled, and you may spend mana as though it were mana of any color to cast that spell.\nFlashback {1}{U}{B}"
"Sigarda, Champion of Light",4.0,"['G', 'W']","['G', 'W']",['Legendary'],['Creature'],['Angel'],Mythic,DBL,4,4,None,"Flying, trample\nHumans you control get +1/+1.\nCoven — Whenever Sigarda attacks, if you control three or more creatures with different powers, look at the top five cards of your library. You may reveal a Human creature card from among them and put it into your hand. Put the rest on the bottom of your library in a random order."
Rootcoil Creeper,2.0,"['G', 'U']","['G', 'U']",None,['Creature'],"['Plant', 'Horror']",Uncommon,DBL,2,2,None,"{T}: Add one mana of any color.\n{T}: Add two mana of any one color. Spend this mana only to cast spells from your graveyard.\n{G}{U}, {T}, Exile Rootcoil Creeper: Return target card with flashback you own from exile to your hand."
Rite of Oblivion,2.0,"['B', 'W']","['B', 'W']",None,['Sorcery'],None,Uncommon,DBL,None,None,None,"As an additional cost to cast this spell, sacrifice a nonland permanent.\nExile target nonland permanent.\nFlashback {2}{W}{B} (You may cast this card from your graveyard for its flashback cost and any additional costs. Then exile it.)"
Rite of Harmony,2.0,"['G', 'W']","['G', 'W']",None,['Instant'],None,Rare,DBL,None,None,None,"Whenever a creature or enchantment enters the battlefield under your control this turn, draw a card.\nFlashback {2}{G}{W} (You may cast this card from your graveyard for its flashback cost. Then exile it.)"
"Rem Karolus, Stalwart Slayer",3.0,"['R', 'W']","['R', 'W']",['Legendary'],['Creature'],"['Human', 'Knight']",Rare,DBL,2,3,None,"Flying, haste\nIf a spell would deal damage to you or another permanent you control, prevent that damage.\nIf a spell would deal damage to an opponent or a permanent an opponent controls, it deals that much damage plus 1 instead."
Old Stickfingers,2.0,"['B', 'G']","['B', 'G']",['Legendary'],['Creature'],['Horror'],Rare,DBL,*,*,None,"When you cast this spell, reveal cards from the top of your library until you reveal X creature cards. Put all creature cards revealed this way into your graveyard, then put the rest on the bottom of your library in a random order.\nOld Stickfingers's power and toughness are each equal to the number of creature cards in your graveyard."
"Ludevic, Necrogenius // Olag, Ludevic's Hubris",2.0,"['B', 'U']","['B', 'U']",['Legendary'],['Creature'],"['Human', 'Wizard']",Rare,DBL,2,3,None,"Whenever Ludevic, Necrogenius enters the battlefield or attacks, mill a card.\n{X}{U}{U}{B}{B}, Exile X creature cards from your graveyard: Transform Ludevic. X can't be 0. Activate only as a sorcery."
"Liesa, Forgotten Archangel",5.0,"['B', 'W']","['B', 'W']",['Legendary'],['Creature'],['Angel'],Rare,DBL,4,5,None,"Flying, lifelink\nWhenever another nontoken creature you control dies, return that card to its owner's hand at the beginning of the next end step.\nIf a creature an opponent controls would die, exile it instead."
Kessig Naturalist // Lord of the Ulvenwald,2.0,"['G', 'R']","['G', 'R']",None,['Creature'],"['Human', 'Werewolf']",Uncommon,DBL,2,2,None,"Whenever Kessig Naturalist attacks, add {R} or {G}. Until end of turn, you don't lose this mana as steps and phases end.\nDaybound (If a player casts no spells during their own turn, it becomes night next turn.)"
"Katilda, Dawnhart Prime",2.0,"['G', 'W']","['G', 'W']",['Legendary'],['Creature'],"['Human', 'Warlock']",Rare,DBL,1,1,None,"Protection from Werewolves\nHuman creatures you control have ""{T}: Add one mana of any of this creature's colors.""\n{4}{G}{W}, {T}: Put a +1/+1 counter on each creature you control."
Join the Dance,2.0,"['G', 'W']","['G', 'W']",None,['Sorcery'],None,Uncommon,DBL,None,None,None,Create two 1/1 white Human creature tokens.\nFlashback {3}{G}{W} (You may cast this card from your graveyard for its flashback cost. Then exile it.)
Hungry for More,2.0,"['B', 'R']","['B', 'R']",None,['Sorcery'],None,Uncommon,DBL,None,None,None,"Create a 3/1 black and red Vampire creature token with trample, lifelink, and haste. Sacrifice it at the beginning of the next end step.\nFlashback {1}{B}{R} (You may cast this card from your graveyard for its flashback cost. Then exile it.)"
Grizzly Ghoul,4.0,"['B', 'G']","['B', 'G']",None,['Creature'],"['Zombie', 'Bear']",Uncommon,DBL,4,3,None,Trample\nGrizzly Ghoul enters the battlefield with a +1/+1 counter on it for each creature that died this turn.
Ghoulcaller's Harvest,2.0,"['B', 'G']","['B', 'G']",None,['Sorcery'],None,Rare,DBL,None,None,None,"Create X 2/2 black Zombie creature tokens with decayed, where X is half the number of creature cards in your graveyard, rounded up. (A creature with decayed can't block. When it attacks, sacrifice it at end of combat.)\nFlashback {3}{B}{G} (You may cast this card from your graveyard for its flashback cost. Then exile it.)"
"Florian, Voldaren Scion",3.0,"['B', 'R']","['B', 'R']",['Legendary'],['Creature'],"['Vampire', 'Noble']",Rare,DBL,3,3,None,"First strike\nAt the beginning of your postcombat main phase, look at the top X cards of your library, where X is the total amount of life your opponents lost this turn. Exile one of those cards and put the rest on the bottom of your library in a random order. You may play the exiled card this turn."
Fleshtaker,2.0,"['B', 'W']","['B', 'W']",None,['Creature'],"['Human', 'Assassin']",Uncommon,DBL,2,2,None,"Whenever you sacrifice another creature, you gain 1 life and scry 1. (Look at the top card of your library. You may put that card on the bottom of your library.)\n{1}, Sacrifice another creature: Fleshtaker gets +2/+2 until end of turn."
Faithful Mending,2.0,"['U', 'W']","['U', 'W']",None,['Instant'],None,Uncommon,DBL,None,None,None,"You gain 2 life, draw two cards, then discard two cards.\nFlashback {1}{W}{U} (You may cast this card from your graveyard for its flashback cost. Then exile it.)"
Diregraf Rebirth,5.0,"['B', 'G']","['B', 'G']",None,['Sorcery'],None,Uncommon,DBL,None,None,None,This spell costs {1} less to cast for each creature that died this turn.\nReturn target creature card from your graveyard to the battlefield.\nFlashback {5}{B}{G} (You may cast this card from your graveyard for its flashback cost. Then exile it.)
Dire-Strain Rampage,3.0,"['G', 'R']","['G', 'R']",None,['Sorcery'],None,Rare,DBL,None,None,None,"Destroy target artifact, enchantment, or land. If a land was destroyed this way, its controller may search their library for up to two basic land cards, put them onto the battlefield tapped, then shuffle. Otherwise, its controller may search their library for a basic land card, put it onto the battlefield tapped, then shuffle.\nFlashback {3}{R}{G}"
Devoted Grafkeeper // Departed Soulkeeper,2.0,"['U', 'W']","['U', 'W']",None,['Creature'],"['Human', 'Peasant']",Uncommon,DBL,2,1,None,"When Devoted Grafkeeper enters the battlefield, mill two cards.\nWhenever you cast a spell from your graveyard, tap target creature you don't control.\nDisturb {1}{W}{U} (You may cast this card from your graveyard transformed for its disturb cost.)"
Dawnhart Wardens,3.0,"['G', 'W']","['G', 'W']",None,['Creature'],"['Human', 'Warlock']",Uncommon,DBL,3,3,None,"Vigilance\nCoven — At the beginning of combat on your turn, if you control three or more creatures with different powers, creatures you control get +1/+0 until end of turn."
Croaking Counterpart,3.0,"['G', 'U']","['G', 'U']",None,['Sorcery'],None,Rare,DBL,None,None,None,"Create a token that's a copy of target non-Frog creature, except it's a 1/1 green Frog.\nFlashback {3}{G}{U} (You may cast this card from your graveyard for its flashback cost. Then exile it.)"
Corpse Cobble,2.0,"['B', 'U']","['B', 'U']",None,['Instant'],None,Uncommon,DBL,None,None,None,"As an additional cost to cast this spell, sacrifice any number of creatures.\nCreate an X/X blue and black Zombie creature token with menace, where X is the total power of the sacrificed creatures.\nFlashback {3}{U}{B} (You may cast this card from your graveyard for its flashback cost and any additional costs. Then exile it.)"
Can't Stay Away,2.0,"['B', 'W']","['B', 'W']",None,['Sorcery'],None,Rare,DBL,None,None,None,"Return target creature card with mana value 3 or less from your graveyard to the battlefield. It gains ""If this creature would die, exile it instead.""\nFlashback {3}{W}{B} (You may cast this card from your graveyard for its flashback cost. Then exile it.)"
Bladestitched Skaab,2.0,"['B', 'U']","['B', 'U']",None,['Creature'],"['Zombie', 'Soldier']",Uncommon,DBL,2,3,None,Other Zombies you control get +1/+0.
"Arlinn, the Pack's Hope // Arlinn, the Moon's Fury",4.0,"['G', 'R']","['G', 'R']",['Legendary'],['Planeswalker'],['Arlinn'],Mythic,DBL,None,None,4,"Daybound (If a player casts no spells during their own turn, it becomes night next turn.)\n[+1]: Until your next turn, you may cast creature spells as though they had flash, and each creature you control enters the battlefield with an additional +1/+1 counter on it.\n[−3]: Create two 2/2 green Wolf creature tokens."
Arcane Infusion,2.0,"['R', 'U']","['R', 'U']",None,['Instant'],None,Uncommon,DBL,None,None,None,Look at the top four cards of your library. You may reveal an instant or sorcery card from among them and put it into your hand. Put the rest on the bottom of your library in a random order.\nFlashback {3}{U}{R} (You may cast this card from your graveyard for its flashback cost. Then exile it.)
Angelfire Ignition,3.0,"['R', 'W']","['R', 'W']",None,['Sorcery'],None,Rare,DBL,None,None,None,"Put two +1/+1 counters on target creature. It gains vigilance, trample, lifelink, indestructible, and haste until end of turn.\nFlashback {2}{R}{W} (You may cast this card from your graveyard for its flashback cost. Then exile it.)"
Wrenn and Seven,5.0,['G'],['G'],['Legendary'],['Planeswalker'],['Wrenn'],Mythic,DBL,None,None,5,"[+1]: Reveal the top four cards of your library. Put all land cards revealed this way into your hand and the rest into your graveyard.\n[0]: Put any number of land cards from your hand onto the battlefield tapped.\n[−3]: Create a green Treefolk creature token with reach and ""This creature's power and toughness are each equal to the number of lands you control.""\n[−8]: Return all permanent cards from your graveyard to your hand. You get an emblem with ""You have no maximum hand size."""
Willow Geist,1.0,['G'],['G'],None,['Creature'],"['Treefolk', 'Spirit']",Rare,DBL,1,1,None,"Trample\nWhenever one or more cards leave your graveyard, put a +1/+1 counter on Willow Geist.\nWhen Willow Geist dies, you gain life equal to its power."
Unnatural Growth,5.0,['G'],['G'],None,['Enchantment'],None,Rare,DBL,None,None,None,"At the beginning of each combat, double the power and toughness of each creature you control until end of turn."
Turn the Earth,1.0,['G'],['G'],None,['Instant'],None,Uncommon,DBL,None,None,None,Choose up to three target cards in graveyards. The owners of those cards shuffle them into their libraries. You gain 2 life.\nFlashback {1}{G} (You may cast this card from your graveyard for its flashback cost. Then exile it.)
Tovolar's Huntmaster // Tovolar's Packleader,6.0,['G'],['G'],None,['Creature'],"['Human', 'Werewolf']",Rare,DBL,6,6,None,"When Tovolar's Huntmaster enters the battlefield, create two 2/2 green Wolf creature tokens.\nDaybound (If a player casts no spells during their own turn, it becomes night next turn.)"
Tireless Hauler // Dire-Strain Brawler,5.0,['G'],['G'],None,['Creature'],"['Human', 'Werewolf']",Common,DBL,4,5,None,"Vigilance\nDaybound (If a player casts no spells during their own turn, it becomes night next turn.)"
Timberland Guide,2.0,['G'],['G'],None,['Creature'],"['Human', 'Scout']",Common,DBL,1,1,None,"When Timberland Guide enters the battlefield, put a +1/+1 counter on target creature."
Tapping at the Window,2.0,['G'],['G'],None,['Sorcery'],None,Common,DBL,None,None,None,Look at the top three cards of your library. You may reveal a creature card from among them and put it into your hand. Put the rest into your graveyard.\nFlashback {2}{G} (You may cast this card from your graveyard for its flashback cost. Then exile it.)
Storm the Festival,6.0,['G'],['G'],None,['Sorcery'],None,Rare,DBL,None,None,None,Look at the top five cards of your library. You may put up to two permanent cards with mana value 5 or less from among them onto the battlefield. Put the rest on the bottom of your library in a random order.\nFlashback {7}{G}{G}{G} (You may cast this card from your graveyard for its flashback cost. Then exile it.)
Snarling Wolf,1.0,['G'],['G'],None,['Creature'],['Wolf'],Common,DBL,1,1,None,{1}{G}: Snarling Wolf gets +2/+2 until end of turn. Activate only once each turn.
Shadowbeast Sighting,4.0,['G'],['G'],None,['Sorcery'],None,Common,DBL,None,None,None,Create a 4/4 green Beast creature token.\nFlashback {6}{G} (You may cast this card from your graveyard for its flashback cost. Then exile it.)
"Saryth, the Viper's Fang",4.0,['G'],['G'],['Legendary'],['Creature'],"['Human', 'Warlock']",Rare,DBL,3,4,None,"Other tapped creatures you control have deathtouch.\nOther untapped creatures you control have hexproof.\n{1}, {T}: Untap another target creature or land you control."
Rise of the Ants,6.0,['G'],['G'],None,['Sorcery'],None,Uncommon,DBL,None,None,None,Create two 3/3 green Insect creature tokens. You gain 2 life.\nFlashback {6}{G}{G} (You may cast this card from your graveyard for its flashback cost. Then exile it.)
Return to Nature,2.0,['G'],['G'],None,['Instant'],None,Common,DBL,None,None,None,Choose one —\n• Destroy target artifact.\n• Destroy target enchantment.\n• Exile target card from a graveyard.
Primal Adversary,3.0,['G'],['G'],None,['Creature'],['Wolf'],Mythic,DBL,4,3,None,"Trample\nWhen Primal Adversary enters the battlefield, you may pay {1}{G} any number of times. When you pay this cost one or more times, put that many +1/+1 counters on Primal Adversary, then up to that many target lands you control become 3/3 Wolf creatures with haste that are still lands."
Defend the Celestus,4.0,['G'],['G'],None,['Instant'],None,Uncommon,DBL,None,None,None,"Distribute three +1/+1 counters among one, two, or three target creatures you control."
Pestilent Wolf,2.0,['G'],['G'],None,['Creature'],['Wolf'],Common,DBL,2,2,None,{2}{G}: Pestilent Wolf gains deathtouch until end of turn.
Plummet,2.0,['G'],['G'],None,['Instant'],None,Common,DBL,None,None,None,Destroy target creature with flying.
Path to the Festival,3.0,['G'],['G'],None,['Sorcery'],None,Common,DBL,None,None,None,"Search your library for a basic land card, put that card onto the battlefield tapped, then shuffle. Then if there are three or more basic land types among lands you control, scry 1. (Look at the top card of your library. You may put that card on the bottom of your library.)\nFlashback {4}{G} (You may cast this card from your graveyard for its flashback cost. Then exile it.)"
Outland Liberator // Frenzied Trapbreaker,2.0,['G'],['G'],None,['Creature'],"['Human', 'Werewolf']",Uncommon,DBL,2,2,None,"{1}, Sacrifice Outland Liberator: Destroy target artifact or enchantment.\nDaybound (If a player casts no spells during their own turn, it becomes night next turn.)"
Might of the Old Ways,2.0,['G'],['G'],None,['Instant'],None,Common,DBL,None,None,None,"Target creature gets +2/+2 until end of turn.\nCoven — Then if you control three or more creatures with different powers, draw a card."
Howl of the Hunt,3.0,['G'],['G'],None,['Enchantment'],['Aura'],Common,DBL,None,None,None,"Flash\nEnchant creature\nWhen Howl of the Hunt enters the battlefield, if enchanted creature is a Wolf or Werewolf, untap that creature.\nEnchanted creature gets +2/+2 and has vigilance."
Dryad's Revival,3.0,['G'],['G'],None,['Sorcery'],None,Uncommon,DBL,None,None,None,Return target card from your graveyard to your hand.\nFlashback {4}{G} (You may cast this card from your graveyard for its flashback cost. Then exile it.)
Harvesttide Sentry,2.0,['G'],['G'],None,['Creature'],"['Human', 'Warrior']",Common,DBL,3,1,None,"Coven — At the beginning of combat on your turn, if you control three or more creatures with different powers, Harvesttide Sentry can't be blocked by creatures with power 2 or less this turn."
Eccentric Farmer,3.0,['G'],['G'],None,['Creature'],"['Human', 'Peasant']",Common,DBL,2,3,None,"When Eccentric Farmer enters the battlefield, mill three cards, then you may return a land card from your graveyard to your hand. (To mill a card, put the top card of your library into your graveyard.)"
Deathbonnet Sprout // Deathbonnet Hulk,1.0,['G'],['G'],None,['Creature'],['Fungus'],Uncommon,DBL,1,1,None,"At the beginning of your upkeep, mill a card. Then if there are three or more creature cards in your graveyard, transform Deathbonnet Sprout. (To mill a card, put the top card of your library into your graveyard.)"
Sungold Sentinel,2.0,['W'],['W'],None,['Creature'],"['Human', 'Soldier']",Rare,DBL,3,2,None,"Whenever Sungold Sentinel enters the battlefield or attacks, exile up to one target card from a graveyard.\nCoven — {1}{W}: Choose a color. Sungold Sentinel gains hexproof from that color until end of turn and can't be blocked by creatures of that color this turn. Activate only if you control three or more creatures with different powers."
Soul-Guide Gryff,5.0,['W'],['W'],None,['Creature'],"['Hippogriff', 'Spirit']",Common,DBL,3,4,None,"Flying\nWhen Soul-Guide Gryff enters the battlefield, exile up to one target card from a graveyard."
Sigarda's Splendor,4.0,['W'],['W'],None,['Enchantment'],None,Rare,DBL,None,None,None,"As Sigarda's Splendor enters the battlefield, note your life total.\nAt the beginning of your upkeep, draw a card if your life total is greater than or equal to the last noted life total for Sigarda's Splendor. Then note your life total.\nWhenever you cast a white spell, you gain 1 life."
Ritual Guardian,3.0,['W'],['W'],None,['Creature'],"['Human', 'Soldier']",Common,DBL,3,2,None,"Coven — At the beginning of combat on your turn, if you control three or more creatures with different powers, Ritual Guardian gains lifelink until end of turn."
Intrepid Adversary,2.0,['W'],['W'],None,['Creature'],"['Human', 'Scout']",Mythic,DBL,3,1,None,"Lifelink\nWhen Intrepid Adversary enters the battlefield, you may pay {1}{W} any number of times. When you pay this cost one or more times, put that many valor counters on Intrepid Adversary.\nCreatures you control get +1/+1 for each valor counter on Intrepid Adversary."
Hedgewitch's Mask,1.0,['W'],['W'],None,['Artifact'],['Equipment'],Common,DBL,None,None,None,Equipped creature gets +1/+1.\nEquipped creature can't be blocked by creatures with power 4 or greater.\nEquip {2} ({2}: Attach to target creature you control. Equip only as a sorcery.)
Gavony Silversmith,4.0,['W'],['W'],None,['Creature'],"['Human', 'Soldier']",Common,DBL,2,3,None,"When Gavony Silversmith enters the battlefield, put a +1/+1 counter on each of up to two target creatures."
Fateful Absence,2.0,['W'],['W'],None,['Instant'],None,Rare,DBL,None,None,None,"Destroy target creature or planeswalker. Its controller investigates. (Create a Clue token. It's an artifact with ""{2}, Sacrifice this artifact: Draw a card."")"
Enduring Angel // Angelic Enforcer,5.0,['W'],['W'],None,['Creature'],['Angel'],Mythic,DBL,3,3,None,"Flying, double strike\nYou have hexproof.\nIf your life total would be reduced to 0 or less, instead transform Enduring Angel and your life total becomes 3. Then if Enduring Angel didn't transform this way, you lose the game."
Curse of Silence,1.0,['W'],['W'],None,['Enchantment'],"['Aura', 'Curse']",Rare,DBL,None,None,None,"Enchant player\nAs Curse of Silence enters the battlefield, choose a card name.\nSpells with the chosen name enchanted player casts cost {2} more to cast.\nWhenever enchanted player casts a spell with the chosen name, you may sacrifice Curse of Silence. If you do, draw a card."
Ambitious Farmhand // Seasoned Cathar,2.0,['W'],['W'],None,['Creature'],"['Human', 'Peasant']",Uncommon,DBL,1,1,None,"When Ambitious Farmhand enters the battlefield, you may search your library for a basic Plains card, reveal it, put it into your hand, then shuffle.\nCoven — {1}{W}{W}: Transform Ambitious Farmhand. Activate only if you control three or more creatures with different powers."
Cathar's Call,3.0,['W'],['W'],None,['Enchantment'],['Aura'],Uncommon,DBL,None,None,None,"Enchant creature\nEnchanted creature has vigilance and ""At the beginning of your end step, create a 1/1 white Human creature token."""
Candlegrove Witch,2.0,['W'],['W'],None,['Creature'],"['Human', 'Warlock']",Common,DBL,2,2,None,"Coven — At the beginning of combat on your turn, if you control three or more creatures with different powers, Candlegrove Witch gains flying until end of turn."
Brutal Cathar // Moonrage Brute,3.0,['W'],"['R', 'W']",None,['Creature'],"['Human', 'Soldier', 'Werewolf']",Rare,DBL,2,2,None,"When this creature enters the battlefield or transforms into Brutal Cathar, exile target creature an opponent controls until this creature leaves the battlefield.\nDaybound (If a player casts no spells during their own turn, it becomes night next turn.)"
"Adeline, Resplendent Cathar",3.0,['W'],['W'],['Legendary'],['Creature'],"['Human', 'Knight']",Rare,DBL,*,4,None,"Vigilance\nAdeline, Resplendent Cathar's power is equal to the number of creatures you control.\nWhenever you attack, for each opponent, create a 1/1 white Human creature token that's tapped and attacking that player or a planeswalker they control."
Beloved Beggar // Generous Soul,2.0,['W'],['W'],None,['Creature'],"['Human', 'Peasant']",Uncommon,DBL,0,4,None,Disturb {4}{W}{W} (You may cast this card from your graveyard transformed for its disturb cost.)
Delver of Secrets // Insectile Aberration,1.0,['U'],['U'],None,['Creature'],"['Human', 'Wizard']",Uncommon,DBL,1,1,None,"At the beginning of your upkeep, look at the top card of your library. You may reveal that card. If an instant or sorcery card is revealed this way, transform Delver of Secrets."
Consider,1.0,['U'],['U'],None,['Instant'],None,Common,DBL,None,None,None,Surveil 1. (Look at the top card of your library. You may put it into your graveyard.)\nDraw a card.
Baithook Angler // Hook-Haunt Drifter,2.0,['U'],['U'],None,['Creature'],"['Human', 'Peasant']",Common,DBL,2,1,None,Disturb {1}{U} (You may cast this card from your graveyard transformed for its disturb cost.)
Unruly Mob,2.0,['W'],['W'],None,['Creature'],['Human'],Common,DBL,1,1,None,"Whenever another creature you control dies, put a +1/+1 counter on Unruly Mob."
Baneblade Scoundrel // Baneclaw Marauder,4.0,['B'],['B'],None,['Creature'],"['Human', 'Rogue', 'Werewolf']",Uncommon,DBL,4,3,None,"Whenever Baneblade Scoundrel becomes blocked, each creature blocking it gets -1/-1 until end of turn.\nDaybound (If a player casts no spells during their own turn, it becomes night next turn.)"
Defenestrate,3.0,['B'],['B'],None,['Instant'],None,Common,DBL,None,None,None,Destroy target creature without flying.
Champion of the Perished,1.0,['B'],['B'],None,['Creature'],['Zombie'],Rare,DBL,1,1,None,"Whenever another Zombie enters the battlefield under your control, put a +1/+1 counter on Champion of the Perished."
Bloodtithe Collector,5.0,['B'],['B'],None,['Creature'],"['Vampire', 'Noble']",Uncommon,DBL,3,4,None,"Flying\nWhen Bloodtithe Collector enters the battlefield, if an opponent lost life this turn, each opponent discards a card."
Bloodline Culling,3.0,['B'],['B'],None,['Instant'],None,Rare,DBL,None,None,None,Choose one —\n• Target creature gets -5/-5 until end of turn.\n• Creature tokens get -2/-2 until end of turn.
Blood Pact,3.0,['B'],['B'],None,['Instant'],None,Common,DBL,None,None,None,Target player draws two cards and loses 2 life.
Vivisection,4.0,['U'],['U'],None,['Sorcery'],None,Uncommon,DBL,None,None,None,"As an additional cost to cast this spell, sacrifice a creature.\nDraw three cards."
Triskaidekaphile,2.0,['U'],['U'],None,['Creature'],"['Human', 'Wizard']",Rare,DBL,1,3,None,"You have no maximum hand size.\nAt the beginning of your upkeep, if you have exactly thirteen cards in your hand, you win the game.\n{3}{U}: Draw a card."
Suspicious Stowaway // Seafaring Werewolf,2.0,['U'],"['G', 'U']",None,['Creature'],"['Human', 'Rogue', 'Werewolf']",Rare,DBL,1,1,None,"Suspicious Stowaway can't be blocked.\nWhenever Suspicious Stowaway deals combat damage to a player, draw a card, then discard a card.\nDaybound (If a player casts no spells during their own turn, it becomes night next turn.)"
Startle,2.0,['U'],['U'],None,['Instant'],None,Common,DBL,None,None,None,"Target creature gets -2/-0 until end of turn. Create a 2/2 black Zombie creature token with decayed. (It can't block. When it attacks, sacrifice it at end of combat.)\nDraw a card."
Sludge Monster,5.0,['U'],['U'],None,['Creature'],['Horror'],Rare,DBL,5,5,None,"Whenever Sludge Monster enters the battlefield or attacks, put a slime counter on up to one other target creature.\nNon-Horror creatures with slime counters on them lose all abilities and have base power and toughness 2/2."
Shipwreck Sifters,2.0,['U'],['U'],None,['Creature'],['Spirit'],Common,DBL,1,2,None,"When Shipwreck Sifters enters the battlefield, draw a card, then discard a card.\nWhenever you discard a Spirit card or a card with disturb, put a +1/+1 counter on Shipwreck Sifters."
Revenge of the Drowned,4.0,['U'],['U'],None,['Instant'],None,Common,DBL,None,None,None,"Target creature's owner puts it on the top or bottom of their library. You create a 2/2 black Zombie creature token with decayed. (It can't block. When it attacks, sacrifice it at end of combat.)"
Phantom Carriage,6.0,['U'],['U'],None,['Creature'],['Spirit'],Uncommon,DBL,4,4,None,"Flying\nWhen Phantom Carriage enters the battlefield, you may search your library for a card with flashback or disturb, put it into your graveyard, then shuffle."
Otherworldly Gaze,1.0,['U'],['U'],None,['Instant'],None,Common,DBL,None,None,None,"Surveil 3. (Look at the top three cards of your library, then put any number of them into your graveyard and the rest on top of your library in any order.)\nFlashback {1}{U} (You may cast this card from your graveyard for its flashback cost. Then exile it.)"
Ominous Roost,3.0,['U'],['U'],None,['Enchantment'],None,Uncommon,DBL,None,None,None,"When Ominous Roost enters the battlefield or whenever you cast a spell from your graveyard, create a 1/1 blue Bird creature token with flying and ""This creature can block only creatures with flying."""
Firmament Sage,4.0,['U'],['U'],None,['Creature'],"['Human', 'Wizard']",Uncommon,DBL,2,3,None,"If it's neither day nor night, it becomes day as Firmament Sage enters the battlefield.\nWhenever day becomes night or night becomes day, draw a card."
Gavony Dawnguard,3.0,['W'],['W'],None,['Creature'],"['Human', 'Soldier']",Uncommon,DBL,3,3,None,"Ward {1}\nIf it's neither day nor night, it becomes day as Gavony Dawnguard enters the battlefield.\nWhenever day becomes night or night becomes day, look at the top four cards of your library. You may reveal a creature card with mana value 3 or less from among them and put it into your hand. Put the rest on the bottom of your library in any order."
Malevolent Hermit // Benevolent Geist,2.0,['U'],['U'],None,['Creature'],"['Human', 'Wizard']",Rare,DBL,2,1,None,"{U}, Sacrifice Malevolent Hermit: Counter target noncreature spell unless its controller pays {3}.\nDisturb {2}{U} (You may cast this card from your graveyard transformed for its disturb cost.)"
"Lier, Disciple of the Drowned",5.0,['U'],['U'],['Legendary'],['Creature'],"['Human', 'Wizard']",Mythic,DBL,3,4,None,Spells can't be countered.\nEach instant and sorcery card in your graveyard has flashback. The flashback cost is equal to that card's mana cost.
Grafted Identity,4.0,['U'],['U'],None,['Enchantment'],['Aura'],Rare,DBL,None,None,None,"As an additional cost to cast this spell, sacrifice a creature.\nEnchant creature\nYou control enchanted creature.\nEnchanted creature gets +1/+1."
Geistwave,2.0,['U'],['U'],None,['Instant'],None,Common,DBL,None,None,None,"Return target nonland permanent to its owner's hand. If you controlled that permanent, draw a card."
Falcon Abomination,3.0,['U'],['U'],None,['Creature'],"['Zombie', 'Bird']",Common,DBL,2,2,None,"Flying\nWhen Falcon Abomination enters the battlefield, create a 2/2 black Zombie creature token with decayed. (It can't block. When it attacks, sacrifice it at end of combat.)"
Borrowed Time,3.0,['W'],['W'],None,['Enchantment'],None,Uncommon,DBL,None,None,None,"When Borrowed Time enters the battlefield, exile target nonland permanent an opponent controls until Borrowed Time leaves the battlefield."
Devious Cover-Up,4.0,['U'],['U'],None,['Instant'],None,Common,DBL,None,None,None,"Counter target spell. If that spell is countered this way, exile it instead of putting it into its owner's graveyard. You may shuffle up to four target cards from your graveyard into your library."
Fading Hope,1.0,['U'],['U'],None,['Instant'],None,Uncommon,DBL,None,None,None,"Return target creature to its owner's hand. If its mana value was 3 or less, scry 1. (Look at the top card of your library. You may put that card on the bottom of your library.)"
Thraben Exorcism,2.0,['W'],['W'],None,['Instant'],None,Common,DBL,None,None,None,"Exile target Spirit, creature with disturb, or enchantment."
Drownyard Amalgam,5.0,['U'],['U'],None,['Creature'],"['Zombie', 'Horror']",Common,DBL,3,6,None,"When Drownyard Amalgam enters the battlefield, target player mills three cards. (They put the top three cards of their library into their graveyard.)\n{2}{U}: Drownyard Amalgam can't be blocked this turn."
Angelic Quartermaster,5.0,['W'],['W'],None,['Creature'],"['Angel', 'Soldier']",Uncommon,DBL,3,3,None,"Flying\nWhen Angelic Quartermaster enters the battlefield, put a +1/+1 counter on each of up to two other target creatures."
Adamant Will,2.0,['W'],['W'],None,['Instant'],None,Common,DBL,None,None,None,"Target creature gets +2/+2 and gains indestructible until end of turn. (Damage and effects that say ""destroy"" don't destroy it.)"
Moonsilver Key,2.0,None,None,None,['Artifact'],None,Uncommon,DBL,None,None,None,"{1}, {T}, Sacrifice Moonsilver Key: Search your library for an artifact card with a mana ability or a basic land card, reveal it, put it into your hand, then shuffle."
Rockfall Vale,0.0,None,"['G', 'R']",None,['Land'],None,Rare,DBL,None,None,None,Rockfall Vale enters the battlefield tapped unless you control two or more other lands.\n{T}: Add {R} or {G}.
Shipwreck Marsh,0.0,None,"['B', 'U']",None,['Land'],None,Rare,DBL,None,None,None,Shipwreck Marsh enters the battlefield tapped unless you control two or more other lands.\n{T}: Add {U} or {B}.
Overgrown Farmland,0.0,None,"['G', 'W']",None,['Land'],None,Rare,DBL,None,None,None,Overgrown Farmland enters the battlefield tapped unless you control two or more other lands.\n{T}: Add {G} or {W}.
Hostile Hostel // Creeping Inn,0.0,None,['B'],None,['Land'],None,Mythic,DBL,None,None,None,"{T}: Add {C}.\n{1}, {T}, Sacrifice a creature: Put a soul counter on Hostile Hostel. Then if there are three or more soul counters on it, remove those counters, transform it, then untap it. Activate only as a sorcery."
Haunted Ridge,0.0,None,"['B', 'R']",None,['Land'],None,Rare,DBL,None,None,None,Haunted Ridge enters the battlefield tapped unless you control two or more other lands.\n{T}: Add {B} or {R}.
Field of Ruin,0.0,None,None,None,['Land'],None,Uncommon,DBL,None,None,None,"{T}: Add {C}.\n{2}, {T}, Sacrifice Field of Ruin: Destroy target nonbasic land an opponent controls. Each player searches their library for a basic land card, puts it onto the battlefield, then shuffles."
Evolving Wilds,0.0,None,None,None,['Land'],None,Common,DBL,None,None,None,"{T}, Sacrifice Evolving Wilds: Search your library for a basic land card, put it onto the battlefield tapped, then shuffle."
Deserted Beach,0.0,None,"['U', 'W']",None,['Land'],None,Rare,DBL,None,None,None,Deserted Beach enters the battlefield tapped unless you control two or more other lands.\n{T}: Add {W} or {U}.
Mystic Skull // Mystic Monstrosity,2.0,None,None,None,['Artifact'],None,Uncommon,DBL,None,None,None,"{1}, {T}: Add one mana of any color.\n{5}, {T}: Transform Mystic Skull."
Stuffed Bear,2.0,None,None,None,['Artifact'],None,Common,DBL,None,None,None,{2}: Stuffed Bear becomes a 4/4 green Bear artifact creature until end of turn.
Jack-o'-Lantern,1.0,None,None,None,['Artifact'],None,Common,DBL,None,None,None,"{1}, {T}, Sacrifice Jack-o'-Lantern: Exile up to one target card from a graveyard. Draw a card.\n{1}, Exile Jack-o'-Lantern from your graveyard: Add one mana of any color."
Silver Bolt,1.0,None,None,None,['Artifact'],None,Common,DBL,None,None,None,"{3}, {T}, Sacrifice Silver Bolt: It deals 3 damage to target creature. If a Werewolf is dealt damage this way, destroy it."
Pithing Needle,1.0,None,None,None,['Artifact'],None,Rare,DBL,None,None,None,"As Pithing Needle enters the battlefield, choose a card name.\nActivated abilities of sources with the chosen name can't be activated unless they're mana abilities."
Bramble Armor,2.0,['G'],['G'],None,['Artifact'],['Equipment'],Common,DBL,None,None,None,"When Bramble Armor enters the battlefield, attach it to target creature you control.\nEquipped creature gets +2/+1.\nEquip {4} ({4}: Attach to target creature you control. Equip only as a sorcery.)"
Thermo-Alchemist,2.0,['R'],['R'],None,['Creature'],"['Human', 'Shaman']",Uncommon,DBL,0,3,None,"Defender\n{T}: Thermo-Alchemist deals 1 damage to each opponent.\nWhenever you cast an instant or sorcery spell, untap Thermo-Alchemist."
Tavern Ruffian // Tavern Smasher,4.0,['R'],['R'],None,['Creature'],"['Human', 'Warrior', 'Werewolf']",Common,DBL,2,5,None,"Daybound (If a player casts no spells during their own turn, it becomes night next turn.)"
Stolen Vitality,2.0,['R'],['R'],None,['Instant'],None,Common,DBL,None,None,None,"Target creature gets +3/+1 until end of turn. If it's your turn, that creature gains trample until end of turn. Otherwise, it gains first strike until end of turn."
Seize the Storm,5.0,['R'],['R'],None,['Sorcery'],None,Uncommon,DBL,None,None,None,"Create a red Elemental creature token with trample and ""This creature's power and toughness are each equal to the number of instant and sorcery cards in your graveyard plus the number of cards with flashback you own in exile.""\nFlashback {6}{R} (You may cast this card from your graveyard for its flashback cost. Then exile it.)"
Reckless Stormseeker // Storm-Charged Slasher,3.0,['R'],['R'],None,['Creature'],"['Human', 'Werewolf']",Rare,DBL,2,3,None,"At the beginning of combat on your turn, target creature you control gets +1/+0 and gains haste until end of turn.\nDaybound (If a player casts no spells during their own turn, it becomes night next turn.)"
Purifying Dragon,5.0,['R'],['R'],None,['Creature'],['Dragon'],Uncommon,DBL,4,3,None,"Flying\nWhenever Purifying Dragon attacks, it deals 1 damage to target creature defending player controls. If that creature is a Zombie, Purifying Dragon deals 2 damage to it instead."
Pack's Betrayal,3.0,['R'],['R'],None,['Sorcery'],None,Common,DBL,None,None,None,"Gain control of target creature until end of turn. Untap that creature. It gains haste until end of turn. If you control a Wolf or Werewolf, scry 2. (Look at the top two cards of your library, then put any number of them on the bottom of your library and the rest on top in any order.)"
Neonate's Rush,3.0,['R'],['R'],None,['Instant'],None,Common,DBL,None,None,None,This spell costs {1} less to cast if you control a Vampire.\nNeonate's Rush deals 1 damage to target creature and 1 damage to its controller. Draw a card.
Mounted Dreadknight,5.0,['R'],['R'],None,['Creature'],"['Vampire', 'Knight']",Common,DBL,5,4,None,Trample\nMounted Dreadknight enters the battlefield with a +1/+1 counter on it if an opponent lost life this turn.
Winterthorn Blessing,2.0,"['G', 'U']","['G', 'U']",None,['Sorcery'],None,Uncommon,DBL,None,None,None,"Put a +1/+1 counter on up to one target creature you control. Tap up to one target creature you don't control, and that creature doesn't untap during its controller's next untap step.\nFlashback {1}{G}{U} (You may cast this card from your graveyard for its flashback cost. Then exile it.)"
Moonveil Regent,4.0,['R'],['R'],None,['Creature'],['Dragon'],Mythic,DBL,4,4,None,"Flying\nWhenever you cast a spell, you may discard your hand. If you do, draw a card for each of that spell's colors.\nWhen Moonveil Regent dies, it deals X damage to any target, where X is the number of colors among permanents you control."
Moonrager's Slash,3.0,['R'],['R'],None,['Instant'],None,Common,DBL,None,None,None,This spell costs {2} less to cast if it's night.\nMoonrager's Slash deals 3 damage to any target.
Lunar Frenzy,1.0,['R'],['R'],None,['Instant'],None,Uncommon,DBL,None,None,None,Target creature you control gets +X/+0 and gains first strike and trample until end of turn.
Light Up the Night,1.0,['R'],['R'],None,['Sorcery'],None,Rare,DBL,None,None,None,"Light Up the Night deals X damage to any target. It deals X plus 1 damage instead if that target is a creature or planeswalker.\nFlashback—{3}{R}, Remove X loyalty counters from among planeswalkers you control. If you cast this spell this way, X can't be 0. (You may cast this card from your graveyard for its flashback cost. Then exile it.)"
Lambholt Harrier,2.0,['R'],['R'],None,['Creature'],['Wolf'],Common,DBL,2,2,None,{3}{R}: Target creature can't block this turn.
Immolation,1.0,['R'],['R'],None,['Enchantment'],['Aura'],Common,DBL,None,None,None,Enchant creature\nEnchanted creature gets +2/-2.
Harvesttide Infiltrator // Harvesttide Assailant,3.0,['R'],['R'],None,['Creature'],"['Human', 'Werewolf']",Common,DBL,3,2,None,"Trample\nDaybound (If a player casts no spells during their own turn, it becomes night next turn.)"
Geistflame Reservoir,3.0,['R'],['R'],None,['Artifact'],None,Rare,DBL,None,None,None,"Whenever you cast an instant or sorcery spell, put a charge counter on Geistflame Reservoir.\n{1}{R}, {T}, Remove any number of charge counters from Geistflame Reservoir: It deals that much damage to any target.\n{1}{R}, {T}: Exile the top card of your library. You may play that card this turn."
Flame Channeler // Embodiment of Flame,2.0,['R'],['R'],None,['Creature'],"['Human', 'Wizard']",Uncommon,DBL,2,2,None,"When a spell you control deals damage, transform Flame Channeler."
Sacred Fire,2.0,"['R', 'W']","['R', 'W']",None,['Instant'],None,Uncommon,DBL,None,None,None,Sacred Fire deals 2 damage to any target and you gain 2 life.\nFlashback {4}{R}{W} (You may cast this card from your graveyard for its flashback cost. Then exile it.)
Festival Crasher,2.0,['R'],['R'],None,['Creature'],['Devil'],Common,DBL,1,3,None,"Whenever you cast an instant or sorcery spell, Festival Crasher gets +2/+0 until end of turn."
Fangblade Brigand // Fangblade Eviscerator,4.0,['R'],['R'],None,['Creature'],"['Human', 'Werewolf']",Uncommon,DBL,3,4,None,"{1}{R}: Fangblade Brigand gets +1/+0 and gains first strike until end of turn.\nDaybound (If a player casts no spells during their own turn, it becomes night next turn.)"
Famished Foragers,4.0,['R'],['R'],None,['Creature'],['Vampire'],Common,DBL,4,3,None,"When Famished Foragers enters the battlefield, if an opponent lost life this turn, add {R}{R}{R}.\n{2}{R}, Discard a card: Draw a card."
Falkenrath Pit Fighter,1.0,['R'],['R'],None,['Creature'],"['Vampire', 'Warrior']",Rare,DBL,2,1,None,"{1}{R}, Discard a card, Sacrifice a Vampire: Draw two cards. Activate only if an opponent lost life this turn."
Falkenrath Perforator,2.0,['R'],['R'],None,['Creature'],['Vampire'],Common,DBL,2,1,None,"Whenever Falkenrath Perforator attacks, it deals 1 damage to defending player."
Electric Revelation,3.0,['R'],['R'],None,['Instant'],None,Common,DBL,None,None,None,"As an additional cost to cast this spell, discard a card.\nDraw two cards.\nFlashback {3}{R} (You may cast this card from your graveyard for its flashback cost and any additional costs. Then exile it.)"
Curse of Shaken Faith,2.0,['R'],['R'],None,['Enchantment'],"['Aura', 'Curse']",Rare,DBL,None,None,None,"Enchant player\nWhenever enchanted player casts a spell other than the first spell they cast each turn or copies a spell, Curse of Shaken Faith deals 2 damage to them."
Cathartic Pyre,2.0,['R'],['R'],None,['Instant'],None,Uncommon,DBL,None,None,None,"Choose one —\n• Cathartic Pyre deals 3 damage to target creature or planeswalker.\n• Discard up to two cards, then draw that many cards."
Burn the Accursed,5.0,['R'],['R'],None,['Instant'],None,Common,DBL,None,None,None,"Burn the Accursed deals 5 damage to target creature and 2 damage to that creature's controller. If that creature would die this turn, exile it instead."
Burn Down the House,5.0,['R'],['R'],None,['Sorcery'],None,Rare,DBL,None,None,None,"Choose one —\n• Burn Down the House deals 5 damage to each creature and each planeswalker.\n• Create three 1/1 red Devil creature tokens with ""When this creature dies, it deals 1 damage to any target."" They gain haste until end of turn."
Brimstone Vandal,3.0,['R'],['R'],None,['Creature'],['Devil'],Common,DBL,2,3,None,"Menace (This creature can't be blocked except by two or more creatures.)\nIf it's neither day nor night, it becomes day as Brimstone Vandal enters the battlefield.\nWhenever day becomes night or night becomes day, Brimstone Vandal deals 1 damage to each opponent."
Hallowed Respite,2.0,"['U', 'W']","['U', 'W']",None,['Sorcery'],None,Rare,DBL,None,None,None,"Exile target nonlegendary creature, then return it to the battlefield under its owner's control. If it entered under your control, put a +1/+1 counter on it. Otherwise, tap it.\nFlashback {1}{W}{U} (You may cast this card from your graveyard for its flashback cost. Then exile it.)"
Bloodthirsty Adversary,2.0,['R'],['R'],None,['Creature'],['Vampire'],Mythic,DBL,2,2,None,"Haste\nWhen Bloodthirsty Adversary enters the battlefield, you may pay {2}{R} any number of times. When you pay this cost one or more times, put that many +1/+1 counters on Bloodthirsty Adversary, then exile up to that many target instant and/or sorcery cards with mana value 3 or less from your graveyard and copy them. You may cast any number of the copies without paying their mana costs."
Galvanic Iteration,2.0,"['R', 'U']","['R', 'U']",None,['Instant'],None,Rare,DBL,None,None,None,"When you next cast an instant or sorcery spell this turn, copy that spell. You may choose new targets for the copy.\nFlashback {1}{U}{R} (You may cast this card from your graveyard for its flashback cost. Then exile it.)"
Ardent Elementalist,4.0,['R'],['R'],None,['Creature'],"['Human', 'Shaman']",Common,DBL,2,1,None,"When Ardent Elementalist enters the battlefield, return target instant or sorcery card from your graveyard to your hand."
Abandon the Post,2.0,['R'],['R'],None,['Sorcery'],None,Common,DBL,None,None,None,Up to two target creatures can't block this turn.\nFlashback {3}{R} (You may cast this card from your graveyard for its flashback cost. Then exile it.)
Vengeful Strangler // Strangling Grasp,2.0,['B'],['B'],None,['Creature'],"['Human', 'Rogue']",Uncommon,DBL,2,1,None,"Vengeful Strangler can't block.\nWhen Vengeful Strangler dies, return it to the battlefield transformed under your control attached to target creature or planeswalker an opponent controls."
Vampire Interloper,2.0,['B'],['B'],None,['Creature'],"['Vampire', 'Scout']",Common,DBL,2,1,None,Flying\nVampire Interloper can't block.
Tainted Adversary,2.0,['B'],['B'],None,['Creature'],['Zombie'],Mythic,DBL,2,3,None,"Deathtouch\nWhen Tainted Adversary enters the battlefield, you may pay {2}{B} any number of times. When you pay this cost one or more times, put that many +1/+1 counters on Tainted Adversary, then create twice that many 2/2 black Zombie creature tokens with decayed. (A creature with decayed can't block. When it attacks, sacrifice it at end of combat.)"
Stromkirk Bloodthief,3.0,['B'],['B'],None,['Creature'],"['Vampire', 'Rogue']",Uncommon,DBL,2,2,None,"At the beginning of your end step, if an opponent lost life this turn, put a +1/+1 counter on target Vampire you control."
"Dennick, Pious Apprentice // Dennick, Pious Apparition",2.0,"['U', 'W']","['U', 'W']",['Legendary'],['Creature'],"['Human', 'Soldier']",Rare,DBL,2,3,None,Lifelink\nCards in graveyards can't be the targets of spells or abilities.\nDisturb {2}{W}{U} (You may cast this card from your graveyard transformed for its disturb cost.)
Slaughter Specialist,2.0,['B'],['B'],None,['Creature'],"['Vampire', 'Warrior']",Rare,DBL,3,3,None,"When Slaughter Specialist enters the battlefield, each opponent creates a 1/1 white Human creature token.\nWhenever a creature an opponent controls dies, put a +1/+1 counter on Slaughter Specialist."
Siege Zombie,2.0,['B'],['B'],None,['Creature'],['Zombie'],Common,DBL,2,2,None,Tap three untapped creatures you control: Each opponent loses 1 life.
Shady Traveler // Stalking Predator,3.0,['B'],['B'],None,['Creature'],"['Human', 'Werewolf']",Common,DBL,2,3,None,"Menace (This creature can't be blocked except by two or more creatures.)\nDaybound (If a player casts no spells during their own turn, it becomes night next turn.)"
Rotten Reunion,1.0,['B'],['B'],None,['Instant'],None,Common,DBL,None,None,None,"Exile up to one target card from a graveyard. Create a 2/2 black Zombie creature token with decayed. (It can't block. When it attacks, sacrifice it at end of combat.)\nFlashback {1}{B} (You may cast this card from your graveyard for its flashback cost. Then exile it.)"
Olivia's Midnight Ambush,2.0,['B'],['B'],None,['Instant'],None,Common,DBL,None,None,None,"Target creature gets -2/-2 until end of turn. If it's night, that creature gets -13/-13 until end of turn instead."
Novice Occultist,2.0,['B'],['B'],None,['Creature'],"['Human', 'Wizard']",Common,DBL,1,2,None,"When Novice Occultist dies, you draw a card and you lose 1 life."
No Way Out,3.0,['B'],['B'],None,['Sorcery'],None,Common,DBL,None,None,None,"Target opponent discards two cards. You create a 2/2 black Zombie creature token with decayed. (It can't block. When it attacks, sacrifice it at end of combat.)"
Necrosynthesis,2.0,['B'],['B'],None,['Enchantment'],['Aura'],Uncommon,DBL,None,None,None,"Enchant creature\nEnchanted creature has ""Whenever another creature dies, put a +1/+1 counter on this creature.""\nWhen enchanted creature dies, look at the top X cards of your library, where X is its power. Put one of those cards into your hand and the rest on the bottom of your library in a random order."
Morkrut Behemoth,5.0,['B'],['B'],None,['Creature'],"['Zombie', 'Giant']",Common,DBL,7,6,None,"As an additional cost to cast this spell, sacrifice a creature or pay {1}{B}.\nMenace (This creature can't be blocked except by two or more creatures.)"
Morbid Opportunist,3.0,['B'],['B'],None,['Creature'],"['Human', 'Rogue']",Uncommon,DBL,1,3,None,"Whenever one or more other creatures die, draw a card. This ability triggers only once each turn."
The Meathook Massacre,2.0,['B'],['B'],['Legendary'],['Enchantment'],None,Mythic,DBL,None,None,None,"When The Meathook Massacre enters the battlefield, each creature gets -X/-X until end of turn.\nWhenever a creature you control dies, each opponent loses 1 life.\nWhenever a creature an opponent controls dies, you gain 1 life."
Mask of Griselbrand,3.0,['B'],['B'],['Legendary'],['Artifact'],['Equipment'],Rare,DBL,None,None,None,"Equipped creature has flying and lifelink.\nWhenever equipped creature dies, you may pay X life, where X is its power. If you do, draw X cards.\nEquip {3}"
Lord of the Forsaken,6.0,['B'],['B'],None,['Creature'],['Demon'],Mythic,DBL,6,6,None,"Flying, trample\n{B}, Sacrifice another creature: Target player mills three cards.\nPay 1 life: Add {C}. Spend this mana only to cast a spell from your graveyard."
"Jerren, Corrupted Bishop // Ormendahl, the Corrupter",3.0,['B'],['B'],['Legendary'],['Creature'],"['Human', 'Cleric']",Mythic,DBL,2,3,None,"Whenever Jerren, Corrupted Bishop enters the battlefield or another nontoken Human you control dies, you lose 1 life and create a 1/1 white Human creature token.\n{2}: Target Human you control gains lifelink until end of turn.\nAt the beginning of your end step, if you have exactly 13 life, you may pay {4}{B}{B}. If you do, transform Jerren."
"Jadar, Ghoulcaller of Nephalia",2.0,['B'],['B'],['Legendary'],['Creature'],"['Human', 'Wizard']",Rare,DBL,1,1,None,"At the beginning of your end step, if you control no creatures with decayed, create a 2/2 black Zombie creature token with decayed. (It can't block. When it attacks, sacrifice it at end of combat.)"
Infernal Grasp,2.0,['B'],['B'],None,['Instant'],None,Uncommon,DBL,None,None,None,Destroy target creature. You lose 2 life.
Hobbling Zombie,3.0,['B'],['B'],None,['Creature'],['Zombie'],Common,DBL,2,2,None,"Deathtouch\nWhen Hobbling Zombie dies, create a 2/2 black Zombie creature token with decayed. (It can't block. When it attacks, sacrifice it at end of combat.)"
Heirloom Mirror // Inherited Fiend,2.0,['B'],['B'],None,['Artifact'],None,Uncommon,DBL,None,None,None,"{1}, {T}, Pay 1 life, Discard a card: Draw a card, mill a card, then put a ritual counter on Heirloom Mirror. Then if it has three or more ritual counters on it, remove them and transform it. Activate only as a sorcery."
Graveyard Trespasser // Graveyard Glutton,3.0,['B'],['B'],None,['Creature'],"['Human', 'Werewolf']",Rare,DBL,3,3,None,"Ward—Discard a card.\nWhenever Graveyard Trespasser enters the battlefield or attacks, exile up to one target card from a graveyard. If a creature card was exiled this way, each opponent loses 1 life and you gain 1 life.\nDaybound (If a player casts no spells during their own turn, it becomes night next turn.)"
"Gisa, Glorious Resurrector",4.0,['B'],['B'],['Legendary'],['Creature'],"['Human', 'Wizard']",Rare,DBL,4,4,None,"If a creature an opponent controls would die, exile it instead.\nAt the beginning of your upkeep, put all creature cards exiled with Gisa, Glorious Resurrector onto the battlefield under your control. They gain decayed. (A creature with decayed can't block. When it attacks, sacrifice it at end of combat.)"
Ghoulish Procession,2.0,['B'],['B'],None,['Enchantment'],None,Uncommon,DBL,None,None,None,"Whenever one or more nontoken creatures die, create a 2/2 black Zombie creature token with decayed. This ability triggers only once each turn. (A creature with decayed can't block. When it attacks, sacrifice it at end of combat.)"
Foul Play,2.0,['B'],['B'],None,['Sorcery'],None,Uncommon,DBL,None,None,None,"Destroy target creature with power 2 or less. Investigate. (Create a Clue token. It's an artifact with ""{2}, Sacrifice this artifact: Draw a card."")"
Ecstatic Awakener // Awoken Demon,1.0,['B'],['B'],None,['Creature'],"['Human', 'Wizard']",Common,DBL,1,1,None,"{2}{B}, Sacrifice another creature: Draw a card, then transform Ecstatic Awakener. Activate only once each turn."
Eaten Alive,1.0,['B'],['B'],None,['Sorcery'],None,Common,DBL,None,None,None,"As an additional cost to cast this spell, sacrifice a creature or pay {3}{B}.\nExile target creature or planeswalker."
Duress,1.0,['B'],['B'],None,['Sorcery'],None,Common,DBL,None,None,None,"Target opponent reveals their hand. You choose a noncreature, nonland card from it. That player discards that card."
Dawnhart Rejuvenator,4.0,['G'],['G'],None,['Creature'],"['Human', 'Warlock']",Common,DBL,2,4,None,"When Dawnhart Rejuvenator enters the battlefield, you gain 3 life.\n{T}: Add one mana of any color."
Dreadhound,6.0,['B'],['B'],None,['Creature'],"['Demon', 'Dog']",Uncommon,DBL,6,6,None,"When Dreadhound enters the battlefield, mill three cards. (Put the top three cards of your library into your graveyard.)\nWhenever a creature dies or a creature card is put into a graveyard from a library, each opponent loses 1 life."
Hound Tamer // Untamed Pup,3.0,['G'],['G'],None,['Creature'],"['Human', 'Werewolf']",Uncommon,DBL,3,3,None,"Trample\n{3}{G}: Put a +1/+1 counter on target creature.\nDaybound (If a player casts no spells during their own turn, it becomes night next turn.)"
Dissipate,3.0,['U'],['U'],None,['Instant'],None,Uncommon,DBL,None,None,None,"Counter target spell. If that spell is countered this way, exile it instead of putting it into its owner's graveyard."
Duel for Dominance,2.0,['G'],['G'],None,['Instant'],None,Common,DBL,None,None,None,"Coven — Choose target creature you control and target creature you don't control. If you control three or more creatures with different powers, put a +1/+1 counter on the chosen creature you control. Then the chosen creatures fight each other. (They each deal damage equal to their power to the other.)"
Sunset Revelry,2.0,['W'],['W'],None,['Sorcery'],None,Uncommon,DBL,None,None,None,"If an opponent has more life than you, you gain 4 life.\nIf an opponent controls more creatures than you, create two 1/1 white Human creature tokens.\nIf an opponent has more cards in hand than you, draw a card."
Sungold Barrage,3.0,['W'],['W'],None,['Instant'],None,Common,DBL,None,None,None,Destroy target creature with toughness 4 or greater.
Sigardian Savior,5.0,['W'],['W'],None,['Creature'],['Angel'],Mythic,DBL,3,3,None,"Flying\nWhen Sigardian Savior enters the battlefield, if you cast it, return up to two target creature cards with mana value 2 or less from your graveyard to the battlefield."
Search Party Captain,4.0,['W'],['W'],None,['Creature'],"['Human', 'Soldier']",Common,DBL,2,2,None,"This spell costs {1} less to cast for each creature you attacked with this turn.\nWhen Search Party Captain enters the battlefield, draw a card."
Odric's Outrider,4.0,['W'],['W'],None,['Creature'],"['Human', 'Knight']",Uncommon,DBL,2,4,None,"Whenever Odric's Outrider or another creature you control dies, put a +1/+1 counter on target creature you control."
Mourning Patrol // Morning Apparition,3.0,['W'],['W'],None,['Creature'],"['Human', 'Soldier']",Common,DBL,2,3,None,Vigilance\nDisturb {3}{W} (You may cast this card from your graveyard transformed for its disturb cost.)
Lunarch Veteran // Luminous Phantom,1.0,['W'],['W'],None,['Creature'],"['Human', 'Cleric']",Common,DBL,1,1,None,"Whenever another creature enters the battlefield under your control, you gain 1 life.\nDisturb {1}{W} (You may cast this card from your graveyard transformed for its disturb cost.)"
Loyal Gryff,3.0,['W'],['W'],None,['Creature'],['Hippogriff'],Uncommon,DBL,2,2,None,"Flash\nFlying\nWhen Loyal Gryff enters the battlefield, you may return another creature you control to its owner's hand."
Homestead Courage,1.0,['W'],['W'],None,['Sorcery'],None,Common,DBL,None,None,None,Put a +1/+1 counter on target creature you control. It gains vigilance until end of turn.\nFlashback {W} (You may cast this card from your graveyard for its flashback cost. Then exile it.)
Gavony Trapper,1.0,['W'],['W'],None,['Creature'],"['Human', 'Soldier']",Common,DBL,0,2,None,"{2}, {T}: Tap target creature."
Flare of Faith,2.0,['W'],['W'],None,['Instant'],None,Common,DBL,None,None,None,"Target creature gets +2/+2 until end of turn. If it's a Human, instead it gets +3/+3 and gains indestructible until end of turn."
Duelcraft Trainer,4.0,['W'],['W'],None,['Creature'],"['Human', 'Soldier']",Uncommon,DBL,3,3,None,"First strike\nCoven — At the beginning of combat on your turn, if you control three or more creatures with different powers, target creature you control gains double strike until end of turn."
Clarion Cathars,4.0,['W'],['W'],None,['Creature'],"['Human', 'Knight']",Common,DBL,3,3,None,"When Clarion Cathars enters the battlefield, create a 1/1 white Human creature token."
Chaplain of Alms // Chapel Shieldgeist,1.0,['W'],['W'],None,['Creature'],"['Human', 'Cleric']",Uncommon,DBL,1,1,None,"First strike\nWard {1} (Whenever this creature becomes the target of a spell or ability an opponent controls, counter it unless that player pays {1}.)\nDisturb {3}{W} (You may cast this card from your graveyard transformed for its disturb cost.)"
Candletrap,1.0,['W'],['W'],None,['Enchantment'],['Aura'],Common,DBL,None,None,None,"Enchant creature\nEnchanted creature has defender.\nPrevent all combat damage that would be dealt by enchanted creature.\nCoven — {2}{W}, Sacrifice Candletrap: Exile enchanted creature. Activate only if you control three or more creatures with different powers."
Celestus Sanctifier,3.0,['W'],['W'],None,['Creature'],"['Human', 'Cleric']",Common,DBL,3,2,None,"If it's neither day nor night, it becomes day as Celestus Sanctifier enters the battlefield.\nWhenever day becomes night or night becomes day, look at the top two cards of your library. Put one of them into your graveyard."
Blessed Defiance,1.0,['W'],['W'],None,['Instant'],None,Common,DBL,None,None,None,"Target creature you control gets +2/+0 and gains lifelink until end of turn. When that creature dies this turn, create a 1/1 white Spirit creature token with flying."
Bereaved Survivor // Dauntless Avenger,3.0,['W'],['W'],None,['Creature'],"['Human', 'Peasant']",Uncommon,DBL,2,1,None,"When another creature you control dies, transform Bereaved Survivor."
Curse of Surveillance,5.0,['U'],['U'],None,['Enchantment'],"['Aura', 'Curse']",Rare,DBL,None,None,None,"Enchant player\nAt the beginning of enchanted player's upkeep, any number of target players other than that player each draw cards equal to the number of Curses attached to that player."
Covetous Castaway // Ghostly Castigator,2.0,['U'],['U'],None,['Creature'],['Human'],Uncommon,DBL,1,3,None,"When Covetous Castaway dies, mill three cards. (Put the top three cards of your library into your graveyard.)\nDisturb {3}{U}{U} (You may cast this card from your graveyard transformed for its disturb cost.)"
Component Collector,3.0,['U'],['U'],None,['Creature'],['Homunculus'],Common,DBL,1,4,None,"If it's neither day nor night, it becomes day as Component Collector enters the battlefield.\nWhenever day becomes night or night becomes day, you may tap or untap target nonland permanent."
Vanquish the Horde,8.0,['W'],['W'],None,['Sorcery'],None,Rare,DBL,None,None,None,This spell costs {1} less to cast for each creature on the battlefield.\nDestroy all creatures.
Curse of Leeches // Leeching Lurker,3.0,['B'],['B'],None,['Enchantment'],"['Aura', 'Curse']",Rare,DBL,None,None,None,"Enchant player\nAs this permanent transforms into Curse of Leeches, attach it to a player.\nAt the beginning of enchanted player's upkeep, they lose 1 life and you gain 1 life.\nDaybound (If a player casts no spells during their own turn, it becomes night next turn.)"
Diregraf Horde,5.0,['B'],['B'],None,['Creature'],['Zombie'],Common,DBL,3,4,None,"When Diregraf Horde enters the battlefield, create two 2/2 black Zombie creature tokens with decayed. When you do, exile up to two target cards from graveyards. (A creature with decayed can't block. When it attacks, sacrifice it at end of combat.)"
Crawl from the Cellar,1.0,['B'],['B'],None,['Sorcery'],None,Common,DBL,None,None,None,Return target creature card from your graveyard to your hand. Put a +1/+1 counter on up to one target Zombie you control.\nFlashback {3}{B} (You may cast this card from your graveyard for its flashback cost. Then exile it.)
Covert Cutpurse // Covetous Geist,3.0,['B'],['B'],None,['Creature'],"['Human', 'Rogue']",Uncommon,DBL,2,1,None,"When Covert Cutpurse enters the battlefield, destroy target creature you don't control that was dealt damage this turn.\nDisturb {4}{B} (You may cast this card from your graveyard transformed for its disturb cost.)"
Arrogant Outlaw,3.0,['B'],['B'],None,['Creature'],"['Vampire', 'Noble']",Common,DBL,3,2,None,"When Arrogant Outlaw enters the battlefield, if an opponent lost life this turn, each opponent loses 2 life and you gain 2 life."
Bladebrand,2.0,['B'],['B'],None,['Instant'],None,Common,DBL,None,None,None,Target creature gains deathtouch until end of turn.\nDraw a card.
Bat Whisperer,4.0,['B'],['B'],None,['Creature'],['Vampire'],Common,DBL,4,2,None,"When Bat Whisperer enters the battlefield, if an opponent lost life this turn, create a 1/1 black Bat creature token with flying."
Unblinking Observer,2.0,['U'],['U'],None,['Creature'],['Homunculus'],Common,DBL,2,1,None,{T}: Add {U}. Spend this mana only to pay a disturb cost or cast an instant or sorcery spell.
Stormrider Spirit,5.0,['U'],['U'],None,['Creature'],['Spirit'],Common,DBL,3,3,None,Flash\nFlying
Spectral Adversary,2.0,['U'],['U'],None,['Creature'],['Spirit'],Mythic,DBL,2,1,None,"Flash\nFlying\nWhen Spectral Adversary enters the battlefield, you may pay {1}{U} any number of times. When you pay this cost one or more times, put that many +1/+1 counters on Spectral Adversary, then up to that many other target artifacts, creatures, and/or enchantments phase out."
Skaab Wrangler,2.0,['U'],['U'],None,['Creature'],"['Human', 'Wizard']",Uncommon,DBL,2,1,None,Tap three untapped creatures you control: Tap target creature.
Secrets of the Key,1.0,['U'],['U'],None,['Instant'],None,Common,DBL,None,None,None,"Investigate. If this spell was cast from a graveyard, investigate twice instead. (Create a Clue token. It's an artifact with ""{2}, Sacrifice this artifact: Draw a card."")\nFlashback {3}{U}"
Ritual of Hope,2.0,['W'],['W'],None,['Instant'],None,Uncommon,DBL,None,None,None,"Creatures you control get +1/+1 until end of turn.\nCoven — If you control three or more creatures with different powers, creatures you control get +2/+1 until end of turn instead."
Poppet Stitcher // Poppet Factory,3.0,['U'],['U'],None,['Creature'],"['Human', 'Wizard']",Mythic,DBL,2,3,None,"Whenever you cast an instant or sorcery spell, create a 2/2 black Zombie creature token with decayed. (It can't block. When it attacks, sacrifice it at end of combat.)\nAt the beginning of your upkeep, if you control three or more creature tokens, you may transform Poppet Stitcher."
Patrician Geist,3.0,['U'],['U'],None,['Creature'],"['Spirit', 'Knight']",Rare,DBL,2,2,None,Flying\nOther Spirits you control get +1/+1.\nSpells you cast from your graveyard cost {1} less to cast.
Overwhelmed Archivist // Archive Haunt,3.0,['U'],['U'],None,['Creature'],"['Human', 'Wizard']",Uncommon,DBL,3,2,None,"When Overwhelmed Archivist enters the battlefield, draw a card, then discard a card.\nDisturb {3}{U} (You may cast this card from your graveyard transformed for its disturb cost.)"
Organ Hoarder,4.0,['U'],['U'],None,['Creature'],['Zombie'],Common,DBL,3,2,None,"When Organ Hoarder enters the battlefield, look at the top three cards of your library, then put one of them into your hand and the rest into your graveyard."
Nebelgast Intruder,3.0,['U'],['U'],None,['Creature'],['Spirit'],Uncommon,DBL,2,1,None,"Flash\nFlying\nWhen Nebelgast Intruder enters the battlefield, up to one target creature an opponent controls gets -2/-0 until end of turn."
Mysterious Tome // Chilling Chronicle,3.0,['U'],['U'],None,['Artifact'],None,Uncommon,DBL,None,None,None,"{2}, {T}: Draw a card. Transform Mysterious Tome."
Memory Deluge,4.0,['U'],['U'],None,['Instant'],None,Rare,DBL,None,None,None,"Look at the top X cards of your library, where X is the amount of mana spent to cast this spell. Put two of them into your hand and the rest on the bottom of your library in a random order.\nFlashback {5}{U}{U} (You may cast this card from your graveyard for its flashback cost. Then exile it.)"
Locked in the Cemetery,2.0,['U'],['U'],None,['Enchantment'],['Aura'],Common,DBL,None,None,None,"Enchant creature\nWhen Locked in the Cemetery enters the battlefield, if there are five or more cards in your graveyard, tap enchanted creature.\nEnchanted creature doesn't untap during its controller's untap step."
Larder Zombie,1.0,['U'],['U'],None,['Creature'],['Zombie'],Common,DBL,1,3,None,Defender\nTap three untapped creatures you control: Surveil 1. (Look at the top card of your library. You may put that card into your graveyard.)
Flip the Switch,3.0,['U'],['U'],None,['Instant'],None,Common,DBL,None,None,None,"Counter target spell unless its controller pays {4}. Create a 2/2 black Zombie creature token with decayed. (It can't block. When it attacks, sacrifice it at end of combat.)"
Consuming Blob,5.0,['G'],['G'],None,['Creature'],['Ooze'],Mythic,DBL,*,*+1,None,"Consuming Blob's power is equal to the number of card types among cards in your graveyard and its toughness is equal to that number plus 1.\nAt the beginning of your end step, create a green Ooze creature token with ""This creature's power is equal to the number of card types among cards in your graveyard and its toughness is equal to that number plus 1."""
Cathar Commando,2.0,['W'],['W'],None,['Creature'],"['Human', 'Soldier']",Common,DBL,3,1,None,"Flash\n{1}, Sacrifice Cathar Commando: Destroy target artifact or enchantment."
Galedrifter // Waildrifter,4.0,['U'],['U'],None,['Creature'],['Hippogriff'],Common,DBL,3,2,None,Flying\nDisturb {4}{U} (You may cast this card from your graveyard transformed for its disturb cost.)
Augur of Autumn,3.0,['G'],['G'],None,['Creature'],"['Human', 'Druid']",Rare,DBL,2,3,None,"You may look at the top card of your library any time.\nYou may play lands from the top of your library.\nCoven — As long as you control three or more creatures with different powers, you may cast creature spells from the top of your library."
Dawnhart Mentor,3.0,['G'],['G'],None,['Creature'],"['Human', 'Warlock']",Uncommon,DBL,0,4,None,"When Dawnhart Mentor enters the battlefield, create a 1/1 white Human creature token.\nCoven — {5}{G}: Target creature you control gets +3/+3 and gains trample until end of turn. Activate only if you control three or more creatures with different powers."
Flame-Blessed Bolt,1.0,['R'],['R'],None,['Instant'],None,Common,DBL,None,None,None,"Flame-Blessed Bolt deals 2 damage to target creature or planeswalker. If that creature or planeswalker would die this turn, exile it instead."
Ill-Tempered Loner // Howlpack Avenger,4.0,['R'],['R'],None,['Creature'],"['Human', 'Werewolf']",Rare,DBL,3,3,None,"Whenever Ill-Tempered Loner is dealt damage, it deals that much damage to any target.\n{1}{R}: Ill-Tempered Loner gets +2/+0 until end of turn.\nDaybound (If a player casts no spells during their own turn, it becomes night next turn.)"
Fearful Villager // Fearsome Werewolf,3.0,['R'],['R'],None,['Creature'],"['Human', 'Werewolf']",Common,DBL,2,3,None,"Menace (This creature can't be blocked except by two or more creatures.)\nDaybound (If a player casts no spells during their own turn, it becomes night next turn.)"
Hungry Ridgewolf,2.0,['R'],['R'],None,['Creature'],['Wolf'],Common,DBL,2,2,None,"As long as you control another Wolf or Werewolf, Hungry Ridgewolf gets +1/+0 and has trample."
Honeymoon Hearse,3.0,['R'],['R'],None,['Artifact'],['Vehicle'],Uncommon,DBL,5,5,None,Trample\nTap two untapped creatures you control: Honeymoon Hearse becomes an artifact creature until end of turn.
Frenzied Devils,5.0,['R'],['R'],None,['Creature'],['Devil'],Uncommon,DBL,3,3,None,"Haste\nWhenever you cast a noncreature spell, Frenzied Devils gets +2/+2 until end of turn."
Falkenrath Celebrants,5.0,['R'],['R'],None,['Creature'],['Vampire'],Common,DBL,4,4,None,"Menace (This creature can't be blocked except by two or more creatures.)\nWhen Falkenrath Celebrants enters the battlefield, create two Blood tokens. (They're artifacts with ""{1}, {T}, Discard a card, Sacrifice this artifact: Draw a card."")"
End the Festivities,1.0,['R'],['R'],None,['Sorcery'],None,Common,DBL,None,None,None,End the Festivities deals 1 damage to each opponent and each creature and planeswalker they control.
Dominating Vampire,3.0,['R'],['R'],None,['Creature'],['Vampire'],Rare,DBL,3,3,None,"When Dominating Vampire enters the battlefield, gain control of target creature with mana value less than or equal to the number of Vampires you control until end of turn. Untap that creature. It gains haste until end of turn."
Daybreak Combatants,3.0,['R'],['R'],None,['Creature'],"['Human', 'Warrior']",Common,DBL,2,2,None,"Haste\nWhen Daybreak Combatants enters the battlefield, target creature gets +2/+0 until end of turn."
Curse of Hospitality,3.0,['R'],['R'],None,['Enchantment'],"['Aura', 'Curse']",Rare,DBL,None,None,None,"Enchant player\nCreatures attacking enchanted player have trample.\nWhenever a creature deals combat damage to enchanted player, that player exiles the top card of their library. Until end of turn, that creature's controller may play that card and they may spend mana as though it were mana of any color to cast that spell."
Creepy Puppeteer,4.0,['R'],['R'],None,['Creature'],"['Human', 'Rogue']",Rare,DBL,4,3,None,"Haste\nWhenever Creepy Puppeteer attacks, if you attacked with exactly one other creature this combat, you may have that creature's base power and toughness become 4/3 until end of turn."
Change of Fortune,4.0,['R'],['R'],None,['Sorcery'],None,Rare,DBL,None,None,None,"Discard your hand, then draw a card for each card you've discarded this turn."
"Chandra, Dressed to Kill",3.0,['R'],['R'],['Legendary'],['Planeswalker'],['Chandra'],Mythic,DBL,None,None,3,"[+1]: Add {R}. Chandra, Dressed to Kill deals 1 damage to up to one target player or planeswalker.\n[+1]: Exile the top card of your library. If it's red, you may cast it this turn.\n[−7]: Exile the top five cards of your library. You may cast red spells from among them this turn. You get an emblem with ""Whenever you cast a red spell, this emblem deals X damage to any target, where X is the amount of mana spent to cast that spell."""
Cemetery Gatekeeper,2.0,['R'],['R'],None,['Creature'],['Vampire'],Mythic,DBL,2,1,None,"First strike\nWhen Cemetery Gatekeeper enters the battlefield, exile a card from a graveyard.\nWhenever a player plays a land or casts a spell, if it shares a card type with the exiled card, Cemetery Gatekeeper deals 2 damage to that player."
Bloody Betrayal,3.0,['R'],['R'],None,['Sorcery'],None,Common,DBL,None,None,None,"Gain control of target creature until end of turn. Untap that creature. It gains haste until end of turn. Create a Blood token. (It's an artifact with ""{1}, {T}, Discard a card, Sacrifice this artifact: Draw a card."")"
Blood Petal Celebrant,2.0,['R'],['R'],None,['Creature'],['Vampire'],Common,DBL,2,1,None,"Blood Petal Celebrant has first strike as long as it's attacking.\nWhen Blood Petal Celebrant dies, create a Blood token. (It's an artifact with ""{1}, {T}, Discard a card, Sacrifice this artifact: Draw a card."")"
Blood Hypnotist,3.0,['R'],['R'],None,['Creature'],['Vampire'],Uncommon,DBL,3,3,None,"Blood Hypnotist can't block.\nWhenever you sacrifice one or more Blood tokens, target creature can't block this turn. This ability triggers only once each turn."
Belligerent Guest,3.0,['R'],['R'],None,['Creature'],['Vampire'],Common,DBL,3,2,None,"Trample\nWhenever Belligerent Guest deals combat damage to a player, create a Blood token. (It's an artifact with ""{1}, {T}, Discard a card, Sacrifice this artifact: Draw a card."")"
Ballista Watcher // Ballista Wielder,4.0,['R'],['R'],None,['Creature'],"['Human', 'Soldier', 'Werewolf']",Uncommon,DBL,4,3,None,"{2}{R}, {T}: Ballista Watcher deals 1 damage to any target.\nDaybound (If a player casts no spells during their own turn, it becomes night next turn.)"
Ancestral Anger,1.0,['R'],['R'],None,['Sorcery'],None,Common,DBL,None,None,None,"Target creature gains trample and gets +X/+0 until end of turn, where X is 1 plus the number of cards named Ancestral Anger in your graveyard.\nDraw a card."
Endless Ranks of the Dead,4.0,['B'],['B'],None,['Enchantment'],None,Rare,DBL,None,None,None,"At the beginning of your upkeep, create X 2/2 black Zombie creature tokens, where X is half the number of Zombies you control, rounded down."
Voldaren Estate,0.0,None,None,None,['Land'],None,Rare,DBL,None,None,None,"{T}: Add {C}.\n{T}, Pay 1 life: Add one mana of any color. Spend this mana only to cast a Vampire spell.\n{5}, {T}: Create a Blood token. This ability costs {1} less to activate for each Vampire you control. (It's an artifact with ""{1}, {T}, Discard a card, Sacrifice this artifact: Draw a card."")"
Sundown Pass,0.0,None,"['R', 'W']",None,['Land'],None,Rare,DBL,None,None,None,Sundown Pass enters the battlefield tapped unless you control two or more other lands.\n{T}: Add {R} or {W}.
Stormcarved Coast,0.0,None,"['R', 'U']",None,['Land'],None,Rare,DBL,None,None,None,Stormcarved Coast enters the battlefield tapped unless you control two or more other lands.\n{T}: Add {U} or {R}.
Shattered Sanctum,0.0,None,"['B', 'W']",None,['Land'],None,Rare,DBL,None,None,None,Shattered Sanctum enters the battlefield tapped unless you control two or more other lands.\n{T}: Add {W} or {B}.
Dreamroot Cascade,0.0,None,"['G', 'U']",None,['Land'],None,Rare,DBL,None,None,None,Dreamroot Cascade enters the battlefield tapped unless you control two or more other lands.\n{T}: Add {G} or {U}.
Deathcap Glade,0.0,None,"['B', 'G']",None,['Land'],None,Rare,DBL,None,None,None,Deathcap Glade enters the battlefield tapped unless you control two or more other lands.\n{T}: Add {B} or {G}.
Wedding Invitation,2.0,None,None,None,['Artifact'],None,Common,DBL,None,None,None,"When Wedding Invitation enters the battlefield, draw a card.\n{T}, Sacrifice Wedding Invitation: Target creature can't be blocked this turn. If it's a Vampire, it also gains lifelink until end of turn."
Lantern of the Lost,1.0,None,None,None,['Artifact'],None,Uncommon,DBL,None,None,None,"When Lantern of the Lost enters the battlefield, exile target card from a graveyard.\n{1}, {T}, Exile Lantern of the Lost: Exile all cards from all graveyards, then draw a card."
Investigator's Journal,2.0,None,None,None,['Artifact'],['Clue'],Rare,DBL,None,None,None,"Investigator's Journal enters the battlefield with a number of suspect counters on it equal to the greatest number of creatures a player controls.\n{2}, {T}, Remove a suspect counter from Investigator's Journal: Draw a card.\n{2}, Sacrifice Investigator's Journal: Draw a card."
Alluring Suitor // Deadly Dancer,3.0,['R'],['R'],None,['Creature'],['Vampire'],Uncommon,DBL,2,3,None,"When you attack with exactly two creatures, transform Alluring Suitor."
Honored Heirloom,3.0,None,None,None,['Artifact'],None,Common,DBL,None,None,None,"{T}: Add one mana of any color.\n{2}, {T}: Exile target card from a graveyard."
Alchemist's Gambit,3.0,['R'],"['R', 'U']",None,['Sorcery'],None,Rare,DBL,None,None,None,"Cleave {4}{U}{U}{R} (You may cast this spell for its cleave cost. If you do, remove the words in square brackets.)\nTake an extra turn after this one. During that turn, damage can't be prevented. [At the beginning of that turn's end step, you lose the game.]\nExile Alchemist's Gambit."
Foreboding Statue // Forsaken Thresher,3.0,None,None,None,"['Artifact', 'Creature']",['Construct'],Uncommon,DBL,1,2,None,"{T}: Add one mana of any color. Put an omen counter on Foreboding Statue.\nAt the beginning of your end step, if there are three or more omen counters on Foreboding Statue, untap it, then transform it."
Abrade,2.0,['R'],['R'],None,['Instant'],None,Common,DBL,None,None,None,Choose one —\n• Abrade deals 3 damage to target creature.\n• Destroy target artifact.
Wedding Security,5.0,['B'],['B'],None,['Creature'],"['Vampire', 'Soldier']",Uncommon,DBL,4,4,None,"Whenever Wedding Security attacks, you may sacrifice a Blood token. If you do, put a +1/+1 counter on Wedding Security and draw a card."
Voldaren Bloodcaster // Bloodbat Summoner,2.0,['B'],['B'],None,['Creature'],"['Vampire', 'Wizard']",Rare,DBL,2,1,None,"Flying\nWhenever Voldaren Bloodcaster or another nontoken creature you control dies, create a Blood token. (It's an artifact with ""{1}, {T}, Discard a card, Sacrifice this artifact: Draw a card."")\nWhenever you create a Blood token, if you control five or more Blood tokens, transform Voldaren Bloodcaster."
Vampire's Kiss,2.0,['B'],['B'],None,['Sorcery'],None,Common,DBL,None,None,None,"Target player loses 2 life and you gain 2 life. Create two Blood tokens. (They're artifacts with ""{1}, {T}, Discard a card, Sacrifice this artifact: Draw a card."")"
Unhallowed Phalanx,5.0,['B'],['B'],None,['Creature'],"['Zombie', 'Soldier']",Common,DBL,1,13,None,Unhallowed Phalanx enters the battlefield tapped.
Undying Malice,1.0,['B'],['B'],None,['Instant'],None,Common,DBL,None,None,None,"Until end of turn, target creature gains ""When this creature dies, return it to the battlefield tapped under its owner's control with a +1/+1 counter on it."""
Undead Butler,2.0,['B'],['B'],None,['Creature'],['Zombie'],Uncommon,DBL,1,2,None,"When Undead Butler enters the battlefield, mill three cards. (Put the top three cards of your library into your graveyard.)\nWhen Undead Butler dies, you may exile it. When you do, return target creature card from your graveyard to your hand."
"Toxrill, the Corrosive",7.0,['B'],"['B', 'U']",['Legendary'],['Creature'],"['Slug', 'Horror']",Mythic,DBL,7,7,None,"At the beginning of each end step, put a slime counter on each creature you don't control.\nCreatures you don't control get -1/-1 for each slime counter on them.\nWhenever a creature you don't control with a slime counter on it dies, create a 1/1 black Slug creature token.\n{U}{B}, Sacrifice a Slug: Draw a card."
Sorin the Mirthless,4.0,['B'],['B'],['Legendary'],['Planeswalker'],['Sorin'],Mythic,DBL,None,None,4,"[+1]: Look at the top card of your library. You may reveal that card and put it into your hand. If you do, you lose life equal to its mana value.\n[−2]: Create a 2/3 black Vampire creature token with flying and lifelink.\n[−7]: Sorin the Mirthless deals 13 damage to any target. You gain 13 life."
Skulking Killer,4.0,['B'],['B'],None,['Creature'],"['Vampire', 'Assassin']",Uncommon,DBL,4,2,None,"When Skulking Killer enters the battlefield, target creature an opponent controls gets -2/-2 until end of turn if that opponent controls no other creatures."
Rot-Tide Gargantua,5.0,['B'],['B'],None,['Creature'],"['Zombie', 'Kraken']",Common,DBL,5,4,None,"Exploit (When this creature enters the battlefield, you may sacrifice a creature.)\nWhen Rot-Tide Gargantua exploits a creature, each opponent sacrifices a creature."
Restless Bloodseeker // Bloodsoaked Reveler,2.0,['B'],['B'],None,['Creature'],['Vampire'],Uncommon,DBL,1,3,None,"At the beginning of your end step, if you gained life this turn, create a Blood token. (It's an artifact with ""{1}, {T}, Discard a card, Sacrifice this artifact: Draw a card."")\nSacrifice two Blood tokens: Transform Restless Bloodseeker. Activate only as a sorcery."
Ragged Recluse // Odious Witch,2.0,['B'],['B'],None,['Creature'],"['Human', 'Peasant']",Common,DBL,2,1,None,"At the beginning of your end step, if you discarded a card this turn, transform Ragged Recluse."
Pointed Discussion,3.0,['B'],['B'],None,['Sorcery'],None,Common,DBL,None,None,None,"You draw two cards, lose 2 life, then create a Blood token. (It's an artifact with ""{1}, {T}, Discard a card, Sacrifice this artifact: Draw a card."")"
Arm the Cathars,3.0,['W'],['W'],None,['Sorcery'],None,Uncommon,DBL,None,None,None,"Until end of turn, target creature gets +3/+3, up to one other target creature gets +2/+2, and up to one other target creature gets +1/+1. Those creatures gain vigilance until end of turn."
Persistent Specimen,1.0,['B'],['B'],None,['Creature'],['Skeleton'],Common,DBL,1,1,None,{2}{B}: Return Persistent Specimen from your graveyard to the battlefield tapped.
Bride's Gown,2.0,['W'],['W'],None,['Artifact'],['Equipment'],Uncommon,DBL,None,None,None,Equipped creature gets +2/+0. It gets an additional +0/+2 and has first strike as long as an Equipment named Groom's Finery is attached to a creature you control.\nEquip {2} ({2}: Attach to target creature you control. Equip only as a sorcery.)
Path of Peril,3.0,['B'],"['B', 'W']",None,['Sorcery'],None,Rare,DBL,None,None,None,"Cleave {4}{W}{B} (You may cast this spell for its cleave cost. If you do, remove the words in square brackets.)\nDestroy all creatures [with mana value 2 or less]."
Parasitic Grasp,2.0,['B'],['B'],None,['Instant'],None,Uncommon,DBL,None,None,None,"Cleave {1}{B}{B} (You may cast this spell for its cleave cost. If you do, remove the words in square brackets.)\nParasitic Grasp deals 3 damage to target [Human] creature. You gain 3 life."
Mindleech Ghoul,2.0,['B'],['B'],None,['Creature'],['Zombie'],Common,DBL,2,2,None,"Exploit (When this creature enters the battlefield, you may sacrifice a creature.)\nWhen Mindleech Ghoul exploits a creature, each opponent exiles a card from their hand."
Innocent Traveler // Malicious Invader,4.0,['B'],['B'],None,['Creature'],['Human'],Uncommon,DBL,1,3,None,"At the beginning of your upkeep, any opponent may sacrifice a creature. If no one does, transform Innocent Traveler."
Hero's Downfall,3.0,['B'],['B'],None,['Instant'],None,Uncommon,DBL,None,None,None,Destroy target creature or planeswalker.
"Henrika Domnathi // Henrika, Infernal Seer",4.0,['B'],['B'],['Legendary'],['Creature'],['Vampire'],Mythic,DBL,1,3,None,"Flying\nAt the beginning of combat on your turn, choose one that hasn't been chosen —\n• Each player sacrifices a creature.\n• You draw a card and you lose 1 life.\n• Transform Henrika Domnathi."
Headless Rider,3.0,['B'],['B'],None,['Creature'],['Zombie'],Rare,DBL,3,1,None,"Whenever Headless Rider or another nontoken Zombie you control dies, create a 2/2 black Zombie creature token."
Groom's Finery,2.0,['B'],['B'],None,['Artifact'],['Equipment'],Uncommon,DBL,None,None,None,Equipped creature gets +2/+0. It gets an additional +0/+2 and has deathtouch as long as an Equipment named Bride's Gown is attached to a creature you control.\nEquip {2} ({2}: Attach to target creature you control. Equip only as a sorcery.)
Dollhouse of Horrors,5.0,None,None,None,['Artifact'],None,Rare,DBL,None,None,None,"{1}, {T}, Exile a creature card from your graveyard: Create a token that's a copy of the exiled card, except it's a 0/0 Construct artifact in addition to its other types and it has ""This creature gets +1/+1 for each Construct you control."" It gains haste until end of turn. Activate only as a sorcery."
Ceremonial Knife,1.0,None,None,None,['Artifact'],['Equipment'],Common,DBL,None,None,None,"Equipped creature gets +1/+0 and has ""Whenever this creature deals combat damage, create a Blood token."" (It's an artifact with ""{1}, {T}, Discard a card, Sacrifice this artifact: Draw a card."")\nEquip {2} ({2}: Attach to target creature you control. Equip only as a sorcery.)"
Grisly Ritual,6.0,['B'],['B'],None,['Sorcery'],None,Common,DBL,None,None,None,"Destroy target creature or planeswalker. Create two Blood tokens. (They're artifacts with ""{1}, {T}, Discard a card, Sacrifice this artifact: Draw a card."")"
Graf Reaver,2.0,['B'],['B'],None,['Creature'],"['Zombie', 'Warrior']",Rare,DBL,3,3,None,"Exploit (When this creature enters the battlefield, you may sacrifice a creature.)\nWhen Graf Reaver exploits a creature, destroy target planeswalker.\nAt the beginning of your upkeep, Graf Reaver deals 1 damage to you."
Boarded Window,3.0,None,None,None,['Artifact'],None,Uncommon,DBL,None,None,None,"Creatures attacking you get -1/-0.\nAt the beginning of each end step, if you were dealt 4 or more damage this turn, exile Boarded Window."
Gluttonous Guest,3.0,['B'],['B'],None,['Creature'],['Vampire'],Common,DBL,1,4,None,"When Gluttonous Guest enters the battlefield, create a Blood token. (It's an artifact with ""{1}, {T}, Discard a card, Sacrifice this artifact: Draw a card."")\nWhenever you sacrifice a Blood token, you gain 1 life."
Gift of Fangs,1.0,['B'],['B'],None,['Enchantment'],['Aura'],Common,DBL,None,None,None,"Enchant creature\nEnchanted creature gets +2/+2 as long as it's a Vampire. Otherwise, it gets -2/-2."
"Halana and Alena, Partners",4.0,"['G', 'R']","['G', 'R']",['Legendary'],['Creature'],"['Human', 'Ranger']",Rare,DBL,2,3,None,"First strike, reach\nAt the beginning of combat on your turn, put X +1/+1 counters on another target creature you control, where X is Halana and Alena's power. That creature gains haste until end of turn."
"Torens, Fist of the Angels",3.0,"['G', 'W']","['G', 'W']",['Legendary'],['Creature'],"['Human', 'Cleric']",Rare,DBL,2,2,None,"Training (Whenever this creature attacks with another creature with greater power, put a +1/+1 counter on this creature.)\nWhenever you cast a creature spell, create a 1/1 green and white Human Soldier creature token with training."
Wandering Mind,3.0,"['R', 'U']","['R', 'U']",None,['Creature'],['Horror'],Uncommon,DBL,2,1,None,"Flying\nWhen Wandering Mind enters the battlefield, look at the top six cards of your library. You may reveal a noncreature, nonland card from among them and put it into your hand. Put the rest on the bottom of your library in a random order."
Blood Servitor,3.0,None,None,None,"['Artifact', 'Creature']",['Construct'],Common,DBL,2,2,None,"When Blood Servitor enters the battlefield, create a Blood token. (It's an artifact with ""{1}, {T}, Discard a card, Sacrifice this artifact: Draw a card."")"
Vilespawn Spider,2.0,"['G', 'U']","['G', 'U']",None,['Creature'],['Spider'],Uncommon,DBL,2,3,None,"Reach\nAt the beginning of your upkeep, mill a card. (Put the top card of your library into your graveyard.)\n{2}{G}{U}, {T}, Sacrifice Vilespawn Spider: Create a 1/1 green Insect creature token for each creature card in your graveyard. Activate only as a sorcery."
Skull Skaab,2.0,"['B', 'U']","['B', 'U']",None,['Creature'],['Zombie'],Uncommon,DBL,2,2,None,"Exploit (When this creature enters the battlefield, you may sacrifice a creature.)\nWhenever a creature you control exploits a nontoken creature, create a 2/2 black Zombie creature token."
Sigardian Paladin,4.0,"['G', 'W']","['G', 'W']",None,['Creature'],"['Human', 'Knight']",Uncommon,DBL,4,4,None,"As long as you've put one or more +1/+1 counters on a creature this turn, Sigardian Paladin has trample and lifelink.\n{1}{G}{W}: Target creature you control with a +1/+1 counter on it gains trample and lifelink until end of turn."
"Runo Stromkirk // Krothuss, Lord of the Deep",3.0,"['B', 'U']","['B', 'U']",['Legendary'],['Creature'],"['Vampire', 'Cleric']",Rare,DBL,1,4,None,"Flying\nWhen Runo Stromkirk enters the battlefield, put up to one target creature card from your graveyard on top of your library.\nAt the beginning of your upkeep, look at the top card of your library. You may reveal that card. If a creature card with mana value 6 or greater is revealed this way, transform Runo Stromkirk."
"Olivia, Crimson Bride",6.0,"['B', 'R']","['B', 'R']",['Legendary'],['Creature'],"['Vampire', 'Noble']",Mythic,DBL,3,4,None,"Flying, haste\nWhenever Olivia, Crimson Bride attacks, return target creature card from your graveyard to the battlefield tapped and attacking. It gains ""When you don't control a legendary Vampire, exile this creature."""
"Kaya, Geist Hunter",3.0,"['B', 'W']","['B', 'W']",['Legendary'],['Planeswalker'],['Kaya'],Mythic,DBL,None,None,3,"[+1]: Creatures you control gain deathtouch until end of turn. Put a +1/+1 counter on up to one target creature token you control.\n[−2]: Until end of turn, if one or more tokens would be created under your control, twice that many of those tokens are created instead.\n[−6]: Exile all cards from all graveyards, then create a 1/1 white Spirit creature token with flying for each card exiled this way."
Old Rutstein,3.0,"['B', 'G']","['B', 'G']",['Legendary'],['Creature'],"['Human', 'Peasant']",Rare,DBL,1,4,None,"When Old Rutstein enters the battlefield or at the beginning of your upkeep, mill a card. If a land card is milled this way, create a Treasure token. If a creature card is milled this way, create a 1/1 green Insect creature token. If a noncreature, nonland card is milled this way, create a Blood token."
"Grolnok, the Omnivore",4.0,"['G', 'U']","['G', 'U']",['Legendary'],['Creature'],['Frog'],Rare,DBL,3,3,None,"Whenever a Frog you control attacks, mill three cards.\nWhenever a permanent card is put into your graveyard from your library, exile it with a croak counter on it.\nYou may play lands and cast spells from among cards you own in exile with croak counters on them."
"Odric, Blood-Cursed",3.0,"['R', 'W']","['R', 'W']",['Legendary'],['Creature'],"['Vampire', 'Soldier']",Rare,DBL,3,3,None,"When Odric, Blood-Cursed enters the battlefield, create X Blood tokens, where X is the number of abilities from among flying, first strike, double strike, deathtouch, haste, hexproof, indestructible, lifelink, menace, reach, trample, and vigilance found among creatures you control. (Count each ability only once.)"
Markov Waltzer,4.0,"['R', 'W']","['R', 'W']",None,['Creature'],['Vampire'],Uncommon,DBL,1,3,None,"Flying, haste\nAt the beginning of combat on your turn, up to two target creatures you control each get +1/+0 until end of turn."
Markov Purifier,3.0,"['B', 'W']","['B', 'W']",None,['Creature'],"['Vampire', 'Cleric']",Uncommon,DBL,2,3,None,"Lifelink\nAt the beginning of your end step, if you gained life this turn, you may pay {2}. If you do, draw a card."
"Eruth, Tormented Prophet",3.0,"['R', 'U']","['R', 'U']",['Legendary'],['Creature'],"['Human', 'Wizard']",Rare,DBL,2,4,None,"If you would draw a card, exile the top two cards of your library instead. You may play those cards this turn."
"Edgar, Charmed Groom // Edgar Markov's Coffin",4.0,"['B', 'W']","['B', 'W']",['Legendary'],['Creature'],"['Vampire', 'Noble']",Rare,DBL,4,4,None,"Other Vampires you control get +1/+1.\nWhen Edgar, Charmed Groom dies, return it to the battlefield transformed under its owner's control."
"Dorothea, Vengeful Victim // Dorothea's Retribution",2.0,"['U', 'W']","['U', 'W']",['Legendary'],['Creature'],['Spirit'],Rare,DBL,4,4,None,"Flying\nWhen Dorothea, Vengeful Victim attacks or blocks, sacrifice it at end of combat.\nDisturb {1}{W}{U} (You may cast this card from your graveyard transformed for its disturb cost.)"
Child of the Pack // Savage Packmate,4.0,"['G', 'R']","['G', 'R']",None,['Creature'],"['Human', 'Werewolf']",Uncommon,DBL,2,5,None,"{2}{R}{G}: Create a 2/2 green Wolf creature token.\nDaybound (If a player casts no spells during their own turn, it becomes night next turn.)"
Brine Comber // Brinebound Gift,3.0,"['U', 'W']","['U', 'W']",None,['Creature'],['Spirit'],Uncommon,DBL,1,1,None,"Whenever Brine Comber enters the battlefield or becomes the target of an Aura spell, create a 1/1 white Spirit creature token with flying.\nDisturb {W}{U} (You may cast this card from your graveyard transformed for its disturb cost.)"
Bloodtithe Harvester,2.0,"['B', 'R']","['B', 'R']",None,['Creature'],['Vampire'],Uncommon,DBL,3,2,None,"When Bloodtithe Harvester enters the battlefield, create a Blood token. (It's an artifact with ""{1}, {T}, Discard a card, Sacrifice this artifact: Draw a card."")\n{T}, Sacrifice Bloodtithe Harvester: Target creature gets -X/-X until end of turn, where X is twice the number of Blood tokens you control. Activate only as a sorcery."
"Anje, Maid of Dishonor",4.0,"['B', 'R']","['B', 'R']",['Legendary'],['Creature'],['Vampire'],Rare,DBL,4,5,None,"Whenever Anje, Maid of Dishonor and/or one or more other Vampires enter the battlefield under your control, create a Blood token. This ability triggers only once each turn. (It's an artifact with ""{1}, {T}, Discard a card, Sacrifice this artifact: Draw a card."")\n{2}, Sacrifice another creature or a Blood token: Each opponent loses 2 life and you gain 2 life."
Ancient Lumberknot,4.0,"['B', 'G']","['B', 'G']",None,['Creature'],['Treefolk'],Uncommon,DBL,1,4,None,Each creature you control with toughness greater than its power assigns combat damage equal to its toughness rather than its power.
Wolfkin Outcast // Wedding Crasher,6.0,['G'],['G'],None,['Creature'],"['Human', 'Werewolf']",Uncommon,DBL,5,4,None,"This spell costs {2} less to cast if you control a Wolf or Werewolf.\nDaybound (If a player casts no spells during their own turn, it becomes night next turn.)"
Wolf Strike,3.0,['G'],['G'],None,['Instant'],None,Common,DBL,None,None,None,Target creature you control gets +2/+0 until end of turn if it's night. Then it deals damage equal to its power to target creature you don't control.
Witch's Web,2.0,['G'],['G'],None,['Instant'],None,Common,DBL,None,None,None,Target creature gets +3/+3 and gains reach until end of turn. Untap it.
Weaver of Blossoms // Blossom-Clad Werewolf,3.0,['G'],['G'],None,['Creature'],"['Human', 'Werewolf']",Common,DBL,2,3,None,"{T}: Add one mana of any color.\nDaybound (If a player casts no spells during their own turn, it becomes night next turn.)"
Ulvenwald Oddity // Ulvenwald Behemoth,4.0,['G'],['G'],None,['Creature'],['Beast'],Rare,DBL,4,4,None,"Trample, haste\n{5}{G}{G}: Transform Ulvenwald Oddity."
Toxic Scorpion,2.0,['G'],['G'],None,['Creature'],['Scorpion'],Common,DBL,1,1,None,"Deathtouch\nWhen Toxic Scorpion enters the battlefield, another target creature you control gains deathtouch until end of turn."
Sporeback Wolf,2.0,['G'],['G'],None,['Creature'],['Wolf'],Common,DBL,2,2,None,"As long as it's your turn, Sporeback Wolf gets +0/+2."
Spore Crawler,3.0,['G'],['G'],None,['Creature'],['Fungus'],Common,DBL,3,2,None,"When Spore Crawler dies, draw a card."
Splendid Reclamation,4.0,['G'],['G'],None,['Sorcery'],None,Rare,DBL,None,None,None,Return all land cards from your graveyard to the battlefield tapped.
Spiked Ripsaw,3.0,['G'],['G'],None,['Artifact'],['Equipment'],Uncommon,DBL,None,None,None,"Equipped creature gets +3/+3.\nWhenever equipped creature attacks, you may sacrifice a Forest. If you do, that creature gains trample until end of turn.\nEquip {3} ({3}: Attach to target creature you control. Equip only as a sorcery.)"
Sheltering Boughs,3.0,['G'],['G'],None,['Enchantment'],['Aura'],Common,DBL,None,None,None,"Enchant creature\nWhen Sheltering Boughs enters the battlefield, draw a card.\nEnchanted creature gets +1/+3."
Sawblade Slinger,4.0,['G'],['G'],None,['Creature'],"['Human', 'Archer']",Uncommon,DBL,4,3,None,"When Sawblade Slinger enters the battlefield, choose up to one —\n• Destroy target artifact an opponent controls.\n• Sawblade Slinger fights target Zombie an opponent controls."
Rural Recruit,4.0,['G'],['G'],None,['Creature'],"['Human', 'Peasant']",Common,DBL,1,1,None,"Training (Whenever this creature attacks with another creature with greater power, put a +1/+1 counter on this creature.)\nWhen Rural Recruit enters the battlefield, create a 3/1 green Boar creature token."
Retrieve,3.0,['G'],['G'],None,['Sorcery'],None,Uncommon,DBL,None,None,None,Return up to one target creature card and up to one target noncreature permanent card from your graveyard to your hand. Exile Retrieve.
Reclusive Taxidermist,2.0,['G'],['G'],None,['Creature'],"['Human', 'Druid']",Uncommon,DBL,1,2,None,Reclusive Taxidermist gets +3/+2 as long as there are four or more creature cards in your graveyard.\n{T}: Add one mana of any color.
Packsong Pup,2.0,['G'],['G'],None,['Creature'],['Wolf'],Uncommon,DBL,1,1,None,"At the beginning of combat on your turn, if you control another Wolf or Werewolf, put a +1/+1 counter on Packsong Pup.\nWhen Packsong Pup dies, you gain life equal to its power."
Oakshade Stalker // Moonlit Ambusher,3.0,['G'],['G'],None,['Creature'],"['Human', 'Ranger', 'Werewolf']",Uncommon,DBL,3,3,None,"You may cast Oakshade Stalker as though it had flash if you pay {2} more to cast it.\nDaybound (If a player casts no spells during their own turn, it becomes night next turn.)"
Nature's Embrace,3.0,['G'],['G'],None,['Enchantment'],['Aura'],Common,DBL,None,None,None,"Enchant creature or land\nAs long as enchanted permanent is a creature, it gets +2/+2.\nAs long as enchanted permanent is a land, it has ""{T}: Add two mana of any one color."""
Mulch,2.0,['G'],['G'],None,['Sorcery'],None,Common,DBL,None,None,None,Reveal the top four cards of your library. Put all land cards revealed this way into your hand and the rest into your graveyard.
Moldgraf Millipede,5.0,['G'],['G'],None,['Creature'],"['Insect', 'Horror']",Common,DBL,2,2,None,"When Moldgraf Millipede enters the battlefield, mill three cards, then put a +1/+1 counter on Moldgraf Millipede for each creature card in your graveyard. (To mill a card, put the top card of your library into your graveyard.)"
Massive Might,1.0,['G'],['G'],None,['Instant'],None,Common,DBL,None,None,None,Target creature gets +2/+2 and gains trample until end of turn.
Laid to Rest,4.0,['G'],['G'],None,['Enchantment'],None,Uncommon,DBL,None,None,None,"Whenever a Human you control dies, draw a card.\nWhenever a creature you control with a +1/+1 counter on it dies, you gain 2 life."
Infestation Expert // Infested Werewolf,5.0,['G'],['G'],None,['Creature'],"['Human', 'Werewolf']",Uncommon,DBL,3,4,None,"Whenever Infestation Expert enters the battlefield or attacks, create a 1/1 green Insect creature token.\nDaybound (If a player casts no spells during their own turn, it becomes night next turn.)"
Howlpack Piper // Wildsong Howler,4.0,['G'],['G'],None,['Creature'],"['Human', 'Werewolf']",Rare,DBL,2,2,None,"This spell can't be countered.\n{1}{G}, {T}: You may put a creature card from your hand onto the battlefield. If it's a Wolf or Werewolf, untap Howlpack Piper. Activate only as a sorcery.\nDaybound (If a player casts no spells during their own turn, it becomes night next turn.)"
Howling Moon,3.0,['G'],['G'],None,['Enchantment'],None,Rare,DBL,None,None,None,"At the beginning of combat on your turn, target Wolf or Werewolf you control gets +2/+2 until end of turn.\nWhenever an opponent casts their second spell each turn, create a 2/2 green Wolf creature token."
Hookhand Mariner // Riphook Raider,4.0,['G'],['G'],None,['Creature'],"['Human', 'Werewolf']",Common,DBL,4,4,None,"Daybound (If a player casts no spells during their own turn, it becomes night next turn.)"
Hiveheart Shaman,4.0,['G'],['G'],None,['Creature'],"['Human', 'Shaman']",Rare,DBL,3,5,None,"Whenever Hiveheart Shaman attacks, you may search your library for a basic land card that doesn't share a land type with a land you control, put that card onto the battlefield, then shuffle.\n{5}{G}: Create a 1/1 green Insect creature token. Put X +1/+1 counters on it, where X is the number of basic land types among lands you control. Activate only as a sorcery."
Hamlet Vanguard,3.0,['G'],['G'],None,['Creature'],"['Human', 'Warrior']",Rare,DBL,1,1,None,"Ward {2} (Whenever this creature becomes the target of a spell or ability an opponent controls, counter it unless that player pays {2}.)\nHamlet Vanguard enters the battlefield with two +1/+1 counters on it for each other nontoken Human you control."
Glorious Sunrise,5.0,['G'],['G'],None,['Enchantment'],None,Rare,DBL,None,None,None,"At the beginning of combat on your turn, choose one —\n• Creatures you control get +1/+1 and gain trample until end of turn.\n• Target land gains ""{T}: Add {G}{G}{G}"" until end of turn.\n• Draw a card if you control a creature with power 3 or greater.\n• You gain 3 life."
Flourishing Hunter,6.0,['G'],['G'],None,['Creature'],"['Wolf', 'Spirit']",Common,DBL,6,6,None,"When Flourishing Hunter enters the battlefield, you gain life equal to the greatest toughness among other creatures you control."
Dormant Grove // Gnarled Grovestrider,4.0,['G'],['G'],None,['Enchantment'],None,Uncommon,DBL,None,None,None,"At the beginning of combat on your turn, put a +1/+1 counter on target creature you control. Then if that creature has toughness 6 or greater, transform Dormant Grove."
Dig Up,1.0,['G'],"['B', 'G']",None,['Sorcery'],None,Rare,DBL,None,None,None,"Cleave {1}{B}{B}{G} (You may cast this spell for its cleave cost. If you do, remove the words in square brackets.)\nSearch your library for a [basic land] card, [reveal it,] put it into your hand, then shuffle."
Dawnhart Disciple,2.0,['G'],['G'],None,['Creature'],"['Human', 'Warlock']",Common,DBL,2,2,None,"Whenever another Human enters the battlefield under your control, Dawnhart Disciple gets +1/+1 until end of turn."
Cultivator Colossus,7.0,['G'],['G'],None,['Creature'],"['Plant', 'Beast']",Mythic,DBL,*,*,None,"Trample\nCultivator Colossus's power and toughness are each equal to the number of lands you control.\nWhen Cultivator Colossus enters the battlefield, you may put a land card from your hand onto the battlefield tapped. If you do, draw a card and repeat this process."
Crushing Canopy,3.0,['G'],['G'],None,['Instant'],None,Common,DBL,None,None,None,Choose one —\n• Destroy target creature with flying.\n• Destroy target enchantment.
Crawling Infestation,3.0,['G'],['G'],None,['Enchantment'],None,Uncommon,DBL,None,None,None,"At the beginning of your upkeep, you may mill two cards. (You may put the top two cards of your library into your graveyard.)\nWhenever one or more creature cards are put into your graveyard from anywhere during your turn, create a 1/1 green Insect creature token. This ability triggers only once each turn."
Cloaked Cadet,5.0,['G'],['G'],None,['Creature'],"['Human', 'Ranger']",Uncommon,DBL,2,4,None,"Training (Whenever this creature attacks with another creature with greater power, put a +1/+1 counter on this creature.)\nWhenever one or more +1/+1 counters are put on one or more Humans you control, draw a card. This ability triggers only once each turn."
Cemetery Prowler,3.0,['G'],['G'],None,['Creature'],['Wolf'],Mythic,DBL,3,4,None,"Vigilance\nWhenever Cemetery Prowler enters the battlefield or attacks, exile a card from a graveyard.\nSpells you cast cost {1} less to cast for each card type they share with cards exiled with Cemetery Prowler."
Cartographer's Survey,4.0,['G'],['G'],None,['Sorcery'],None,Uncommon,DBL,None,None,None,Look at the top seven cards of your library. Put up to two land cards from among them onto the battlefield tapped. Put the rest on the bottom of your library in a random order.
Bramble Wurm,7.0,['G'],['G'],None,['Creature'],['Wurm'],Uncommon,DBL,7,6,None,"Reach, trample\nWhen Bramble Wurm enters the battlefield, you gain 5 life.\n{2}{G}, Exile Bramble Wurm from your graveyard: You gain 5 life."
Avabruck Caretaker // Hollowhenge Huntmaster,6.0,['G'],['G'],None,['Creature'],"['Human', 'Werewolf']",Mythic,DBL,4,4,None,"Hexproof\nAt the beginning of combat on your turn, put two +1/+1 counters on another target creature you control.\nDaybound (If a player casts no spells during their own turn, it becomes night next turn.)"
Ascendant Packleader,1.0,['G'],['G'],None,['Creature'],['Wolf'],Rare,DBL,2,1,None,"Ascendant Packleader enters the battlefield with a +1/+1 counter on it if you control a permanent with mana value 4 or greater.\nWhenever you cast a spell with mana value 4 or greater, put a +1/+1 counter on Ascendant Packleader."
Apprentice Sharpshooter,3.0,['G'],['G'],None,['Creature'],"['Human', 'Archer']",Common,DBL,1,4,None,"Reach\nTraining (Whenever this creature attacks with another creature with greater power, put a +1/+1 counter on this creature.)"
Weary Prisoner // Wrathful Jailbreaker,4.0,['R'],['R'],None,['Creature'],"['Human', 'Werewolf']",Common,DBL,2,6,None,"Defender\nDaybound (If a player casts no spells during their own turn, it becomes night next turn.)"
Voltaic Visionary // Volt-Charged Berserker,2.0,['R'],['R'],None,['Creature'],"['Human', 'Wizard']",Uncommon,DBL,3,1,None,"{T}: Voltaic Visionary deals 2 damage to you. Exile the top card of your library. You may play that card this turn. Activate only as a sorcery.\nWhen you play a card exiled with Voltaic Visionary, transform Voltaic Visionary."
Voldaren Epicure,1.0,['R'],['R'],None,['Creature'],['Vampire'],Common,DBL,1,1,None,"When Voldaren Epicure enters the battlefield, it deals 1 damage to each opponent. Create a Blood token. (It's an artifact with ""{1}, {T}, Discard a card, Sacrifice this artifact: Draw a card."")"
Volatile Arsonist // Dire-Strain Anarchist,5.0,['R'],['R'],None,['Creature'],"['Human', 'Werewolf']",Mythic,DBL,4,4,None,"Menace, haste\nWhenever Volatile Arsonist attacks, it deals 1 damage to each of up to one target creature, up to one target player, and/or up to one target planeswalker.\nDaybound (If a player casts no spells during their own turn, it becomes night next turn.)"
Vampires' Vengeance,3.0,['R'],['R'],None,['Instant'],None,Uncommon,DBL,None,None,None,"Vampires' Vengeance deals 2 damage to each non-Vampire creature. Create a Blood token. (It's an artifact with ""{1}, {T}, Discard a card, Sacrifice this artifact: Draw a card."")"
Sure Strike,2.0,['R'],['R'],None,['Instant'],None,Common,DBL,None,None,None,Target creature gets +3/+0 and gains first strike until end of turn.
Stensia Uprising,4.0,['R'],['R'],None,['Enchantment'],None,Rare,DBL,None,None,None,"At the beginning of your end step, create a 1/1 red Human creature token. Then if you control exactly thirteen permanents, you may sacrifice Stensia Uprising. When you do, it deals 7 damage to any target."
Sanguine Statuette,2.0,['R'],['R'],None,['Artifact'],None,Uncommon,DBL,None,None,None,"When Sanguine Statuette enters the battlefield, create a Blood token. (It's an artifact with ""{1}, {T}, Discard a card, Sacrifice this artifact: Draw a card."")\nWhenever you sacrifice a Blood token, you may have Sanguine Statuette become a 3/3 Vampire artifact creature with haste until end of turn."
Kessig Wolfrider,1.0,['R'],['R'],None,['Creature'],"['Human', 'Knight']",Rare,DBL,1,2,None,"Menace\n{2}{R}, {T}, Exile three cards from your graveyard: Create a 3/2 red Wolf creature token."
Pyre Spawn,6.0,['R'],['R'],None,['Creature'],['Elemental'],Common,DBL,6,4,None,"When Pyre Spawn dies, it deals 3 damage to any target."
Rending Flame,3.0,['R'],['R'],None,['Instant'],None,Uncommon,DBL,None,None,None,"Rending Flame deals 5 damage to target creature or planeswalker. If that permanent is a Spirit, Rending Flame also deals 2 damage to that permanent's controller."
Runebound Wolf,2.0,['R'],['R'],None,['Creature'],['Wolf'],Uncommon,DBL,2,2,None,"{3}{R}, {T}: Runebound Wolf deals damage equal to the number of Wolves and Werewolves you control to target opponent."
Reckless Impulse,2.0,['R'],['R'],None,['Sorcery'],None,Common,DBL,None,None,None,"Exile the top two cards of your library. Until the end of your next turn, you may play those cards."
Olivia's Attendants,6.0,['R'],['R'],None,['Creature'],['Vampire'],Rare,DBL,6,6,None,"Menace\nWhenever Olivia's Attendants deals damage, create that many Blood tokens. (They're artifacts with ""{1}, {T}, Discard a card, Sacrifice this artifact: Draw a card."")\n{2}{R}: Olivia's Attendants deals 1 damage to any target."
Markov Retribution,3.0,['R'],['R'],None,['Sorcery'],None,Uncommon,DBL,None,None,None,Choose one or both —\n• Creatures you control get +1/+0 until end of turn.\n• Target Vampire you control deals damage equal to its power to another target creature.
Manaform Hellkite,4.0,['R'],['R'],None,['Creature'],['Dragon'],Mythic,DBL,4,4,None,"Flying\nWhenever you cast a noncreature spell, create an X/X red Dragon Illusion creature token with flying and haste, where X is the amount of mana spent to cast that spell. Exile that token at the beginning of the next end step."
Lambholt Raconteur // Lambholt Ravager,4.0,['R'],['R'],None,['Creature'],"['Human', 'Werewolf']",Uncommon,DBL,2,4,None,"Whenever you cast a noncreature spell, Lambholt Raconteur deals 1 damage to each opponent.\nDaybound (If a player casts no spells during their own turn, it becomes night next turn.)"
Lacerate Flesh,5.0,['R'],['R'],None,['Sorcery'],None,Common,DBL,None,None,None,"Lacerate Flesh deals 4 damage to target creature. Create a number of Blood tokens equal to the amount of excess damage dealt to that creature this way. (They're artifacts with ""{1}, {T}, Discard a card, Sacrifice this artifact: Draw a card."")"
Lightning Wolf,4.0,['R'],['R'],None,['Creature'],['Wolf'],Common,DBL,4,3,None,{1}{R}: Lightning Wolf gains first strike until end of turn. Activate only as a sorcery.
Kessig Flamebreather,2.0,['R'],['R'],None,['Creature'],"['Human', 'Shaman']",Common,DBL,1,3,None,"Whenever you cast a noncreature spell, Kessig Flamebreather deals 1 damage to each opponent."
Magma Pummeler,2.0,['R'],['R'],None,['Creature'],['Elemental'],Uncommon,DBL,0,0,None,"Magma Pummeler enters the battlefield with X +1/+1 counters on it.\nIf damage would be dealt to Magma Pummeler while it has a +1/+1 counter on it, prevent that damage and remove that many +1/+1 counters from it. When one or more counters are removed from Magma Pummeler this way, it deals that much damage to any target."
Into the Night,4.0,['R'],['R'],None,['Sorcery'],None,Uncommon,DBL,None,None,None,"It becomes night. Discard any number of cards, then draw that many cards plus one."
Fell Stinger,3.0,['B'],['B'],None,['Creature'],"['Zombie', 'Scorpion']",Uncommon,DBL,3,2,None,"Deathtouch\nExploit (When this creature enters the battlefield, you may sacrifice a creature.)\nWhen Fell Stinger exploits a creature, target player draws two cards and loses 2 life."
Falkenrath Forebear,3.0,['B'],['B'],None,['Creature'],['Vampire'],Rare,DBL,3,1,None,"Flying\nFalkenrath Forebear can't block.\nWhenever Falkenrath Forebear deals combat damage to a player, create a Blood token.\n{B}, Sacrifice two Blood tokens: Return Falkenrath Forebear from your graveyard to the battlefield."
Edgar's Awakening,5.0,['B'],['B'],None,['Sorcery'],None,Uncommon,DBL,None,None,None,"Return target creature card from your graveyard to the battlefield.\nWhen you discard Edgar's Awakening, you may pay {B}. When you do, return target creature card from your graveyard to your hand."
Dying to Serve,3.0,['B'],['B'],None,['Enchantment'],None,Rare,DBL,None,None,None,"Whenever you discard one or more cards, create a tapped 2/2 black Zombie creature token. This ability triggers only once each turn."
Dreadfeast Demon,7.0,['B'],['B'],None,['Creature'],['Demon'],Rare,DBL,6,6,None,"Flying\nAt the beginning of your end step, sacrifice a non-Demon creature. If you do, create a token that's a copy of Dreadfeast Demon."
Dread Fugue,1.0,['B'],['B'],None,['Sorcery'],None,Uncommon,DBL,None,None,None,"Cleave {2}{B} (You may cast this spell for its cleave cost. If you do, remove the words in square brackets.)\nTarget player reveals their hand. You choose a nonland card from it [with mana value 2 or less]. That player discards that card."
Doomed Dissenter,2.0,['B'],['B'],None,['Creature'],['Human'],Common,DBL,1,1,None,"When Doomed Dissenter dies, create a 2/2 black Zombie creature token."
Diregraf Scavenger,4.0,['B'],['B'],None,['Creature'],"['Zombie', 'Bear']",Common,DBL,2,3,None,"Deathtouch\nWhen Diregraf Scavenger enters the battlefield, exile up to one target card from a graveyard. If a creature card was exiled this way, each opponent loses 2 life and you gain 2 life."
Desperate Farmer // Depraved Harvester,3.0,['B'],['B'],None,['Creature'],"['Human', 'Peasant']",Common,DBL,2,2,None,"Lifelink\nWhen another creature you control dies, transform Desperate Farmer."
Demonic Bargain,3.0,['B'],['B'],None,['Sorcery'],None,Rare,DBL,None,None,None,"Exile the top thirteen cards of your library, then search your library for a card. Put that card into your hand, then shuffle."
Courier Bat,3.0,['B'],['B'],None,['Creature'],['Bat'],Common,DBL,2,2,None,"Flying\nWhen Courier Bat enters the battlefield, if you gained life this turn, return up to one target creature card from your graveyard to your hand."
Concealing Curtains // Revealing Eye,1.0,['B'],['B'],None,['Creature'],['Wall'],Rare,DBL,0,4,None,Defender\n{2}{B}: Transform Concealing Curtains. Activate only as a sorcery.
Cemetery Desecrator,6.0,['B'],['B'],None,['Creature'],['Zombie'],Mythic,DBL,4,4,None,"Menace\nWhen Cemetery Desecrator enters the battlefield or dies, exile another card from a graveyard. When you do, choose one —\n• Remove X counters from target permanent, where X is the mana value of the exiled card.\n• Target creature an opponent controls gets -X/-X until end of turn, where X is the mana value of the exiled card."
Catapult Fodder // Catapult Captain,3.0,['B'],['B'],None,['Creature'],['Zombie'],Uncommon,DBL,1,5,None,"At the beginning of combat on your turn, if you control three or more creatures that each have toughness greater than their power, transform Catapult Fodder."
Bloodvial Purveyor,4.0,['B'],['B'],None,['Creature'],['Vampire'],Rare,DBL,5,6,None,"Flying, trample\nWhenever an opponent casts a spell, that player creates a Blood token. (It's an artifact with ""{1}, {T}, Discard a card, Sacrifice this artifact: Draw a card."")\nWhenever Bloodvial Purveyor attacks, it gets +1/+0 until end of turn for each Blood token defending player controls."
Bloodsworn Squire // Bloodsworn Knight,4.0,['B'],['B'],None,['Creature'],"['Vampire', 'Soldier']",Uncommon,DBL,3,3,None,"{1}{B}, Discard a card: Bloodsworn Squire gains indestructible until end of turn. Tap it. Then if there are four or more creature cards in your graveyard, transform Bloodsworn Squire. (Damage and effects that say ""destroy"" don't destroy it.)"
Bloodcrazed Socialite,4.0,['B'],['B'],None,['Creature'],['Vampire'],Common,DBL,3,3,None,"Menace\nWhen Bloodcrazed Socialite enters the battlefield, create a Blood token. (It's an artifact with ""{1}, {T}, Discard a card, Sacrifice this artifact: Draw a card."")\nWhenever Bloodcrazed Socialite attacks, you may sacrifice a Blood token. If you do, it gets +2/+2 until end of turn."
Blood Fountain,1.0,['B'],['B'],None,['Artifact'],None,Common,DBL,None,None,None,"When Blood Fountain enters the battlefield, create a Blood token. (It's an artifact with ""{1}, {T}, Discard a card, Sacrifice this artifact: Draw a card."")\n{3}{B}, {T}, Sacrifice Blood Fountain: Return up to two target creature cards from your graveyard to your hand."
Bleed Dry,4.0,['B'],['B'],None,['Instant'],None,Common,DBL,None,None,None,"Target creature gets -13/-13 until end of turn. If that creature would die this turn, exile it instead."
Archghoul of Thraben,3.0,['B'],['B'],None,['Creature'],"['Zombie', 'Cleric']",Uncommon,DBL,3,2,None,"Whenever Archghoul of Thraben or another Zombie you control dies, look at the top card of your library. If it's a Zombie card, you may reveal it and put it into your hand. If you don't put the card into your hand, you may put it into your graveyard."
Aim for the Head,3.0,['B'],['B'],None,['Sorcery'],None,Common,DBL,None,None,None,Choose one —\n• Exile target Zombie.\n• Target opponent exiles two cards from their hand.
Wretched Throng,2.0,['U'],['U'],None,['Creature'],"['Zombie', 'Horror']",Common,DBL,2,1,None,"When Wretched Throng dies, you may search your library for a card named Wretched Throng, reveal it, put it into your hand, then shuffle."
Witness the Future,3.0,['U'],['U'],None,['Sorcery'],None,Uncommon,DBL,None,None,None,"Target player shuffles up to four target cards from their graveyard into their library. You look at the top four cards of your library, then put one of those cards into your hand and the rest on the bottom of your library in a random order."
Winged Portent,3.0,['U'],"['G', 'U']",None,['Instant'],None,Rare,DBL,None,None,None,"Cleave {4}{G}{U} (You may cast this spell for its cleave cost. If you do, remove the words in square brackets.)\nDraw a card for each creature [with flying] you control."
Whispering Wizard,4.0,['U'],['U'],None,['Creature'],"['Human', 'Wizard']",Uncommon,DBL,3,2,None,"Whenever you cast a noncreature spell, create a 1/1 white Spirit creature token with flying. This ability triggers only once each turn."
Wash Away,1.0,['U'],['U'],None,['Instant'],None,Uncommon,DBL,None,None,None,"Cleave {1}{U}{U} (You may cast this spell for its cleave cost. If you do, remove the words in square brackets.)\nCounter target spell [that wasn't cast from its owner's hand]."
Wanderlight Spirit,3.0,['U'],['U'],None,['Creature'],['Spirit'],Common,DBL,2,3,None,Flying\nWanderlight Spirit can block only creatures with flying.
Thirst for Discovery,3.0,['U'],['U'],None,['Instant'],None,Uncommon,DBL,None,None,None,Draw three cards. Then discard two cards unless you discard a basic land card.
Syphon Essence,3.0,['U'],['U'],None,['Instant'],None,Common,DBL,None,None,None,"Counter target creature or planeswalker spell. Create a Blood token. (It's an artifact with ""{1}, {T}, Discard a card, Sacrifice this artifact: Draw a card."")"
Necroduality,4.0,['U'],['U'],None,['Enchantment'],None,Mythic,DBL,None,None,None,"Whenever a nontoken Zombie enters the battlefield under your control, create a token that's a copy of that creature."
Steelclad Spirit,2.0,['U'],['U'],None,['Creature'],['Spirit'],Common,DBL,3,3,None,"Defender\nWhenever an enchantment enters the battlefield under your control, Steelclad Spirit can attack this turn as though it didn't have defender."
Stormchaser Drake,2.0,['U'],['U'],None,['Creature'],['Drake'],Uncommon,DBL,2,1,None,"Flying\nWhenever Stormchaser Drake becomes the target of a spell you control, draw a card."
Syncopate,1.0,['U'],['U'],None,['Instant'],None,Common,DBL,None,None,None,"Counter target spell unless its controller pays {X}. If that spell is countered this way, exile it instead of putting it into its owner's graveyard."
Stitched Assistant,3.0,['U'],['U'],None,['Creature'],['Zombie'],Common,DBL,3,2,None,"Exploit (When this creature enters the battlefield, you may sacrifice a creature.)\nWhen Stitched Assistant exploits a creature, scry 1, then draw a card. (To scry 1, look at the top card of your library, then you may put that card on the bottom of your library.)"
Soulcipher Board // Cipherbound Spirit,2.0,['U'],['U'],None,['Artifact'],None,Uncommon,DBL,None,None,None,"Soulcipher Board enters the battlefield with three omen counters on it.\n{1}{U}, {T}: Look at the top two cards of your library. Put one of them into your graveyard.\nWhenever a creature card is put into your graveyard from anywhere, remove an omen counter from Soulcipher Board. Then if it has no omen counters on it, transform it."
Skywarp Skaab,5.0,['U'],['U'],None,['Creature'],"['Zombie', 'Drake']",Common,DBL,2,5,None,"Flying\nWhen Skywarp Skaab enters the battlefield, you may exile two creature cards from your graveyard. If you do, draw a card."
Serpentine Ambush,2.0,['U'],['U'],None,['Instant'],None,Common,DBL,None,None,None,"Until end of turn, target creature becomes a blue Serpent with base power and toughness 5/5."
Selhoff Entomber,2.0,['U'],['U'],None,['Creature'],['Zombie'],Common,DBL,1,3,None,"{T}, Discard a creature card: Draw a card."
Overcharged Amalgam,4.0,['U'],['U'],None,['Creature'],"['Zombie', 'Horror']",Rare,DBL,3,3,None,"Flash\nFlying\nExploit (When this creature enters the battlefield, you may sacrifice a creature.)\nWhen Overcharged Amalgam exploits a creature, counter target spell, activated ability, or triggered ability."
Screaming Swarm,6.0,['U'],['U'],None,['Creature'],"['Bird', 'Horror']",Uncommon,DBL,4,4,None,"Flying\nWhenever you attack with one or more creatures, target player mills that many cards. (To mill a card, a player puts the top card of their library into their graveyard.)\n{2}{U}: Put Screaming Swarm from your graveyard into your library second from the top."
Scattered Thoughts,4.0,['U'],['U'],None,['Instant'],None,Common,DBL,None,None,None,Look at the top four cards of your library. Put two of those cards into your hand and the rest into your graveyard.
Repository Skaab,4.0,['U'],['U'],None,['Creature'],['Zombie'],Common,DBL,3,3,None,"Exploit (When this creature enters the battlefield, you may sacrifice a creature.)\nWhen Repository Skaab exploits a creature, return target instant or sorcery card from your graveyard to your hand."
Patchwork Crawler,2.0,['U'],['U'],None,['Creature'],"['Zombie', 'Horror']",Rare,DBL,1,2,None,{2}{U}: Exile target creature card from your graveyard and put a +1/+1 counter on Patchwork Crawler.\nPatchwork Crawler has all activated abilities of all creature cards exiled with it.
Mischievous Catgeist // Catlike Curiosity,2.0,['U'],['U'],None,['Creature'],"['Cat', 'Spirit']",Uncommon,DBL,1,1,None,"Whenever Mischievous Catgeist deals combat damage to a player, draw a card.\nDisturb {2}{U} (You may cast this card from your graveyard transformed for its disturb cost.)"
Mirrorhall Mimic // Ghastly Mimicry,4.0,['U'],['U'],None,['Creature'],['Spirit'],Rare,DBL,0,0,None,"You may have Mirrorhall Mimic enter the battlefield as a copy of any creature on the battlefield, except it's a Spirit in addition to its other types.\nDisturb {3}{U}{U} (You may cast this card from your graveyard transformed for its disturb cost.)"
Lunar Rejection,2.0,['U'],['U'],None,['Instant'],None,Uncommon,DBL,None,None,None,"Cleave {3}{U} (You may cast this spell for its cleave cost. If you do, remove the words in square brackets.)\nReturn target [Wolf or Werewolf] creature to its owner's hand.\nDraw a card."
Lantern Bearer // Lanterns' Lift,1.0,['U'],['U'],None,['Creature'],['Spirit'],Common,DBL,1,1,None,Flying\nDisturb {2}{U} (You may cast this card from your graveyard transformed for its disturb cost.)
"Jacob Hauken, Inspector // Hauken's Insight",2.0,['U'],['U'],['Legendary'],['Creature'],"['Human', 'Advisor']",Mythic,DBL,0,2,None,"{T}: Draw a card, then exile a card from your hand face down. You may look at that card for as long as it remains exiled. You may pay {4}{U}{U}. If you do, transform Jacob Hauken, Inspector."
Inspired Idea,3.0,['U'],['U'],None,['Sorcery'],None,Rare,DBL,None,None,None,"Cleave {3}{U}{U} (You may cast this spell for its cleave cost. If you do, remove the words in square brackets.)\nDraw three cards. [Your maximum hand size is reduced by three for the rest of the game.]"
Hullbreaker Horror,7.0,['U'],['U'],None,['Creature'],"['Kraken', 'Horror']",Rare,DBL,7,8,None,"Flash\nThis spell can't be countered.\nWhenever you cast a spell, choose up to one —\n• Return target spell you don't control to its owner's hand.\n• Return target nonland permanent to its owner's hand."
Gutter Skulker // Gutter Shortcut,4.0,['U'],['U'],None,['Creature'],['Spirit'],Uncommon,DBL,3,3,None,Gutter Skulker can't be blocked as long as it's attacking alone.\nDisturb {3}{U} (You may cast this card from your graveyard transformed for its disturb cost.)
"Geralf, Visionary Stitcher",3.0,['U'],['U'],['Legendary'],['Creature'],"['Human', 'Wizard']",Rare,DBL,1,4,None,"Zombies you control have flying.\n{U}, {T}, Sacrifice another nontoken creature: Create an X/X blue Zombie creature token, where X is the sacrificed creature's toughness."
Geistlight Snare,3.0,['U'],['U'],None,['Instant'],None,Uncommon,DBL,None,None,None,This spell costs {1} less to cast if you control a Spirit. It also costs {1} less to cast if you control an enchantment.\nCounter target spell unless its controller pays {3}.
Fear of Death,2.0,['U'],['U'],None,['Enchantment'],['Aura'],Common,DBL,None,None,None,"Enchant creature\nWhen Fear of Death enters the battlefield, mill two cards. (Put the top two cards of your library into your graveyard.)\nEnchanted creature gets -X/-0, where X is the number of cards in your graveyard."
Dreamshackle Geist,3.0,['U'],['U'],None,['Creature'],['Spirit'],Rare,DBL,3,1,None,"Flying\nAt the beginning of combat on your turn, choose up to one —\n• Tap target creature.\n• Target creature doesn't untap during its controller's next untap step."
By Invitation Only,5.0,['W'],['W'],None,['Sorcery'],None,Rare,DBL,None,None,None,Choose a number between 0 and 13. Each player sacrifices that many creatures.
Dreadlight Monstrosity,6.0,['U'],['U'],None,['Creature'],"['Crab', 'Horror']",Common,DBL,5,5,None,"Ward {2} (Whenever this creature becomes the target of a spell or ability an opponent controls, counter it unless that player pays {2}.)\n{3}{U}{U}: Dreadlight Monstrosity can't be blocked this turn. Activate only if you own a card in exile."
Cemetery Protector,4.0,['W'],['W'],None,['Creature'],"['Human', 'Soldier']",Mythic,DBL,3,4,None,"Flash\nWhen Cemetery Protector enters the battlefield, exile a card from a graveyard.\nWhenever you play a land or cast a spell, if it shares a card type with the exiled card, create a 1/1 white Human creature token."
Diver Skaab,5.0,['U'],['U'],None,['Creature'],['Zombie'],Uncommon,DBL,3,5,None,"Exploit (When this creature enters the battlefield, you may sacrifice a creature.)\nWhen Diver Skaab exploits a creature, target creature's owner puts it on the top or bottom of their library."
Cruel Witness,4.0,['U'],['U'],None,['Creature'],"['Bird', 'Horror']",Common,DBL,3,3,None,"Flying\nWhenever you cast a noncreature spell, surveil 1. (Look at the top card of your library. You may put that card into your graveyard.)"
Cradle of Safety,2.0,['U'],['U'],None,['Enchantment'],['Aura'],Common,DBL,None,None,None,"Flash\nEnchant creature you control\nWhen Cradle of Safety enters the battlefield, enchanted creature gains hexproof until end of turn. (It can't be the target of spells or abilities your opponents control.)\nEnchanted creature gets +1/+1."
Consuming Tide,4.0,['U'],['U'],None,['Sorcery'],None,Rare,DBL,None,None,None,Each player chooses a nonland permanent they control. Return all nonland permanents not chosen this way to their owners' hands. Then you draw a card for each opponent who has more cards in their hand than you.
Cobbled Lancer,1.0,['U'],['U'],None,['Creature'],"['Zombie', 'Horse']",Uncommon,DBL,3,3,None,"As an additional cost to cast this spell, exile a creature card from your graveyard.\n{3}{U}, Exile Cobbled Lancer from your graveyard: Draw a card."
Chill of the Grave,3.0,['U'],['U'],None,['Instant'],None,Common,DBL,None,None,None,This spell costs {1} less to cast if you control a Zombie.\nTap target creature. It doesn't untap during its controller's next untap step.\nDraw a card.
Cemetery Illuminator,3.0,['U'],['U'],None,['Creature'],['Spirit'],Mythic,DBL,2,3,None,"Flying\nWhenever Cemetery Illuminator enters the battlefield or attacks, exile a card from a graveyard.\nYou may look at the top card of your library any time.\nOnce each turn, you may cast a spell from the top of your library if it shares a card type with a card exiled with Cemetery Illuminator."
Biolume Egg // Biolume Serpent,3.0,['U'],['U'],None,['Creature'],"['Serpent', 'Egg']",Uncommon,DBL,0,4,None,"Defender\nWhen Biolume Egg enters the battlefield, scry 2.\nWhen you sacrifice Biolume Egg, return it to the battlefield transformed under its owner's control at the beginning of the next end step."
Binding Geist // Spectral Binding,3.0,['U'],['U'],None,['Creature'],['Spirit'],Common,DBL,3,1,None,"Whenever Binding Geist attacks, target creature an opponent controls gets -2/-0 until end of turn.\nDisturb {1}{U} (You may cast this card from your graveyard transformed for its disturb cost.)"
Alchemist's Retrieval,1.0,['U'],['U'],None,['Instant'],None,Common,DBL,None,None,None,"Cleave {1}{U} (You may cast this spell for its cleave cost. If you do, remove the words in square brackets.)\nReturn target nonland permanent [you control] to its owner's hand."
Welcoming Vampire,3.0,['W'],['W'],None,['Creature'],['Vampire'],Rare,DBL,2,3,None,"Flying\nWhenever one or more other creatures with power 2 or less enter the battlefield under your control, draw a card. This ability triggers only once each turn."
Wedding Announcement // Wedding Festivity,3.0,['W'],['W'],None,['Enchantment'],None,Rare,DBL,None,None,None,"At the beginning of your end step, put an invitation counter on Wedding Announcement. If you attacked with two or more creatures this turn, draw a card. Otherwise, create a 1/1 white Human creature token. Then if Wedding Announcement has three or more invitation counters on it, transform it."
Voice of the Blessed,2.0,['W'],['W'],None,['Creature'],"['Spirit', 'Cleric']",Rare,DBL,2,2,None,"Whenever you gain life, put a +1/+1 counter on Voice of the Blessed.\nAs long as Voice of the Blessed has four or more +1/+1 counters on it, it has flying and vigilance.\nAs long as Voice of the Blessed has ten or more +1/+1 counters on it, it has indestructible."
Vampire Slayer,2.0,['W'],['W'],None,['Creature'],"['Human', 'Soldier']",Common,DBL,2,2,None,"Whenever Vampire Slayer deals damage to a Vampire, destroy that creature."
Radiant Grace // Radiant Restraints,1.0,['W'],['W'],None,['Enchantment'],['Aura'],Uncommon,DBL,None,None,None,"Enchant creature\nEnchanted creature gets +1/+0 and has vigilance.\nWhen enchanted creature dies, return Radiant Grace to the battlefield transformed under your control attached to target opponent."
Twinblade Geist // Twinblade Invocation,2.0,['W'],['W'],None,['Creature'],"['Spirit', 'Warrior']",Uncommon,DBL,1,1,None,Double strike\nDisturb {2}{W} (You may cast this card from your graveyard transformed for its disturb cost.)
Unholy Officiant,1.0,['W'],['W'],None,['Creature'],"['Vampire', 'Cleric']",Common,DBL,1,2,None,Vigilance\n{4}{W}: Put a +1/+1 counter on Unholy Officiant.
Valorous Stance,2.0,['W'],['W'],None,['Instant'],None,Uncommon,DBL,None,None,None,"Choose one —\n• Target creature gains indestructible until end of turn. (Damage and effects that say ""destroy"" don't destroy it.)\n• Destroy target creature with toughness 4 or greater."
Traveling Minister,1.0,['W'],['W'],None,['Creature'],"['Human', 'Cleric']",Common,DBL,1,1,None,{T}: Target creature gets +1/+0 until end of turn. You gain 1 life. Activate only as a sorcery.
"Thalia, Guardian of Thraben",2.0,['W'],['W'],['Legendary'],['Creature'],"['Human', 'Soldier']",Rare,DBL,2,1,None,First strike\nNoncreature spells cost {1} more to cast.
Supernatural Rescue,4.0,['W'],['W'],None,['Enchantment'],['Aura'],Common,DBL,None,None,None,"This spell has flash as long as you control a Spirit.\nWhen you cast this spell, tap up to two target creatures you don't control.\nEnchant creature you control\nEnchanted creature gets +1/+2."
Sigarda's Summons,6.0,['W'],['W'],None,['Enchantment'],None,Rare,DBL,None,None,None,"Creatures you control with +1/+1 counters on them have base power and toughness 4/4, have flying, and are Angels in addition to their other types."
Sigarda's Imprisonment,3.0,['W'],['W'],None,['Enchantment'],['Aura'],Common,DBL,None,None,None,"Enchant creature\nEnchanted creature can't attack or block.\n{4}{W}: Exile enchanted creature. Create a Blood token. (It's an artifact with ""{1}, {T}, Discard a card, Sacrifice this artifact: Draw a card."")"
Savior of Ollenbock,3.0,['W'],['W'],None,['Creature'],"['Human', 'Soldier']",Mythic,DBL,1,2,None,"Training (Whenever this creature attacks with another creature with greater power, put a +1/+1 counter on this creature.)\nWhenever Savior of Ollenbock trains, exile up to one other target creature from the battlefield or creature card from a graveyard.\nWhen Savior of Ollenbock leaves the battlefield, put the exiled cards onto the battlefield under their owners' control."
Piercing Light,1.0,['W'],['W'],None,['Instant'],None,Common,DBL,None,None,None,Piercing Light deals 2 damage to target attacking or blocking creature. Scry 1. (Look at the top card of your library. You may put that card on the bottom of your library.)
Sanctify,2.0,['W'],['W'],None,['Sorcery'],None,Common,DBL,None,None,None,Destroy target artifact or enchantment. You gain 3 life.
Resistance Squad,3.0,['W'],['W'],None,['Creature'],"['Human', 'Soldier']",Uncommon,DBL,3,2,None,"When Resistance Squad enters the battlefield, if you control another Human, draw a card."
Parish-Blade Trainee,2.0,['W'],['W'],None,['Creature'],"['Human', 'Soldier']",Common,DBL,1,2,None,"Training (Whenever this creature attacks with another creature with greater power, put a +1/+1 counter on this creature.)\nWhen Parish-Blade Trainee dies, put its counters on target creature you control."
Panicked Bystander // Cackling Culprit,2.0,['W'],"['B', 'W']",None,['Creature'],"['Human', 'Peasant']",Uncommon,DBL,2,2,None,"Whenever Panicked Bystander or another creature you control dies, you gain 1 life.\nAt the beginning of your end step, if you gained 3 or more life this turn, transform Panicked Bystander."
Ollenbock Escort,1.0,['W'],['W'],None,['Creature'],"['Human', 'Cleric']",Uncommon,DBL,1,1,None,Vigilance\nSacrifice Ollenbock Escort: Target creature you control with a +1/+1 counter on it gains lifelink and indestructible until end of turn.
Nurturing Presence,2.0,['W'],['W'],None,['Enchantment'],['Aura'],Common,DBL,None,None,None,"Enchant creature\nEnchanted creature has ""Whenever a creature enters the battlefield under your control, this creature gets +1/+1 until end of turn.""\nWhen Nurturing Presence enters the battlefield, create a 1/1 white Spirit creature token with flying."
Nebelgast Beguiler,5.0,['W'],['W'],None,['Creature'],['Spirit'],Common,DBL,2,5,None,"{W}, {T}: Tap target creature."
Militia Rallier,3.0,['W'],['W'],None,['Creature'],"['Human', 'Soldier']",Common,DBL,3,3,None,"Militia Rallier can't attack alone.\nWhenever Militia Rallier attacks, untap target creature."
Lantern Flare,2.0,['W'],"['R', 'W']",None,['Instant'],None,Rare,DBL,None,None,None,"Cleave {X}{R}{W} (You may cast this spell for its cleave cost. If you do, remove the words in square brackets.)\nLantern Flare deals X damage to target creature or planeswalker and you gain X life. [X is the number of creatures you control.]"
Kindly Ancestor // Ancestor's Embrace,3.0,['W'],['W'],None,['Creature'],['Spirit'],Common,DBL,2,3,None,Lifelink\nDisturb {1}{W} (You may cast this card from your graveyard transformed for its disturb cost.)
"Katilda, Dawnhart Martyr // Katilda's Rising Dawn",3.0,['W'],['W'],['Legendary'],['Creature'],"['Spirit', 'Warlock']",Rare,DBL,*,*,None,"Flying, lifelink, protection from Vampires\nKatilda, Dawnhart Martyr's power and toughness are each equal to the number of permanents you control that are Spirits and/or enchantments.\nDisturb {3}{W}{W} (You may cast this card from your graveyard transformed for its disturb cost.)"
Hopeful Initiate,1.0,['W'],['W'],None,['Creature'],"['Human', 'Warlock']",Rare,DBL,1,2,None,"Training (Whenever this creature attacks with another creature with greater power, put a +1/+1 counter on this creature.)\n{2}{W}, Remove two +1/+1 counters from among creatures you control: Destroy target artifact or enchantment."
Heron-Blessed Geist,5.0,['W'],['W'],None,['Creature'],['Spirit'],Common,DBL,3,3,None,"Flying\n{3}{W}, Exile Heron-Blessed Geist from your graveyard: Create two 1/1 white Spirit creature tokens with flying. Activate only if you control an enchantment and only as a sorcery."
Heron of Hope,4.0,['W'],['W'],None,['Creature'],['Bird'],Common,DBL,2,3,None,"Flying\nIf you would gain life, you gain that much life plus 1 instead.\n{1}{W}: Heron of Hope gains lifelink until end of turn."
Gryffwing Cavalry,4.0,['W'],['W'],None,['Creature'],"['Human', 'Knight']",Uncommon,DBL,2,2,None,"Flying\nTraining (Whenever this creature attacks with another creature with greater power, put a +1/+1 counter on this creature.)\nWhenever Gryffwing Cavalry attacks, you may pay {1}{W}. If you do, target attacking creature without flying gains flying until end of turn."
Gryff Rider,3.0,['W'],['W'],None,['Creature'],"['Human', 'Knight']",Common,DBL,2,1,None,"Flying\nTraining (Whenever this creature attacks with another creature with greater power, put a +1/+1 counter on this creature.)"
Fleeting Spirit,2.0,['W'],['W'],None,['Creature'],['Spirit'],Uncommon,DBL,3,1,None,"{W}, Exile three cards from your graveyard: Fleeting Spirit gains first strike until end of turn.\nDiscard a card: Exile Fleeting Spirit. Return it to the battlefield under its owner's control at the beginning of the next end step."
Fierce Retribution,2.0,['W'],['W'],None,['Instant'],None,Common,DBL,None,None,None,"Cleave {5}{W} (You may cast this spell for its cleave cost. If you do, remove the words in square brackets.)\nDestroy target [attacking] creature."
Estwald Shieldbasher,4.0,['W'],['W'],None,['Creature'],"['Human', 'Soldier']",Common,DBL,4,2,None,"Whenever Estwald Shieldbasher attacks, you may pay {1}. If you do, it gains indestructible until end of turn. (Damage and effects that say ""destroy"" don't destroy it.)"
Drogskol Infantry // Drogskol Armaments,2.0,['W'],['W'],None,['Creature'],"['Spirit', 'Soldier']",Common,DBL,2,2,None,Disturb {3}{W} (You may cast this card from your graveyard transformed for its disturb cost.)
Dawnhart Geist,2.0,['W'],['W'],None,['Creature'],"['Spirit', 'Warlock']",Uncommon,DBL,1,3,None,"Whenever you cast an enchantment spell, you gain 2 life."
Circle of Confinement,2.0,['W'],['W'],None,['Enchantment'],None,Uncommon,DBL,None,None,None,"When Circle of Confinement enters the battlefield, exile target creature an opponent controls with mana value 3 or less until Circle of Confinement leaves the battlefield.\nWhenever an opponent casts a Vampire spell with the same name as a card exiled with Circle of Confinement, you gain 2 life."
Hallowed Haunting,4.0,['W'],['W'],None,['Enchantment'],None,Mythic,DBL,None,None,None,"As long as you control seven or more enchantments, creatures you control have flying and vigilance.\nWhenever you cast an enchantment spell, create a white Spirit Cleric creature token with ""This creature's power and toughness are each equal to the number of Spirits you control."""
Faithbound Judge // Sinner's Judgment,3.0,['W'],['W'],None,['Creature'],"['Spirit', 'Soldier']",Mythic,DBL,4,4,None,"Defender, flying, vigilance\nAt the beginning of your upkeep, if Faithbound Judge has two or fewer judgment counters on it, put a judgment counter on it.\nAs long as Faithbound Judge has three or more judgment counters on it, it can attack as though it didn't have defender.\nDisturb {5}{W}{W}"
Distracting Geist // Clever Distraction,3.0,['W'],['W'],None,['Creature'],['Spirit'],Uncommon,DBL,2,1,None,"Whenever Distracting Geist attacks, tap target creature defending player controls.\nDisturb {4}{W} (You may cast this card from your graveyard transformed for its disturb cost.)"
