Name,CMC,Colors,Color identity,Supertypes,Types,Subtypes,Rarity,Set,Power,Toughness,Loyalty,Text
Lantern of Revealing,3.0,None,None,None,['Artifact'],None,Common,HBG,None,None,None,"{T}: Add one mana of any color.\n{4}, {T}: Look at the top card of your library. If it's a land card, you may put it onto the battlefield tapped. If you don't put the card onto the battlefield, you may put it on the bottom of your library."
Ruin Crab,1.0,['U'],['U'],None,['Creature'],['Crab'],Uncommon,HBG,0,3,None,"Landfall — Whenever a land enters the battlefield under your control, each opponent mills three cards. (To mill a card, a player puts the top card of their library into their graveyard.)"
"Nezahal, Primal Tide",7.0,['U'],['U'],['Legendary'],['Creature'],"['Elder', 'Dinosaur']",Rare,HBG,7,7,None,"This spell can't be countered.\nYou have no maximum hand size.\nWhenever an opponent casts a noncreature spell, draw a card.\nDiscard three cards: Exile Nezahal, Primal Tide. Return it to the battlefield tapped under its owner's control at the beginning of the next end step."
Moat Piranhas,2.0,['U'],['U'],None,['Creature'],['Fish'],Common,HBG,3,3,None,Defender (This creature can't attack.)
Forest,0.0,None,['G'],['Basic'],['Land'],['Forest'],Common,HBG,None,None,None,({T}: Add {G}.)
Archipelagore,7.0,['U'],['U'],None,['Creature'],['Leviathan'],Uncommon,HBG,7,7,None,"Mutate {5}{U} (If you cast this spell for its mutate cost, put it over or under target non-Human creature you own. They mutate into the creature on top plus all abilities from under it.)\nWhenever this creature mutates, tap up to X target creatures, where X is the number of times this creature has mutated. Those creatures don't untap during their controller's next untap step."
Fraying Line,4.0,None,None,None,['Artifact'],None,Rare,HBG,None,None,None,"When Fraying Line enters the battlefield, put a rope counter on target creature you control.\nAt the beginning of each player's upkeep, that player may pay {2}. If they do, they put a rope counter on a creature they control. Otherwise, exile Fraying Line and each creature without a rope counter on it, then remove all rope counters from all creatures."
"Trelasarra, Moon Dancer",2.0,"['G', 'W']","['G', 'W']",['Legendary'],['Creature'],"['Elf', 'Cleric']",Uncommon,HBG,2,2,None,"Whenever you gain life, put a +1/+1 counter on Trelasarra, Moon Dancer and scry 1. (Look at the top card of your library. You may put that card on the bottom of your library.)"
Mountain,0.0,None,['R'],['Basic'],['Land'],['Mountain'],Common,HBG,None,None,None,({T}: Add {R}.)
Mountain,0.0,None,['R'],['Basic'],['Land'],['Mountain'],Common,HBG,None,None,None,({T}: Add {R}.)
Mountain,0.0,None,['R'],['Basic'],['Land'],['Mountain'],Common,HBG,None,None,None,({T}: Add {R}.)
Swamp,0.0,None,['B'],['Basic'],['Land'],['Swamp'],Common,HBG,None,None,None,({T}: Add {B}.)
Swamp,0.0,None,['B'],['Basic'],['Land'],['Swamp'],Common,HBG,None,None,None,({T}: Add {B}.)
Island,0.0,None,['U'],['Basic'],['Land'],['Island'],Common,HBG,None,None,None,({T}: Add {U}.)
Chardalyn Dragon,6.0,None,None,None,"['Artifact', 'Creature']",['Dragon'],Uncommon,HBG,4,4,None,Flying
Bronze Walrus,3.0,None,None,None,"['Artifact', 'Creature']",['Walrus'],Uncommon,HBG,2,2,None,"When Bronze Walrus enters the battlefield, scry 2. (Look at the top two cards of your library, then put any number of them on the bottom of your library and the rest on top in any order.)\n{T}: Add one mana of any color."
"Raggadragga, Goreguts Boss",4.0,"['G', 'R']","['G', 'R']",['Legendary'],['Creature'],"['Human', 'Boar']",Rare,HBG,4,4,None,"Each creature you control with a mana ability gets +2/+2.\nWhenever a creature you control with a mana ability attacks, untap it.\nWhenever you cast a spell, if at least seven mana was spent to cast it, untap target creature. It gets +7/+7 and gains trample until end of turn."
"Prosper, Tome-Bound",4.0,"['B', 'R']","['B', 'R']",['Legendary'],['Creature'],"['Tiefling', 'Warlock']",Mythic,HBG,1,4,None,"Deathtouch\nMystic Arcanum — At the beginning of your end step, exile the top card of your library. Until the end of your next turn, you may play that card.\nPact Boon — Whenever you play a card from exile, create a Treasure token."
"Oji, the Exquisite Blade",4.0,"['U', 'W']","['U', 'W']",['Legendary'],['Creature'],"['Human', 'Monk']",Uncommon,HBG,2,3,None,"When Oji, the Exquisite Blade enters the battlefield, you gain 2 life and scry 2.\nWhenever you cast your second spell each turn, exile up to one target creature you control, then return it to the battlefield under its owner's control."
"Neera, Wild Mage",6.0,"['R', 'U']","['R', 'U']",['Legendary'],['Creature'],"['Human', 'Elf', 'Shaman']",Rare,HBG,2,7,None,"Whenever you cast a spell, you may put it on the bottom of its owner's library. If you do, reveal cards from the top of your library until you reveal a nonland card. You may cast that card without paying its mana cost. Then put all revealed cards not cast this way on the bottom of your library in a random order. This ability triggers only once each turn."
"Minsc & Boo, Timeless Heroes",4.0,"['G', 'R']","['G', 'R']",['Legendary'],['Planeswalker'],['Minsc'],Mythic,HBG,None,None,3,"When Minsc & Boo, Timeless Heroes enters the battlefield and at the beginning of your upkeep, you may create Boo, a legendary 1/1 red Hamster creature token with trample and haste.\n[+1]: Put three +1/+1 counters on up to one target creature with trample or haste.\n[−2]: Sacrifice a creature. When you do, Minsc & Boo, Timeless Heroes deals X damage to any target, where X is that creature's power. If the sacrificed creature was a Hamster, draw X cards.\nMinsc & Boo, Timeless Heroes can be your commander."
"Mazzy, Truesword Paladin",4.0,"['G', 'R', 'W']","['G', 'R', 'W']",['Legendary'],['Creature'],"['Halfling', 'Knight']",Rare,HBG,3,4,None,"Whenever an enchanted creature attacks one of your opponents, it gets +2/+0 and gains trample until end of turn.\nWhenever an Aura you control is put into your graveyard from the battlefield, exile it. Until the end of your next turn, you may cast that card."
Krydle of Baldur's Gate,2.0,"['B', 'U']","['B', 'U']",['Legendary'],['Creature'],"['Human', 'Elf', 'Rogue']",Uncommon,HBG,1,3,None,"Whenever Krydle of Baldur's Gate deals combat damage to a player, that player loses 1 life and mills a card, then you gain 1 life and scry 1.\nWhenever you attack, you may pay {2}. If you do, target creature can't be blocked this turn."
A-Krydle of Baldur's Gate,2.0,"['B', 'U']","['B', 'U']",['Legendary'],['Creature'],"['Human', 'Elf', 'Rogue']",Uncommon,HBG,1,3,None,"Whenever Krydle of Baldur's Gate deals combat damage to a player, that player loses 1 life and mills a card, then you gain 1 life and scry 1.\nWhenever you attack, target creature can't be blocked this turn."
Island,0.0,None,['U'],['Basic'],['Land'],['Island'],Common,HBG,None,None,None,({T}: Add {U}.)
"Kalain, Reclusive Painter",2.0,"['B', 'R']","['B', 'R']",['Legendary'],['Creature'],"['Human', 'Elf', 'Bard']",Uncommon,HBG,1,2,None,"When Kalain, Reclusive Painter enters the battlefield, create a Treasure token. (It's an artifact with ""{T}, Sacrifice this artifact: Add one mana of any color."")\nOther creatures you control enter the battlefield with an additional +1/+1 counter on them for each mana from a Treasure spent to cast them."
"Kagha, Shadow Archdruid",4.0,"['B', 'G']","['B', 'G']",['Legendary'],['Creature'],"['Elf', 'Druid']",Uncommon,HBG,1,4,None,"Whenever Kagha, Shadow Archdruid attacks, it gains deathtouch until end of turn. Mill two cards. (Put the top two cards of your library into your graveyard.)\nOnce during each of your turns, you may play a land or cast a permanent spell from among cards in your graveyard that were put there from your library this turn."
"Jan Jansen, Chaos Crafter",3.0,"['B', 'R', 'W']","['B', 'R', 'W']",['Legendary'],['Creature'],"['Gnome', 'Artificer']",Rare,HBG,3,3,None,"Haste\n{T}, Sacrifice an artifact creature: Create two Treasure tokens.\n{T}, Sacrifice a noncreature artifact: Create two 1/1 colorless Construct artifact creature tokens."
Plains,0.0,None,['W'],['Basic'],['Land'],['Plains'],Common,HBG,None,None,None,({T}: Add {W}.)
"Gorion, Wise Mentor",3.0,"['G', 'U', 'W']","['G', 'U', 'W']",['Legendary'],['Creature'],"['Human', 'Wizard']",Rare,HBG,3,4,None,"Vigilance\nWhenever you cast an Adventure spell, you may copy it. You may choose new targets for the copy."
Catti-brie of Mithral Hall,2.0,"['G', 'W']","['G', 'W']",['Legendary'],['Creature'],"['Human', 'Archer']",Rare,HBG,2,2,None,"First strike, reach\nWhenever Catti-brie of Mithral Hall attacks, put a +1/+1 counter on it for each Equipment attached to it.\n{1}, Remove all +1/+1 counters from Catti-brie: It deals X damage to target attacking or blocking creature an opponent controls, where X is the number of counters removed this way."
"Baba Lysaga, Night Witch",3.0,"['B', 'G']","['B', 'G']",['Legendary'],['Creature'],"['Human', 'Warlock']",Rare,HBG,3,3,None,"{T}, Sacrifice up to three permanents: If there were three or more card types among the sacrificed permanents, each opponent loses 3 life, you gain 3 life, and you draw three cards."
Plains,0.0,None,['W'],['Basic'],['Land'],['Plains'],Common,HBG,None,None,None,({T}: Add {W}.)
Undercellar Myconid,3.0,['G'],['G'],None,['Creature'],['Fungus'],Common,HBG,1,2,None,"Whenever Undercellar Myconid enters the battlefield or dies, create a 1/1 green Saproling creature token.\n{T}: Add one mana of any color."
Underdark Basilisk,2.0,['G'],['G'],None,['Creature'],['Basilisk'],Common,HBG,1,2,None,Deathtouch
You Meet in a Tavern,4.0,['G'],['G'],None,['Sorcery'],None,Uncommon,HBG,None,None,None,Choose one —\n• Form a Party — Look at the top five cards of your library. You may reveal any number of creature cards from among them and put them into your hand. Put the rest on the bottom of your library in a random order.\n• Start a Brawl — Creatures you control get +2/+2 until end of turn.
A-Split the Spoils,2.0,['G'],['G'],None,['Sorcery'],None,Uncommon,HBG,None,None,None,Exile up to five target permanent cards from your graveyard and separate them into two piles. An opponent chooses one of those piles. Put that pile into your hand and the other into your graveyard. (Piles can be empty.)
Scaled Nurturer,2.0,['G'],['G'],None,['Creature'],"['Dragon', 'Druid']",Common,HBG,0,2,None,"{T}: Add {G}. When you spend this mana to cast a Dragon creature spell, you gain 2 life."
Prosperous Innkeeper,2.0,['G'],['G'],None,['Creature'],"['Halfling', 'Citizen']",Uncommon,HBG,1,1,None,"When Prosperous Innkeeper enters the battlefield, create a Treasure token. (It's an artifact with ""{T}, Sacrifice this artifact: Add one mana of any color."")\nWhenever another creature enters the battlefield under your control, you gain 1 life."
Spiked Pit Trap,1.0,None,None,None,['Artifact'],None,Common,HBG,None,None,None,"Flash\n{5}, {T}, Sacrifice Spiked Pit Trap: Choose target creature, then roll a d20.\n1—9 | Spiked Pit Trap deals 5 damage to that creature.\n10—20 | Spiked Pit Trap deals 5 damage to that creature. Create a Treasure token."
Owlbear Shepherd,3.0,['G'],['G'],None,['Creature'],"['Goblin', 'Druid']",Uncommon,HBG,1,4,None,"At the beginning of your end step, if creatures you control have total power 8 or greater, draw a card."
Prophetic Prism,2.0,None,None,None,['Artifact'],None,Common,HBG,None,None,None,"When Prophetic Prism enters the battlefield, draw a card.\n{1}, {T}: Add one mana of any color."
Jade Orb of Dragonkind,3.0,['G'],['G'],None,['Artifact'],None,Uncommon,HBG,None,None,None,"{T}: Add {G}. When you spend this mana to cast a Dragon creature spell, it enters the battlefield with an additional +1/+1 counter on it and gains hexproof until your next turn. (It can't be the target of spells or abilities your opponents control.)"
Inspiring Bard,4.0,['G'],['G'],None,['Creature'],"['Elf', 'Bard']",Common,HBG,3,3,None,"When Inspiring Bard enters the battlefield, choose one —\n• Bardic Inspiration — Target creature gets +2/+2 until end of turn.\n• Song of Rest — You gain 3 life."
A-Lantern of Revealing,3.0,None,None,None,['Artifact'],None,Common,HBG,None,None,None,"{T}: Add one mana of any color.\n{3}, {T}: Look at the top card of your library. If it's a land card, you may put it onto the battlefield tapped. If you don't put the card onto the battlefield, you may put it on the bottom of your library."
Gnoll Hunter,2.0,['G'],['G'],None,['Creature'],['Gnoll'],Common,HBG,2,2,None,"Pack tactics — Whenever Gnoll Hunter attacks, if you attacked with creatures with total power 6 or greater this combat, put a +1/+1 counter on Gnoll Hunter."
Earthquake Dragon,15.0,['G'],['G'],None,['Creature'],"['Elemental', 'Dragon']",Rare,HBG,10,10,None,"This spell costs {X} less to cast, where X is the total mana value of Dragons you control.\nFlying, trample\n{2}{G}, Sacrifice a land: Return Earthquake Dragon from your graveyard to your hand."
Druidic Ritual,3.0,['G'],['G'],None,['Sorcery'],None,Common,HBG,None,None,None,"You may mill three cards. Then return up to one creature card and up to one land card from your graveyard to your hand. (To mill a card, put the top card of your library into your graveyard.)"
Dread Linnorm // Scale Deflection,7.0,['G'],['G'],None,['Creature'],"['Snake', 'Dragon']",Common,HBG,7,6,None,Dread Linnorm can't be blocked by creatures with power 3 or less.
Draconic Muralists,4.0,['G'],['G'],None,['Creature'],"['Dragon', 'Bard']",Uncommon,HBG,4,3,None,"When Draconic Muralists dies, you may search your library for a Dragon card, reveal it, put it into your hand, then shuffle."
Circle of the Moon Druid,3.0,['G'],['G'],None,['Creature'],"['Human', 'Elf', 'Druid']",Common,HBG,2,4,None,"Bear Form — As long as it's your turn, Circle of the Moon Druid is a Bear with base power and toughness 4/2. (It loses all other creature types.)"
Circle of the Land Druid,2.0,['G'],['G'],None,['Creature'],"['Gnome', 'Druid']",Common,HBG,1,1,None,"When Circle of the Land Druid enters the battlefield, you may mill four cards. (You may put the top four cards of your library into your graveyard.)\nNatural Recovery — When Circle of the Land Druid dies, return target land card from your graveyard to your hand."
Belt of Giant Strength,2.0,['G'],['G'],None,['Artifact'],['Equipment'],Rare,HBG,None,None,None,"Equipped creature has base power and toughness 10/10.\nEquip {10}. This ability costs {X} less to activate, where X is the power of the creature it targets."
Ancient Bronze Dragon,7.0,['G'],['G'],None,['Creature'],"['Elder', 'Dragon']",Mythic,HBG,7,7,None,"Flying\nWhenever Ancient Bronze Dragon deals combat damage to a player, roll a d20. When you do, put X +1/+1 counters on each of up to two target creatures, where X is the result."
You Find Some Prisoners,2.0,['R'],['R'],None,['Instant'],None,Common,HBG,None,None,None,"Choose one —\n• Break Their Chains — Destroy target artifact.\n• Interrogate Them — Exile the top three cards of target opponent's library. Choose one of them. Until the end of your next turn, you may play that card, and you may spend mana as though it were mana of any color to cast it."
Wrathful Red Dragon,5.0,['R'],['R'],None,['Creature'],['Dragon'],Rare,HBG,5,5,None,"Flying\nWhenever a Dragon you control is dealt damage, it deals that much damage to any target that isn't a Dragon."
Two-Handed Axe // Sweeping Cleave,3.0,['R'],['R'],None,['Artifact'],['Equipment'],Uncommon,HBG,None,None,None,"Whenever equipped creature attacks, double its power until end of turn.\nEquip {1}{R}"
Swashbuckler Extraordinaire,3.0,['R'],['R'],None,['Creature'],"['Dragon', 'Rogue', 'Warrior']",Uncommon,HBG,2,2,None,"When Swashbuckler Extraordinaire enters the battlefield, create a Treasure token. (It's an artifact with ""{T}, Sacrifice this artifact: Add one mana of any color."")\nWhenever you attack, you may sacrifice one or more Treasures. When you do, up to that many target creatures gain double strike until end of turn."
Red Dragon,6.0,['R'],['R'],None,['Creature'],['Dragon'],Uncommon,HBG,4,4,None,"Flying\nFire Breath — When Red Dragon enters the battlefield, it deals 4 damage to each opponent."
Nalfeshnee,6.0,['R'],['R'],None,['Creature'],"['Beast', 'Demon']",Rare,HBG,4,6,None,"Flying\nWhenever you cast a spell from exile, copy it. You may choose new targets for the copy. If it's a permanent spell, the copy gains haste and ""At the beginning of the end step, sacrifice this permanent."" (A copy of a permanent spell becomes a token.)"
Improvised Weaponry,3.0,['R'],['R'],None,['Sorcery'],None,Common,HBG,None,None,None,"Improvised Weaponry deals 2 damage to any target. Create a Treasure token. (It's an artifact with ""{T}, Sacrifice this artifact: Add one mana of any color."")"
Earth-Cult Elemental,6.0,['R'],['R'],None,['Creature'],['Elemental'],Common,HBG,6,6,None,"Siege Monster — When Earth-Cult Elemental enters the battlefield, roll a d20.\n1—9 | Each player sacrifices a permanent.\n10—19 | Each opponent sacrifices a permanent.\n20 | Each opponent sacrifices two permanents."
Hobgoblin Captain,2.0,['R'],['R'],None,['Creature'],"['Goblin', 'Barbarian']",Common,HBG,3,1,None,"Pack tactics — Whenever Hobgoblin Captain attacks, if you attacked with creatures with total power 6 or greater this combat, Hobgoblin Captain gains first strike until end of turn."
Farideh's Fireball,5.0,['R'],['R'],None,['Instant'],None,Common,HBG,None,None,None,Farideh's Fireball deals 5 damage to target creature or planeswalker. Roll a d20.\n1—9 | Farideh's Fireball deals 2 damage to each player.\n10—20 | Farideh's Fireball deals 2 damage to each opponent.
A-Carnelian Orb of Dragonkind,3.0,['R'],['R'],None,['Artifact'],None,Uncommon,HBG,None,None,None,"{T}: Add one mana of any color. If that mana is spent on a Dragon creature spell, it gains haste until end of turn."
Iron Golem,4.0,None,None,None,"['Artifact', 'Creature']",['Golem'],Common,HBG,5,3,None,Vigilance\nIron Golem attacks or blocks each combat if able.
Breath Weapon,3.0,['R'],['R'],None,['Instant'],None,Uncommon,HBG,None,None,None,Breath Weapon deals 2 damage to each non-Dragon creature.
Plummet,2.0,['G'],['G'],None,['Instant'],None,Common,HBG,None,None,None,Destroy target creature with flying.
Naturalize,2.0,['G'],['G'],None,['Instant'],None,Common,HBG,None,None,None,Destroy target artifact or enchantment.
Lightning Bolt,1.0,['R'],['R'],None,['Instant'],None,Rare,HBG,None,None,None,Lightning Bolt deals 3 damage to any target.
Voracious Greatshark,5.0,['U'],['U'],None,['Creature'],['Shark'],Rare,HBG,5,4,None,"Flash\nWhen Voracious Greatshark enters the battlefield, counter target artifact or creature spell."
Stinging Lionfish,2.0,['U'],['U'],None,"['Enchantment', 'Creature']",['Fish'],Uncommon,HBG,2,1,None,"Whenever you cast your first spell during each opponent's turn, you may tap or untap target nonland permanent."
Spined Megalodon,7.0,['U'],['U'],None,['Creature'],['Shark'],Common,HBG,5,7,None,"Hexproof (This creature can't be the target of spells or abilities your opponents control.)\nWhenever Spined Megalodon attacks, scry 1. (Look at the top card of your library. You may put that card on the bottom of your library.)"
Sigiled Starfish,2.0,['U'],['U'],None,['Creature'],['Starfish'],Uncommon,HBG,0,3,None,{T}: Scry 1. (Look at the top card of your library. You may put that card on the bottom of your library.)
Sea-Dasher Octopus,3.0,['U'],['U'],None,['Creature'],['Octopus'],Rare,HBG,2,2,None,"Mutate {1}{U} (If you cast this spell for its mutate cost, put it over or under target non-Human creature you own. They mutate into the creature on top plus all abilities from under it.)\nFlash\nWhenever this creature deals combat damage to a player, draw a card."
Riptide Turtle,2.0,['U'],['U'],None,['Creature'],['Turtle'],Common,HBG,0,5,None,Flash\nDefender
Pursued Whale,7.0,['U'],['U'],None,['Creature'],['Whale'],Rare,HBG,8,8,None,"When Pursued Whale enters the battlefield, each opponent creates a 1/1 red Pirate creature token with ""This creature can't block"" and ""Creatures you control attack each combat if able.""\nSpells your opponents cast that target Pursued Whale cost {3} more to cast."
Pouncing Shoreshark,5.0,['U'],['U'],None,['Creature'],"['Shark', 'Beast']",Uncommon,HBG,4,3,None,"Mutate {3}{U} (If you cast this spell for its mutate cost, put it over or under target non-Human creature you own. They mutate into the creature on top plus all abilities from under it.)\nFlash\nWhenever this creature mutates, you may return target creature an opponent controls to its owner's hand."
Nadir Kraken,3.0,['U'],['U'],None,['Creature'],['Kraken'],Rare,HBG,2,3,None,"Whenever you draw a card, you may pay {1}. If you do, put a +1/+1 counter on Nadir Kraken and create a 1/1 blue Tentacle creature token."
Mystic Skyfish,3.0,['U'],['U'],None,['Creature'],['Fish'],Common,HBG,3,1,None,"Whenever you draw your second card each turn, Mystic Skyfish gains flying until end of turn."
Junk Winder,7.0,['U'],['U'],None,['Creature'],['Serpent'],Uncommon,HBG,5,6,None,"Affinity for tokens (This spell costs {1} less to cast for each token you control.)\nWhenever a token enters the battlefield under your control, tap target nonland permanent an opponent controls. It doesn't untap during its controller's next untap step."
Basilisk Collar,1.0,None,None,None,['Artifact'],['Equipment'],Rare,HBG,None,None,None,Equipped creature has deathtouch and lifelink.\nEquip {2}
Island,0.0,None,['U'],['Basic'],['Land'],['Island'],Common,HBG,None,None,None,({T}: Add {U}.)
Forest,0.0,None,['G'],['Basic'],['Land'],['Forest'],Common,HBG,None,None,None,({T}: Add {G}.)
Forest,0.0,None,['G'],['Basic'],['Land'],['Forest'],Common,HBG,None,None,None,({T}: Add {G}.)
Forest,0.0,None,['G'],['Basic'],['Land'],['Forest'],Common,HBG,None,None,None,({T}: Add {G}.)
Mountain,0.0,None,['R'],['Basic'],['Land'],['Mountain'],Common,HBG,None,None,None,({T}: Add {R}.)
Swamp,0.0,None,['B'],['Basic'],['Land'],['Swamp'],Common,HBG,None,None,None,({T}: Add {B}.)
Island,0.0,None,['U'],['Basic'],['Land'],['Island'],Common,HBG,None,None,None,({T}: Add {U}.)
Swamp,0.0,None,['B'],['Basic'],['Land'],['Swamp'],Common,HBG,None,None,None,({T}: Add {B}.)
Cloak of the Bat,2.0,None,None,None,['Artifact'],['Equipment'],Common,HBG,None,None,None,Equipped creature has flying and haste.\nEquip {2} ({2}: Attach to target creature you control. Equip only as a sorcery.)
Thrakkus the Butcher,5.0,"['G', 'R']","['G', 'R']",['Legendary'],['Creature'],"['Dragon', 'Peasant']",Uncommon,HBG,3,4,None,"Trample\nWhenever Thrakkus the Butcher attacks, double the power of each Dragon you control until end of turn."
"Raphael, Fiendish Savior",5.0,"['B', 'R']","['B', 'R']",['Legendary'],['Creature'],"['Devil', 'Noble']",Rare,HBG,4,4,None,"Flying\nOther Demons, Devils, Imps, and Tieflings you control get +1/+1 and have lifelink.\nAt the beginning of each end step, if a creature card was put into your graveyard from anywhere this turn, create a 1/1 red Devil creature token with ""When this creature dies, it deals 1 damage to any target."""
Nalia de'Arnise,3.0,"['B', 'W']","['B', 'W']",['Legendary'],['Creature'],"['Human', 'Rogue']",Mythic,HBG,3,3,None,"You may look at the top card of your library any time.\nYou may cast Cleric, Rogue, Warrior, and Wizard spells from the top of your library.\nAt the beginning of combat on your turn, if you have a full party, put a +1/+1 counter on each creature you control and those creatures gain deathtouch until end of turn."
"A-Minsc & Boo, Timeless Heroes",5.0,"['G', 'R']","['G', 'R']",['Legendary'],['Planeswalker'],['Minsc'],Mythic,HBG,None,None,3,"When Minsc & Boo, Timeless Heroes enters the battlefield and at the beginning of your upkeep, if you don't control a creature named Boo, create Boo, a legendary 1/1 red Hamster creature token with trample and haste.\n[+1]: Put three +1/+1 counters on up to one target creature with trample or haste.\n[−2]: Sacrifice a creature. When you do, Minsc & Boo, Timeless Heroes deals X damage to any target, where X is that creature's power. If the sacrificed creature was a Hamster, draw X cards."
"Miirym, Sentinel Wyrm",6.0,"['G', 'R', 'U']","['G', 'R', 'U']",['Legendary'],['Creature'],"['Dragon', 'Spirit']",Rare,HBG,6,6,None,"Flying, ward {2}\nWhenever another nontoken Dragon enters the battlefield under your control, create a token that's a copy of it, except the token isn't legendary."
"Lozhan, Dragons' Legacy",5.0,"['R', 'U']","['R', 'U']",['Legendary'],['Creature'],"['Dragon', 'Shaman']",Uncommon,HBG,4,2,None,"Flying\nWhenever you cast an Adventure or Dragon spell, Lozhan, Dragons' Legacy deals damage equal to that spell's mana value to any target that isn't a commander."
"Korlessa, Scale Singer",2.0,"['G', 'U']","['G', 'U']",['Legendary'],['Creature'],"['Dragon', 'Bard']",Uncommon,HBG,1,4,None,You may look at the top card of your library any time.\nYou may cast Dragon spells from the top of your library.
Plains,0.0,None,['W'],['Basic'],['Land'],['Plains'],Common,HBG,None,None,None,({T}: Add {W}.)
Plains,0.0,None,['W'],['Basic'],['Land'],['Plains'],Common,HBG,None,None,None,({T}: Add {W}.)
"Astarion, the Decadent",6.0,"['B', 'W']","['B', 'W']",['Legendary'],['Creature'],"['Vampire', 'Elf', 'Rogue']",Rare,HBG,4,4,None,"Deathtouch, lifelink\nAt the beginning of your end step, choose one —\n• Feed — Target opponent loses life equal to the amount of life they lost this turn.\n• Friends — You gain life equal to the amount of life you gained this turn."
Alaundo the Seer,4.0,"['G', 'U']","['G', 'U']",['Legendary'],['Creature'],"['Human', 'Shaman']",Rare,HBG,3,5,None,"{T}: Draw a card, then exile a card from your hand and put a number of time counters on it equal to its mana value. It gains ""When the last time counter is removed from this card, if it's exiled, you may cast it without paying its mana cost. If you cast a creature spell this way, it gains haste until end of turn."" Then remove a time counter from each other card you own in exile."
Wild Shape,1.0,['G'],['G'],None,['Instant'],None,Uncommon,HBG,None,None,None,"Choose one. Until end of turn, target creature you control has that base power and toughness, becomes that creature type, and gains that ability.\n• 1/3 Turtle with hexproof.\n• 1/5 Spider with reach.\n• 3/3 Elephant with trample."
Traverse the Outlands,5.0,['G'],['G'],None,['Sorcery'],None,Rare,HBG,None,None,None,"Search your library for up to X basic land cards, where X is the greatest power among creatures you control. Put those cards onto the battlefield tapped, then shuffle."
Sylvan Shepherd,3.0,['G'],['G'],None,['Creature'],"['Human', 'Druid']",Common,HBG,2,3,None,"Vigilance\nWhenever Sylvan Shepherd attacks, roll a d20.\n1—9 | You gain 1 life.\n10—19 | You gain 2 life.\n20 | You gain 5 life."
Split the Spoils,3.0,['G'],['G'],None,['Sorcery'],None,Uncommon,HBG,None,None,None,Exile up to five target permanent cards from your graveyard and separate them into two piles. An opponent chooses one of those piles. Put that pile into your hand and the other into your graveyard. (Piles can be empty.)
Baldur's Gate,0.0,None,None,['Legendary'],['Land'],['Gate'],Rare,HBG,None,None,None,"{T}: Add {C}.\n{2}, {T}: Add X mana of any one color, where X is the number of other Gates you control."
Poison the Blade,2.0,['G'],['G'],None,['Instant'],None,Common,HBG,None,None,None,Target creature gains deathtouch until end of turn.\nDraw a card.
Meteor Golem,7.0,None,None,None,"['Artifact', 'Creature']",['Golem'],Uncommon,HBG,3,3,None,"When Meteor Golem enters the battlefield, destroy target nonland permanent an opponent controls."
Navigation Orb,3.0,None,None,None,['Artifact'],None,Uncommon,HBG,None,None,None,"{2}, {T}, Sacrifice Navigation Orb: Search your library for up to two basic land cards and/or Gate cards, reveal those cards, put one onto the battlefield tapped and the other into your hand, then shuffle."
Bag of Holding,1.0,None,None,None,['Artifact'],None,Uncommon,HBG,None,None,None,"Whenever you discard a card, exile that card from your graveyard.\n{2}, {T}: Draw a card, then discard a card.\n{4}, {T}, Sacrifice Bag of Holding: Return all cards exiled with Bag of Holding to their owner's hand."
Owlbear,5.0,['G'],['G'],None,['Creature'],"['Bird', 'Bear']",Common,HBG,4,4,None,"Trample\nKeen Senses — When Owlbear enters the battlefield, draw a card."
Pilgrim's Eye,3.0,None,None,None,"['Artifact', 'Creature']",['Thopter'],Common,HBG,1,1,None,"Flying\nWhen Pilgrim's Eye enters the battlefield, you may search your library for a basic land card, reveal it, put it into your hand, then shuffle."
Monster Manual // Zoological Study,4.0,['G'],['G'],None,['Artifact'],None,Rare,HBG,None,None,None,"{1}{G}, {T}: You may put a creature card from your hand onto the battlefield."
Lurking Roper,3.0,['G'],['G'],None,['Creature'],['Horror'],Uncommon,HBG,4,5,None,"Lurking Roper doesn't untap during your untap step.\nWhenever you gain life, untap Lurking Roper."
A-Jade Orb of Dragonkind,3.0,['G'],['G'],None,['Artifact'],None,Uncommon,HBG,None,None,None,"{T}: Add one mana of any color. When you spend this mana to cast a Dragon creature spell, it enters the battlefield with an additional +1/+1 counter on it and gains hexproof until your next turn."
A-Navigation Orb,3.0,None,None,None,['Artifact'],None,Uncommon,HBG,None,None,None,"{1}, {T}, Sacrifice Navigation Orb: Search your library for up to two basic land cards and/or Gate cards, reveal those cards, put one onto the battlefield tapped and the other into your hand, then shuffle."
Mirror of Life Trapping,4.0,None,None,None,['Artifact'],None,Rare,HBG,None,None,None,"Whenever a creature enters the battlefield, if it was cast, exile it, then return all other permanent cards exiled with Mirror of Life Trapping to the battlefield under their owners' control."
Hill Giant Herdgorger,6.0,['G'],['G'],None,['Creature'],['Giant'],Common,HBG,7,6,None,"When Hill Giant Herdgorger enters the battlefield, you gain 3 life."
Ettercap // Web Shot,5.0,['G'],['G'],None,['Creature'],"['Spider', 'Beast']",Common,HBG,2,5,None,Reach
A-Emerald Dragon // A-Dissonant Wave,6.0,['G'],['G'],None,['Creature'],['Dragon'],Uncommon,HBG,4,4,None,"Flying, ward {2}"
Emerald Dragon // Dissonant Wave,6.0,['G'],['G'],None,['Creature'],['Dragon'],Uncommon,HBG,4,4,None,"Flying, trample"
A-Earthquake Dragon,15.0,['G'],['G'],None,['Creature'],"['Elemental', 'Dragon']",Rare,HBG,10,10,None,"This spell costs {X} less to cast, where X is the total mana value of Dragons you control not named Earthquake Dragon.\nFlying, trample\n{2}{G}, Sacrifice a land: Return A-Earthquake Dragon from your graveyard to your hand."
A-Druidic Ritual,3.0,['G'],['G'],None,['Sorcery'],None,Common,HBG,None,None,None,You may mill three cards. Then return up to two creature and/or land cards from your graveyard to your hand.
Druid of the Emerald Grove,4.0,['G'],['G'],None,['Creature'],"['Dwarf', 'Druid']",Uncommon,HBG,2,2,None,"When Druid of the Emerald Grove enters the battlefield, search your library for up to two basic land cards and reveal them, then roll a d20.\n9 or less | Put those cards into your hand, then shuffle.\n10—19 | Put one of those cards onto the battlefield tapped and the other into your hand, then shuffle.\n20+ | Put those cards onto the battlefield tapped, then shuffle."
A-Circle of the Land Druid,2.0,['G'],['G'],None,['Creature'],"['Gnome', 'Druid']",Common,HBG,2,1,None,"When Circle of the Land Druid enters the battlefield, you may mill four cards. (You may put the top four cards of your library into your graveyard.)\nNatural Recovery — When Circle of the Land Druid dies, return target land card from your graveyard to your hand."
Choose Your Weapon,3.0,['G'],['G'],None,['Instant'],None,Uncommon,HBG,None,None,None,Choose one —\n• Two-Weapon Fighting — Double target creature's power and toughness until end of turn.\n• Archery — This spell deals 5 damage to target creature with flying.
Band Together,3.0,['G'],['G'],None,['Instant'],None,Common,HBG,None,None,None,Up to two target creatures you control each deal damage equal to their power to another target creature.
Ambitious Dragonborn,4.0,['G'],['G'],None,['Creature'],"['Dragon', 'Barbarian']",Common,HBG,0,0,None,"Ambitious Dragonborn enters the battlefield with X +1/+1 counters on it, where X is the greatest power among creatures you control and creature cards in your graveyard."
A-Young Red Dragon // A-Bathe in Gold,4.0,['R'],['R'],None,['Creature'],['Dragon'],Common,HBG,3,1,None,Flying
Young Red Dragon // Bathe in Gold,4.0,['R'],['R'],None,['Creature'],['Dragon'],Common,HBG,3,2,None,Flying\nYoung Red Dragon can't block.
You Come to the Gnoll Camp,2.0,['R'],['R'],None,['Instant'],None,Common,HBG,None,None,None,Choose one —\n• Intimidate Them — Up to two target creatures can't block this turn.\n• Fend Them Off — Target creature gets +3/+1 until end of turn.
Valor Singer,3.0,['R'],['R'],None,['Creature'],"['Tiefling', 'Bard']",Common,HBG,2,3,None,"Combat Inspiration — At the beginning of combat on your turn, target creature you control gets +1/+0 until end of turn."
Unexpected Windfall,4.0,['R'],['R'],None,['Instant'],None,Common,HBG,None,None,None,"As an additional cost to cast this spell, discard a card.\nDraw two cards and create two Treasure tokens. (They're artifacts with ""{T}, Sacrifice this artifact: Add one mana of any color."")"
Storm King's Thunder,3.0,['R'],['R'],None,['Instant'],None,Mythic,HBG,None,None,None,"When you next cast an instant or sorcery spell this turn, copy that spell X times. You may choose new targets for the copies."
Reckless Barbarian,2.0,['R'],['R'],None,['Creature'],"['Dragon', 'Barbarian']",Common,HBG,2,2,None,Sacrifice Reckless Barbarian: Add {R}{R}.
Jaded Sell-Sword,4.0,['R'],['R'],None,['Creature'],"['Dragon', 'Warrior']",Common,HBG,4,3,None,"When Jaded Sell-Sword enters the battlefield, if mana from a Treasure was spent to cast it, it gains first strike and haste until end of turn."
Battle Cry Goblin,2.0,['R'],['R'],None,['Creature'],['Goblin'],Uncommon,HBG,2,2,None,"{1}{R}: Goblins you control get +1/+0 and gain haste until end of turn.\nPack tactics — Whenever Battle Cry Goblin attacks, if you attacked with creatures with total power 6 or greater this combat, create a 1/1 red Goblin creature token that's tapped and attacking."
Fiendlash,2.0,['R'],['R'],None,['Artifact'],['Equipment'],Rare,HBG,None,None,None,"Equipped creature gets +2/+0 and has reach.\nWhenever equipped creature is dealt damage, it deals damage equal to its power to target player or planeswalker.\nEquip {2}{R}"
Dueling Rapier,1.0,['R'],['R'],None,['Artifact'],['Equipment'],Common,HBG,None,None,None,"Flash\nWhen Dueling Rapier enters the battlefield, attach it to target creature you control.\nEquipped creature gets +2/+0.\nEquip {4} ({4}: Attach to target creature you control. Equip only as a sorcery.)"
Dragon's Fire,2.0,['R'],['R'],None,['Instant'],None,Common,HBG,None,None,None,"As an additional cost to cast this spell, you may reveal a Dragon card from your hand or choose a Dragon you control.\nDragon's Fire deals 3 damage to target creature or planeswalker. If you revealed a Dragon card or chose a Dragon as you cast this spell, Dragon's Fire deals damage equal to the power of that card or creature instead."
Carnelian Orb of Dragonkind,3.0,['R'],['R'],None,['Artifact'],None,Uncommon,HBG,None,None,None,"{T}: Add {R}. If that mana is spent on a Dragon creature spell, it gains haste until end of turn."
A-Sigil of Myrkul,2.0,['B'],['B'],None,['Enchantment'],None,Uncommon,HBG,None,None,None,"At the beginning of combat on your turn, mill a card. When you do, if there are four or more creature cards in your graveyard, put a +1/+1 counter on target creature you control and it gains deathtouch until end of turn. (To mill a card, put the top card of your library into your graveyard.)"
Vampire Spawn,3.0,['B'],['B'],None,['Creature'],['Vampire'],Common,HBG,2,3,None,"When Vampire Spawn enters the battlefield, each opponent loses 2 life and you gain 2 life."
Wand of Orcus,3.0,['B'],['B'],['Legendary'],['Artifact'],['Equipment'],Rare,HBG,None,None,None,"Whenever equipped creature attacks or blocks, it and Zombies you control gain deathtouch until end of turn.\nWhenever equipped creature deals combat damage to a player, create that many 2/2 black Zombie creature tokens.\nEquip {3}"
Thieves' Tools,2.0,['B'],['B'],None,['Artifact'],['Equipment'],Common,HBG,None,None,None,"When Thieves' Tools enters the battlefield, create a Treasure token. (It's an artifact with ""{T}, Sacrifice this artifact: Add one mana of any color."")\nEquipped creature can't be blocked as long as its power is 3 or less.\nEquip {2} ({2}: Attach to target creature you control. Equip only as a sorcery.)"
Sigil of Myrkul,3.0,['B'],['B'],None,['Enchantment'],None,Uncommon,HBG,None,None,None,"At the beginning of combat on your turn, mill a card. When you do, if there are four or more creature cards in your graveyard, put a +1/+1 counter on target creature you control and it gains deathtouch until end of turn. (To mill a card, put the top card of your library into your graveyard.)"
Shambling Ghast,1.0,['B'],['B'],None,['Creature'],['Zombie'],Common,HBG,1,1,None,"When Shambling Ghast dies, choose one —\n• Brave the Stench — Target creature an opponent controls gets -1/-1 until end of turn.\n• Search the Body — Create a Treasure token. (It's an artifact with ""{T}, Sacrifice this artifact: Add one mana of any color."")"
A-Sepulcher Ghoul,2.0,['B'],['B'],None,['Creature'],['Zombie'],Common,HBG,2,2,None,Sacrifice another creature: Sepulcher Ghoul gets +2/+2 until end of turn. Activate only once each turn.
Eyes of the Beholder,6.0,['B'],['B'],None,['Instant'],None,Common,HBG,None,None,None,Target creature gets -11/-11 until end of turn.
Drider,5.0,['B'],['B'],None,['Creature'],"['Elf', 'Spider']",Uncommon,HBG,4,3,None,"Reach\nWhenever Drider deals combat damage to a player, create a 2/1 black Spider creature token with menace and reach."
Deadly Dispute,2.0,['B'],['B'],None,['Instant'],None,Common,HBG,None,None,None,"As an additional cost to cast this spell, sacrifice an artifact or creature.\nDraw two cards and create a Treasure token. (It's an artifact with ""{T}, Sacrifice this artifact: Add one mana of any color."")"
Bonecaller Cleric,2.0,['B'],['B'],None,['Creature'],"['Human', 'Cleric']",Uncommon,HBG,2,1,None,"{3}{B}, Sacrifice Bonecaller Cleric: Return target creature card from your graveyard to the battlefield. Activate only as a sorcery."
Black Market Connections,3.0,['B'],['B'],None,['Enchantment'],None,Rare,HBG,None,None,None,"At the beginning of your precombat main phase, choose one or more —\n• Sell Contraband — Create a Treasure token. You lose 1 life.\n• Buy Information — Draw a card. You lose 2 life.\n• Hire a Mercenary — Create a 3/2 colorless Shapeshifter creature token with changeling. You lose 3 life. (It has every creature type.)"
A-Baleful Beholder,6.0,['B'],['B'],None,['Creature'],['Beholder'],Common,HBG,7,5,None,"When Baleful Beholder enters the battlefield, choose one —\n• Antimagic Cone — Each opponent sacrifices an enchantment.\n• Fear Ray — Creatures you control gain menace until end of turn. (A creature with menace can't be blocked except by two or more creatures.)"
Armor of Shadows,1.0,['B'],['B'],None,['Instant'],None,Common,HBG,None,None,None,"Until end of turn, target creature gets +1/+0 and gains indestructible. (Damage and effects that say ""destroy"" don't destroy it.)"
Ambition's Cost,4.0,['B'],['B'],None,['Sorcery'],None,Uncommon,HBG,None,None,None,You draw three cards and you lose 3 life.
Altar of Bhaal // Bone Offering,2.0,['B'],['B'],None,['Artifact'],None,Rare,HBG,None,None,None,"{2}{B}, {T}, Exile a creature you control: Return target creature card from your graveyard to the battlefield. Activate only as a sorcery."
A-Young Blue Dragon // A-Sand Augury,5.0,['U'],['U'],None,['Creature'],['Dragon'],Common,HBG,3,4,None,Flying
Young Blue Dragon // Sand Augury,5.0,['U'],['U'],None,['Creature'],['Dragon'],Common,HBG,3,3,None,Flying
A-You Come to a River,3.0,['U'],['U'],None,['Sorcery'],None,Common,HBG,None,None,None,Choose one —\n• Fight the Current — The owner of target nonland permanent puts it on the top or bottom of their library.\n• Find a Crossing — Target creature gets +1/+0 until end of turn and can't be blocked this turn.
Tymora's Invoker,2.0,['U'],['U'],None,['Creature'],"['Orc', 'Rogue']",Common,HBG,1,3,None,Sleight of Hand — {8}: Draw two cards.
Sword Coast Serpent // Capsizing Wave,7.0,['U'],['U'],None,['Creature'],"['Serpent', 'Dragon']",Uncommon,HBG,6,6,None,Sword Coast Serpent can't be blocked as long as you've cast a noncreature spell this turn.
Shocking Grasp,2.0,['U'],['U'],None,['Instant'],None,Common,HBG,None,None,None,Target creature gets -2/-0 until end of turn.\nDraw a card.
Rimeshield Frost Giant,5.0,['U'],['U'],None,['Creature'],"['Giant', 'Warrior']",Common,HBG,4,5,None,"Ward {3} (Whenever this creature becomes the target of a spell or ability an opponent controls, counter it unless that player pays {3}.)"
A-Pseudodragon Familiar,3.0,['U'],['U'],None,['Creature'],['Dragon'],Common,HBG,2,2,None,Flying\n{2}{U}: Target creature gains flying until end of turn.
A-Lapis Orb of Dragonkind,3.0,['U'],['U'],None,['Artifact'],None,Uncommon,HBG,None,None,None,"{T}: Add one mana of any color. When you spend this mana to cast a Dragon creature spell, scry 2."
Kindred Discovery,5.0,['U'],['U'],None,['Enchantment'],None,Rare,HBG,None,None,None,"As Kindred Discovery enters the battlefield, choose a creature type.\nWhenever a creature you control of the chosen type enters the battlefield or attacks, draw a card."
Pact Weapon,4.0,['B'],['B'],None,['Artifact'],['Equipment'],Mythic,HBG,None,None,None,"As long as Pact Weapon is attached to a creature, you don't lose the game for having 0 or less life.\nWhenever equipped creature attacks, draw a card and reveal it. The creature gets +X/+X until end of turn and you lose X life, where X is that card's mana value.\nEquip—Discard a card."
Nefarious Imp,3.0,['B'],['B'],None,['Creature'],['Imp'],Common,HBG,2,1,None,"Flying\nWhenever one or more permanents you control leave the battlefield, scry 1. (Look at the top card of your library. You may put that card on the bottom of your library.)"
A-Manticore,4.0,['B'],['B'],None,['Creature'],['Manticore'],Common,HBG,3,1,None,"Flash\nFlying\nTail Spikes — When Manticore enters the battlefield, destroy target creature an opponent controls that was dealt damage this turn."
Guildsworn Prowler,2.0,['B'],['B'],None,['Creature'],"['Tiefling', 'Rogue', 'Assassin']",Common,HBG,2,1,None,"Deathtouch\nWhen Guildsworn Prowler dies, if it wasn't blocking, draw a card."
"Klement, Novice Acolyte",2.0,['W'],['W'],['Legendary'],['Creature'],"['Tiefling', 'Cleric']",Rare,HBG,2,2,None,"Specialize {2}\nWhen Klement, Novice Acolyte enters the battlefield, creature cards in your hand perpetually get +1/+1."
"Gale, Abyssal Conduit",5.0,"['B', 'U']","['B', 'U']",['Legendary'],['Creature'],"['Human', 'Wizard']",Mythic,HBG,4,5,None,"Whenever you cast an instant or sorcery spell, each opponent loses 2 life."
"Gut, Furious Fanatic",7.0,['R'],['R'],['Legendary'],['Creature'],"['Goblin', 'Shaman']",Uncommon,HBG,5,4,None,"When this creature specializes, create a token that's a copy of a creature card exiled with this creature, except it has double strike and haste. Sacrifice it at the beginning of your next end step."
"Gut, Bestial Fanatic",7.0,"['G', 'R']","['G', 'R']",['Legendary'],['Creature'],"['Goblin', 'Shaman']",Uncommon,HBG,5,4,None,"When this creature specializes, create a token that's a copy of a creature card exiled with this creature, except it's 5/5 and has trample and haste. Sacrifice it at the beginning of your next end step."
"Gut, Brutal Fanatic",7.0,"['B', 'R']","['B', 'R']",['Legendary'],['Creature'],"['Goblin', 'Shaman']",Uncommon,HBG,5,4,None,"When this creature specializes, create a token that's a copy of a creature card exiled with this creature, except it's 4/4 and has menace and haste. Sacrifice it at the beginning of your next end step."
"Gut, Fanatical Priestess",6.0,['R'],['R'],['Legendary'],['Creature'],"['Goblin', 'Shaman']",Uncommon,HBG,4,3,None,"Specialize {5}\nWhen Gut, Fanatical Priestess enters the battlefield, up to one target creature you control fights target creature you don't control. If the creature you don't control would die this turn, exile it instead."
"Ambergris, Agent of Law",4.0,"['R', 'W']","['R', 'W']",['Legendary'],['Creature'],"['Dwarf', 'Cleric']",Uncommon,HBG,4,3,None,"Haste\nWhenever Ambergris, Agent of Law attacks, you may discard your hand and draw two cards. If you do, other creatures you control get +X/+X until end of turn, where X is the number of cards you've discarded this turn."
"Ambergris, Agent of Progress",4.0,"['R', 'U']","['R', 'U']",['Legendary'],['Creature'],"['Dwarf', 'Cleric']",Uncommon,HBG,4,3,None,"Haste\nWhenever Ambergris, Agent of Progress attacks, you may discard your hand and draw three cards."
Dragonborn Looter,2.0,['U'],['U'],None,['Creature'],"['Dragon', 'Rogue']",Common,HBG,1,2,None,"{1}, {T}: Draw a card, then discard a card."
"Ambergris, Agent of Destruction",4.0,['R'],['R'],['Legendary'],['Creature'],"['Dwarf', 'Cleric']",Uncommon,HBG,4,3,None,"Haste\nWhenever Ambergris, Agent of Destruction attacks, you may discard your hand and draw two cards. If you do, Ambergris deals X damage to each opponent, where X is the number of cards you've discarded this turn."
"Ambergris, Agent of Balance",4.0,"['G', 'R']","['G', 'R']",['Legendary'],['Creature'],"['Dwarf', 'Cleric']",Uncommon,HBG,4,3,None,"Haste\nWhenever Ambergris, Agent of Balance attacks, you may discard your hand and draw two cards. When you do, put X +1/+1 counters on another target creature you control, where X is the number of cards you've discarded this turn."
Clever Conjurer,3.0,['U'],['U'],None,['Creature'],"['Gnome', 'Wizard']",Common,HBG,2,3,None,Mage Hand — {T}: Untap target permanent not named Clever Conjurer. Activate only as a sorcery.
Blur,3.0,['U'],['U'],None,['Instant'],None,Common,HBG,None,None,None,"Exile target creature you control, then return that card to the battlefield under its owner's control.\nDraw a card."
Air-Cult Elemental,6.0,['U'],['U'],None,['Creature'],['Elemental'],Common,HBG,2,5,None,"Flying\nWhirlwind — When Air-Cult Elemental enters the battlefield, return up to one other target creature to its owner's hand."
You Hear Something on Watch,2.0,['W'],['W'],None,['Instant'],None,Common,HBG,None,None,None,Choose one —\n• Rouse the Party — Creatures you control get +1/+1 until end of turn.\n• Set Off Traps — This spell deals 5 damage to target attacking creature.
Steadfast Unicorn,1.0,['W'],['W'],None,['Creature'],['Unicorn'],Common,HBG,1,2,None,{3}{W}: Creatures you control get +1/+1 and gain vigilance until end of turn. Activate only during your turn.
Steadfast Paladin,2.0,['W'],['W'],None,['Creature'],"['Dwarf', 'Knight']",Common,HBG,2,2,None,Lifelink
Rally Maneuver,3.0,['W'],['W'],None,['Instant'],None,Uncommon,HBG,None,None,None,Target creature gets +2/+0 and gains first strike until end of turn. Up to one other target creature gets +0/+2 and gains lifelink until end of turn.
Portable Hole,1.0,['W'],['W'],None,['Artifact'],None,Uncommon,HBG,None,None,None,"When Portable Hole enters the battlefield, exile target nonland permanent an opponent controls with mana value 2 or less until Portable Hole leaves the battlefield."
Icewind Stalwart,4.0,['W'],['W'],None,['Creature'],"['Tiefling', 'Warrior']",Common,HBG,3,3,None,"Protection Fighting Style — When Icewind Stalwart enters the battlefield, exile up to one target non-Warrior creature you control, then return it to the battlefield under its owner's control."
Horn of Valhalla // Ysgard's Call,2.0,['W'],['W'],None,['Artifact'],['Equipment'],Rare,HBG,None,None,None,Equipped creature gets +1/+1 for each creature you control.\nEquip {3}
Minimus Containment,3.0,['W'],['W'],None,['Enchantment'],['Aura'],Common,HBG,None,None,None,"Enchant nonland permanent\nEnchanted permanent is a Treasure artifact with ""{T}, Sacrifice this artifact: Add one mana of any color,"" and it loses all other abilities. (If it was a creature, it's no longer a creature.)"
Guiding Bolt,3.0,['W'],['W'],None,['Instant'],None,Uncommon,HBG,None,None,None,"Destroy target creature with power 4 or greater.\nScry 2. (Look at the top two cards of your library, then put any number of them on the bottom of your library and the rest on top in any order.)"
Guardian Naga // Banishing Coils,7.0,['W'],['W'],None,['Creature'],['Naga'],Common,HBG,5,6,None,"Vigilance\nAs long as it's your turn, prevent all damage that would be dealt to Guardian Naga."
Devoted Paladin,5.0,['W'],['W'],None,['Creature'],"['Orc', 'Knight']",Common,HBG,4,4,None,"Beacon of Hope — When Devoted Paladin enters the battlefield, creatures you control get +1/+1 and gain vigilance until end of turn."
Dawnbringer Cleric,2.0,['W'],['W'],None,['Creature'],"['Human', 'Cleric']",Common,HBG,1,3,None,"When Dawnbringer Cleric enters the battlefield, choose one —\n• Cure Wounds — You gain 2 life.\n• Dispel Magic — Destroy target enchantment.\n• Gentle Repose — Exile target card from a graveyard."
Ascend from Avernus,3.0,['W'],['W'],None,['Sorcery'],None,Rare,HBG,None,None,None,Return all creature and planeswalker cards with mana value X or less from your graveyard to the battlefield. Exile Ascend from Avernus.
Ancient Gold Dragon,7.0,['W'],['W'],None,['Creature'],"['Elder', 'Dragon']",Mythic,HBG,7,10,None,"Flying\nWhenever Ancient Gold Dragon deals combat damage to a player, roll a d20. You create a number of 1/1 blue Faerie Dragon creature tokens with flying equal to the result."
Gate to the Citadel,0.0,None,['W'],None,['Land'],"['Plains', 'Gate']",Uncommon,HBG,None,None,None,"Gate to the Citadel enters the battlefield tapped.\n{3}{W}, {T}: Seek a nonland card. Activate only once.\n{T}: Add {W}."
Gate to Manorborn,0.0,None,['G'],None,['Land'],"['Forest', 'Gate']",Uncommon,HBG,None,None,None,"Gate to Manorborn enters the battlefield tapped.\n{3}{G}, {T}: Seek a nonland card. Activate only once.\n{T}: Add {G}."
"Ulder Ravengard, Marshal",3.0,"['R', 'W']","['R', 'W']",['Legendary'],['Creature'],"['Human', 'Noble', 'Soldier']",Rare,HBG,3,3,None,"When Ulder Ravengard, Marshal enters the battlefield, another target nontoken creature you control gains double team until end of turn.\nWhenever Ulder Ravengard attacks, conjure a duplicate of another target nontoken attacking creature into your hand."
Minthara of the Absolute,4.0,"['B', 'W']","['B', 'W']",['Legendary'],['Creature'],"['Elf', 'Cleric']",Uncommon,HBG,2,4,None,"Starting intensity 0\nCreatures you control get +X/+0, where X is Minthara of the Absolute's intensity.\nWhenever one or more permanents you control leave the battlefield, cards you own named Minthara of the Absolute intensify by 1. This ability triggers only once each turn."
"Jon Irenicus, the Exile",4.0,"['B', 'U']","['B', 'U']",['Legendary'],['Creature'],"['Elf', 'Wizard']",Rare,HBG,3,5,None,"At the beginning of your end step, draw a card if your library has more cards in it than target opponent's library. Otherwise, each opponent mills five cards."
You Line Up the Shot,1.0,['G'],['G'],None,['Instant'],None,Common,HBG,None,None,None,Choose one —\n• Aim for the Wyvern — Conjure a card named Plummet into your hand.\n• Aim for the Cursed Amulet — Conjure a card named Naturalize into your hand.\n• Fire a Warning Shot — Draw a card.
"Oyaminartok, Polar Werebear",4.0,['G'],"['G', 'U']",['Legendary'],['Creature'],"['Giant', 'Bear']",Rare,HBG,4,5,None,"Oyaminartok, Polar Werebear has hexproof if it hasn't dealt damage yet.\nWhenever Oyaminartok deals combat damage to a player, create a Food token.\n{U}, Sacrifice a Food: Draft a card from Oyaminartok's spellbook. When you do, add {U}{U}{U}. Spend this mana only to cast blue creature spells."
Favored Enemy,1.0,['G'],['G'],None,['Enchantment'],None,Rare,HBG,None,None,None,"As Favored Enemy enters the battlefield, note the most prevalent creature type in an opponent's library.\nWhen Favored Enemy enters the battlefield, target creature you control fights up to one target creature you don't control.\nWhenever a creature an opponent controls of the noted type dies, put a +1/+1 counter on target creature you control."
Warriors of Tiamat,5.0,['R'],['R'],None,['Creature'],"['Dragon', 'Warrior']",Common,HBG,4,2,None,Haste\nDouble team
Unexpected Allies,2.0,['R'],['R'],None,['Sorcery'],None,Common,HBG,None,None,None,Target nontoken creature you control gets +2/+0 and gains double team until end of turn. It also gains first strike until end of turn if it has the same name as another creature you control or a creature card in your graveyard.
Mephit's Enthusiasm,2.0,['R'],['R'],None,['Sorcery'],None,Uncommon,HBG,None,None,None,"Mephit's Enthusiasm deals 4 damage to target creature or planeswalker. If excess damage was dealt this way, note that excess damage, then you get a one-time boon with ""When you cast a creature spell, it perpetually gets +X/+0, where X is the noted number."""
"Kardum, Patron of Flames",4.0,['R'],['R'],['Legendary'],['Creature'],['Demon'],Rare,HBG,4,3,None,"Haste\nWhenever Kardum, Patron of Flames attacks, put a flame counter on it, then seek a card with mana value equal to the number of flame counters on it and exile that card face down.\nWhen Kardum dies, put all cards you own exiled with it into your hand. At the beginning of the end step of your next turn, discard those cards."
Goblin Trapfinder,1.0,['R'],['R'],None,['Creature'],['Goblin'],Uncommon,HBG,1,1,None,"When Goblin Trapfinder dies, seek a creature card with mana value 3 or less. That card perpetually gains haste, ""This spell costs {1} less to cast,"" and ""At the beginning of your end step, sacrifice this creature."""
Giant Fire Beetles,3.0,['R'],['R'],None,['Creature'],['Insect'],Common,HBG,2,2,None,Menace\nDouble team
Flames of Moradin,4.0,['R'],['R'],None,['Sorcery'],None,Rare,HBG,None,None,None,"Destroy up to three target artifacts. Conjure a duplicate of each nontoken artifact destroyed this way into your hand. The duplicates perpetually gain ""You may pay {R} rather than pay this spell's mana cost"" and ""At the beginning of your end step, sacrifice this artifact."""
Craving of Yeenoghu,3.0,['R'],['R'],None,['Enchantment'],['Aura'],Uncommon,HBG,None,None,None,"Enchant creature you control\nEnchanted creature gets +3/+2, has haste, and attacks each combat if able.\n{R}: Return Craving of Yeenoghu from your graveyard to the battlefield attached to target creature you control. Craving of Yeenoghu perpetually gains ""Enchanted creature gets -1/-1."" Activate only as a sorcery."
Stroke of Luck,2.0,['B'],['B'],None,['Sorcery'],None,Rare,HBG,None,None,None,Look at the top four cards of your library. Choose one of them and put all cards with the same name as the chosen card from among them into your hand. You lose 1 life for each card put into your hand this way. Put the rest on the bottom of your library in a random order.
Mind Spike,1.0,['B'],['B'],None,['Sorcery'],None,Uncommon,HBG,None,None,None,"Target opponent reveals each noncreature, nonland card in their hand. You choose a card revealed this way. That player discards that card. You lose 2 life. If they didn't reveal a card this way, you draw a card."
Hook Horror,5.0,['B'],['B'],None,['Creature'],['Horror'],Common,HBG,3,3,None,"Molting Exoskeleton — When Hook Horror dies, it perpetually gets -1/-1. Then if that card's toughness is 1 or greater, return it to the battlefield under its owner's control."
Wizened Githzerai,2.0,['U'],['U'],None,['Creature'],"['Gith', 'Monk']",Common,HBG,2,1,None,"Psionic Adept — Whenever Wizened Githzerai becomes blocked by a creature, that creature perpetually gets -2/-0."
Undersimplify,2.0,['U'],['U'],None,['Instant'],None,Common,HBG,None,None,None,"Choose target spell. If it's a creature spell, it perpetually gets -2/-0. Counter that spell unless its controller pays {2}."
Snowborn Simulacra,2.0,['U'],['U'],None,['Sorcery'],None,Mythic,HBG,None,None,None,"Conjure a duplicate of each of X target nontoken permanents into your hand. Those cards perpetually gain ""You may spend mana as though it were mana of any color to cast this spell."" If X is 5 or more, you may put one of them from your hand onto the battlefield."
Seek New Knowledge,2.0,['U'],['U'],None,['Instant'],None,Uncommon,HBG,None,None,None,"Seek two nonland cards, then put a card from your hand on the bottom of your library."
Hypnotic Pattern,1.0,['U'],['U'],None,['Instant'],None,Common,HBG,None,None,None,Target creature perpetually gets -2/-0.\nTarget creature gets -2/-0 until end of turn.
Vladimir and Godfrey,3.0,['W'],['W'],['Legendary'],['Creature'],"['Zombie', 'Knight']",Rare,HBG,3,2,None,Rejuvenation — {2}{W}: Return Vladimir and Godfrey from your graveyard to the battlefield tapped. It perpetually gets +1/+1. Activate only if you control a 1/1 creature.
Sworn to the Legion,6.0,['W'],['W'],None,['Enchantment'],None,Mythic,HBG,None,None,None,"When Sworn to the Legion enters the battlefield, nontoken creatures you control perpetually gain double team.\nWhenever you cast a creature spell, it perpetually gains double team."
Soldiers of the Watch,2.0,['W'],['W'],None,['Creature'],"['Human', 'Soldier']",Common,HBG,2,1,None,Double team
Ranger Squadron,6.0,['W'],['W'],None,['Creature'],"['Cat', 'Ranger']",Common,HBG,3,4,None,Flying\nDouble team
Patriar's Humiliation,1.0,['W'],['W'],None,['Instant'],None,Common,HBG,None,None,None,"Target creature perpetually loses all abilities, then Patriar's Humiliation deals damage to it equal to the number of creatures you control."
Moradin's Disciples,4.0,['W'],['W'],None,['Creature'],"['Dwarf', 'Cleric']",Uncommon,HBG,2,3,None,"Double team\nWhenever Moradin's Disciples attacks, tap target creature defending player controls."
Mace of Disruption,2.0,['W'],['W'],None,['Artifact'],['Equipment'],Common,HBG,None,None,None,"Equipped creature gets +0/+2 and has protection from Demons and from Devils.\nWhenever equipped creature attacks, it perpetually gets +1/+0 if it has the same name as another creature you control or a creature card in your graveyard.\nEquip {1}"
Flaming Fist Duskguard,2.0,['W'],['W'],None,['Creature'],"['Dwarf', 'Soldier']",Common,HBG,3,1,None,"When Flaming Fist Duskguard enters the battlefield, you get a one-time boon with ""When you cast a creature spell, it perpetually gets +1/+0."""
Champions of Tyr,4.0,['W'],['W'],None,['Creature'],"['Angel', 'Knight']",Mythic,HBG,4,3,None,"Flying\nDouble team\nWhen Champions of Tyr enters the battlefield, you get a one-time boon with ""When you cast a creature spell, that creature enters the battlefield with your choice of a +1/+1 counter, a flying counter, or a lifelink counter on it."""
Boareskyr Tollkeeper,2.0,['W'],['W'],None,['Creature'],"['Orc', 'Knight']",Uncommon,HBG,3,1,None,"When Boareskyr Tollkeeper enters the battlefield, target opponent reveals all creature and land cards in their hand. Choose one of them. That card perpetually gains ""This permanent enters the battlefield tapped."""
"Lukamina, Hawk Form",4.0,"['G', 'W']","['G', 'W']",['Legendary'],['Creature'],"['Bird', 'Druid']",Mythic,HBG,4,4,None,"Flying, lifelink\nWhen Lukamina, Hawk Form dies, it unspecializes. If it unspecializes this way, return it to the battlefield tapped."
"Wilson, Subtle Bear",3.0,"['G', 'U']","['G', 'U']",['Legendary'],['Creature'],"['Bear', 'Warrior']",Rare,HBG,3,3,None,"Reach, trample\nWard {2}\nWilson, Subtle Bear can't be blocked.\n{1}{G}{U}, Exile Wilson from your graveyard: Target creature you control perpetually gains ""This creature can't be blocked."" Activate only as a sorcery."
"Wilson, Ardent Bear",3.0,"['G', 'R']","['G', 'R']",['Legendary'],['Creature'],"['Bear', 'Warrior']",Rare,HBG,2,3,None,"Double strike, reach, trample\nWard {2}\n{1}{R}{G}, Exile Wilson, Ardent Bear from your graveyard: Target creature you control perpetually gains double strike. Activate only as a sorcery."
"Wilson, Bear Comrade",2.0,['G'],['G'],['Legendary'],['Creature'],"['Bear', 'Warrior']",Rare,HBG,2,2,None,"Reach, trample\nWard {2}\nSpecialize {4}"
"Skanos, White Dragon Vassal",6.0,"['G', 'W']","['G', 'W']",['Legendary'],['Creature'],"['Dragon', 'Ranger']",Uncommon,HBG,4,4,None,"Lifelink\nWhenever Skanos, White Dragon Vassal attacks, another target attacking creature gains lifelink and gets +X/+0 until end of turn, where X is Skanos's power."
Hag of Ceaseless Torment,3.0,['B'],['B'],None,['Creature'],"['Hag', 'Warlock']",Rare,HBG,2,2,None,"At the beginning of your upkeep, each opponent loses 3 life unless that player sacrifices a nonland permanent or discards a card."
"Lukamina, Crocodile Form",4.0,"['G', 'U']","['G', 'U']",['Legendary'],['Creature'],"['Crocodile', 'Druid']",Mythic,HBG,4,4,None,"When this creature specializes, tap target nonland permanent an opponent controls. That permanent doesn't untap during its controller's untap step for as long as you control Lukamina, Crocodile Form.\nWhen Lukamina, Crocodile Form dies, it unspecializes. If it unspecializes this way, return it to the battlefield tapped."
"Skanos, Black Dragon Vassal",6.0,"['B', 'G']","['B', 'G']",['Legendary'],['Creature'],"['Dragon', 'Ranger']",Uncommon,HBG,5,5,None,"Menace\nWhenever Skanos, Black Dragon Vassal attacks, another target attacking creature gains menace and gets +X/+0 until end of turn, where X is Skanos's power."
"Lukamina, Wolf Form",4.0,"['G', 'R']","['G', 'R']",['Legendary'],['Creature'],"['Wolf', 'Druid']",Mythic,HBG,4,4,None,"Menace\nWhenever this creature specializes or attacks, create a 2/2 green Wolf creature token.\nWhen Lukamina, Wolf Form dies, it unspecializes. If it unspecializes this way, return it to the battlefield tapped."
"Lukamina, Scorpion Form",4.0,"['B', 'G']","['B', 'G']",['Legendary'],['Creature'],"['Scorpion', 'Druid']",Mythic,HBG,4,4,None,"Deathtouch\nLukamina, Scorpion Form must be blocked if able.\nWhen Lukamina, Scorpion Form dies, it unspecializes. If it unspecializes this way, return it to the battlefield tapped."
"Jaheira, Heroic Harper",3.0,"['G', 'W']","['G', 'W']",['Legendary'],['Creature'],"['Human', 'Elf', 'Druid']",Uncommon,HBG,3,4,None,"Hexproof from artifacts and enchantments\nWhen this creature specializes, destroy up to one target artifact or enchantment. Put a +1/+1 counter on each of up to two other target creatures."
"Jaheira, Ruthless Harper",3.0,"['B', 'G']","['B', 'G']",['Legendary'],['Creature'],"['Human', 'Elf', 'Druid']",Uncommon,HBG,3,4,None,"Hexproof from artifacts and enchantments\nWhen this creature specializes, destroy up to one target artifact or enchantment. Each opponent loses 3 life."
"Jaheira, Insightful Harper",3.0,"['G', 'U']","['G', 'U']",['Legendary'],['Creature'],"['Human', 'Elf', 'Druid']",Uncommon,HBG,3,4,None,"Hexproof from artifacts and enchantments\nWhen this creature specializes, destroy up to one target artifact or enchantment. Scry 2."
"Jaheira, Harper Emissary",2.0,['G'],['G'],['Legendary'],['Creature'],"['Human', 'Elf', 'Druid']",Uncommon,HBG,2,3,None,Specialize {2}\nHexproof from artifacts and enchantments
Wyll of the Elder Pact,6.0,"['R', 'U']","['R', 'U']",['Legendary'],['Creature'],"['Human', 'Warlock']",Mythic,HBG,5,5,None,"When this creature specializes, you may sacrifice another creature or an artifact. When you do, return target instant or sorcery card from your graveyard to your hand."
Wyll of the Fey Pact,6.0,"['G', 'R']","['G', 'R']",['Legendary'],['Creature'],"['Human', 'Warlock']",Mythic,HBG,5,5,None,"When this creature specializes, you may sacrifice another creature or an artifact. If you do, Wyll of the Fey Pact perpetually gets +3/+3 and gains trample."
"Karlach, Tiefling Spellrager",3.0,"['R', 'U']","['R', 'U']",['Legendary'],['Creature'],"['Tiefling', 'Barbarian']",Rare,HBG,4,4,None,"First strike, haste\nWhen this card specializes from your graveyard, return it from your graveyard to the battlefield. It perpetually gains ""This creature can't block.""\nWhen this card specializes from any zone, seek an instant or sorcery card with mana value 3 or less. Until end of turn, you may cast that card without paying its mana cost."
"Wyll, Pact-Bound Duelist",5.0,['R'],['R'],['Legendary'],['Creature'],"['Human', 'Warlock']",Mythic,HBG,4,4,None,"Specialize {2}\nWhen Wyll, Pact-Bound Duelist enters the battlefield, gain control of target artifact or creature an opponent controls with mana value 4 or less until the end of your next turn."
"Karlach, Tiefling Punisher",3.0,"['B', 'R']","['B', 'R']",['Legendary'],['Creature'],"['Tiefling', 'Barbarian']",Rare,HBG,4,4,None,"First strike, haste\nWhen this card specializes from your graveyard, return it from your graveyard to the battlefield. It perpetually gains ""This creature can't block.""\nWhen this card specializes from any zone, you may sacrifice a creature. If you do, you draw two cards and each opponent loses 2 life."
"Imoen, Wise Trickster",3.0,"['G', 'U']","['G', 'U']",['Legendary'],['Creature'],"['Human', 'Rogue', 'Wizard']",Rare,HBG,3,2,None,"Imoen, Wise Trickster can't be blocked.\nWhenever Imoen deals combat damage to a player, you may exile an instant or sorcery card from your graveyard. If you do, draw a card and you may play an additional land this turn."
"Imoen, Trickster Friend",2.0,['U'],['U'],['Legendary'],['Creature'],"['Human', 'Rogue', 'Wizard']",Rare,HBG,2,1,None,"Specialize {5}. This ability costs {3} less to activate if there are two or more instant and/or sorcery cards in your graveyard.\nImoen, Trickster Friend can't be blocked as long as it's attacking alone."
"Rasaad, Dragon Monk",4.0,"['U', 'W']","['U', 'W']",['Legendary'],['Creature'],"['Human', 'Monk']",Uncommon,HBG,4,4,None,"When Rasaad, Dragon Monk dies, create two 1/1 blue Faerie Dragon creature tokens with flying."
"Gale, Holy Conduit",5.0,"['U', 'W']","['U', 'W']",['Legendary'],['Creature'],"['Human', 'Wizard']",Mythic,HBG,4,5,None,"Whenever you cast an instant or sorcery spell, create a 1/1 white Pegasus creature token with flying."
"Alora, Cheerful Swashbuckler",5.0,"['R', 'U']","['R', 'U']",['Legendary'],['Creature'],"['Halfling', 'Rogue']",Uncommon,HBG,4,4,None,"Whenever you attack, up to one target attacking creature can't be blocked this turn. At the beginning of the next end step, return that creature to its owner's hand. If you do, create a Treasure token."
"Rasaad, Radiant Monk",4.0,['W'],['W'],['Legendary'],['Creature'],"['Human', 'Monk']",Uncommon,HBG,4,4,None,"When this creature specializes, target creature card exiled with this creature perpetually loses all abilities and has base power and toughness 1/1."
"Rasaad, Sylvan Monk",4.0,"['G', 'W']","['G', 'W']",['Legendary'],['Creature'],"['Human', 'Monk']",Uncommon,HBG,4,4,None,"When Rasaad, Sylvan Monk dies, create two 2/2 green Boar creature tokens."
"Rasaad, Monk of Selûne",3.0,['W'],['W'],['Legendary'],['Creature'],"['Human', 'Monk']",Uncommon,HBG,2,2,None,"Specialize {5}\nWhen Rasaad, Monk of Selûne enters the battlefield, exile target creature an opponent controls until this creature leaves the battlefield."
"Lulu, Curious Hollyphant",4.0,"['U', 'W']","['U', 'W']",['Legendary'],['Creature'],"['Elephant', 'Angel']",Uncommon,HBG,2,4,None,"Flying\nWhenever you attack with one or more other creatures with flying, draw that many cards, then discard a card."
"Lulu, Forgetful Hollyphant",3.0,['W'],['W'],['Legendary'],['Creature'],"['Elephant', 'Angel']",Uncommon,HBG,1,3,None,"Flying\nSpecialize {2}\nWhen Lulu, Forgetful Hollyphant enters the battlefield, you get a one-time boon with ""When you cast a creature spell without flying, it perpetually gains flying."""
"Ambergris, Agent of Tyranny",4.0,"['B', 'R']","['B', 'R']",['Legendary'],['Creature'],"['Dwarf', 'Cleric']",Uncommon,HBG,4,3,None,"Haste\nWhenever Ambergris, Agent of Tyranny attacks, you may discard your hand and draw two cards. When you do, target creature an opponent controls gets -X/-X until end of turn, where X is the number of cards you've discarded this turn."
"Viconia, Disciple of Rebirth",3.0,"['B', 'W']","['B', 'W']",['Legendary'],['Creature'],"['Elf', 'Cleric']",Uncommon,HBG,3,4,None,"When this creature specializes, conjure a duplicate of target creature card exiled with this creature into your hand. The duplicate perpetually gains ""You may spend mana as though it were mana of any color to cast this spell."" If it has mana value 3 or less, you may put it onto the battlefield.\n{1}: Exile target card from a graveyard."
"Viconia, Disciple of Violence",3.0,"['B', 'R']","['B', 'R']",['Legendary'],['Creature'],"['Elf', 'Cleric']",Uncommon,HBG,3,4,None,"When this creature specializes, conjure a duplicate of target creature card exiled with this creature into your hand. The duplicate perpetually gets +1/+0 and gains haste and ""You may spend mana as though it were mana of any color to cast this spell.""\n{1}: Exile target card from a graveyard."
"Viconia, Disciple of Strength",3.0,"['B', 'G']","['B', 'G']",['Legendary'],['Creature'],"['Elf', 'Cleric']",Uncommon,HBG,3,4,None,"When this creature specializes, conjure a duplicate of target creature card exiled with this creature into your hand. The duplicate perpetually gets +2/+2 and gains ""You may spend mana as though it were mana of any color to cast this spell.""\n{1}: Exile target card from a graveyard."
"Viconia, Nightsinger's Disciple",2.0,['B'],['B'],['Legendary'],['Creature'],"['Elf', 'Cleric']",Uncommon,HBG,2,3,None,Specialize {2}\n{1}: Exile target card from a graveyard.
"Shadowheart, Cleric of Trickery",3.0,"['B', 'U']","['B', 'U']",['Legendary'],['Creature'],"['Human', 'Elf', 'Cleric']",Rare,HBG,4,4,None,"Deathtouch\nAt the beginning of your end step, Shadowheart, Cleric of Trickery deals 1 damage to each player.\nWhenever you lose life during your turn, draw a card."
"Shadowheart, Cleric of Twilight",3.0,"['B', 'G']","['B', 'G']",['Legendary'],['Creature'],"['Human', 'Elf', 'Cleric']",Rare,HBG,4,4,None,"Deathtouch\nShadowheart, Cleric of Twilight can't be blocked by creatures with power 2 or less.\nAt the beginning of your end step, Shadowheart deals 1 damage to each player.\nWhenever you lose life during your turn, put a +1/+1 counter on Shadowheart."
"Shadowheart, Sharran Cleric",2.0,['B'],['B'],['Legendary'],['Creature'],"['Human', 'Elf', 'Cleric']",Rare,HBG,2,2,None,"Deathtouch\nSpecialize {2}. Activate only if a player has 13 or less life.\nAt the beginning of your end step, Shadowheart, Sharran Cleric deals 1 damage to each player."
"Sarevok, Deceitful Usurper",5.0,"['B', 'U']","['B', 'U']",['Legendary'],['Creature'],"['Human', 'Knight']",Uncommon,HBG,4,4,None,"At the beginning of combat on your turn, target creature you control gets +X/+0 until end of turn, where X is the number of creature, instant, and sorcery cards in your graveyard."
"Alora, Cheerful Mastermind",5.0,"['U', 'W']","['U', 'W']",['Legendary'],['Creature'],"['Halfling', 'Rogue']",Uncommon,HBG,4,4,None,"Whenever you attack, up to one target attacking creature can't be blocked this turn. At the beginning of the next end step, return that creature to its owner's hand. If you do, create a 1/1 white Soldier creature token."
"Sarevok, Deadly Usurper",5.0,['B'],['B'],['Legendary'],['Creature'],"['Human', 'Knight']",Uncommon,HBG,4,4,None,"When this creature specializes, seek a creature card and put it into your graveyard, then conjure two duplicates of it into your graveyard.\nAt the beginning of combat on your turn, target creature you control gets +X/+0 until end of turn, where X is the number of creature cards in your graveyard."
Sarevok the Usurper,4.0,['B'],['B'],['Legendary'],['Creature'],"['Human', 'Knight']",Uncommon,HBG,3,3,None,"Specialize {3}\nAt the beginning of combat on your turn, target creature you control gets +X/+0 until end of turn, where X is the number of creature cards in your graveyard."
"Vhal, Scholar of Elements",4.0,"['R', 'U']","['R', 'U']",['Legendary'],['Creature'],"['Human', 'Wizard']",Uncommon,HBG,4,4,None,"When this creature specializes, remove all study counters from it. When you do, Vhal, Scholar of Elements deals that much damage to target creature or planeswalker an opponent controls.\n{T}: Draw a card, then discard a card."
"Vhal, Scholar of Mortality",4.0,"['B', 'U']","['B', 'U']",['Legendary'],['Creature'],"['Human', 'Wizard']",Uncommon,HBG,4,4,None,"When this creature specializes, remove all study counters from it. When you do, put target creature card with mana value less than or equal to the number of study counters removed this way from a graveyard onto the battlefield under your control.\n{T}: Draw a card, then discard a card."
"Imoen, Honorable Trickster",3.0,"['U', 'W']","['U', 'W']",['Legendary'],['Creature'],"['Human', 'Rogue', 'Wizard']",Rare,HBG,3,2,None,"Imoen, Honorable Trickster can't be blocked.\nWhenever Imoen deals combat damage to a player, you may exile an instant or sorcery card from your graveyard. If you do, put a +1/+1 counter on each creature you control."
"Lae'zel, Blessed Warrior",5.0,['W'],['W'],['Legendary'],['Creature'],"['Gith', 'Warrior']",Rare,HBG,3,6,None,"Double strike\nWhen this creature enters the battlefield or specializes, seek a nonland permanent card with mana value 3 or less."
"Imoen, Chaotic Trickster",3.0,"['R', 'U']","['R', 'U']",['Legendary'],['Creature'],"['Human', 'Rogue', 'Wizard']",Rare,HBG,3,2,None,"Imoen, Chaotic Trickster can't be blocked.\nWhenever Imoen deals combat damage to a player, you may exile an instant or sorcery card from your graveyard. If you do, Imoen deals 2 damage to each opponent."
"Gale, Temporal Conduit",5.0,['U'],['U'],['Legendary'],['Creature'],"['Human', 'Wizard']",Mythic,HBG,4,5,None,"Whenever you cast an instant or sorcery spell, draw a card, then discard a card."
"Lae'zel, Wrathful Warrior",5.0,"['R', 'W']","['R', 'W']",['Legendary'],['Creature'],"['Gith', 'Warrior']",Rare,HBG,3,6,None,"Double strike\nWhen this creature enters the battlefield or specializes, create two 1/1 white Soldier creature tokens."
"Lae'zel, Callous Warrior",5.0,"['B', 'W']","['B', 'W']",['Legendary'],['Creature'],"['Gith', 'Warrior']",Rare,HBG,3,6,None,"Double strike\nWhen this creature enters the battlefield or specializes, return up to two target creature cards with total mana value 3 or less from your graveyard to the battlefield."
Ancient Copper Dragon,6.0,['R'],['R'],None,['Creature'],"['Elder', 'Dragon']",Mythic,HBG,6,5,None,"Flying\nWhenever Ancient Copper Dragon deals combat damage to a player, roll a d20. You create a number of Treasure tokens equal to the result."
"Klement, Nature Acolyte",3.0,"['G', 'W']","['G', 'W']",['Legendary'],['Creature'],"['Tiefling', 'Cleric']",Rare,HBG,4,4,None,"When Klement, Nature Acolyte leaves the battlefield, create a 4/4 green Ox creature token."
"Klement, Knowledge Acolyte",3.0,"['U', 'W']","['U', 'W']",['Legendary'],['Creature'],"['Tiefling', 'Cleric']",Rare,HBG,3,4,None,"Vigilance\nWhen this creature specializes, seek three nonland permanent cards. Choose one of those cards and shuffle the rest into your library."
"Gut, Zealous Fanatic",7.0,"['R', 'W']","['R', 'W']",['Legendary'],['Creature'],"['Goblin', 'Shaman']",Uncommon,HBG,5,4,None,"When this creature specializes, create two tokens that are copies of a creature card exiled with this creature, except they're 2/2 and have haste. Sacrifice them at the beginning of your next end step."
Skullport Merchant,3.0,['B'],['B'],None,['Creature'],"['Dwarf', 'Citizen']",Uncommon,HBG,1,4,None,"When Skullport Merchant enters the battlefield, create a Treasure token. (It's an artifact with ""{T}, Sacrifice this artifact: Add one mana of any color."")\n{1}{B}, Sacrifice another creature or a Treasure: Draw a card."
Grim Wanderer,2.0,['B'],['B'],None,['Creature'],"['Goblin', 'Warlock']",Uncommon,HBG,5,3,None,Flash\nTragic Backstory — Cast this spell only if a creature died this turn.
Grim Hireling,4.0,['B'],['B'],None,['Creature'],"['Tiefling', 'Rogue']",Rare,HBG,3,2,None,"Whenever one or more creatures you control deal combat damage to a player, create two Treasure tokens.\n{B}, Sacrifice X Treasures: Target creature gets -X/-X until end of turn. Activate only as a sorcery."
Grim Bounty,4.0,['B'],['B'],None,['Sorcery'],None,Common,HBG,None,None,None,"Destroy target creature or planeswalker. Create a Treasure token. (It's an artifact with ""{T}, Sacrifice this artifact: Add one mana of any color."")"
Gray Slaad // Entropic Decay,3.0,['B'],['B'],None,['Creature'],"['Frog', 'Horror']",Common,HBG,4,1,None,"As long as there are four or more creature cards in your graveyard, Gray Slaad has menace and deathtouch."
Ghost Lantern // Bind Spirit,1.0,['B'],['B'],None,['Artifact'],['Equipment'],Uncommon,HBG,None,None,None,"Whenever a creature you control dies, put a +1/+1 counter on equipped creature.\nEquip {1}"
A-Eyes of the Beholder,5.0,['B'],['B'],None,['Instant'],None,Common,HBG,None,None,None,Target creature gets -11/-11 until end of turn.
Eldritch Pact,7.0,['B'],['B'],None,['Sorcery'],None,Rare,HBG,None,None,None,"Target player draws X cards and loses X life, where X is the number of cards in their graveyard."
Demogorgon's Clutches,3.0,['B'],['B'],None,['Sorcery'],None,Common,HBG,None,None,None,"Target opponent discards two cards, mills two cards, and loses 2 life. (To mill a card, a player puts the top card of their library into their graveyard.)"
Chain Devil,4.0,['B'],['B'],None,['Creature'],['Devil'],Common,HBG,4,2,None,"Animate Chains — When Chain Devil enters the battlefield, each player sacrifices a nontoken creature."
Cast Down,2.0,['B'],['B'],None,['Instant'],None,Uncommon,HBG,None,None,None,Destroy target nonlegendary creature.
Blood Money,7.0,['B'],['B'],None,['Sorcery'],None,Mythic,HBG,None,None,None,"Destroy all creatures. For each nontoken creature destroyed this way, you create a tapped Treasure token."
Black Dragon,7.0,['B'],['B'],None,['Creature'],['Dragon'],Uncommon,HBG,4,4,None,"Flying\nAcid Breath — When Black Dragon enters the battlefield, target creature an opponent controls gets -3/-3 until end of turn."
Baleful Beholder,6.0,['B'],['B'],None,['Creature'],['Beholder'],Common,HBG,6,5,None,"When Baleful Beholder enters the battlefield, choose one —\n• Antimagic Cone — Each opponent sacrifices an enchantment.\n• Fear Ray — Creatures you control gain menace until end of turn. (A creature with menace can't be blocked except by two or more creatures.)"
Ancient Brass Dragon,7.0,['B'],['B'],None,['Creature'],"['Elder', 'Dragon']",Mythic,HBG,7,6,None,"Flying\nWhenever Ancient Brass Dragon deals combat damage to a player, roll a d20. When you do, put any number of target creature cards with total mana value X or less from graveyards onto the battlefield under your control, where X is the result."
You Find the Villains' Lair,3.0,['U'],['U'],None,['Instant'],None,Common,HBG,None,None,None,"Choose one —\n• Foil Their Scheme — Counter target spell.\n• Learn Their Secrets — Draw two cards, then discard two cards."
You Come to a River,2.0,['U'],['U'],None,['Instant'],None,Common,HBG,None,None,None,Choose one —\n• Fight the Current — Return target nonland permanent to its owner's hand.\n• Find a Crossing — Target creature gets +1/+0 until end of turn and can't be blocked this turn.
Soulknife Spy,3.0,['U'],['U'],None,['Creature'],"['Elf', 'Rogue']",Common,HBG,3,2,None,"Whenever Soulknife Spy deals combat damage to a player, draw a card."
Robe of the Archmagi,3.0,['U'],['U'],None,['Artifact'],['Equipment'],Rare,HBG,None,None,None,"Whenever equipped creature deals combat damage to a player, you draw that many cards.\nEquip {4}\nEquip Shaman, Warlock, or Wizard {1}"
Ray of Frost,2.0,['U'],['U'],None,['Enchantment'],['Aura'],Uncommon,HBG,None,None,None,"Flash\nEnchant creature\nWhen Ray of Frost enters the battlefield, if enchanted creature is red, tap it.\nAs long as enchanted creature is red, it loses all abilities.\nEnchanted creature doesn't untap during its controller's untap step."
Pseudodragon Familiar,3.0,['U'],['U'],None,['Creature'],['Dragon'],Common,HBG,2,1,None,Flying\n{2}{U}: Target creature gains flying until end of turn.
Lapis Orb of Dragonkind,3.0,['U'],['U'],None,['Artifact'],None,Uncommon,HBG,None,None,None,"{T}: Add {U}. When you spend this mana to cast a Dragon creature spell, scry 2. (Look at the top two cards of your library, then put any number of them on the bottom of your library and the rest on top in any order.)"
Sepulcher Ghoul,2.0,['B'],['B'],None,['Creature'],['Zombie'],Common,HBG,2,1,None,Sacrifice another creature: Sepulcher Ghoul gets +2/+2 until end of turn. Activate only once each turn.
Intellect Devourer,4.0,['B'],['B'],None,['Creature'],['Horror'],Rare,HBG,2,4,None,"Devour Intellect — When Intellect Devourer enters the battlefield, each opponent exiles a card from their hand until Intellect Devourer leaves the battlefield.\nBody Thief — You may play lands and cast spells from among cards exiled with Intellect Devourer. If you cast a spell this way, you may spend mana as though it were mana of any color to cast it."
A-Guildsworn Prowler,2.0,['B'],['B'],None,['Creature'],"['Tiefling', 'Rogue', 'Assassin']",Common,HBG,1,1,None,"Deathtouch\nWhen Guildsworn Prowler dies, if it wasn't blocking, draw a card."
Manticore,4.0,['B'],['B'],None,['Creature'],['Manticore'],Common,HBG,2,1,None,"Flash\nFlying\nTail Spikes — When Manticore enters the battlefield, destroy target creature an opponent controls that was dealt damage this turn."
A-Kenku Artificer,3.0,['U'],['U'],None,['Creature'],"['Bird', 'Artificer']",Uncommon,HBG,1,3,None,"Homunculus Servant — When Kenku Artificer enters the battlefield, put three +1/+1 counters on up to one target noncreature artifact. That artifact becomes a 0/0 Homunculus artifact creature with flying."
Kenku Artificer,3.0,['U'],['U'],None,['Creature'],"['Bird', 'Artificer']",Uncommon,HBG,1,1,None,"Homunculus Servant — When Kenku Artificer enters the battlefield, put three +1/+1 counters on up to one target noncreature artifact. That artifact becomes a 0/0 Homunculus artifact creature with flying."
Juvenile Mist Dragon,5.0,['U'],['U'],None,['Creature'],['Dragon'],Uncommon,HBG,4,3,None,"Flying\nConfounding Clouds — When Juvenile Mist Dragon enters the battlefield, for each opponent, tap up to one target creature that player controls. Each of those creatures doesn't untap during its controller's next untap step."
Irenicus's Vile Duplication,4.0,['U'],['U'],None,['Sorcery'],None,Uncommon,HBG,None,None,None,"Create a token that's a copy of target creature you control, except the token has flying and it isn't legendary."
"Klement, Tempest Acolyte",3.0,"['R', 'W']","['R', 'W']",['Legendary'],['Creature'],"['Tiefling', 'Cleric']",Rare,HBG,2,3,None,"Double strike\nWhenever Klement, Tempest Acolyte is dealt damage, it deals that much damage to any target."
"Klement, Life Acolyte",3.0,['W'],['W'],['Legendary'],['Creature'],"['Tiefling', 'Cleric']",Rare,HBG,3,3,None,"Lifelink\nWhen this creature specializes, you get a one-time boon with ""When you cast a creature spell, that creature enters the battlefield with a lifelink counter on it."""
Illithid Harvester // Plant Tadpoles,5.0,['U'],['U'],None,['Creature'],['Horror'],Rare,HBG,4,4,None,"Ceremorphosis — When Illithid Harvester enters the battlefield, turn any number of target tapped nontoken creatures face down. They're 2/2 Horror creatures."
"Gut, Devious Fanatic",7.0,"['R', 'U']","['R', 'U']",['Legendary'],['Creature'],"['Goblin', 'Shaman']",Uncommon,HBG,5,4,None,"When this creature specializes, create a token that's a copy of a creature card exiled with this creature, except it's 3/3 and has flying and haste. Sacrifice it at the beginning of your next end step."
Guild Thief,2.0,['U'],['U'],None,['Creature'],"['Orc', 'Rogue']",Uncommon,HBG,1,1,None,"Whenever Guild Thief deals combat damage to a player, put a +1/+1 counter on it.\nCunning Action — {3}{U}: Guild Thief can't be blocked this turn."
A-Goggles of Night,2.0,['U'],['U'],None,['Artifact'],['Equipment'],Uncommon,HBG,None,None,None,"Whenever equipped creature deals combat damage to a player, scry 1, then draw a card. (To scry 1, look at the top card of your library, then you may put that card on the bottom of your library.)\nEquip {1} ({1}: Attach to target creature you control. Equip only as a sorcery.)"
Goggles of Night,2.0,['U'],['U'],None,['Artifact'],['Equipment'],Uncommon,HBG,None,None,None,"Whenever equipped creature deals combat damage to a player, scry 1, then draw a card. (To scry 1, look at the top card of your library, then you may put that card on the bottom of your library.)\nEquip {2} ({2}: Attach to target creature you control. Equip only as a sorcery.)"
Gale's Redirection,5.0,['U'],['U'],None,['Instant'],None,Rare,HBG,None,None,None,"Exile target spell, then roll a d20 and add that spell's mana value.\n1—14 | You may cast the exiled card for as long as it remains exiled, and you may spend mana as though it were mana of any color to cast that spell.\n15+ | You may cast the exiled card without paying its mana cost for as long as it remains exiled."
Dream Fracture,3.0,['U'],['U'],None,['Instant'],None,Uncommon,HBG,None,None,None,Counter target spell. Its controller draws a card.\nDraw a card.
A-Dragonborn Looter,1.0,['U'],['U'],None,['Creature'],"['Dragon', 'Rogue']",Common,HBG,1,2,None,"{1}, {T}: Draw a card, then discard a card."
Draconic Lore,6.0,['U'],['U'],None,['Instant'],None,Uncommon,HBG,None,None,None,This spell costs {2} less to cast if you control a Dragon.\nDraw three cards.
Displacer Kitten,4.0,['U'],['U'],None,['Creature'],"['Cat', 'Beast']",Rare,HBG,2,2,None,"Avoidance — Whenever you cast a noncreature spell, exile up to one target nonland permanent you control, then return that card to the battlefield under its owner's control."
Contact Other Plane,4.0,['U'],['U'],None,['Instant'],None,Common,HBG,None,None,None,"Roll a d20.\n1—9 | Draw two cards.\n10—19 | Scry 2, then draw two cards.\n20 | Scry 3, then draw three cards."
Charmed Sleep,3.0,['U'],['U'],None,['Enchantment'],['Aura'],Common,HBG,None,None,None,"Enchant creature\nWhen Charmed Sleep enters the battlefield, tap enchanted creature.\nEnchanted creature doesn't untap during its controller's untap step."
Ancient Silver Dragon,8.0,['U'],['U'],None,['Creature'],"['Elder', 'Dragon']",Mythic,HBG,8,8,None,"Flying\nWhenever Ancient Silver Dragon deals combat damage to a player, roll a d20. Draw cards equal to the result. You have no maximum hand size for the rest of the game."
You're Confronted by Robbers,4.0,['W'],['W'],None,['Instant'],None,Uncommon,HBG,None,None,None,Choose one —\n• Stall for Time — Tap up to three target creatures.\n• Call for Aid — Create three 1/1 white Soldier creature tokens.
You're Ambushed on the Road,1.0,['W'],['W'],None,['Instant'],None,Common,HBG,None,None,None,Choose one —\n• Make a Retreat — Return target creature you control to its owner's hand.\n• Stand and Fight — Target creature gets +1/+3 until end of turn.
Stick Together,5.0,['W'],['W'],None,['Sorcery'],None,Rare,HBG,None,None,None,"Each player chooses a party from among creatures they control, then sacrifices the rest. (To choose a party, choose up to one each of Cleric, Rogue, Warrior, and Wizard.)"
Scouting Hawk,3.0,['W'],['W'],None,['Creature'],['Bird'],Uncommon,HBG,1,1,None,"Flying\nKeen Sight — When Scouting Hawk enters the battlefield, if an opponent controls more lands than you, search your library for a basic Plains card, put it onto the battlefield tapped, then shuffle."
A-Steadfast Unicorn,1.0,['W'],['W'],None,['Creature'],['Unicorn'],Common,HBG,1,2,None,{4}{W}: Creatures you control get +1/+1 and gain vigilance until end of turn. Activate only during your turn.
Rescuer Chwinga,2.0,['W'],['W'],None,['Creature'],"['Elemental', 'Spirit']",Uncommon,HBG,2,2,None,"Flash\nNatural Shelter — When Rescuer Chwinga enters the battlefield, you may return another permanent you control to its owner's hand."
Priest of Ancient Lore,3.0,['W'],['W'],None,['Creature'],"['Dwarf', 'Cleric']",Common,HBG,2,1,None,"When Priest of Ancient Lore enters the battlefield, you gain 1 life and draw a card."
Pegasus Guardian // Rescue the Foal,6.0,['W'],['W'],None,['Creature'],['Pegasus'],Uncommon,HBG,3,3,None,"Flying\nAt the beginning of your end step, if a permanent you controlled left the battlefield this turn, create a 1/1 white Pegasus creature token with flying."
Monk of the Open Hand,1.0,['W'],['W'],None,['Creature'],"['Elf', 'Monk']",Uncommon,HBG,1,1,None,"Flurry of Blows — Whenever you cast your second spell each turn, put a +1/+1 counter on Monk of the Open Hand."
Lae'zel's Acrobatics,4.0,['W'],['W'],None,['Instant'],None,Rare,HBG,None,None,None,"Exile all nontoken creatures you control, then roll a d20.\n1—9 | Return those cards to the battlefield under their owner's control at the beginning of the next end step.\n10—20 | Return those cards to the battlefield under their owner's control, then exile them again. Return those cards to the battlefield under their owner's control at the beginning of the next end step."
Flaming Fist Officer,3.0,['W'],['W'],None,['Creature'],"['Gnome', 'Soldier']",Common,HBG,2,2,None,"Whenever another creature you control leaves the battlefield, put a +1/+1 counter on Flaming Fist Officer."
A-Dawnbringer Cleric,2.0,['W'],['W'],None,['Creature'],"['Human', 'Cleric']",Common,HBG,1,4,None,"When Dawnbringer Cleric enters the battlefield, choose one —\n• Cure Wounds — You gain 2 life.\n• Dispel Magic — Destroy target enchantment.\n• Gentle Repose — Exile target card from a graveyard."
Celestial Unicorn,3.0,['W'],['W'],None,['Creature'],['Unicorn'],Common,HBG,3,2,None,"Whenever you gain life, put a +1/+1 counter on Celestial Unicorn."
A-Blessed Hippogriff // A-Tyr's Blessing,4.0,['W'],['W'],None,['Creature'],['Hippogriff'],Common,HBG,2,3,None,"Flying\nWhenever Blessed Hippogriff attacks, target attacking creature without flying gains flying until end of turn."
Blessed Hippogriff // Tyr's Blessing,4.0,['W'],['W'],None,['Creature'],['Hippogriff'],Common,HBG,2,3,None,"Flying\nWhenever Blessed Hippogriff attacks, target attacking creature without flying gains flying until end of turn."
Archivist of Oghma,2.0,['W'],['W'],None,['Creature'],"['Halfling', 'Cleric']",Rare,HBG,2,2,None,"Flash\nWhenever an opponent searches their library, you gain 1 life and draw a card."
Gate to Tumbledown,0.0,None,['R'],None,['Land'],"['Mountain', 'Gate']",Uncommon,HBG,None,None,None,"Gate to Tumbledown enters the battlefield tapped.\n{3}{R}, {T}: Seek a nonland card. Activate only once.\n{T}: Add {R}."
Gate to Seatower,0.0,None,['U'],None,['Land'],"['Island', 'Gate']",Uncommon,HBG,None,None,None,"Gate to Seatower enters the battlefield tapped.\n{3}{U}, {T}: Seek a nonland card. Activate only once.\n{T}: Add {U}."
Gate of the Black Dragon,0.0,None,['B'],None,['Land'],"['Swamp', 'Gate']",Uncommon,HBG,None,None,None,"Gate of the Black Dragon enters the battlefield tapped.\n{3}{B}, {T}: Seek a nonland card. Activate only once.\n{T}: Add {B}."
"Tasha, Unholy Archmage",4.0,"['B', 'U']","['B', 'U']",['Legendary'],['Planeswalker'],['Tasha'],Mythic,HBG,None,None,4,"[+1]: Until your next turn, whenever a creature attacks you or Tasha, Unholy Archmage, put a -1/-1 counter on that creature.\n[−2]: Target opponent puts a creature card of their choice from their graveyard onto the battlefield under your control. That creature gains ward {2}.\n[−6]: Target opponent reveals cards from the top of their library until they reveal three creature cards. Put those cards onto the battlefield under your control. That player puts the rest into their graveyard."
Liara of the Flaming Fist,2.0,"['R', 'W']","['R', 'W']",['Legendary'],['Creature'],"['Human', 'Soldier']",Uncommon,HBG,2,2,None,"At the beginning of each combat, each creature you control gets +1/+1 until end of turn if it has the same name as another creature you control or a creature card in your graveyard.\n{1}{R}{W}: Another target nontoken creature you control gains first strike and double team until end of turn. Activate only as a sorcery and only once."
Yuan-Ti Scaleshield,3.0,['G'],['G'],None,['Instant'],None,Rare,HBG,None,None,None,Permanents you control gain hexproof and indestructible until end of turn.\nSeek a creature card if an opponent has cast a spell with mana value 3 or less this turn.
Verdant Rejuvenation,8.0,['G'],['G'],None,['Sorcery'],None,Mythic,HBG,None,None,None,"Seek X creature, enchantment, and/or planeswalker cards, where X is the highest mana value among creatures you control. Put those cards onto the battlefield."
Follow the Tracks,3.0,['G'],['G'],None,['Sorcery'],None,Common,HBG,None,None,None,Conjure a card of your choice from Follow the Tracks's spellbook onto the battlefield.
Arcane Archery,3.0,['G'],['G'],None,['Instant'],None,Common,HBG,None,None,None,"Target creature gets +3/+3 and gains reach and trample until end of turn.\nYou get a one-time boon with ""When you cast a creature spell, that creature enters the battlefield with an additional +1/+1 counter, reach counter, and trample counter on it."""
Uthgardt Fury,3.0,['R'],['R'],None,['Enchantment'],None,Rare,HBG,None,None,None,"When Uthgardt Fury enters the battlefield, it deals 4 damage to any target.\nDamage isn't removed from creatures your opponents control during cleanup steps."
Tiefling Outcasts,1.0,['R'],['R'],None,['Creature'],"['Tiefling', 'Peasant']",Rare,HBG,1,1,None,"Double team\nOther Demons, Devils, Imps, and Tieflings you control get +1/+0."
Kobold Warcaller,1.0,['R'],['R'],None,['Creature'],['Kobold'],Common,HBG,1,1,None,{T}: Choose a creature card in your hand. It perpetually gains haste.
Incessant Provocation,4.0,['R'],['R'],None,['Sorcery'],None,Common,HBG,None,None,None,"Gain control of target creature until end of turn. Untap that creature. It gains haste until end of turn. It perpetually gains ""This creature attacks each combat if able."""
Gnoll Hunting Party,6.0,['R'],['R'],None,['Creature'],['Gnoll'],Uncommon,HBG,4,4,None,"This spell costs {1} less to cast for each creature you attacked with this turn.\nDouble team\nAs long as it's your turn, Gnoll Hunting Party has first strike."
Genasi Rabble-Rouser,2.0,['R'],['R'],None,['Creature'],"['Elemental', 'Shaman']",Common,HBG,1,3,None,Double team\n{1}{R}: Creatures you control named Genasi Rabble-Rouser get +1/+0 until end of turn.
Dragonborn Immolator,4.0,['R'],['R'],None,['Creature'],"['Dragon', 'Shaman']",Uncommon,HBG,2,4,None,"{2}{R}: Dragonborn Immolator gets +1/+0 until end of turn.\nGift of Tiamat — When Dragonborn Immolator dies, if its power is greater than 0, note its power. You get a one-time boon with ""When you cast a creature spell, it perpetually gets +X/+0, where X is the noted number."""
Chaos Balor,5.0,['R'],['R'],None,['Creature'],['Demon'],Mythic,HBG,4,5,None,"Flying\nWhenever Chaos Balor attacks or dies, choose two. Each mode must target a different player.\n• Target player discards all the cards in their hand, then seeks that many nonland cards.\n• Chaos Balor deals 2 damage to target player and they create two Treasure tokens.\n• Chaos Balor deals 2 damage to each creature target player controls. Those creatures perpetually get +2/+0."
Sewer Plague,3.0,['B'],['B'],None,['Instant'],None,Common,HBG,None,None,None,"Target creature an opponent controls perpetually gets -2/-2 and gains ""At the beginning of each upkeep, this creature perpetually gets -1/-1."""
The Hourglass Coven,6.0,['B'],['B'],['Legendary'],['Creature'],"['Hag', 'Warlock']",Rare,HBG,3,3,None,"When The Hourglass Coven enters the battlefield, draft a card from The Hourglass Coven's spellbook twice, then put those cards onto the battlefield.\nOther Warlocks you control get +1/+1."
Grave Choice,3.0,['B'],['B'],None,['Instant'],None,Uncommon,HBG,None,None,None,"Target opponent sacrifices a nontoken creature. If that creature had mana value 2 or less, conjure a duplicate of it into your hand. That duplicate perpetually gains ""You may spend mana as though it were mana of any color to cast this spell."""
Water Weird,4.0,['U'],['U'],None,['Creature'],"['Elemental', 'Weird']",Common,HBG,3,4,None,"Whenever Water Weird deals combat damage to a player, put a +1/+1 counter on Water Weird if the top card of your library is a nonland card. Otherwise, you may mill a card.\n{1}{U}: Water Weird gets +1/-1 until end of turn."
Thayan Evokers,3.0,['U'],['U'],None,['Creature'],"['Human', 'Wizard']",Rare,HBG,1,1,None,"Double team\nWhen Thayan Evokers enters the battlefield, conjure a card named Lightning Bolt into your hand, then discard a card.\nWhenever you conjure one or more cards, put a +1/+1 counter on Thayan Evokers."
Signature Spells,6.0,['U'],['U'],None,['Enchantment'],None,Rare,HBG,None,None,None,"When Signature Spells enters the battlefield, seek two instant and/or sorcery cards with mana value 3, then exile them.\nAt the beginning of your upkeep, you may copy a card exiled with Signature Spells. You may cast the copy without paying its mana cost."
Lizardfolk Librarians,4.0,['U'],['U'],None,['Creature'],['Lizard'],Common,HBG,2,4,None,"Double team\nWhen Lizardfolk Librarians enters the battlefield, scry 2."
"Calim, Djinn Emperor",6.0,['U'],['U'],['Legendary'],['Creature'],"['Djinn', 'Noble']",Rare,HBG,5,6,None,"Flying, ward {2}\nCalim's Breath — {1}{U}, Discard Calim: Tap up to one target nonland permanent. Draw a card. Then you may exile two other cards named Calim, Djinn Emperor from your graveyard. When you do, return Calim, Djinn Emperor from your graveyard to the battlefield tapped.\nWhen you discard Calim, conjure a card named Calim, Djinn Emperor into your library seventh from the top."
Valiant Farewell,2.0,['W'],['W'],None,['Instant'],None,Common,HBG,None,None,None,"Target creature you control gets +2/+0 until end of turn. When that creature leaves the battlefield this turn, you get a boon with ""When you cast your next creature spell, it perpetually gets +2/+0.""\nDraw a card."
Sune's Intervention,6.0,['W'],['W'],None,['Instant'],None,Rare,HBG,None,None,None,Choose one or more —\n• Create two 2/2 white Knight creature tokens.\n• Seek a nonland permanent card with mana value 3 or less.\n• Destroy target artifact.\n• Destroy target enchantment.\n• Target player gains 3 life.
Seatower Imprisonment,4.0,['W'],['W'],None,['Enchantment'],['Aura'],Uncommon,HBG,None,None,None,"Enchant creature or planeswalker you don't control\nWhen Seatower Imprisonment enters the battlefield, conjure a card named Soldiers of the Watch onto the battlefield.\nEnchanted permanent can't attack or block, and its activated abilities can't be activated."
Hag of Twisted Visions,3.0,['B'],['B'],None,['Creature'],"['Hag', 'Warlock']",Rare,HBG,2,2,None,"At the beginning of your upkeep, scry 2."
Hag of Syphoned Breath,3.0,['B'],['B'],None,['Creature'],"['Hag', 'Warlock']",Rare,HBG,2,2,None,"At the beginning of your upkeep, each opponent loses 2 life and you gain 2 life."
Hag of Scoured Thoughts,3.0,['B'],['B'],None,['Creature'],"['Hag', 'Warlock']",Rare,HBG,2,2,None,"At the beginning of your upkeep, each opponent mills five cards. Then exile each opponent's graveyard."
Hag of Noxious Nightmares,3.0,['B'],['B'],None,['Creature'],"['Hag', 'Warlock']",Rare,HBG,2,2,None,Warlocks you control have menace.
Hag of Mage's Doom,3.0,['B'],['B'],None,['Creature'],"['Hag', 'Warlock']",Rare,HBG,2,2,None,"Warlocks you control have ""Ward—Pay 2 life."""
Hag of Inner Weakness,3.0,['B'],['B'],None,['Creature'],"['Hag', 'Warlock']",Rare,HBG,2,2,None,"At the beginning of your upkeep, target creature an opponent controls gets -2/-1 until your next turn."
Hag of Death's Legion,3.0,['B'],['B'],None,['Creature'],"['Hag', 'Warlock']",Rare,HBG,2,2,None,"At the beginning of your upkeep, create a 1/1 black Skeleton creature token."
"Wilson, Majestic Bear",3.0,['G'],['G'],['Legendary'],['Creature'],"['Bear', 'Warrior']",Rare,HBG,5,5,None,"Reach, trample\nWard {2}\n{1}{G}{G}, Exile Wilson from your graveyard: Target creature you control perpetually gets +1/+1 and gains reach, trample, and ward {2}. Activate only as a sorcery."
"Wilson, Urbane Bear",3.0,"['G', 'W']","['G', 'W']",['Legendary'],['Creature'],"['Bear', 'Warrior']",Rare,HBG,3,4,None,"Reach, trample, lifelink\nWard {2}\n{1}{G}{W}, Exile Wilson, Urbane Bear from your graveyard: Target creature you control perpetually gains lifelink. Activate only as a sorcery."
"Wilson, Fearsome Bear",3.0,"['B', 'G']","['B', 'G']",['Legendary'],['Creature'],"['Bear', 'Warrior']",Rare,HBG,4,4,None,"Menace, reach, trample\nWard {2}\n{1}{B}{G}, Exile Wilson, Fearsome Bear from your graveyard: Target creature you control perpetually gains menace. Activate only as a sorcery."
Hag of Dark Duress,3.0,['B'],['B'],None,['Creature'],"['Hag', 'Warlock']",Rare,HBG,2,2,None,"At the beginning of your upkeep, each opponent discards a card."
"Skanos, Blue Dragon Vassal",6.0,"['G', 'U']","['G', 'U']",['Legendary'],['Creature'],"['Dragon', 'Ranger']",Uncommon,HBG,4,4,None,"Flying\nWhenever Skanos, Blue Dragon Vassal attacks, another target attacking creature gains flying and gets +X/+0 until end of turn, where X is Skanos's power."
"Skanos, Red Dragon Vassal",6.0,"['G', 'R']","['G', 'R']",['Legendary'],['Creature'],"['Dragon', 'Ranger']",Uncommon,HBG,5,5,None,"First strike\nWhenever Skanos, Red Dragon Vassal attacks, another target attacking creature gains first strike and gets +X/+0 until end of turn, where X is Skanos's power."
"Skanos, Green Dragon Vassal",6.0,['G'],['G'],['Legendary'],['Creature'],"['Dragon', 'Ranger']",Uncommon,HBG,6,6,None,"Vigilance\nWhenever Skanos, Green Dragon Vassal attacks, untap another target attacking creature. It gets +X/+0 until end of turn, where X is Skanos's power."
"Skanos, Dragon Vassal",5.0,['G'],['G'],['Legendary'],['Creature'],"['Dragon', 'Ranger']",Uncommon,HBG,4,4,None,"Specialize {4}\nWhenever Skanos, Dragon Vassal attacks, another target attacking creature gets +X/+0 until end of turn, where X is Skanos's power."
"Lukamina, Bear Form",4.0,['G'],['G'],['Legendary'],['Creature'],"['Bear', 'Druid']",Mythic,HBG,4,4,None,"Trample\nOther creatures you control get +1/+1 and have trample.\nWhen Lukamina, Bear Form dies, it unspecializes. If it unspecializes this way, return it to the battlefield tapped."
"Lukamina, Moon Druid",3.0,['G'],['G'],['Legendary'],['Creature'],"['Human', 'Druid']",Mythic,HBG,2,2,None,"Wild Shape — Specialize {3}. Activate only if you control six or more lands.\nWhen Lukamina, Moon Druid enters the battlefield, if you cast it, seek a land card with a basic land type."
"Karlach, Tiefling Berserker",3.0,['R'],['R'],['Legendary'],['Creature'],"['Tiefling', 'Barbarian']",Rare,HBG,4,4,None,"First strike, haste\nWhen this card specializes from your graveyard, return it from your graveyard to the battlefield. It perpetually gains ""This creature can't block.""\nWhen this card specializes from any zone, target creature an opponent controls can't block this turn."
"Jaheira, Stirring Harper",3.0,"['G', 'R']","['G', 'R']",['Legendary'],['Creature'],"['Human', 'Elf', 'Druid']",Uncommon,HBG,3,4,None,"Hexproof from artifacts and enchantments\nWhen this creature specializes, destroy up to one target artifact or enchantment. You get a one-time boon with ""When you cast a creature spell, it perpetually gets +1/+0 and gains haste."""
"Jaheira, Merciful Harper",3.0,['G'],['G'],['Legendary'],['Creature'],"['Human', 'Elf', 'Druid']",Uncommon,HBG,3,4,None,"Hexproof from artifacts and enchantments\nWhen this creature specializes, destroy up to one target artifact or enchantment. You gain 4 life."
Wyll of the Celestial Pact,6.0,"['R', 'W']","['R', 'W']",['Legendary'],['Creature'],"['Human', 'Warlock']",Mythic,HBG,5,5,None,"When this creature specializes, you may sacrifice another creature or an artifact. When you do, return target creature card from your graveyard to the battlefield. It gains haste. If its mana value is 4 or greater, sacrifice it at the beginning of your next end step."
Wyll of the Blade Pact,6.0,['R'],['R'],['Legendary'],['Creature'],"['Human', 'Warlock']",Mythic,HBG,5,5,None,"When this creature specializes, you may sacrifice another creature or an artifact. If you do, untap Wyll of the Blade Pact. After this main phase, there is an additional combat phase followed by an additional main phase."
Wyll of the Fiend Pact,6.0,"['B', 'R']","['B', 'R']",['Legendary'],['Creature'],"['Human', 'Warlock']",Mythic,HBG,5,5,None,"When this creature specializes, you may sacrifice another creature or an artifact. When you do, draw three cards unless target opponent pays 5 life."
"Karlach, Tiefling Guardian",3.0,"['G', 'R']","['G', 'R']",['Legendary'],['Creature'],"['Tiefling', 'Barbarian']",Rare,HBG,4,4,None,"First strike, haste\nWhen this card specializes from your graveyard, return it from your graveyard to the battlefield. It perpetually gains ""This creature can't block.""\nWhen this card specializes from any zone, another target creature you control gets +4/+4 until end of turn."
"Karlach, Tiefling Zealot",3.0,"['R', 'W']","['R', 'W']",['Legendary'],['Creature'],"['Tiefling', 'Barbarian']",Rare,HBG,4,4,None,"First strike, haste\nWhen this card specializes from your graveyard, return it from your graveyard to the battlefield. It perpetually gains ""This creature can't block.""\nWhen this card specializes from any zone, create a 2/2 white Knight creature token. Creatures you control get +1/+1 and gain haste until end of turn."
"Rasaad, Warrior Monk",4.0,"['R', 'W']","['R', 'W']",['Legendary'],['Creature'],"['Human', 'Monk']",Uncommon,HBG,4,4,None,"When Rasaad, Warrior Monk dies, create three 1/1 white Soldier creature tokens."
"Alora, Cheerful Thief",5.0,['U'],['U'],['Legendary'],['Creature'],"['Halfling', 'Rogue']",Uncommon,HBG,4,4,None,"Whenever you attack, up to one target attacking creature can't be blocked this turn. At the beginning of the next end step, return that creature to its owner's hand. If you do, a creature of your choice an opponent controls perpetually gets -1/-0."
"Imoen, Wily Trickster",3.0,['U'],['U'],['Legendary'],['Creature'],"['Human', 'Rogue', 'Wizard']",Rare,HBG,3,2,None,"Imoen, Wily Trickster can't be blocked.\nWhenever Imoen deals combat damage to a player, you may exile an instant or sorcery card from your graveyard. When you do, tap target creature an opponent controls. That creature doesn't untap during its controller's next untap step."
"Alora, Cheerful Assassin",5.0,"['B', 'U']","['B', 'U']",['Legendary'],['Creature'],"['Halfling', 'Rogue', 'Assassin']",Uncommon,HBG,4,4,None,"Whenever you attack, up to one target attacking creature can't be blocked this turn. At the beginning of the next end step, return that creature to its owner's hand. If you do, each opponent loses 2 life."
"Gale, Conduit of the Arcane",4.0,['U'],['U'],['Legendary'],['Creature'],"['Human', 'Wizard']",Mythic,HBG,2,3,None,"Specialize {2}\nWhen Gale, Conduit of the Arcane enters the battlefield, if you cast it, return target instant or sorcery card from your graveyard to your hand."
"Gale, Storm Conduit",5.0,"['R', 'U']","['R', 'U']",['Legendary'],['Creature'],"['Human', 'Wizard']",Mythic,HBG,4,5,None,"Whenever you cast an instant or sorcery spell, Gale, Storm Conduit perpetually gains ""Creatures you control get +1/+0."""
"Alora, Rogue Companion",4.0,['U'],['U'],['Legendary'],['Creature'],"['Halfling', 'Rogue']",Uncommon,HBG,3,3,None,"Specialize {2}\nWhenever you attack, up to one target attacking creature can't be blocked this turn. At the beginning of the next end step, return that creature to its owner's hand."
"Alora, Cheerful Scout",5.0,"['G', 'U']","['G', 'U']",['Legendary'],['Creature'],"['Halfling', 'Rogue', 'Scout']",Uncommon,HBG,4,4,None,"Whenever you attack, up to one target attacking creature can't be blocked this turn. At the beginning of the next end step, return that creature to its owner's hand. If you do, it perpetually gets +1/+1."
"Rasaad, Shadow Monk",4.0,"['B', 'W']","['B', 'W']",['Legendary'],['Creature'],"['Human', 'Monk']",Uncommon,HBG,4,4,None,"When Rasaad, Shadow Monk dies, create a 4/1 black Skeleton creature token with menace."
"Lulu, Helpful Hollyphant",4.0,['W'],['W'],['Legendary'],['Creature'],"['Elephant', 'Angel']",Uncommon,HBG,2,4,None,"Flying\nWhenever you attack with one or more other creatures with flying, you gain twice that much life."
"Klement, Death Acolyte",3.0,"['B', 'W']","['B', 'W']",['Legendary'],['Creature'],"['Tiefling', 'Cleric']",Rare,HBG,3,3,None,"When this creature specializes, create two 2/2 black Zombie creature tokens."
"Lulu, Wild Hollyphant",4.0,"['G', 'W']","['G', 'W']",['Legendary'],['Creature'],"['Elephant', 'Angel']",Uncommon,HBG,2,4,None,"Flying\nWhenever you attack with one or more other creatures with flying, those creatures get +2/+2 until end of turn."
"Ambergris, Citadel Agent",3.0,['R'],['R'],['Legendary'],['Creature'],"['Dwarf', 'Cleric']",Uncommon,HBG,3,2,None,"Haste\nSpecialize {3}\nWhenever Ambergris, Citadel Agent attacks, you may discard your hand and draw two cards."
"Viconia, Disciple of Arcana",3.0,"['B', 'U']","['B', 'U']",['Legendary'],['Creature'],"['Elf', 'Cleric']",Uncommon,HBG,3,4,None,"When this creature specializes, choose up to one target creature card and up to one target instant or sorcery card from among cards exiled with this creature. Conjure a duplicate of each of those cards into your hand. The duplicates perpetually gain ""You may spend mana as though it were mana of any color to cast this spell.""\n{1}: Exile target card from a graveyard."
"Lulu, Inspiring Hollyphant",4.0,"['R', 'W']","['R', 'W']",['Legendary'],['Creature'],"['Elephant', 'Angel']",Uncommon,HBG,2,4,None,"Flying\nWhenever you attack with one or more other creatures with flying, create that many 1/1 white Soldier creature tokens that are tapped and attacking."
"Viconia, Disciple of Blood",3.0,['B'],['B'],['Legendary'],['Creature'],"['Elf', 'Cleric']",Uncommon,HBG,3,4,None,"When this creature specializes, conjure a duplicate of target creature card exiled with this creature into your hand. The duplicate perpetually gains ""You may spend mana as though it were mana of any color to cast this spell"" and ""When this creature enters the battlefield, each opponent loses 2 life and you gain 2 life.""\n{1}: Exile target card from a graveyard."
"Shadowheart, Cleric of Order",3.0,"['B', 'W']","['B', 'W']",['Legendary'],['Creature'],"['Human', 'Elf', 'Cleric']",Rare,HBG,4,4,None,"Deathtouch\nAt the beginning of your end step, Shadowheart, Cleric of Order deals 1 damage to each player.\nWhenever you lose life during your turn, create a 2/2 white Knight creature token."
"Shadowheart, Cleric of War",3.0,"['B', 'R']","['B', 'R']",['Legendary'],['Creature'],"['Human', 'Elf', 'Cleric']",Rare,HBG,4,4,None,"Deathtouch\nAt the beginning of your end step, Shadowheart, Cleric of War deals 1 damage to each player.\nWhenever you lose life during your turn, Shadowheart deals that much damage to each opponent."
"Shadowheart, Cleric of Graves",3.0,['B'],['B'],['Legendary'],['Creature'],"['Human', 'Elf', 'Cleric']",Rare,HBG,4,4,None,"Deathtouch, lifelink\nAt the beginning of your end step, Shadowheart, Cleric of Graves deals 1 damage to each player."
"Sarevok, Divine Usurper",5.0,"['B', 'W']","['B', 'W']",['Legendary'],['Creature'],"['Human', 'Knight']",Uncommon,HBG,4,4,None,"First strike\nAt the beginning of combat on your turn, target creature you control gains first strike and gets +X/+0 until end of turn, where X is the number of creature cards in your graveyard."
"Sarevok, Ferocious Usurper",5.0,"['B', 'R']","['B', 'R']",['Legendary'],['Creature'],"['Human', 'Knight']",Uncommon,HBG,4,4,None,"Menace\nAt the beginning of combat on your turn, target creature you control gains menace and gets +X/+0 until end of turn, where X is the number of creature cards in your graveyard."
"Vhal, Scholar of Tactics",4.0,"['U', 'W']","['U', 'W']",['Legendary'],['Creature'],"['Human', 'Wizard']",Uncommon,HBG,4,4,None,"When this creature specializes, remove all study counters from it. When you do, distribute that many +1/+1 counters among any number of target creatures.\n{T}: Draw a card, then discard a card."
"Sarevok, Mighty Usurper",5.0,"['B', 'G']","['B', 'G']",['Legendary'],['Creature'],"['Human', 'Knight']",Uncommon,HBG,4,4,None,"Trample\nAt the beginning of combat on your turn, target creature you control gains trample and gets +X/+0 until end of turn, where X is the number of creature cards in your graveyard."
"Vhal, Scholar of Prophecy",4.0,['U'],['U'],['Legendary'],['Creature'],"['Human', 'Wizard']",Uncommon,HBG,4,4,None,"When this creature specializes, remove all study counters from it. Look at that many cards from the top of your library. Put one of those cards into your hand and the rest on the bottom of your library in a random order.\n{T}: Draw a card, then discard a card."
"Vhal, Scholar of Creation",4.0,"['G', 'U']","['G', 'U']",['Legendary'],['Creature'],"['Human', 'Wizard']",Uncommon,HBG,4,4,None,"When this creature specializes, remove all study counters from it. Seek two creature cards with mana value less than or equal to the number of study counters removed this way. Put one of them onto the battlefield and shuffle the other into your library.\n{T}: Draw a card, then discard a card."
"Gale, Primeval Conduit",5.0,"['G', 'U']","['G', 'U']",['Legendary'],['Creature'],"['Human', 'Wizard']",Mythic,HBG,4,5,None,"Whenever you cast an instant or sorcery spell, put two +1/+1 counters on target creature."
"Vhal, Eager Scholar",3.0,['U'],['U'],['Legendary'],['Creature'],"['Human', 'Wizard']",Uncommon,HBG,2,2,None,"Specialize {5}\n{T}: Draw a card, then discard a card. Put a study counter on Vhal, Eager Scholar."
"Lae'zel, Illithid Thrall",5.0,"['U', 'W']","['U', 'W']",['Legendary'],['Creature'],"['Gith', 'Horror', 'Warrior']",Rare,HBG,3,6,None,"Double strike\nWhen this creature enters the battlefield or specializes, conjure a duplicate of a random creature card from an opponent's library into your hand. It perpetually gains ""You may spend mana as though it were mana of any color to cast this spell."""
"Imoen, Occult Trickster",3.0,"['B', 'U']","['B', 'U']",['Legendary'],['Creature'],"['Human', 'Rogue', 'Wizard']",Rare,HBG,3,2,None,"Imoen, Occult Trickster can't be blocked.\nWhenever Imoen deals combat damage to a player, you may exile an instant or sorcery card from your graveyard. If you do, create a 2/2 black Zombie creature token."
"Lae'zel, Primal Warrior",5.0,"['G', 'W']","['G', 'W']",['Legendary'],['Creature'],"['Gith', 'Warrior']",Rare,HBG,3,6,None,"Double strike\nWhen this creature enters the battlefield or specializes, other creatures you control and creature cards in your hand perpetually get +1/+1."
"Karlach, Raging Tiefling",2.0,['R'],['R'],['Legendary'],['Creature'],"['Tiefling', 'Barbarian']",Rare,HBG,2,2,None,"First strike\nRage Beyond Death — Specialize {6}. You may also activate this ability if Karlach, Raging Tiefling is in your graveyard."
Hoard Robber,2.0,['B'],['B'],None,['Creature'],"['Tiefling', 'Rogue']",Common,HBG,1,3,None,"Whenever Hoard Robber deals combat damage to a player, create a Treasure token. (It's an artifact with ""{T}, Sacrifice this artifact: Add one mana of any color."")"
"Lae'zel, Githyanki Warrior",4.0,['W'],['W'],['Legendary'],['Creature'],"['Gith', 'Warrior']",Rare,HBG,2,4,None,"Double strike\nSpecialize {1}\nWhen you cast this spell, it gains ""When this creature becomes the target of a spell or ability an opponent controls, you may exile this creature, then return it to the battlefield under its owner's control."""
"Lulu, Vengeful Hollyphant",4.0,"['B', 'W']","['B', 'W']",['Legendary'],['Creature'],"['Elephant', 'Angel']",Uncommon,HBG,2,4,None,"Flying\nWhenever you attack with one or more other creatures with flying, each opponent loses that much life and you gain that much life."
Summon Undead,5.0,['B'],['B'],None,['Sorcery'],None,Common,HBG,None,None,None,"You may mill three cards. Then return a creature card from your graveyard to the battlefield. (To mill a card, put the top card of your library into your graveyard.)"
