Name,CMC,Colors,Color identity,Supertypes,Types,Subtypes,Rarity,Set,Power,Toughness,Loyalty,Text
Flames of the Firebrand,3.0,['R'],['R'],None,['Sorcery'],None,Uncommon,J22,None,None,None,"Flames of the Firebrand deals 3 damage divided as you choose among one, two, or three targets."
Sudden Breakthrough,2.0,['R'],['R'],None,['Instant'],None,Common,J22,None,None,None,"Target creature gets +2/+0 and gains first strike until end of turn.\nCreate a Treasure token. (It's an artifact with ""{T}, Sacrifice this artifact: Add one mana of any color."")"
Spellgorger Weird,3.0,['R'],['R'],None,['Creature'],['Weird'],Common,J22,2,2,None,"Whenever you cast a noncreature spell, put a +1/+1 counter on Spellgorger Weird."
Spiteful Prankster,3.0,['R'],['R'],None,['Creature'],['Devil'],Uncommon,J22,3,2,None,"As long as it's your turn, Spiteful Prankster has first strike.\nWhenever another creature dies, Spiteful Prankster deals 1 damage to target player or planeswalker."
Subterranean Scout,2.0,['R'],['R'],None,['Creature'],"['Goblin', 'Scout']",Common,J22,2,1,None,"When Subterranean Scout enters the battlefield, target creature with power 2 or less can't be blocked this turn."
Smoldering Efreet,2.0,['R'],['R'],None,['Creature'],"['Efreet', 'Monk']",Common,J22,2,2,None,"When Smoldering Efreet dies, it deals 2 damage to you."
Sparktongue Dragon,5.0,['R'],['R'],None,['Creature'],['Dragon'],Common,J22,3,3,None,"Flying\nWhen Sparktongue Dragon enters the battlefield, you may pay {2}{R}. When you do, it deals 3 damage to any target."
Skyhunter Patrol,4.0,['W'],['W'],None,['Creature'],"['Cat', 'Knight']",Common,J22,2,3,None,"Flying, first strike (This creature can't be blocked except by creatures with flying or reach, and it deals combat damage before creatures without first strike.)"
Storm Fleet Pyromancer,5.0,['R'],['R'],None,['Creature'],"['Human', 'Pirate', 'Wizard']",Common,J22,3,2,None,"Raid — When Storm Fleet Pyromancer enters the battlefield, if you attacked this turn, Storm Fleet Pyromancer deals 2 damage to any target."
Sigil of the Empty Throne,5.0,['W'],['W'],None,['Enchantment'],None,Rare,J22,None,None,None,"Whenever you cast an enchantment spell, create a 4/4 white Angel creature token with flying."
Avalanche Caller,2.0,['U'],['U'],['Snow'],['Creature'],"['Human', 'Wizard']",Uncommon,J22,1,3,None,{2}: Target snow land you control becomes a 4/4 Elemental creature with hexproof and haste until end of turn. It's still a land. (A creature with hexproof can't be the target of spells or abilities your opponents control.)
Shining Armor,2.0,['W'],['W'],None,['Artifact'],['Equipment'],Common,J22,None,None,None,"Flash\nWhen Shining Armor enters the battlefield, attach it to target Knight you control.\nEquipped creature gets +0/+2 and has vigilance.\nEquip {3} ({3}: Attach to target creature you control. Equip only as a sorcery.)"
Starstorm,2.0,['R'],['R'],None,['Instant'],None,Rare,J22,None,None,None,"Starstorm deals X damage to each creature.\nCycling {3} ({3}, Discard this card: Draw a card.)"
Settle Beyond Reality,5.0,['W'],['W'],None,['Sorcery'],None,Common,J22,None,None,None,"Choose one or both —\n• Exile target creature you don't control.\n• Exile target creature you control, then return it to the battlefield under its owner's control."
Shredded Sails,2.0,['R'],['R'],None,['Instant'],None,Common,J22,None,None,None,"Choose one —\n• Destroy target artifact.\n• Shredded Sails deals 4 damage to target creature with flying.\nCycling {2} ({2}, Discard this card: Draw a card.)"
Serene Steward,2.0,['W'],['W'],None,['Creature'],"['Human', 'Cleric', 'Ally']",Uncommon,J22,2,2,None,"Whenever you gain life, you may pay {W}. If you do, put a +1/+1 counter on target creature."
Seize the Storm,5.0,['R'],['R'],None,['Sorcery'],None,Uncommon,J22,None,None,None,"Create a red Elemental creature token with trample and ""This creature's power and toughness are each equal to the number of instant and sorcery cards in your graveyard plus the number of cards with flashback you own in exile.""\nFlashback {6}{R} (You may cast this card from your graveyard for its flashback cost. Then exile it.)"
Seller of Songbirds,3.0,['W'],['W'],None,['Creature'],['Human'],Common,J22,1,2,None,"When Seller of Songbirds enters the battlefield, create a 1/1 white Bird creature token with flying."
Flame Lash,4.0,['R'],['R'],None,['Instant'],None,Common,J22,None,None,None,Flame Lash deals 4 damage to any target.
Selfless Spirit,2.0,['W'],['W'],None,['Creature'],"['Spirit', 'Cleric']",Rare,J22,2,1,None,Flying\nSacrifice Selfless Spirit: Creatures you control gain indestructible until end of turn.
Berg Strider,5.0,['U'],['U'],['Snow'],['Creature'],"['Giant', 'Wizard']",Common,J22,4,4,None,"When Berg Strider enters the battlefield, tap target artifact or creature an opponent controls. If {S} was spent to cast this spell, that permanent doesn't untap during its controller's next untap step. ({S} is mana from a snow source.)"
Savannah Sage,2.0,['W'],['W'],None,['Creature'],"['Cat', 'Cleric']",Common,J22,2,2,None,"When Savannah Sage enters the battlefield, you gain 2 life."
"Barrin, Tolarian Archmage",3.0,['U'],['U'],['Legendary'],['Creature'],"['Human', 'Wizard']",Rare,J22,2,2,None,"When Barrin, Tolarian Archmage enters the battlefield, return up to one other target creature or planeswalker to its owner's hand.\nAt the beginning of your end step, if a permanent was put into your hand from the battlefield this turn, draw a card."
Savannah Lions,1.0,['W'],['W'],None,['Creature'],['Cat'],Uncommon,J22,2,1,None,None
Searing Spear,2.0,['R'],['R'],None,['Instant'],None,Common,J22,None,None,None,Searing Spear deals 3 damage to any target.
Sanctum Gargoyle,4.0,['W'],['W'],None,"['Artifact', 'Creature']",['Gargoyle'],Common,J22,2,3,None,"Flying\nWhen Sanctum Gargoyle enters the battlefield, you may return target artifact card from your graveyard to your hand."
Scorching Dragonfire,2.0,['R'],['R'],None,['Instant'],None,Common,J22,None,None,None,"Scorching Dragonfire deals 3 damage to target creature or planeswalker. If that creature or planeswalker would die this turn, exile it instead."
Righteousness,1.0,['W'],['W'],None,['Instant'],None,Uncommon,J22,None,None,None,Target blocking creature gets +7/+7 until end of turn.
Sarkhan's Whelp,3.0,['R'],['R'],None,['Creature'],['Dragon'],Uncommon,J22,2,2,None,"Flying (This creature can't be blocked except by creatures with flying or reach.)\nWhenever you activate an ability of a Sarkhan planeswalker, Sarkhan's Whelp deals 1 damage to any target."
Righteous Valkyrie,3.0,['W'],['W'],None,['Creature'],"['Angel', 'Cleric']",Rare,J22,2,4,None,"Flying\nWhenever another Angel or Cleric enters the battlefield under your control, you gain life equal to that creature's toughness.\nAs long as you have at least 7 life more than your starting life total, creatures you control get +2/+2."
Sarkhan's Rage,5.0,['R'],['R'],None,['Instant'],None,Common,J22,None,None,None,"Sarkhan's Rage deals 5 damage to any target. If you control no Dragons, Sarkhan's Rage deals 2 damage to you."
Restoration Angel,4.0,['W'],['W'],None,['Creature'],['Angel'],Rare,J22,3,4,None,"Flash\nFlying\nWhen Restoration Angel enters the battlefield, you may exile target non-Angel creature you control, then return that card to the battlefield under your control."
"Sarkhan, the Dragonspeaker",5.0,['R'],['R'],['Legendary'],['Planeswalker'],['Sarkhan'],Mythic,J22,None,None,4,"[+1]: Until end of turn, Sarkhan, the Dragonspeaker becomes a legendary 4/4 red Dragon creature with flying, indestructible, and haste. (He doesn't lose loyalty while he's not a planeswalker.)\n[−3]: Sarkhan, the Dragonspeaker deals 4 damage to target creature.\n[−6]: You get an emblem with ""At the beginning of your draw step, draw two additional cards"" and ""At the beginning of your end step, discard your hand."""
Regal Caracal,5.0,['W'],['W'],None,['Creature'],['Cat'],Rare,J22,3,3,None,"Other Cats you control get +1/+1 and have lifelink.\nWhen Regal Caracal enters the battlefield, create two 1/1 white Cat creature tokens with lifelink."
Rush of Adrenaline,1.0,['R'],['R'],None,['Instant'],None,Common,J22,None,None,None,Target creature gets +2/+1 and gains trample until end of turn.
Rambunctious Mutt,5.0,['W'],['W'],None,['Creature'],['Dog'],Common,J22,3,4,None,"When Rambunctious Mutt enters the battlefield, destroy target artifact or enchantment an opponent controls."
Rummaging Goblin,3.0,['R'],['R'],None,['Creature'],"['Goblin', 'Rogue']",Common,J22,1,1,None,"{T}, Discard a card: Draw a card."
Rooting Moloch,5.0,['R'],['R'],None,['Creature'],['Lizard'],Uncommon,J22,4,4,None,"When Rooting Moloch enters the battlefield, exile target card with a cycling ability from your graveyard. Until the end of your next turn, you may play that card.\nCycling {2} ({2}, Discard this card: Draw a card.)"
Radiant's Judgment,3.0,['W'],['W'],None,['Instant'],None,Common,J22,None,None,None,"Destroy target creature with power 4 or greater.\nCycling {2} ({2}, Discard this card: Draw a card.)"
Ripscale Predator,6.0,['R'],['R'],None,['Creature'],['Dinosaur'],Common,J22,6,5,None,Menace (This creature can't be blocked except by two or more creatures.)
Prowling Felidar,4.0,['W'],['W'],None,['Creature'],"['Cat', 'Beast']",Common,J22,2,3,None,"Vigilance\nLandfall — Whenever a land enters the battlefield under your control, put a +1/+1 counter on Prowling Felidar."
Reptilian Reflection,3.0,['R'],['R'],None,['Enchantment'],None,Uncommon,J22,None,None,None,"Whenever you cycle a card, you may have Reptilian Reflection become a 5/4 Dinosaur creature with trample and haste in addition to its other types until end of turn."
Pouncing Lynx,2.0,['W'],['W'],None,['Creature'],['Cat'],Common,J22,2,1,None,"As long as it's your turn, Pouncing Lynx has first strike."
Reckless Fireweaver,2.0,['R'],['R'],None,['Creature'],"['Human', 'Artificer']",Common,J22,1,3,None,"Whenever an artifact enters the battlefield under your control, Reckless Fireweaver deals 1 damage to each opponent."
Pious Wayfarer,1.0,['W'],['W'],None,['Creature'],"['Human', 'Scout']",Common,J22,1,2,None,"Constellation — Whenever an enchantment enters the battlefield under your control, target creature gets +1/+1 until end of turn."
Raze the Effigy,1.0,['R'],['R'],None,['Instant'],None,Common,J22,None,None,None,Choose one —\n• Destroy target artifact.\n• Target attacking creature gets +2/+2 until end of turn.
Pillardrop Rescuer,5.0,['W'],['W'],None,['Creature'],"['Spirit', 'Cleric']",Common,J22,2,2,None,"Flying\nWhen Pillardrop Rescuer enters the battlefield, return target creature card with mana value 3 or less from your graveyard to your hand."
Ravenous Giant,4.0,['R'],['R'],None,['Creature'],['Giant'],Uncommon,J22,5,5,None,"At the beginning of your upkeep, Ravenous Giant deals 1 damage to you."
Pilgrim of the Ages,3.0,['W'],['W'],None,['Creature'],['Spirit'],Common,J22,2,1,None,"When Pilgrim of the Ages enters the battlefield, you may search your library for a basic Plains card, reveal it, put it into your hand, then shuffle.\n{6}: Return Pilgrim of the Ages from your graveyard to your hand."
Raking Claws,2.0,['R'],['R'],None,['Instant'],None,Common,J22,None,None,None,"Target creature gains double strike until end of turn.\nCycling {2} ({2}, Discard this card: Draw a card.)"
Phalanx Tactics,2.0,['W'],['W'],None,['Instant'],None,Uncommon,J22,None,None,None,Target creature you control gets +2/+1 until end of turn. Each other creature you control gets +1/+1 until end of turn.
Quakefoot Cyclops,5.0,['R'],['R'],None,['Creature'],['Cyclops'],Common,J22,4,4,None,"When Quakefoot Cyclops enters the battlefield, up to two target creatures can't block this turn.\nCycling {1}{R} ({1}{R}, Discard this card: Draw a card.)\nWhen you cycle Quakefoot Cyclops, target creature can't block this turn."
Pyre-Sledge Arsonist,3.0,['R'],['R'],None,['Creature'],"['Viashino', 'Shaman']",Uncommon,J22,2,2,None,"{1}, {T}: Pyre-Sledge Arsonist deals X damage to any target, where X is the number of permanents you've sacrificed this turn."
Professional Face-Breaker,3.0,['R'],['R'],None,['Creature'],"['Human', 'Warrior']",Rare,J22,2,3,None,"Menace\nWhenever one or more creatures you control deal combat damage to a player, create a Treasure token.\nSacrifice a Treasure: Exile the top card of your library. You may play that card this turn."
Prickly Marmoset,3.0,['R'],['R'],None,['Creature'],['Monkey'],Common,J22,2,3,None,"First strike\nWhenever you cycle a card, Prickly Marmoset gets +2/+0 until end of turn."
Order of the Golden Cricket,2.0,['W'],['W'],None,['Creature'],"['Kithkin', 'Knight']",Common,J22,2,2,None,"Whenever Order of the Golden Cricket attacks, you may pay {W}. If you do, it gains flying until end of turn."
Pillar of Flame,1.0,['R'],['R'],None,['Sorcery'],None,Common,J22,None,None,None,"Pillar of Flame deals 2 damage to any target. If a creature dealt damage this way would die this turn, exile it instead."
Not Forgotten,2.0,['W'],['W'],None,['Sorcery'],None,Uncommon,J22,None,None,None,Put target card from a graveyard on the top or bottom of its owner's library. Create a 1/1 white Spirit creature token with flying.
Outnumber,1.0,['R'],['R'],None,['Instant'],None,Common,J22,None,None,None,Outnumber deals damage to target creature equal to the number of creatures you control.
Ninth Bridge Patrol,2.0,['W'],['W'],None,['Creature'],"['Dwarf', 'Soldier']",Common,J22,1,1,None,"Whenever another creature you control leaves the battlefield, put a +1/+1 counter on Ninth Bridge Patrol."
Ordeal of Purphoros,2.0,['R'],['R'],None,['Enchantment'],['Aura'],Uncommon,J22,None,None,None,"Enchant creature\nWhenever enchanted creature attacks, put a +1/+1 counter on it. Then if it has three or more +1/+1 counters on it, sacrifice Ordeal of Purphoros.\nWhen you sacrifice Ordeal of Purphoros, it deals 3 damage to any target."
Nightguard Patrol,3.0,['W'],['W'],None,['Creature'],"['Human', 'Soldier']",Common,J22,2,1,None,"First strike, vigilance"
Nest Robber,2.0,['R'],['R'],None,['Creature'],['Dinosaur'],Common,J22,2,1,None,Haste
Murder Investigation,2.0,['W'],['W'],None,['Enchantment'],['Aura'],Uncommon,J22,None,None,None,"Enchant creature you control\nWhen enchanted creature dies, create X 1/1 white Soldier creature tokens, where X is its power."
"Muxus, Goblin Grandee",6.0,['R'],['R'],['Legendary'],['Creature'],"['Goblin', 'Noble']",Rare,J22,4,4,None,"When Muxus, Goblin Grandee enters the battlefield, reveal the top six cards of your library. Put all Goblin creature cards with mana value 5 or less from among them onto the battlefield and the rest on the bottom of your library in a random order.\nWhenever Muxus attacks, it gets +1/+1 until end of turn for each other Goblin you control."
Moment of Triumph,1.0,['W'],['W'],None,['Instant'],None,Common,J22,None,None,None,Target creature gets +2/+2 until end of turn. You gain 2 life.
Mudbutton Torchrunner,3.0,['R'],['R'],None,['Creature'],"['Goblin', 'Warrior']",Common,J22,1,1,None,"When Mudbutton Torchrunner dies, it deals 3 damage to any target."
Miraculous Recovery,5.0,['W'],['W'],None,['Instant'],None,Uncommon,J22,None,None,None,Return target creature card from your graveyard to the battlefield. Put a +1/+1 counter on it.
Markov Warlord,6.0,['R'],['R'],None,['Creature'],"['Vampire', 'Warrior']",Uncommon,J22,4,4,None,"Haste\nWhen Markov Warlord enters the battlefield, up to two target creatures can't block this turn."
Justiciar's Portal,2.0,['W'],['W'],None,['Instant'],None,Common,J22,None,None,None,"Exile target creature you control, then return that card to the battlefield under its owner's control. It gains first strike until end of turn."
Mardu Heart-Piercer,4.0,['R'],['R'],None,['Creature'],"['Human', 'Archer']",Uncommon,J22,2,3,None,"Raid — When Mardu Heart-Piercer enters the battlefield, if you attacked this turn, Mardu Heart-Piercer deals 2 damage to any target."
Mausoleum Guard,4.0,['W'],['W'],None,['Creature'],"['Human', 'Scout']",Uncommon,J22,2,2,None,"When Mausoleum Guard dies, create two 1/1 white Spirit creature tokens with flying."
Magmatic Channeler,2.0,['R'],['R'],None,['Creature'],"['Human', 'Wizard']",Rare,J22,1,3,None,"As long as there are four or more instant and/or sorcery cards in your graveyard, Magmatic Channeler gets +3/+1.\n{T}, Discard a card: Exile the top two cards of your library, then choose one of them. You may play that card this turn."
"Michiko Konda, Truth Seeker",4.0,['W'],['W'],['Legendary'],['Creature'],"['Human', 'Advisor']",Rare,J22,2,2,None,"Whenever a source an opponent controls deals damage to you, that player sacrifices a permanent."
Mad Ratter,4.0,['R'],['R'],None,['Creature'],['Goblin'],Uncommon,J22,1,2,None,"Whenever you draw your second card each turn, create two 1/1 black Rat creature tokens."
Midnight Guard,3.0,['W'],['W'],None,['Creature'],"['Human', 'Soldier']",Common,J22,2,3,None,"Whenever another creature enters the battlefield, untap Midnight Guard."
Firecannon Blast,3.0,['R'],['R'],None,['Sorcery'],None,Common,J22,None,None,None,Firecannon Blast deals 3 damage to target creature.\nRaid — Firecannon Blast deals 6 damage instead if you attacked this turn.
Mesa Lynx,2.0,['W'],['W'],None,['Creature'],['Cat'],Common,J22,2,1,None,"As long as it's not your turn, Mesa Lynx gets +0/+2."
Lightning Axe,1.0,['R'],['R'],None,['Instant'],None,Uncommon,J22,None,None,None,"As an additional cost to cast this spell, discard a card or pay {5}.\nLightning Axe deals 5 damage to target creature."
Martyr's Soul,3.0,['W'],['W'],None,['Creature'],"['Spirit', 'Soldier']",Common,J22,3,2,None,"Convoke (Your creatures can help cast this spell. Each creature you tap while casting this spell pays for {1} or one mana of that creature's color.)\nWhen Martyr's Soul enters the battlefield, if you control no tapped lands, put two +1/+1 counters on it."
Lavastep Raider,1.0,['R'],['R'],None,['Creature'],"['Goblin', 'Warrior']",Common,J22,1,2,None,{2}{R}: Lavastep Raider gets +2/+0 until end of turn.
Make a Stand,3.0,['W'],['W'],None,['Instant'],None,Uncommon,J22,None,None,None,"Creatures you control get +1/+0 and gain indestructible until end of turn. (Damage and effects that say ""destroy"" don't destroy them.)"
Lava Serpent,6.0,['R'],['R'],None,['Creature'],"['Elemental', 'Serpent']",Common,J22,5,5,None,"Haste\nCycling {2} ({2}, Discard this card: Draw a card.)"
Lyra Dawnbringer,5.0,['W'],['W'],['Legendary'],['Creature'],['Angel'],Mythic,J22,5,5,None,"Flying, first strike, lifelink\nOther Angels you control get +1/+1 and have lifelink."
"Lathliss, Dragon Queen",6.0,['R'],['R'],['Legendary'],['Creature'],['Dragon'],Rare,J22,6,6,None,"Flying\nWhenever another nontoken Dragon enters the battlefield under your control, create a 5/5 red Dragon creature token with flying.\n{1}{R}: Dragons you control get +1/+0 until end of turn."
Light of Hope,1.0,['W'],['W'],None,['Instant'],None,Common,J22,None,None,None,Choose one —\n• You gain 4 life.\n• Destroy target enchantment.\n• Put a +1/+1 counter on target creature.
Kuldotha Flamefiend,6.0,['R'],['R'],None,['Creature'],['Elemental'],Uncommon,J22,4,4,None,"When Kuldotha Flamefiend enters the battlefield, you may sacrifice an artifact. If you do, Kuldotha Flamefiend deals 4 damage divided as you choose among any number of targets."
Leonin Warleader,4.0,['W'],['W'],None,['Creature'],"['Cat', 'Soldier']",Rare,J22,4,4,None,"Whenever Leonin Warleader attacks, create two 1/1 white Cat creature tokens with lifelink that are tapped and attacking."
"Krenko, Mob Boss",4.0,['R'],['R'],['Legendary'],['Creature'],"['Goblin', 'Warrior']",Rare,J22,3,3,None,"{T}: Create X 1/1 red Goblin creature tokens, where X is the number of Goblins you control."
Kami of Ancient Law,2.0,['W'],['W'],None,['Creature'],['Spirit'],Common,J22,2,2,None,Sacrifice Kami of Ancient Law: Destroy target enchantment.
Keldon Raider,4.0,['R'],['R'],None,['Creature'],"['Human', 'Warrior']",Common,J22,4,3,None,"When Keldon Raider enters the battlefield, you may discard a card. If you do, draw a card."
Leonin Snarecaster,2.0,['W'],['W'],None,['Creature'],"['Cat', 'Soldier']",Common,J22,2,1,None,"When Leonin Snarecaster enters the battlefield, you may tap target creature."
"Kari Zev, Skyship Raider",2.0,['R'],['R'],['Legendary'],['Creature'],"['Human', 'Pirate']",Rare,J22,1,3,None,"First strike, menace\nWhenever Kari Zev, Skyship Raider attacks, create Ragavan, a legendary 2/1 red Monkey creature token. Ragavan enters the battlefield tapped and attacking. Exile that token at end of combat."
"Isamaru, Hound of Konda",1.0,['W'],['W'],['Legendary'],['Creature'],['Dog'],Rare,J22,2,2,None,None
Kargan Dragonrider,2.0,['R'],['R'],None,['Creature'],"['Human', 'Warrior']",Common,J22,2,2,None,"As long as you control a Dragon, Kargan Dragonrider has flying. (It can't be blocked except by creatures with flying or reach.)"
Law-Rune Enforcer,1.0,['W'],['W'],None,['Creature'],"['Human', 'Soldier']",Common,J22,1,2,None,"{1}, {T}: Tap target creature with mana value 2 or greater."
Irreverent Revelers,3.0,['R'],['R'],None,['Creature'],['Satyr'],Common,J22,2,2,None,"When Irreverent Revelers enters the battlefield, choose one —\n• Destroy target artifact.\n• Irreverent Revelers gains haste until end of turn."
"Kwende, Pride of Femeref",4.0,['W'],['W'],['Legendary'],['Creature'],"['Human', 'Knight']",Uncommon,J22,2,2,None,Double strike\nCreatures you control with first strike have double strike.
Irencrag Pyromancer,3.0,['R'],['R'],None,['Creature'],"['Human', 'Wizard']",Rare,J22,0,4,None,"Whenever you draw your second card each turn, Irencrag Pyromancer deals 3 damage to any target."
Kitsune Ace,2.0,['W'],['W'],None,['Creature'],"['Fox', 'Pilot']",Common,J22,2,2,None,"Whenever a Vehicle you control attacks, choose one —\n• That Vehicle gains first strike until end of turn.\n• Untap Kitsune Ace."
Improvised Weaponry,3.0,['R'],['R'],None,['Sorcery'],None,Common,J22,None,None,None,"Improvised Weaponry deals 2 damage to any target. Create a Treasure token. (It's an artifact with ""{T}, Sacrifice this artifact: Add one mana of any color."")"
Inspiring Overseer,3.0,['W'],['W'],None,['Creature'],"['Angel', 'Cleric']",Common,J22,2,1,None,"Flying\nWhen Inspiring Overseer enters the battlefield, you gain 1 life and draw a card."
Impending Doom,3.0,['R'],['R'],None,['Enchantment'],['Aura'],Uncommon,J22,None,None,None,"Enchant creature\nEnchanted creature gets +3/+3 and attacks each combat if able.\nWhen enchanted creature dies, Impending Doom deals 3 damage to that creature's controller."
Inspiring Cleric,3.0,['W'],['W'],None,['Creature'],"['Vampire', 'Cleric']",Uncommon,J22,3,2,None,"When Inspiring Cleric enters the battlefield, you gain 4 life."
Immersturm Raider,2.0,['R'],['R'],None,['Creature'],"['Demon', 'Berserker']",Common,J22,2,1,None,"When Immersturm Raider enters the battlefield, you may discard a card. If you do, draw a card."
Infantry Veteran,1.0,['W'],['W'],None,['Creature'],"['Human', 'Soldier']",Common,J22,1,1,None,{T}: Target attacking creature gets +1/+1 until end of turn.
Ignite the Future,4.0,['R'],['R'],None,['Sorcery'],None,Rare,J22,None,None,None,"Exile the top three cards of your library. Until the end of your next turn, you may play those cards. If this spell was cast from a graveyard, you may play cards this way without paying their mana costs.\nFlashback {7}{R} (You may cast this card from your graveyard for its flashback cost. Then exile it.)"
Imperial Recovery Unit,3.0,['W'],['W'],None,['Artifact'],['Vehicle'],Uncommon,J22,3,4,None,"Whenever Imperial Recovery Unit attacks, return target creature or Vehicle card with mana value 2 or less from your graveyard to your hand.\nCrew 2 (Tap any number of creatures you control with total power 2 or more: This Vehicle becomes an artifact creature until end of turn.)"
"Ib Halfheart, Goblin Tactician",4.0,['R'],['R'],['Legendary'],['Creature'],"['Goblin', 'Advisor']",Rare,J22,3,2,None,"Whenever another Goblin you control becomes blocked, sacrifice it. If you do, it deals 4 damage to each creature blocking it.\nSacrifice two Mountains: Create two 1/1 red Goblin creature tokens."
Imperial Aerosaur,4.0,['W'],['W'],None,['Creature'],['Dinosaur'],Uncommon,J22,3,3,None,"Flying\nWhen Imperial Aerosaur enters the battlefield, another target creature you control gets +1/+1 and gains flying until end of turn."
Hungry Flames,3.0,['R'],['R'],None,['Instant'],None,Common,J22,None,None,None,Hungry Flames deals 3 damage to target creature and 2 damage to target player or planeswalker.
Impeccable Timing,2.0,['W'],['W'],None,['Instant'],None,Common,J22,None,None,None,Impeccable Timing deals 3 damage to target attacking or blocking creature.
Hordeling Outburst,3.0,['R'],['R'],None,['Sorcery'],None,Uncommon,J22,None,None,None,Create three 1/1 red Goblin creature tokens.
Hour of Reckoning,7.0,['W'],['W'],None,['Sorcery'],None,Rare,J22,None,None,None,Convoke (Your creatures can help cast this spell. Each creature you tap while casting this spell pays for {1} or one mana of that creature's color.)\nDestroy all nontoken creatures.
Grotag Night-Runner,3.0,['R'],['R'],None,['Creature'],"['Goblin', 'Rogue']",Uncommon,J22,2,3,None,"Whenever Grotag Night-Runner deals combat damage to a player, exile the top card of your library. You may play that card this turn."
Hotshot Mechanic,1.0,['W'],['W'],None,"['Artifact', 'Creature']","['Fox', 'Pilot']",Uncommon,J22,2,1,None,Hotshot Mechanic crews Vehicles as though its power were 2 greater.
Goldspan Dragon,5.0,['R'],['R'],None,['Creature'],['Dragon'],Mythic,J22,4,4,None,"Flying, haste\nWhenever Goldspan Dragon attacks or becomes the target of a spell, create a Treasure token.\nTreasures you control have ""{T}, Sacrifice this artifact: Add two mana of any one color."""
Goldnight Commander,4.0,['W'],['W'],None,['Creature'],"['Human', 'Cleric', 'Soldier']",Uncommon,J22,2,2,None,"Whenever another creature enters the battlefield under your control, creatures you control get +1/+1 until end of turn."
Goldhound,1.0,['R'],['R'],None,"['Artifact', 'Creature']","['Treasure', 'Dog']",Common,J22,1,1,None,"First strike\nMenace (This creature can't be blocked except by two or more creatures.)\n{T}, Sacrifice Goldhound: Add one mana of any color."
Glory Bearers,4.0,['W'],['W'],None,"['Enchantment', 'Creature']","['Human', 'Cleric']",Common,J22,3,4,None,"Whenever another creature you control attacks, it gets +0/+1 until end of turn."
Goblin Warchief,3.0,['R'],['R'],None,['Creature'],"['Goblin', 'Warrior']",Uncommon,J22,2,2,None,Goblin spells you cast cost {1} less to cast.\nGoblins you control have haste.
Gideon's Lawkeeper,1.0,['W'],['W'],None,['Creature'],"['Human', 'Soldier']",Common,J22,1,1,None,"{W}, {T}: Tap target creature."
Goblin Trailblazer,2.0,['R'],['R'],None,['Creature'],"['Goblin', 'Pirate']",Common,J22,2,1,None,Menace (This creature can't be blocked except by two or more creatures.)
"Gideon, Champion of Justice",4.0,['W'],['W'],['Legendary'],['Planeswalker'],['Gideon'],Mythic,J22,None,None,4,"[+1]: Put a loyalty counter on Gideon, Champion of Justice for each creature target opponent controls.\n[0]: Until end of turn, Gideon, Champion of Justice becomes a Human Soldier creature with power and toughness each equal to the number of loyalty counters on him and gains indestructible. He's still a planeswalker. Prevent all damage that would be dealt to him this turn.\n[−15]: Exile all other permanents."
Falkenrath Noble,4.0,['B'],['B'],None,['Creature'],"['Vampire', 'Noble']",Uncommon,J22,2,2,None,"Flying\nWhenever Falkenrath Noble or another creature dies, target player loses 1 life and you gain 1 life."
Giant Ox,2.0,['W'],['W'],None,['Creature'],['Ox'],Common,J22,0,6,None,Giant Ox crews Vehicles using its toughness rather than its power.
Eviscerate,4.0,['B'],['B'],None,['Sorcery'],None,Common,J22,None,None,None,Destroy target creature.
Gallows Warden,5.0,['W'],['W'],None,['Creature'],['Spirit'],Uncommon,J22,3,3,None,Flying\nOther Spirit creatures you control get +0/+1.
Epicure of Blood,5.0,['B'],['B'],None,['Creature'],['Vampire'],Common,J22,4,4,None,"Whenever you gain life, each opponent loses 1 life."
Gallant Cavalry,4.0,['W'],['W'],None,['Creature'],"['Human', 'Knight']",Common,J22,2,2,None,"Vigilance (Attacking doesn't cause this creature to tap.)\nWhen Gallant Cavalry enters the battlefield, create a 2/2 white Knight creature token with vigilance."
Endless Ranks of the Dead,4.0,['B'],['B'],None,['Enchantment'],None,Rare,J22,None,None,None,"At the beginning of your upkeep, create X 2/2 black Zombie creature tokens, where X is half the number of Zombies you control, rounded down."
Forced Worship,2.0,['W'],['W'],None,['Enchantment'],['Aura'],Common,J22,None,None,None,Enchant creature\nEnchanted creature can't attack.\n{2}{W}: Return Forced Worship to its owner's hand.
Eaten Alive,1.0,['B'],['B'],None,['Sorcery'],None,Common,J22,None,None,None,"As an additional cost to cast this spell, sacrifice a creature or pay {3}{B}.\nExile target creature or planeswalker."
Felidar Retreat,4.0,['W'],['W'],None,['Enchantment'],None,Rare,J22,None,None,None,"Landfall — Whenever a land enters the battlefield under your control, choose one —\n• Create a 2/2 white Cat Beast creature token.\n• Put a +1/+1 counter on each creature you control. Those creatures gain vigilance until end of turn."
Durable Coilbug,2.0,['B'],['B'],None,['Creature'],['Insect'],Common,J22,2,2,None,{4}{B}: Return Durable Coilbug from your graveyard to your hand.
Felidar Cub,2.0,['W'],['W'],None,['Creature'],"['Cat', 'Beast']",Common,J22,2,2,None,Sacrifice Felidar Cub: Destroy target enchantment.
Dread Presence,4.0,['B'],['B'],None,['Creature'],['Nightmare'],Rare,J22,3,3,None,"Whenever a Swamp enters the battlefield under your control, choose one —\n• You draw a card and you lose 1 life.\n• Dread Presence deals 2 damage to any target and you gain 2 life."
Favored of Iroas,3.0,['W'],['W'],None,['Creature'],"['Human', 'Soldier']",Uncommon,J22,2,2,None,"Constellation — Whenever an enchantment enters the battlefield under your control, Favored of Iroas gains double strike until end of turn."
Dune Beetle,2.0,['B'],['B'],None,['Creature'],['Insect'],Common,J22,1,4,None,None
Faith's Fetters,4.0,['W'],['W'],None,['Enchantment'],['Aura'],Uncommon,J22,None,None,None,"Enchant permanent\nWhen Faith's Fetters enters the battlefield, you gain 4 life.\nEnchanted permanent can't attack or block, and its activated abilities can't be activated unless they're mana abilities."
Devouring Swarm,3.0,['B'],['B'],None,['Creature'],['Insect'],Common,J22,2,1,None,Flying\nSacrifice a creature: Devouring Swarm gets +1/+1 until end of turn.
Emiel the Blessed,4.0,['W'],"['G', 'W']",['Legendary'],['Creature'],['Unicorn'],Mythic,J22,4,4,None,"{3}: Exile another target creature you control, then return it to the battlefield under its owner's control.\nWhenever another creature enters the battlefield under your control, you may pay {G/W}. If you do, put a +1/+1 counter on it. If it's a Unicorn, put two +1/+1 counters on it instead. ({G/W} can be paid with either {G} or {W}.)"
Dreadhound,6.0,['B'],['B'],None,['Creature'],"['Demon', 'Dog']",Uncommon,J22,6,6,None,"When Dreadhound enters the battlefield, mill three cards. (Put the top three cards of your library into your graveyard.)\nWhenever a creature dies or a creature card is put into a graveyard from a library, each opponent loses 1 life."
Dreadful Apathy,3.0,['W'],['W'],None,['Enchantment'],['Aura'],Common,J22,None,None,None,Enchant creature\nEnchanted creature can't attack or block.\n{2}{W}: Exile enchanted creature.
Dread Slaver,5.0,['B'],['B'],None,['Creature'],"['Zombie', 'Horror']",Rare,J22,3,5,None,"Whenever a creature dealt damage by Dread Slaver this turn dies, return it to the battlefield under your control. That creature is a black Zombie in addition to its other colors and types."
Doomed Traveler,1.0,['W'],['W'],None,['Creature'],"['Human', 'Soldier']",Common,J22,1,1,None,"When Doomed Traveler dies, create a 1/1 white Spirit creature token with flying."
Dread Rider,6.0,['B'],['B'],None,['Creature'],"['Spirit', 'Knight']",Common,J22,3,7,None,"{1}{B}, {T}, Exile a creature card from your graveyard: Target opponent loses 3 life."
Divine Verdict,4.0,['W'],['W'],None,['Instant'],None,Common,J22,None,None,None,Destroy target attacking or blocking creature.
Chittering Rats,3.0,['B'],['B'],None,['Creature'],['Rat'],Common,J22,2,2,None,"When Chittering Rats enters the battlefield, target opponent puts a card from their hand on top of their library."
Divine Arrow,2.0,['W'],['W'],None,['Instant'],None,Common,J22,None,None,None,Divine Arrow deals 4 damage to target attacking or blocking creature.
Demon of Catastrophes,4.0,['B'],['B'],None,['Creature'],['Demon'],Rare,J22,6,6,None,"As an additional cost to cast this spell, sacrifice a creature.\nFlying, trample"
Devouring Light,3.0,['W'],['W'],None,['Instant'],None,Uncommon,J22,None,None,None,Convoke (Your creatures can help cast this spell. Each creature you tap while casting this spell pays for {1} or one mana of that creature's color.)\nExile target attacking or blocking creature.
Demon's Disciple,3.0,['B'],['B'],None,['Creature'],"['Human', 'Cleric']",Uncommon,J22,3,1,None,"When Demon's Disciple enters the battlefield, each player sacrifices a creature or planeswalker."
Defy Death,5.0,['W'],['W'],None,['Sorcery'],None,Uncommon,J22,None,None,None,"Return target creature card from your graveyard to the battlefield. If it's an Angel, put two +1/+1 counters on it."
Demon's Grasp,5.0,['B'],['B'],None,['Sorcery'],None,Common,J22,None,None,None,Target creature gets -5/-5 until end of turn.
Decree of Justice,4.0,['W'],['W'],None,['Sorcery'],None,Rare,J22,None,None,None,"Create X 4/4 white Angel creature tokens with flying.\nCycling {2}{W} ({2}{W}, Discard this card: Draw a card.)\nWhen you cycle Decree of Justice, you may pay {X}. If you do, create X 1/1 white Soldier creature tokens."
Demonic Gifts,2.0,['B'],['B'],None,['Instant'],None,Common,J22,None,None,None,"Until end of turn, target creature gets +2/+0 and gains ""When this creature dies, return it to the battlefield under its owner's control."""
Daybreak Charger,2.0,['W'],['W'],None,['Creature'],['Unicorn'],Common,J22,3,1,None,"When Daybreak Charger enters the battlefield, target creature gets +2/+0 until end of turn."
Deathbringer Regent,7.0,['B'],['B'],None,['Creature'],['Dragon'],Rare,J22,5,6,None,"Flying\nWhen Deathbringer Regent enters the battlefield, if you cast it from your hand and there are five or more other creatures on the battlefield, destroy all other creatures."
Daybreak Chaplain,2.0,['W'],['W'],None,['Creature'],"['Human', 'Cleric']",Common,J22,1,3,None,Lifelink (Damage dealt by this creature also causes you to gain that much life.)
Deathbloom Thallid,3.0,['B'],['B'],None,['Creature'],['Fungus'],Common,J22,3,2,None,"When Deathbloom Thallid dies, create a 1/1 green Saproling creature token."
Dawning Angel,5.0,['W'],['W'],None,['Creature'],['Angel'],Common,J22,3,2,None,"Flying\nWhen Dawning Angel enters the battlefield, you gain 4 life."
Death Wind,1.0,['B'],['B'],None,['Instant'],None,Uncommon,J22,None,None,None,Target creature gets -X/-X until end of turn.
Dawn of Hope,2.0,['W'],['W'],None,['Enchantment'],None,Rare,J22,None,None,None,"Whenever you gain life, you may pay {2}. If you do, draw a card.\n{3}{W}: Create a 1/1 white Soldier creature token with lifelink."
Dead Weight,1.0,['B'],['B'],None,['Enchantment'],['Aura'],Common,J22,None,None,None,Enchant creature\nEnchanted creature gets -2/-2.
"Danitha Capashen, Paragon",3.0,['W'],['W'],['Legendary'],['Creature'],"['Human', 'Knight']",Uncommon,J22,2,2,None,"First strike, vigilance, lifelink\nAura and Equipment spells you cast cost {1} less to cast."
Firebolt,1.0,['R'],['R'],None,['Sorcery'],None,Common,J22,None,None,None,Firebolt deals 2 damage to any target.\nFlashback {4}{R} (You may cast this card from your graveyard for its flashback cost. Then exile it.)
Combat Professor,4.0,['W'],['W'],None,['Creature'],"['Bird', 'Cleric']",Common,J22,2,3,None,"Flying\nAt the beginning of combat on your turn, target creature you control gets +1/+0 and gains vigilance until end of turn."
Crypt Rats,3.0,['B'],['B'],None,['Creature'],['Rat'],Uncommon,J22,1,1,None,{X}: Crypt Rats deals X damage to each creature and each player. Spend only black mana on X.
The Circle of Loyalty,6.0,['W'],['W'],['Legendary'],['Artifact'],None,Mythic,J22,None,None,None,"This spell costs {1} less to cast for each Knight you control.\nCreatures you control get +1/+1.\nWhenever you cast a legendary spell, create a 2/2 white Knight creature token with vigilance.\n{3}{W}, {T}: Create a 2/2 white Knight creature token with vigilance."
Consign to the Pit,6.0,['B'],['B'],None,['Sorcery'],None,Common,J22,None,None,None,Destroy target creature. Consign to the Pit deals 2 damage to that creature's controller.
Cavalry Drillmaster,2.0,['W'],['W'],None,['Creature'],"['Human', 'Knight']",Common,J22,2,1,None,"When Cavalry Drillmaster enters the battlefield, target creature gets +2/+0 and gains first strike until end of turn. (It deals combat damage before creatures without first strike.)"
Fiery Intervention,5.0,['R'],['R'],None,['Sorcery'],None,Common,J22,None,None,None,Choose one —\n• Fiery Intervention deals 5 damage to target creature.\n• Destroy target artifact.
Caught in the Brights,3.0,['W'],['W'],None,['Enchantment'],['Aura'],Common,J22,None,None,None,"Enchant creature\nEnchanted creature can't attack or block.\nWhen a Vehicle you control attacks, exile enchanted creature."
Fiery Conclusion,2.0,['R'],['R'],None,['Instant'],None,Uncommon,J22,None,None,None,"As an additional cost to cast this spell, sacrifice a creature.\nFiery Conclusion deals 5 damage to target creature."
Captivating Unicorn,5.0,['W'],['W'],None,['Creature'],['Unicorn'],Common,J22,4,4,None,"Constellation — Whenever an enchantment enters the battlefield under your control, tap target creature an opponent controls."
Fervent Strike,1.0,['R'],['R'],None,['Instant'],None,Common,J22,None,None,None,Target creature gets +1/+0 and gains first strike and haste until end of turn.
Cage of Hands,3.0,['W'],['W'],None,['Enchantment'],['Aura'],Common,J22,None,None,None,Enchant creature\nEnchanted creature can't attack or block.\n{1}{W}: Return Cage of Hands to its owner's hand.
Built to Last,1.0,['W'],['W'],None,['Instant'],None,Common,J22,None,None,None,"Target creature gets +2/+2 until end of turn. If it's an artifact creature, it gains indestructible until end of turn. (Damage and effects that say ""destroy"" don't destroy it.)"
Fanatical Firebrand,1.0,['R'],['R'],None,['Creature'],"['Goblin', 'Pirate']",Common,J22,1,1,None,"Haste\n{T}, Sacrifice Fanatical Firebrand: It deals 1 damage to any target."
Bring to Trial,3.0,['W'],['W'],None,['Sorcery'],None,Common,J22,None,None,None,Exile target creature with power 4 or greater.
Electrify,4.0,['R'],['R'],None,['Instant'],None,Common,J22,None,None,None,Electrify deals 4 damage to target creature.
Brightmare,3.0,['W'],['W'],None,['Creature'],['Unicorn'],Uncommon,J22,2,3,None,"When Brightmare enters the battlefield, tap up to one target creature. You gain life equal to that creature's power."
Electric Revelation,3.0,['R'],['R'],None,['Instant'],None,Common,J22,None,None,None,"As an additional cost to cast this spell, discard a card.\nDraw two cards.\nFlashback {3}{R} (You may cast this card from your graveyard for its flashback cost and any additional costs. Then exile it.)"
Blessed Spirits,3.0,['W'],['W'],None,['Creature'],['Spirit'],Uncommon,J22,2,2,None,"Flying\nWhenever you cast an enchantment spell, put a +1/+1 counter on Blessed Spirits."
Dragonspeaker Shaman,3.0,['R'],['R'],None,['Creature'],"['Human', 'Barbarian', 'Shaman']",Uncommon,J22,2,2,None,Dragon spells you cast cost {2} less to cast.
Blessed Sanctuary,5.0,['W'],['W'],None,['Enchantment'],None,Rare,J22,None,None,None,"Prevent all noncombat damage that would be dealt to you and creatures you control.\nWhenever a nontoken creature enters the battlefield under your control, create a 2/2 white Unicorn creature token."
Dragonlord's Servant,2.0,['R'],['R'],None,['Creature'],"['Goblin', 'Shaman']",Uncommon,J22,1,3,None,Dragon spells you cast cost {1} less to cast.
Blessed Defiance,1.0,['W'],['W'],None,['Instant'],None,Common,J22,None,None,None,"Target creature you control gets +2/+0 and gains lifelink until end of turn. When that creature dies this turn, create a 1/1 white Spirit creature token with flying."
Benalish Honor Guard,2.0,['W'],['W'],None,['Creature'],"['Human', 'Knight']",Common,J22,2,2,None,Benalish Honor Guard gets +1/+0 for each legendary creature you control.
Cruel Sadist,1.0,['B'],['B'],None,['Creature'],"['Human', 'Assassin']",Rare,J22,1,1,None,"{B}, {T}, Pay 1 life: Put a +1/+1 counter on Cruel Sadist.\n{2}{B}, {T}, Remove X +1/+1 counters from Cruel Sadist: It deals X damage to target creature."
Basri's Acolyte,4.0,['W'],['W'],None,['Creature'],"['Cat', 'Cleric']",Common,J22,2,3,None,"Lifelink (Damage dealt by this creature also causes you to gain that much life.)\nWhen Basri's Acolyte enters the battlefield, put a +1/+1 counter on each of up to two other target creatures you control."
Dragon Egg,3.0,['R'],['R'],None,['Creature'],"['Dragon', 'Egg']",Uncommon,J22,0,2,None,"Defender\nWhen Dragon Egg dies, create a 2/2 red Dragon creature token with flying and ""{R}: This creature gets +1/+0 until end of turn."""
Auramancer,3.0,['W'],['W'],None,['Creature'],"['Human', 'Wizard']",Common,J22,2,2,None,"When Auramancer enters the battlefield, you may return target enchantment card from your graveyard to your hand."
Destructive Tampering,3.0,['R'],['R'],None,['Sorcery'],None,Common,J22,None,None,None,Choose one —\n• Destroy target artifact.\n• Creatures without flying can't block this turn.
Attended Healer,4.0,['W'],['W'],None,['Creature'],"['Kor', 'Cleric']",Uncommon,J22,2,3,None,"Whenever you gain life for the first time each turn, create a 1/1 white Cat creature token.\n{2}{W}: Another target Cleric gains lifelink until end of turn."
Deem Worthy,5.0,['R'],['R'],None,['Instant'],None,Uncommon,J22,None,None,None,"Deem Worthy deals 7 damage to target creature.\nCycling {3}{R} ({3}{R}, Discard this card: Draw a card.)\nWhen you cycle Deem Worthy, you may have it deal 2 damage to target creature."
Archon of Sun's Grace,4.0,['W'],['W'],None,['Creature'],['Archon'],Rare,J22,3,4,None,"Flying, lifelink\nPegasus creatures you control have lifelink.\nConstellation — Whenever an enchantment enters the battlefield under your control, create a 2/2 white Pegasus creature token with flying."
Dance with Devils,4.0,['R'],['R'],None,['Instant'],None,Uncommon,J22,None,None,None,"Create two 1/1 red Devil creature tokens. They have ""When this creature dies, it deals 1 damage to any target."""
Archon of Justice,5.0,['W'],['W'],None,['Creature'],['Archon'],Rare,J22,4,4,None,"Flying\nWhen Archon of Justice dies, exile target permanent."
Cyclops Electromancer,5.0,['R'],['R'],None,['Creature'],"['Cyclops', 'Wizard']",Uncommon,J22,4,2,None,"When Cyclops Electromancer enters the battlefield, it deals X damage to target creature an opponent controls, where X is the number of instant and sorcery cards in your graveyard."
Apothecary Geist,4.0,['W'],['W'],None,['Creature'],['Spirit'],Common,J22,2,3,None,"Flying\nWhen Apothecary Geist enters the battlefield, if you control another Spirit, you gain 3 life."
Cone of Flame,5.0,['R'],['R'],None,['Sorcery'],None,Uncommon,J22,None,None,None,"Cone of Flame deals 1 damage to any target, 2 damage to another target, and 3 damage to a third target."
Anointer of Valor,6.0,['W'],['W'],None,['Creature'],['Angel'],Common,J22,3,5,None,"Flying\nWhenever a creature attacks, you may pay {3}. When you do, put a +1/+1 counter on that creature."
Bloodhaze Wolverine,2.0,['R'],['R'],None,['Creature'],['Wolverine'],Common,J22,2,1,None,"Whenever you draw your second card each turn, Bloodhaze Wolverine gets +1/+1 and gains first strike until end of turn."
Angelic Protector,4.0,['W'],['W'],None,['Creature'],['Angel'],Uncommon,J22,2,2,None,"Flying\nWhenever Angelic Protector becomes the target of a spell or ability, Angelic Protector gets +0/+3 until end of turn."
Chandra's Pyreling,2.0,['R'],['R'],None,['Creature'],"['Elemental', 'Lizard']",Uncommon,J22,1,3,None,"Whenever a source you control deals noncombat damage to an opponent, Chandra's Pyreling gets +1/+0 and gains double strike until end of turn. (It deals both first-strike and regular combat damage.)"
Chandra's Spitfire,3.0,['R'],['R'],None,['Creature'],['Elemental'],Uncommon,J22,1,3,None,"Flying\nWhenever an opponent is dealt noncombat damage, Chandra's Spitfire gets +3/+0 until end of turn."
Angelic Page,2.0,['W'],['W'],None,['Creature'],"['Angel', 'Spirit']",Common,J22,1,1,None,Flying\n{T}: Target attacking or blocking creature gets +1/+1 until end of turn.
Coalhauler Swine,6.0,['R'],['R'],None,['Creature'],"['Boar', 'Beast']",Common,J22,4,4,None,"Whenever Coalhauler Swine is dealt damage, it deals that much damage to each player."
Angelic Edict,5.0,['W'],['W'],None,['Sorcery'],None,Common,J22,None,None,None,Exile target creature or enchantment.
Chandra's Pyrohelix,2.0,['R'],['R'],None,['Instant'],None,Common,J22,None,None,None,Chandra's Pyrohelix deals 2 damage divided as you choose among one or two targets.
Angel of Flight Alabaster,5.0,['W'],['W'],None,['Creature'],['Angel'],Rare,J22,4,4,None,"Flying\nAt the beginning of your upkeep, return target Spirit card from your graveyard to your hand."
Certain Death,6.0,['B'],['B'],None,['Sorcery'],None,Common,J22,None,None,None,Destroy target creature. Its controller loses 2 life and you gain 2 life.
Alseid of Life's Bounty,1.0,['W'],['W'],None,"['Enchantment', 'Creature']",['Nymph'],Uncommon,J22,1,1,None,"Lifelink\n{1}, Sacrifice Alseid of Life's Bounty: Target creature or enchantment you control gains protection from the color of your choice until end of turn."
Chandra's Magmutt,2.0,['R'],['R'],None,['Creature'],"['Elemental', 'Dog']",Common,J22,2,2,None,{T}: Chandra's Magmutt deals 1 damage to target player or planeswalker.
Ajani's Pridemate,2.0,['W'],['W'],None,['Creature'],"['Cat', 'Soldier']",Uncommon,J22,2,2,None,"Whenever you gain life, put a +1/+1 counter on Ajani's Pridemate."
"Chandra, Flame's Fury",6.0,['R'],['R'],['Legendary'],['Planeswalker'],['Chandra'],Mythic,J22,None,None,4,"[+1]: Chandra, Flame's Fury deals 2 damage to any target.\n[−2]: Chandra, Flame's Fury deals 4 damage to target creature and 2 damage to that creature's controller.\n[−8]: Chandra, Flame's Fury deals 10 damage to target player and each creature that player controls."
"Ajani, Strength of the Pride",4.0,['W'],['W'],['Legendary'],['Planeswalker'],['Ajani'],Mythic,J22,None,None,5,"[+1]: You gain life equal to the number of creatures you control plus the number of planeswalkers you control.\n[−2]: Create a 2/2 white Cat Soldier creature token named Ajani's Pridemate with ""Whenever you gain life, put a +1/+1 counter on Ajani's Pridemate.""\n[0]: If you have at least 15 life more than your starting life total, exile Ajani, Strength of the Pride and each artifact and creature your opponents control."
Catalyst Elemental,3.0,['R'],['R'],None,['Creature'],['Elemental'],Common,J22,2,2,None,Sacrifice Catalyst Elemental: Add {R}{R}.
Aethershield Artificer,4.0,['W'],['W'],None,['Creature'],"['Dwarf', 'Artificer']",Uncommon,J22,3,3,None,"At the beginning of combat on your turn, target artifact creature you control gets +2/+2 and gains indestructible until end of turn. (Damage and effects that say ""destroy"" don't destroy it.)"
Crow of Dark Tidings,3.0,['B'],['B'],None,['Creature'],"['Zombie', 'Bird']",Common,J22,2,1,None,"Flying\nWhen Crow of Dark Tidings enters the battlefield or dies, mill two cards. (Put the top two cards of your library into your graveyard.)"
Aerial Modification,5.0,['W'],['W'],None,['Enchantment'],['Aura'],Uncommon,J22,None,None,None,"Enchant creature or Vehicle\nAs long as enchanted permanent is a Vehicle, it's a creature in addition to its other types.\nEnchanted creature gets +2/+2 and has flying."
Captain Lannery Storm,3.0,['R'],['R'],['Legendary'],['Creature'],"['Human', 'Pirate']",Rare,J22,2,2,None,"Haste\nWhenever Captain Lannery Storm attacks, create a Treasure token. (It's an artifact with ""{T}, Sacrifice this artifact: Add one mana of any color."")\nWhenever you sacrifice a Treasure, Captain Lannery Storm gets +1/+0 until end of turn."
Acrobatic Maneuver,3.0,['W'],['W'],None,['Instant'],None,Common,J22,None,None,None,"Exile target creature you control, then return that card to the battlefield under its owner's control.\nDraw a card."
Burn Bright,3.0,['R'],['R'],None,['Instant'],None,Common,J22,None,None,None,Creatures you control get +2/+0 until end of turn.
Leechridden Swamp,0.0,None,['B'],None,['Land'],['Swamp'],Uncommon,J22,None,None,None,"({T}: Add {B}.)\nLeechridden Swamp enters the battlefield tapped.\n{B}, {T}: Each opponent loses 1 life. Activate only if you control two or more black permanents."
Bogardan Dragonheart,3.0,['R'],['R'],None,['Creature'],"['Human', 'Shaman']",Common,J22,2,2,None,"Sacrifice another creature: Until end of turn, Bogardan Dragonheart becomes a Dragon with base power and toughness 4/4, flying, and haste."
Spawning Pit,2.0,None,None,None,['Artifact'],None,Uncommon,J22,None,None,None,"Sacrifice a creature: Put a charge counter on Spawning Pit.\n{1}, Remove two charge counters from Spawning Pit: Create a 2/2 colorless Spawn artifact creature token."
Brazen Wolves,3.0,['R'],['R'],None,['Creature'],['Wolf'],Common,J22,2,3,None,"Whenever Brazen Wolves attacks, it gets +2/+0 until end of turn."
Clockwork Hydra,5.0,None,None,None,"['Artifact', 'Creature']",['Hydra'],Uncommon,J22,0,0,None,"Clockwork Hydra enters the battlefield with four +1/+1 counters on it.\nWhenever Clockwork Hydra attacks or blocks, remove a +1/+1 counter from it. If you do, Clockwork Hydra deals 1 damage to any target.\n{T}: Put a +1/+1 counter on Clockwork Hydra."
Blood Aspirant,2.0,['R'],['R'],None,['Creature'],"['Satyr', 'Berserker']",Uncommon,J22,1,1,None,"Whenever you sacrifice a permanent, put a +1/+1 counter on Blood Aspirant.\n{1}{R}, {T}, Sacrifice a creature or enchantment: Blood Aspirant deals 1 damage to target creature. That creature can't block this turn."
Wicked Wolf,4.0,['G'],['G'],None,['Creature'],['Wolf'],Rare,J22,3,3,None,"When Wicked Wolf enters the battlefield, it fights up to one target creature you don't control.\nSacrifice a Food: Put a +1/+1 counter on Wicked Wolf. It gains indestructible until end of turn. Tap it."
Brazen Freebooter,4.0,['R'],['R'],None,['Creature'],"['Human', 'Pirate']",Common,J22,3,3,None,"When Brazen Freebooter enters the battlefield, create a Treasure token. (It's an artifact with ""{T}, Sacrifice this artifact: Add one mana of any color."")"
Uktabi Orangutan,3.0,['G'],['G'],None,['Creature'],['Ape'],Uncommon,J22,2,2,None,"When Uktabi Orangutan enters the battlefield, destroy target artifact."
Borderland Marauder,2.0,['R'],['R'],None,['Creature'],"['Human', 'Warrior']",Common,J22,1,2,None,"Whenever Borderland Marauder attacks, it gets +2/+0 until end of turn."
Ruin in Their Wake,2.0,None,['G'],None,['Sorcery'],None,Uncommon,J22,None,None,None,"Devoid (This card has no color.)\nSearch your library for a basic land card and reveal it. You may put that card onto the battlefield tapped if you control a land named Wastes. Otherwise, put that card into your hand. Then shuffle."
Bolt Hound,3.0,['R'],['R'],None,['Creature'],"['Elemental', 'Dog']",Uncommon,J22,2,2,None,"Haste (This creature can attack and {T} as soon as it comes under your control.)\nWhenever Bolt Hound attacks, other creatures you control get +1/+0 until end of turn."
Flameblade Adept,1.0,['R'],['R'],None,['Creature'],"['Jackal', 'Warrior']",Uncommon,J22,1,2,None,"Menace\nWhenever you cycle or discard a card, Flameblade Adept gets +1/+0 until end of turn."
Blisterspit Gremlin,1.0,['R'],['R'],None,['Creature'],['Gremlin'],Common,J22,1,1,None,"{1}, {T}: Blisterspit Gremlin deals 1 damage to each opponent.\nWhenever you cast a noncreature spell, untap Blisterspit Gremlin."
Blaze,1.0,['R'],['R'],None,['Sorcery'],None,Uncommon,J22,None,None,None,Blaze deals X damage to any target.
Big Score,4.0,['R'],['R'],None,['Instant'],None,Common,J22,None,None,None,"As an additional cost to cast this spell, discard a card.\nDraw two cards and create two Treasure tokens. (They're artifacts with ""{T}, Sacrifice this artifact: Add one mana of any color."")"
Fireslinger,2.0,['R'],['R'],None,['Creature'],"['Human', 'Wizard']",Common,J22,1,1,None,{T}: Fireslinger deals 1 damage to any target and 1 damage to you.
Battle Squadron,5.0,['R'],['R'],None,['Creature'],['Goblin'],Uncommon,J22,*,*,None,Flying\nBattle Squadron's power and toughness are each equal to the number of creatures you control.
Aftershock,4.0,['R'],['R'],None,['Sorcery'],None,Common,J22,None,None,None,"Destroy target artifact, creature, or land. Aftershock deals 3 damage to you."
Corpse Churn,2.0,['B'],['B'],None,['Instant'],None,Common,J22,None,None,None,"Mill three cards, then you may return a creature card from your graveyard to your hand. (To mill three cards, put the top three cards of your library into your graveyard.)"
Wakedancer,3.0,['B'],['B'],None,['Creature'],"['Human', 'Shaman']",Common,J22,2,2,None,"Morbid — When Wakedancer enters the battlefield, if a creature died this turn, create a 2/2 black Zombie creature token."
Barrage Ogre,5.0,['R'],['R'],None,['Creature'],"['Ogre', 'Warrior']",Uncommon,J22,3,3,None,"{T}, Sacrifice an artifact: Barrage Ogre deals 2 damage to any target."
Swarm of Bloodflies,5.0,['B'],['B'],None,['Creature'],['Insect'],Uncommon,J22,0,0,None,"Flying\nSwarm of Bloodflies enters the battlefield with two +1/+1 counters on it.\nWhenever another creature dies, put a +1/+1 counter on Swarm of Bloodflies."
Brineborn Cutthroat,2.0,['U'],['U'],None,['Creature'],"['Merfolk', 'Pirate']",Uncommon,J22,2,1,None,"Flash (You may cast this spell any time you could cast an instant.)\nWhenever you cast a spell during an opponent's turn, put a +1/+1 counter on Brineborn Cutthroat."
Banefire,1.0,['R'],['R'],None,['Sorcery'],None,Rare,J22,None,None,None,"Banefire deals X damage to any target.\nIf X is 5 or more, this spell can't be countered and the damage can't be prevented."
Axgard Cavalry,2.0,['R'],['R'],None,['Creature'],"['Dwarf', 'Berserker']",Common,J22,2,2,None,{T}: Target creature gains haste until end of turn.
Renegade Demon,5.0,['B'],['B'],None,['Creature'],['Demon'],Common,J22,5,3,None,None
Arms Dealer,3.0,['R'],['R'],None,['Creature'],"['Goblin', 'Rogue']",Uncommon,J22,1,1,None,"{1}{R}, Sacrifice a Goblin: Arms Dealer deals 4 damage to target creature."
Reassembling Skeleton,2.0,['B'],['B'],None,['Creature'],"['Skeleton', 'Warrior']",Uncommon,J22,1,1,None,{1}{B}: Return Reassembling Skeleton from your graveyard to the battlefield tapped.
Act on Impulse,3.0,['R'],['R'],None,['Sorcery'],None,Uncommon,J22,None,None,None,"Exile the top three cards of your library. Until end of turn, you may play cards exiled this way. (If you cast a spell this way, you still pay its costs. You can play a land this way only if you have an available land play remaining.)"
Phyrexian Reclamation,1.0,['B'],['B'],None,['Enchantment'],None,Uncommon,J22,None,None,None,"{1}{B}, Pay 2 life: Return target creature card from your graveyard to your hand."
"Yargle, Glutton of Urborg",5.0,['B'],['B'],['Legendary'],['Creature'],"['Frog', 'Spirit']",Uncommon,J22,9,3,None,None
Phyrexian Plaguelord,5.0,['B'],['B'],None,['Creature'],"['Phyrexian', 'Carrier']",Rare,J22,4,4,None,"{T}, Sacrifice Phyrexian Plaguelord: Target creature gets -4/-4 until end of turn.\nSacrifice a creature: Target creature gets -1/-1 until end of turn."
Witch's Cauldron,1.0,['B'],['B'],None,['Artifact'],None,Uncommon,J22,None,None,None,"{1}{B}, {T}, Sacrifice a creature: You gain 1 life and draw a card."
Nezumi Bone-Reader,2.0,['B'],['B'],None,['Creature'],"['Rat', 'Shaman']",Uncommon,J22,1,1,None,"{B}, Sacrifice a creature: Target player discards a card. Activate only as a sorcery."
Wicked Guardian,4.0,['B'],['B'],None,['Creature'],"['Human', 'Noble']",Common,J22,4,2,None,"When Wicked Guardian enters the battlefield, you may have it deal 2 damage to another creature you control. If you do, draw a card."
Morkrut Banshee,5.0,['B'],['B'],None,['Creature'],['Spirit'],Uncommon,J22,4,4,None,"Morbid — When Morkrut Banshee enters the battlefield, if a creature died this turn, target creature gets -4/-4 until end of turn."
Wailing Ghoul,2.0,['B'],['B'],None,['Creature'],['Zombie'],Common,J22,1,3,None,"When Wailing Ghoul enters the battlefield, mill two cards."
Ghoul's Feast,2.0,['B'],['B'],None,['Instant'],None,Common,J22,None,None,None,"Target creature gets +X/+0 until end of turn, where X is the number of creature cards in your graveyard."
"Vito, Thorn of the Dusk Rose",3.0,['B'],['B'],['Legendary'],['Creature'],"['Vampire', 'Cleric']",Rare,J22,1,3,None,"Whenever you gain life, target opponent loses that much life.\n{3}{B}{B}: Creatures you control gain lifelink until end of turn."
Village Rites,1.0,['B'],['B'],None,['Instant'],None,Common,J22,None,None,None,"As an additional cost to cast this spell, sacrifice a creature.\nDraw two cards."
Festering Evil,5.0,['B'],['B'],None,['Enchantment'],None,Uncommon,J22,None,None,None,"At the beginning of your upkeep, Festering Evil deals 1 damage to each creature and each player.\n{B}{B}, Sacrifice Festering Evil: It deals 3 damage to each creature and each player."
Vermin Gorger,2.0,['B'],['B'],None,['Creature'],['Vampire'],Common,J22,2,2,None,"{T}, Sacrifice another creature: Each opponent loses 2 life and you gain 2 life."
Feast of Blood,2.0,['B'],['B'],None,['Sorcery'],None,Uncommon,J22,None,None,None,Cast this spell only if you control two or more Vampires.\nDestroy target creature. You gain 4 life.
Vampiric Rites,1.0,['B'],['B'],None,['Enchantment'],None,Uncommon,J22,None,None,None,"{1}{B}, Sacrifice a creature: You gain 1 life and draw a card."
Blood Artist,2.0,['B'],['B'],None,['Creature'],['Vampire'],Uncommon,J22,0,1,None,"Whenever Blood Artist or another creature dies, target player loses 1 life and you gain 1 life."
Vampire Envoy,3.0,['B'],['B'],None,['Creature'],"['Vampire', 'Cleric', 'Ally']",Common,J22,1,4,None,"Flying\nWhenever Vampire Envoy becomes tapped, you gain 1 life."
Island,0.0,None,['U'],['Basic'],['Land'],['Island'],Common,J22,None,None,None,({T}: Add {U}.)
Undead Augur,2.0,['B'],['B'],None,['Creature'],"['Zombie', 'Wizard']",Uncommon,J22,2,2,None,"Whenever Undead Augur or another Zombie you control dies, you draw a card and you lose 1 life."
Task Force,3.0,['W'],['W'],None,['Creature'],"['Human', 'Rebel']",Common,J22,1,3,None,"Whenever Task Force becomes the target of a spell or ability, it gets +0/+3 until end of turn."
Ulcerate,1.0,['B'],['B'],None,['Instant'],None,Uncommon,J22,None,None,None,Target creature gets -3/-3 until end of turn. You lose 3 life.
Tragic Lesson,3.0,['U'],['U'],None,['Instant'],None,Common,J22,None,None,None,Draw two cards. Then discard a card unless you return a land you control to its owner's hand.
Typhoid Rats,1.0,['B'],['B'],None,['Creature'],['Rat'],Common,J22,1,1,None,Deathtouch (Any amount of damage this deals to a creature is enough to destroy it.)
Wizard Mentor,3.0,['U'],['U'],None,['Creature'],"['Human', 'Wizard']",Common,J22,2,2,None,{T}: Return Wizard Mentor and target creature you control to their owner's hand.
Triskaidekaphobia,4.0,['B'],['B'],None,['Enchantment'],None,Rare,J22,None,None,None,"At the beginning of your upkeep, choose one —\n• Each player with exactly 13 life loses the game, then each player gains 1 life.\n• Each player with exactly 13 life loses the game, then each player loses 1 life."
Rhystic Study,3.0,['U'],['U'],None,['Enchantment'],None,Rare,J22,None,None,None,"Whenever an opponent casts a spell, you may draw a card unless that player pays {1}."
Forest,0.0,None,['G'],['Basic'],['Land'],['Forest'],Common,J22,None,None,None,({T}: Add {G}.)
Tormented Soul,1.0,['B'],['B'],None,['Creature'],['Spirit'],Common,J22,1,1,None,Tormented Soul can't block and can't be blocked.
Forest,0.0,None,['G'],['Basic'],['Land'],['Forest'],Common,J22,None,None,None,({T}: Add {G}.)
"Tivash, Gloom Summoner",5.0,['B'],['B'],['Legendary'],['Creature'],"['Human', 'Warlock']",Rare,J22,4,4,None,"Lifelink\nAt the beginning of your end step, if you gained life this turn, you may pay X life, where X is the amount of life you gained this turn. If you do, create an X/X black Demon creature token with flying."
Forest,0.0,None,['G'],['Basic'],['Land'],['Forest'],Common,J22,None,None,None,({T}: Add {G}.)
Takenuma Bleeder,3.0,['B'],['B'],None,['Creature'],"['Ogre', 'Shaman']",Common,J22,3,3,None,"Whenever Takenuma Bleeder attacks or blocks, you lose 1 life if you don't control a Demon."
Mountain,0.0,None,['R'],['Basic'],['Land'],['Mountain'],Common,J22,None,None,None,({T}: Add {R}.)
"Syr Konrad, the Grim",5.0,['B'],['B'],['Legendary'],['Creature'],"['Human', 'Knight']",Uncommon,J22,5,4,None,"Whenever another creature dies, or a creature card is put into a graveyard from anywhere other than the battlefield, or a creature card leaves your graveyard, Syr Konrad, the Grim deals 1 damage to each opponent.\n{1}{B}: Each player mills a card. (They each put the top card of their library into their graveyard.)"
Mountain,0.0,None,['R'],['Basic'],['Land'],['Mountain'],Common,J22,None,None,None,({T}: Add {R}.)
Strangling Spores,4.0,['B'],['B'],None,['Instant'],None,Common,J22,None,None,None,Target creature gets -3/-3 until end of turn.
Island,0.0,None,['U'],['Basic'],['Land'],['Island'],Common,J22,None,None,None,({T}: Add {U}.)
Mountain,0.0,None,['R'],['Basic'],['Land'],['Mountain'],Common,J22,None,None,None,({T}: Add {R}.)
Spark Reaper,3.0,['B'],['B'],None,['Creature'],['Zombie'],Common,J22,2,3,None,"{3}, Sacrifice a creature or planeswalker: You gain 1 life and draw a card."
Island,0.0,None,['U'],['Basic'],['Land'],['Island'],Common,J22,None,None,None,({T}: Add {U}.)
Soulcage Fiend,3.0,['B'],['B'],None,['Creature'],['Demon'],Common,J22,3,2,None,"When Soulcage Fiend dies, each player loses 3 life."
Swamp,0.0,None,['B'],['Basic'],['Land'],['Swamp'],Common,J22,None,None,None,({T}: Add {B}.)
Sling-Gang Lieutenant,4.0,['B'],['B'],None,['Creature'],['Goblin'],Uncommon,J22,1,1,None,"When Sling-Gang Lieutenant enters the battlefield, create two 1/1 red Goblin creature tokens.\nSacrifice a Goblin: Target player loses 1 life and you gain 1 life."
Swamp,0.0,None,['B'],['Basic'],['Land'],['Swamp'],Common,J22,None,None,None,({T}: Add {B}.)
Skirsdag Supplicant,3.0,['B'],['B'],None,['Creature'],"['Human', 'Cleric']",Common,J22,2,3,None,"{B}, {T}, Discard a card: Each player loses 2 life."
Swamp,0.0,None,['B'],['Basic'],['Land'],['Swamp'],Common,J22,None,None,None,({T}: Add {B}.)
Skirsdag High Priest,2.0,['B'],['B'],None,['Creature'],"['Human', 'Cleric']",Rare,J22,1,2,None,"Morbid — {T}, Tap two untapped creatures you control: Create a 5/5 black Demon creature token with flying. Activate only if a creature died this turn."
Plains,0.0,None,['W'],['Basic'],['Land'],['Plains'],Common,J22,None,None,None,({T}: Add {W}.)
Sinuous Vermin,2.0,['B'],['B'],None,['Creature'],"['Rat', 'Horror']",Common,J22,2,2,None,"{3}{B}{B}: Monstrosity 3. (If this creature isn't monstrous, put three +1/+1 counters on it and it becomes monstrous.)\nAs long as Sinuous Vermin is monstrous, it has menace. (It can't be blocked except by two or more creatures.)"
Plains,0.0,None,['W'],['Basic'],['Land'],['Plains'],Common,J22,None,None,None,({T}: Add {W}.)
Shambling Ghoul,2.0,['B'],['B'],None,['Creature'],['Zombie'],Common,J22,2,3,None,Shambling Ghoul enters the battlefield tapped.
Plains,0.0,None,['W'],['Basic'],['Land'],['Plains'],Common,J22,None,None,None,({T}: Add {W}.)
Shadowborn Demon,5.0,['B'],['B'],None,['Creature'],['Demon'],Mythic,J22,5,6,None,"Flying\nWhen Shadowborn Demon enters the battlefield, destroy target non-Demon creature.\nAt the beginning of your upkeep, if there are fewer than six creature cards in your graveyard, sacrifice a creature."
Academy Journeymage,5.0,['U'],['U'],None,['Creature'],"['Human', 'Wizard']",Common,J22,3,2,None,"This spell costs {1} less to cast if you control a Wizard.\nWhen Academy Journeymage enters the battlefield, return target creature an opponent controls to its owner's hand."
"Seizan, Perverter of Truth",5.0,['B'],['B'],['Legendary'],['Creature'],"['Demon', 'Spirit']",Rare,J22,6,5,None,"At the beginning of each player's upkeep, that player loses 2 life and draws two cards."
Karn Liberated,7.0,None,None,['Legendary'],['Planeswalker'],['Karn'],Mythic,J22,None,None,6,"[+4]: Target player exiles a card from their hand.\n[−3]: Exile target permanent.\n[−14]: Restart the game, leaving in exile all non-Aura permanent cards exiled with Karn Liberated. Then put those cards onto the battlefield under your control."
Ruthless Disposal,5.0,['B'],['B'],None,['Sorcery'],None,Uncommon,J22,None,None,None,"As an additional cost to cast this spell, discard a card and sacrifice a creature.\nTwo target creatures each get -13/-13 until end of turn."
Peacewalker Colossus,3.0,None,['W'],None,['Artifact'],['Vehicle'],Rare,J22,6,6,None,{1}{W}: Another target Vehicle you control becomes an artifact creature until end of turn.\nCrew 4 (Tap any number of creatures you control with total power 4 or more: This Vehicle becomes an artifact creature until end of turn.)
Revenant,5.0,['B'],['B'],None,['Creature'],['Spirit'],Uncommon,J22,*,*,None,Flying\nRevenant's power and toughness are each equal to the number of creature cards in your graveyard.
Magnifying Glass,3.0,None,None,None,['Artifact'],None,Uncommon,J22,None,None,None,"{T}: Add {C}.\n{4}, {T}: Investigate. (Create a Clue token. It's an artifact with ""{2}, Sacrifice this artifact: Draw a card."")"
Returned Reveler,2.0,['B'],['B'],None,['Creature'],"['Zombie', 'Satyr']",Common,J22,1,3,None,"When Returned Reveler dies, each player mills three cards."
Coldsteel Heart,2.0,None,None,['Snow'],['Artifact'],None,Uncommon,J22,None,None,None,"Coldsteel Heart enters the battlefield tapped.\nAs Coldsteel Heart enters the battlefield, choose a color.\n{T}: Add one mana of the chosen color."
Swaggering Corsair,3.0,['R'],['R'],None,['Creature'],"['Human', 'Pirate']",Common,J22,2,2,None,Raid — Swaggering Corsair enters the battlefield with a +1/+1 counter on it if you attacked this turn.
World Breaker,7.0,None,['G'],None,['Creature'],['Eldrazi'],Mythic,J22,5,7,None,"Devoid (This card has no color.)\nWhen you cast this spell, exile target artifact, enchantment, or land.\nReach\n{2}{C}, Sacrifice a land: Return World Breaker from your graveyard to your hand. ({C} represents colorless mana.)"
Reave Soul,2.0,['B'],['B'],None,['Sorcery'],None,Common,J22,None,None,None,Destroy target creature with power 3 or less.
Thrashing Brontodon,3.0,['G'],['G'],None,['Creature'],['Dinosaur'],Uncommon,J22,3,4,None,"{1}, Sacrifice Thrashing Brontodon: Destroy target artifact or enchantment."
Reaper from the Abyss,6.0,['B'],['B'],None,['Creature'],['Demon'],Mythic,J22,6,6,None,"Flying\nMorbid — At the beginning of each end step, if a creature died this turn, destroy target non-Demon creature."
Ram Through,2.0,['G'],['G'],None,['Instant'],None,Common,J22,None,None,None,"Target creature you control deals damage equal to its power to target creature you don't control. If the creature you control has trample, excess damage is dealt to that creature's controller instead."
Priest of the Blood Rite,5.0,['B'],['B'],None,['Creature'],"['Human', 'Cleric']",Rare,J22,2,2,None,"When Priest of the Blood Rite enters the battlefield, create a 5/5 black Demon creature token with flying.\nAt the beginning of your upkeep, you lose 2 life."
Khalni Heart Expedition,2.0,['G'],['G'],None,['Enchantment'],None,Common,J22,None,None,None,"Landfall — Whenever a land enters the battlefield under your control, you may put a quest counter on Khalni Heart Expedition.\nRemove three quest counters from Khalni Heart Expedition and sacrifice it: Search your library for up to two basic land cards, put them onto the battlefield tapped, then shuffle."
Plague Spitter,3.0,['B'],['B'],None,['Creature'],"['Phyrexian', 'Horror']",Uncommon,J22,2,2,None,"At the beginning of your upkeep, Plague Spitter deals 1 damage to each creature and each player.\nWhen Plague Spitter dies, it deals 1 damage to each creature and each player."
Hydra's Growth,3.0,['G'],['G'],None,['Enchantment'],['Aura'],Uncommon,J22,None,None,None,"Enchant creature\nWhen Hydra's Growth enters the battlefield, put a +1/+1 counter on enchanted creature.\nAt the beginning of your upkeep, double the number of +1/+1 counters on enchanted creature."
Pit Keeper,2.0,['B'],['B'],None,['Creature'],"['Human', 'Wizard']",Common,J22,2,1,None,"When Pit Keeper enters the battlefield, if you have four or more creature cards in your graveyard, you may return target creature card from your graveyard to your hand."
Elvish Rejuvenator,3.0,['G'],['G'],None,['Creature'],"['Elf', 'Druid']",Common,J22,1,1,None,"When Elvish Rejuvenator enters the battlefield, look at the top five cards of your library. You may put a land card from among them onto the battlefield tapped. Put the rest on the bottom of your library in a random order."
Phyrexian Debaser,4.0,['B'],['B'],None,['Creature'],"['Phyrexian', 'Carrier']",Common,J22,2,2,None,"Flying\n{T}, Sacrifice Phyrexian Debaser: Target creature gets -2/-2 until end of turn."
Colossal Majesty,3.0,['G'],['G'],None,['Enchantment'],None,Uncommon,J22,None,None,None,"At the beginning of your upkeep, if you control a creature with power 4 or greater, draw a card."
Oversold Cemetery,2.0,['B'],['B'],None,['Enchantment'],None,Rare,J22,None,None,None,"At the beginning of your upkeep, if you have four or more creature cards in your graveyard, you may return target creature card from your graveyard to your hand."
Caustic Caterpillar,1.0,['G'],['G'],None,['Creature'],['Insect'],Common,J22,1,1,None,"{1}{G}, Sacrifice Caustic Caterpillar: Destroy target artifact or enchantment."
Ophiomancer,3.0,['B'],['B'],None,['Creature'],"['Human', 'Shaman']",Rare,J22,2,2,None,"At the beginning of each upkeep, if you control no Snakes, create a 1/1 black Snake creature token with deathtouch."
"Arlinn, Voice of the Pack",6.0,['G'],['G'],['Legendary'],['Planeswalker'],['Arlinn'],Uncommon,J22,None,None,7,Each creature you control that's a Wolf or a Werewolf enters the battlefield with an additional +1/+1 counter on it.\n[−2]: Create a 2/2 green Wolf creature token.
Ob Nixilis's Cruelty,3.0,['B'],['B'],None,['Instant'],None,Common,J22,None,None,None,"Target creature gets -5/-5 until end of turn. If that creature would die this turn, exile it instead."
Thrill of Possibility,2.0,['R'],['R'],None,['Instant'],None,Common,J22,None,None,None,"As an additional cost to cast this spell, discard a card.\nDraw two cards."
"Ob Nixilis, the Hate-Twisted",5.0,['B'],['B'],['Legendary'],['Planeswalker'],['Nixilis'],Uncommon,J22,None,None,5,"Whenever an opponent draws a card, Ob Nixilis, the Hate-Twisted deals 1 damage to that player.\n[−2]: Destroy target creature. Its controller draws two cards."
Thermo-Alchemist,2.0,['R'],['R'],None,['Creature'],"['Human', 'Shaman']",Common,J22,0,3,None,"Defender\n{T}: Thermo-Alchemist deals 1 damage to each opponent.\nWhenever you cast an instant or sorcery spell, untap Thermo-Alchemist."
Nirkana Assassin,3.0,['B'],['B'],None,['Creature'],"['Vampire', 'Assassin', 'Ally']",Common,J22,2,3,None,"Whenever you gain life, Nirkana Assassin gains deathtouch until end of turn. (Any amount of damage it deals to a creature is enough to destroy it.)"
Spear Spewer,1.0,['R'],['R'],None,['Creature'],"['Goblin', 'Warrior']",Common,J22,0,2,None,Defender\n{T}: Spear Spewer deals 1 damage to each player.
Nested Ghoul,5.0,['B'],['B'],None,['Creature'],"['Phyrexian', 'Zombie', 'Warrior']",Uncommon,J22,4,2,None,"Whenever a source deals damage to Nested Ghoul, create a 2/2 black Phyrexian Zombie creature token."
Rigging Runner,1.0,['R'],['R'],None,['Creature'],"['Goblin', 'Pirate']",Uncommon,J22,1,1,None,First strike\nRaid — Rigging Runner enters the battlefield with a +1/+1 counter on it if you attacked this turn.
Necrotic Wound,1.0,['B'],['B'],None,['Instant'],None,Uncommon,J22,None,None,None,"Undergrowth — Target creature gets -X/-X until end of turn, where X is the number of creature cards in your graveyard. If that creature would die this turn, exile it instead."
Rapacious Dragon,5.0,['R'],['R'],None,['Creature'],['Dragon'],Uncommon,J22,3,3,None,"Flying\nWhen Rapacious Dragon enters the battlefield, create two Treasure tokens. (They're artifacts with ""{T}, Sacrifice this artifact: Add one mana of any color."")"
Necromancer's Stockpile,2.0,['B'],['B'],None,['Enchantment'],None,Rare,J22,None,None,None,"{1}{B}, Discard a creature card: Draw a card. If the discarded card was a Zombie card, create a tapped 2/2 black Zombie creature token."
"Kiki-Jiki, Mirror Breaker",5.0,['R'],['R'],['Legendary'],['Creature'],"['Goblin', 'Shaman']",Mythic,J22,2,2,None,"Haste\n{T}: Create a token that's a copy of target nonlegendary creature you control, except it has haste. Sacrifice it at the beginning of the next end step."
Moodmark Painter,4.0,['B'],['B'],None,['Creature'],"['Human', 'Shaman']",Common,J22,2,3,None,"Undergrowth — When Moodmark Painter enters the battlefield, target creature gains menace and gets +X/+0 until end of turn, where X is the number of creature cards in your graveyard. (It can't be blocked except by two or more creatures.)"
Drannith Stinger,2.0,['R'],['R'],None,['Creature'],"['Human', 'Wizard']",Common,J22,2,2,None,"Whenever you cycle another card, Drannith Stinger deals 1 damage to each opponent.\nCycling {1} ({1}, Discard this card: Draw a card.)"
Moment of Craving,2.0,['B'],['B'],None,['Instant'],None,Common,J22,None,None,None,Target creature gets -2/-2 until end of turn. You gain 2 life.
Dragon Mage,7.0,['R'],['R'],None,['Creature'],"['Dragon', 'Wizard']",Uncommon,J22,5,5,None,"Flying\nWhenever Dragon Mage deals combat damage to a player, each player discards their hand, then draws seven cards."
Mire Triton,2.0,['B'],['B'],None,['Creature'],"['Zombie', 'Merfolk']",Uncommon,J22,2,1,None,"Deathtouch\nWhen Mire Triton enters the battlefield, mill two cards and you gain 2 life."
Dragon Fodder,2.0,['R'],['R'],None,['Sorcery'],None,Common,J22,None,None,None,Create two 1/1 red Goblin creature tokens.
Mire Blight,1.0,['B'],['B'],None,['Enchantment'],['Aura'],Common,J22,None,None,None,"Enchant creature\nWhen enchanted creature is dealt damage, destroy it."
Tree of Perdition,4.0,['B'],['B'],None,['Creature'],['Plant'],Mythic,J22,0,13,None,Defender\n{T}: Exchange target opponent's life total with Tree of Perdition's toughness.
Massacre Wurm,6.0,['B'],['B'],None,['Creature'],"['Phyrexian', 'Wurm']",Mythic,J22,6,5,None,"When Massacre Wurm enters the battlefield, creatures your opponents control get -2/-2 until end of turn.\nWhenever a creature an opponent controls dies, that player loses 2 life."
Tragic Slip,1.0,['B'],['B'],None,['Instant'],None,Common,J22,None,None,None,Target creature gets -1/-1 until end of turn.\nMorbid — That creature gets -13/-13 until end of turn instead if a creature died this turn.
Marauding Boneslasher,3.0,['B'],['B'],None,['Creature'],"['Zombie', 'Minotaur']",Common,J22,3,3,None,Marauding Boneslasher can't block unless you control another Zombie.
Stitcher's Supplier,1.0,['B'],['B'],None,['Creature'],['Zombie'],Uncommon,J22,1,1,None,"When Stitcher's Supplier enters the battlefield or dies, mill three cards."
Marauding Blight-Priest,3.0,['B'],['B'],None,['Creature'],"['Vampire', 'Cleric']",Common,J22,3,2,None,"Whenever you gain life, each opponent loses 1 life."
Plaguecrafter,3.0,['B'],['B'],None,['Creature'],"['Human', 'Shaman']",Uncommon,J22,3,2,None,"When Plaguecrafter enters the battlefield, each player sacrifices a creature or planeswalker. Each player who can't discards a card."
Cemetery Recruitment,2.0,['B'],['B'],None,['Sorcery'],None,Common,J22,None,None,None,"Return target creature card from your graveyard to your hand. If it's a Zombie card, draw a card."
Ogre Slumlord,5.0,['B'],['B'],None,['Creature'],"['Ogre', 'Rogue']",Rare,J22,3,3,None,"Whenever another nontoken creature dies, you may create a 1/1 black Rat creature token.\nRats you control have deathtouch."
Artificer's Epiphany,3.0,['U'],['U'],None,['Instant'],None,Common,J22,None,None,None,"Draw two cards. If you control no artifacts, discard a card."
Oathsworn Vampire,2.0,['B'],['B'],None,['Creature'],"['Vampire', 'Knight']",Uncommon,J22,2,2,None,Oathsworn Vampire enters the battlefield tapped.\nYou may cast Oathsworn Vampire from your graveyard if you gained life this turn.
Burglar Rat,2.0,['B'],['B'],None,['Creature'],['Rat'],Common,J22,1,1,None,"When Burglar Rat enters the battlefield, each opponent discards a card."
Lord of the Accursed,3.0,['B'],['B'],None,['Creature'],['Zombie'],Uncommon,J22,2,3,None,"Other Zombies you control get +1/+1.\n{1}{B}, {T}: All Zombies gain menace until end of turn."
Bone Picker,4.0,['B'],['B'],None,['Creature'],['Bird'],Uncommon,J22,3,2,None,"This spell costs {3} less to cast if a creature died this turn.\nFlying, deathtouch"
Feast on the Fallen,3.0,['B'],['B'],None,['Enchantment'],None,Uncommon,J22,None,None,None,"At the beginning of each upkeep, if an opponent lost life last turn, put a +1/+1 counter on target creature you control."
Bloodtracker,4.0,['B'],['B'],None,['Creature'],"['Vampire', 'Wizard']",Rare,J22,2,2,None,"Flying\n{B}, Pay 2 life: Put a +1/+1 counter on Bloodtracker.\nWhen Bloodtracker leaves the battlefield, draw a card for each +1/+1 counter on it."
Diabolic Edict,2.0,['B'],['B'],None,['Instant'],None,Common,J22,None,None,None,Target player sacrifices a creature.
Bloodthirsty Aerialist,3.0,['B'],['B'],None,['Creature'],"['Vampire', 'Rogue']",Uncommon,J22,2,3,None,"Flying\nWhenever you gain life, put a +1/+1 counter on Bloodthirsty Aerialist."
Whirler Rogue,4.0,['U'],['U'],None,['Creature'],"['Human', 'Rogue', 'Artificer']",Uncommon,J22,2,2,None,"When Whirler Rogue enters the battlefield, create two 1/1 colorless Thopter artifact creature tokens with flying.\nTap two untapped artifacts you control: Target creature can't be blocked this turn."
Goblin Rally,5.0,['R'],['R'],None,['Sorcery'],None,Uncommon,J22,None,None,None,Create four 1/1 red Goblin creature tokens.
Spellstutter Sprite,2.0,['U'],['U'],None,['Creature'],"['Faerie', 'Wizard']",Common,J22,1,1,None,"Flash\nFlying\nWhen Spellstutter Sprite enters the battlefield, counter target spell with mana value X or less, where X is the number of Faeries you control."
Bloodbond Vampire,4.0,['B'],['B'],None,['Creature'],"['Vampire', 'Shaman', 'Ally']",Uncommon,J22,3,3,None,"Whenever you gain life, put a +1/+1 counter on Bloodbond Vampire."
Spectral Sailor,1.0,['U'],['U'],None,['Creature'],"['Spirit', 'Pirate']",Uncommon,J22,1,1,None,Flash (You may cast this spell any time you could cast an instant.)\nFlying\n{3}{U}: Draw a card.
Goblin Rabblemaster,3.0,['R'],['R'],None,['Creature'],"['Goblin', 'Warrior']",Rare,J22,2,2,None,"Other Goblin creatures you control attack each combat if able.\nAt the beginning of combat on your turn, create a 1/1 red Goblin creature token with haste.\nWhenever Goblin Rabblemaster attacks, it gets +1/+0 until end of turn for each other attacking Goblin."
Maalfeld Twins,6.0,['B'],['B'],None,['Creature'],['Zombie'],Common,J22,4,4,None,"When Maalfeld Twins dies, create two 2/2 black Zombie creature tokens."
Preordain,1.0,['U'],['U'],None,['Sorcery'],None,Common,J22,None,None,None,"Scry 2, then draw a card. (To scry 2, look at the top two cards of your library, then put any number of them on the bottom and the rest on top in any order.)"
Blood Price,4.0,['B'],['B'],None,['Sorcery'],None,Common,J22,None,None,None,Look at the top four cards of your library. Put two of them into your hand and the rest on the bottom of your library in any order. You lose 2 life.
Mirror Image,3.0,['U'],['U'],None,['Creature'],['Shapeshifter'],Uncommon,J22,0,0,None,You may have Mirror Image enter the battlefield as a copy of a creature you control.
Blight Keeper,1.0,['B'],['B'],None,['Creature'],"['Bat', 'Imp']",Common,J22,1,1,None,"Flying\n{7}{B}, {T}, Sacrifice Blight Keeper: Target opponent loses 4 life and you gain 4 life."
Merrow Reejerey,3.0,['U'],['U'],None,['Creature'],"['Merfolk', 'Soldier']",Uncommon,J22,2,2,None,"Other Merfolk creatures you control get +1/+1.\nWhenever you cast a Merfolk spell, you may tap or untap target permanent."
Black Cat,2.0,['B'],['B'],None,['Creature'],"['Zombie', 'Cat']",Common,J22,1,1,None,"When Black Cat dies, target opponent discards a card at random."
"Kasmina, Enigmatic Mentor",4.0,['U'],['U'],['Legendary'],['Planeswalker'],['Kasmina'],Uncommon,J22,None,None,5,"Spells your opponents cast that target a creature or planeswalker you control cost {2} more to cast.\n[−2]: Create a 2/2 blue Wizard creature token. Draw a card, then discard a card."
Ancient Craving,4.0,['B'],['B'],None,['Sorcery'],None,Uncommon,J22,None,None,None,You draw three cards and you lose 3 life.
Valorous Stance,2.0,['W'],['W'],None,['Instant'],None,Uncommon,J22,None,None,None,"Choose one —\n• Target creature gains indestructible until end of turn. (Damage and effects that say ""destroy"" don't destroy it.)\n• Destroy target creature with toughness 4 or greater."
Alley Strangler,3.0,['B'],['B'],None,['Creature'],"['Aetherborn', 'Rogue']",Common,J22,2,3,None,Menace
Sage's Reverie,4.0,['W'],['W'],None,['Enchantment'],['Aura'],Uncommon,J22,None,None,None,"Enchant creature\nWhen Sage's Reverie enters the battlefield, draw a card for each Aura you control that's attached to a creature.\nEnchanted creature gets +1/+1 for each Aura you control that's attached to a creature."
Winter's Rest,2.0,['U'],['U'],['Snow'],['Enchantment'],['Aura'],Common,J22,None,None,None,"Enchant creature\nWhen Winter's Rest enters the battlefield, tap enchanted creature.\nAs long as you control another snow permanent, enchanted creature doesn't untap during its controller's untap step."
King of the Pride,3.0,['W'],['W'],None,['Creature'],['Cat'],Uncommon,J22,2,1,None,Other Cats you control get +2/+1.
Windrider Patrol,5.0,['U'],['U'],None,['Creature'],"['Merfolk', 'Wizard']",Uncommon,J22,4,3,None,"Flying\nWhenever Windrider Patrol deals combat damage to a player, scry 2. (Look at the top two cards of your library, then put any number of them on the bottom of your library and the rest on top in any order.)"
Flicker of Fate,2.0,['W'],['W'],None,['Instant'],None,Common,J22,None,None,None,"Exile target creature or enchantment, then return it to the battlefield under its owner's control."
Weldfast Wingsmith,4.0,['U'],['U'],None,['Creature'],"['Human', 'Artificer']",Common,J22,3,3,None,"Whenever an artifact enters the battlefield under your control, Weldfast Wingsmith gains flying until end of turn."
Emancipation Angel,3.0,['W'],['W'],None,['Creature'],['Angel'],Uncommon,J22,3,3,None,"Flying\nWhen Emancipation Angel enters the battlefield, return a permanent you control to its owner's hand."
Wavebreak Hippocamp,3.0,['U'],['U'],None,"['Enchantment', 'Creature']","['Horse', 'Fish']",Rare,J22,2,2,None,"Whenever you cast your first spell during each opponent's turn, draw a card."
Eidolon of Rhetoric,3.0,['W'],['W'],None,"['Enchantment', 'Creature']",['Spirit'],Uncommon,J22,1,4,None,Each player can't cast more than one spell each turn.
Lurking Deadeye,4.0,['B'],['B'],None,['Creature'],"['Human', 'Assassin']",Common,J22,4,2,None,"Flash\nWhen Lurking Deadeye enters the battlefield, destroy target creature that was dealt damage this turn."
"Balan, Wandering Knight",4.0,['W'],['W'],['Legendary'],['Creature'],"['Cat', 'Knight']",Rare,J22,3,3,None,"First strike\nBalan, Wandering Knight has double strike as long as two or more Equipment are attached to it.\n{1}{W}: Attach all Equipment you control to Balan."
Watertrap Weaver,3.0,['U'],['U'],None,['Creature'],"['Merfolk', 'Wizard']",Common,J22,2,2,None,"When Watertrap Weaver enters the battlefield, tap target creature an opponent controls. That creature doesn't untap during its controller's next untap step."
Arrest,3.0,['W'],['W'],None,['Enchantment'],['Aura'],Uncommon,J22,None,None,None,"Enchant creature\nEnchanted creature can't attack or block, and its activated abilities can't be activated."
Wake Thrasher,3.0,['U'],['U'],None,['Creature'],"['Merfolk', 'Soldier']",Rare,J22,1,1,None,"Whenever a permanent you control becomes untapped, Wake Thrasher gets +1/+1 until end of turn."
Planar Atlas,2.0,None,None,None,['Artifact'],None,Uncommon,J22,None,None,None,"Planar Atlas enters the battlefield tapped.\nWhen Planar Atlas enters the battlefield, you may look at the top four cards of your library. If you do, reveal up to one land card from among them, then put that card on top of your library and the rest on the bottom in a random order.\n{T}: Add {C}."
Vendilion Clique,3.0,['U'],['U'],['Legendary'],['Creature'],"['Faerie', 'Wizard']",Mythic,J22,3,1,None,"Flash\nFlying\nWhen Vendilion Clique enters the battlefield, look at target player's hand. You may choose a nonland card from it. If you do, that player reveals the chosen card, puts it on the bottom of their library, then draws a card."
Instruments of War,4.0,None,None,None,['Artifact'],None,Uncommon,J22,None,None,None,"Flash\nAs Instruments of War enters the battlefield, choose a creature type.\nCreatures you control of the chosen type get +1/+1."
Liliana's Steward,1.0,['B'],['B'],None,['Creature'],['Zombie'],Common,J22,1,2,None,"{T}, Sacrifice Liliana's Steward: Target opponent discards a card. Activate only as a sorcery."
Infernal Idol,3.0,None,['B'],None,['Artifact'],None,Common,J22,None,None,None,"{T}: Add {B}.\n{1}{B}{B}, {T}, Sacrifice Infernal Idol: You draw two cards and you lose 2 life."
Goblin Psychopath,4.0,['R'],['R'],None,['Creature'],"['Goblin', 'Mutant']",Uncommon,J22,5,5,None,"Whenever Goblin Psychopath attacks or blocks, flip a coin. If you lose the flip, the next time it would deal combat damage this turn, it deals that damage to you instead."
Dutiful Replicator,3.0,None,None,None,"['Artifact', 'Creature']",['Assembly-Worker'],Common,J22,3,2,None,"When Dutiful Replicator enters the battlefield, you may pay {1}. When you do, create a token that's a copy of target token you control not named Dutiful Replicator."
Vedalken Engineer,2.0,['U'],['U'],None,['Creature'],"['Vedalken', 'Artificer']",Common,J22,1,1,None,{T}: Add two mana of any one color. Spend this mana only to cast artifact spells or activate abilities of artifacts.
"Zask, Skittering Swarmlord",5.0,['G'],"['B', 'G']",['Legendary'],['Creature'],['Insect'],Rare,J22,5,5,None,"You may play lands and cast Insect spells from your graveyard.\nWhenever another Insect you control dies, put it on the bottom of its owner's library, then mill two cards. (Put the top two cards of your library into your graveyard.)\n{1}{B/G}: Target Insect gets +1/+0 and gains deathtouch until end of turn. ({B/G} can be paid with either {B} or {G}.)"
Undersea Invader,6.0,['U'],['U'],None,['Creature'],"['Giant', 'Rogue']",Common,J22,5,6,None,Flash\nUndersea Invader enters the battlefield tapped.
Towering Gibbon,4.0,['G'],['G'],None,['Creature'],['Ape'],Uncommon,J22,*,4,None,Reach\nTowering Gibbon's power is equal to the greatest mana value among creatures you control.
Triton Shorestalker,1.0,['U'],['U'],None,['Creature'],"['Merfolk', 'Rogue']",Common,J22,1,1,None,Triton Shorestalker can't be blocked.
Spectral Hunt-Caller,5.0,['G'],['G'],None,['Creature'],"['Wolf', 'Spirit']",Common,J22,4,4,None,{5}{G}: Creatures you control get +1/+1 and gain trample until end of turn.
Tome Anima,4.0,['U'],['U'],None,['Creature'],['Spirit'],Common,J22,3,3,None,Tome Anima can't be blocked as long as you've drawn two or more cards this turn.
"Runadi, Behemoth Caller",3.0,['G'],['G'],['Legendary'],['Creature'],"['Cat', 'Shaman']",Rare,J22,1,3,None,"Whenever you cast a creature spell with mana value 5 or greater, that creature enters the battlefield with X additional +1/+1 counters on it, where X is its mana value minus 4.\nCreatures you control with three or more +1/+1 counters on them have haste.\n{T}: Add {G}."
Liliana's Mastery,5.0,['B'],['B'],None,['Enchantment'],None,Rare,J22,None,None,None,"Zombies you control get +1/+1.\nWhen Liliana's Mastery enters the battlefield, create two 2/2 black Zombie creature tokens."
Rampaging Growth,4.0,['G'],['G'],None,['Instant'],None,Uncommon,J22,None,None,None,"Search your library for a basic land card, put it on the battlefield, then shuffle. Until end of turn, that land becomes a 4/3 Insect creature with reach and haste. It's still a land."
Tolarian Sentinel,4.0,['U'],['U'],None,['Creature'],"['Human', 'Spellshaper']",Common,J22,1,3,None,"Flying\n{U}, {T}, Discard a card: Return target permanent you control to its owner's hand."
Primeval Herald,4.0,['G'],['G'],None,['Creature'],"['Elf', 'Scout']",Uncommon,J22,3,1,None,"Trample\nWhenever Primeval Herald enters the battlefield or attacks, you may search your library for a basic land card, put it onto the battlefield tapped, then shuffle."
Tolarian Kraken,6.0,['U'],['U'],None,['Creature'],['Kraken'],Uncommon,J22,4,6,None,"Whenever you draw a card, you may pay {1}. When you do, you may tap or untap target creature."
Mild-Mannered Librarian,1.0,['G'],['G'],None,['Creature'],['Human'],Uncommon,J22,1,1,None,{3}{G}: Mild-Mannered Librarian becomes a Werewolf. Put two +1/+1 counters on it and you draw a card. Activate only once.
Goblin Oriflamme,2.0,['R'],['R'],None,['Enchantment'],None,Uncommon,J22,None,None,None,Attacking creatures you control get +1/+0.
"Kibo, Uktabi Prince",3.0,['G'],"['G', 'R']",['Legendary'],['Creature'],"['Monkey', 'Noble']",Mythic,J22,2,2,None,"{T}: Each player creates a colorless artifact token named Banana with ""{T}, Sacrifice this artifact: Add {R} or {G}. You gain 2 life.""\nWhenever an artifact an opponent controls is put into a graveyard from the battlefield, put a +1/+1 counter on each creature you control that's an Ape or a Monkey.\nWhenever Kibo attacks, defending player sacrifices an artifact."
Thopter Spy Network,4.0,['U'],['U'],None,['Enchantment'],None,Rare,J22,None,None,None,"At the beginning of your upkeep, if you control an artifact, create a 1/1 colorless Thopter artifact creature token with flying.\nWhenever one or more artifact creatures you control deal combat damage to a player, draw a card."
Giant Ladybug,3.0,['G'],['G'],None,['Creature'],['Insect'],Common,J22,4,1,None,"Reach\nWhen Giant Ladybug enters the battlefield, you may search your library for a basic land card, reveal it, then shuffle and put that card on top."
"Tezzeret, Artifice Master",5.0,['U'],['U'],['Legendary'],['Planeswalker'],['Tezzeret'],Mythic,J22,None,None,5,"[+1]: Create a 1/1 colorless Thopter artifact creature token with flying.\n[0]: Draw a card. If you control three or more artifacts, draw two cards instead.\n[−9]: You get an emblem with ""At the beginning of your end step, search your library for a permanent card, put it onto the battlefield, then shuffle."""
Benevolent Hydra,2.0,['G'],['G'],None,['Creature'],['Hydra'],Rare,J22,1,1,None,"Benevolent Hydra enters the battlefield with X +1/+1 counters on it.\nIf one or more +1/+1 counters would be put on another creature you control, that many plus one +1/+1 counters are put on it instead.\n{T}, Remove a +1/+1 counter from Benevolent Hydra: Put a +1/+1 counter on another target creature you control."
Liliana's Elite,3.0,['B'],['B'],None,['Creature'],['Zombie'],Uncommon,J22,1,1,None,Liliana's Elite gets +1/+1 for each creature card in your graveyard.
Plundering Predator,5.0,['R'],['R'],None,['Creature'],['Dragon'],Common,J22,3,3,None,"Flying\nWhen Plundering Predator enters the battlefield, you may discard a card. If you do, draw a card."
Teferi's Protege,3.0,['U'],['U'],None,['Creature'],"['Human', 'Wizard']",Common,J22,2,3,None,"{1}{U}, {T}: Draw a card, then discard a card."
Ogre Battlecaster,3.0,['R'],['R'],None,['Creature'],"['Ogre', 'Shaman']",Rare,J22,3,3,None,"First strike\nWhenever Ogre Battlecaster attacks, you may cast target instant or sorcery card from your graveyard by paying {R}{R} in addition to its other costs. If that spell would be put into a graveyard, exile it instead. When you cast that spell, Ogre Battlecaster gets +X/+0 until end of turn, where X is that spell's mana value."
"Liliana, Death's Majesty",5.0,['B'],['B'],['Legendary'],['Planeswalker'],['Liliana'],Mythic,J22,None,None,5,[+1]: Create a 2/2 black Zombie creature token. Mill two cards.\n[−3]: Return target creature card from your graveyard to the battlefield. That creature is a black Zombie in addition to its other colors and types.\n[−7]: Destroy all non-Zombie creatures.
"Mizzix, Replica Rider",5.0,['R'],"['R', 'U']",['Legendary'],['Creature'],"['Goblin', 'Wizard']",Rare,J22,4,5,None,"Flying\nWhenever you cast a spell from anywhere other than your hand, you may pay {1}{U/R}. If you do, copy that spell and you may choose new targets for the copy. If the copy is a permanent spell, it gains haste and ""At the beginning of your end step, sacrifice this permanent."" (A copy of a permanent spell becomes a token.)"
"Tamiyo, the Moon Sage",5.0,['U'],['U'],['Legendary'],['Planeswalker'],['Tamiyo'],Mythic,J22,None,None,4,"[+1]: Tap target permanent. It doesn't untap during its controller's next untap step.\n[−2]: Draw a card for each tapped creature target player controls.\n[−8]: You get an emblem with ""You have no maximum hand size"" and ""Whenever a card is put into your graveyard from anywhere, you may return it to your hand."""
Goblin Researcher,4.0,['R'],['R'],None,['Creature'],"['Goblin', 'Wizard']",Common,J22,3,3,None,"When Goblin Researcher enters the battlefield, exile the top card of your library. During any turn you attacked with Goblin Researcher, you may play that card."
"Syr Elenora, the Discerning",5.0,['U'],['U'],['Legendary'],['Creature'],"['Human', 'Knight']",Uncommon,J22,*,4,None,"Syr Elenora, the Discerning's power is equal to the number of cards in your hand.\nWhen Syr Elenora enters the battlefield, draw a card.\nSpells your opponents cast that target Syr Elenora cost {2} more to cast."
Daring Piracy,3.0,['R'],['R'],None,['Enchantment'],None,Uncommon,J22,None,None,None,"At the beginning of combat on your turn, create a 1/1 red Pirate creature token with menace and haste. Exile it at the beginning of the next end step."
Svyelun of Sea and Sky,3.0,['U'],['U'],['Legendary'],['Creature'],"['Merfolk', 'God']",Mythic,J22,3,4,None,"Svyelun of Sea and Sky has indestructible as long as you control at least two other Merfolk.\nWhenever Svyelun attacks, draw a card.\nOther Merfolk you control have ward {1}. (Whenever another Merfolk you control becomes the target of a spell or ability an opponent controls, counter it unless that player pays {1}.)"
Coalborn Entity,5.0,['R'],['R'],None,['Creature'],['Elemental'],Uncommon,J22,4,4,None,"{2}{R}: Coalborn Entity deals 1 damage to target creature token, player, or planeswalker."
Storm Sculptor,4.0,['U'],['U'],None,['Creature'],"['Merfolk', 'Wizard']",Common,J22,3,2,None,"Storm Sculptor can't be blocked.\nWhen Storm Sculptor enters the battlefield, return a creature you control to its owner's hand."
Brazen Cannonade,4.0,['R'],['R'],None,['Enchantment'],None,Rare,J22,None,None,None,"Whenever an attacking creature you control dies, Brazen Cannonade deals 2 damage to each opponent.\nRaid — At the beginning of your postcombat main phase, if you attacked with a creature this turn, exile the top card of your library. Until end of combat on your next turn, you may play that card."
Stonybrook Angler,2.0,['U'],['U'],None,['Creature'],"['Merfolk', 'Wizard']",Common,J22,1,2,None,"{1}{U}, {T}: You may tap or untap target creature."
"Auntie Blyte, Bad Influence",3.0,['R'],['R'],['Legendary'],['Creature'],"['Devil', 'Advisor']",Mythic,J22,2,2,None,"Flying\nWhenever a source you control deals damage to you, put that many +1/+1 counters on Auntie Blyte, Bad Influence.\n{1}{R}, {T}, Remove X +1/+1 counters from Auntie Blyte: It deals X damage to any target."
Stolen by the Fae,2.0,['U'],['U'],None,['Sorcery'],None,Rare,J22,None,None,None,Return target creature with mana value X to its owner's hand. You create X 1/1 blue Faerie creature tokens with flying.
"Kenessos, Priest of Thassa",2.0,['U'],"['G', 'U']",['Legendary'],['Creature'],"['Merfolk', 'Cleric']",Rare,J22,1,3,None,"If you would scry a number of cards, scry that many cards plus one instead.\n{3}{G/U}: Look at the top card of your library. If it's a Kraken, Leviathan, Octopus, or Serpent creature card, you may put it onto the battlefield. If you don't put the card onto the battlefield, you may put it on the bottom of your library."
Stinging Lionfish,2.0,['U'],['U'],None,"['Enchantment', 'Creature']",['Fish'],Uncommon,J22,2,1,None,"Whenever you cast your first spell during each opponent's turn, you may tap or untap target nonland permanent."
Skullslither Worm,4.0,['B'],['B'],None,['Creature'],['Worm'],Uncommon,J22,3,3,None,"When Skullslither Worm enters the battlefield, each opponent discards a card. For each opponent who can't, put two +1/+1 counters on Skullslither Worm."
Goblin Grenade,1.0,['R'],['R'],None,['Sorcery'],None,Uncommon,J22,None,None,None,"As an additional cost to cast this spell, sacrifice a Goblin.\nGoblin Grenade deals 5 damage to any target."
Termination Facilitator,2.0,['B'],['B'],None,['Creature'],"['Human', 'Assassin']",Rare,J22,1,3,None,"{T}: Put a bounty counter on target creature or planeswalker. Activate only as a sorcery.\nWhenever a creature or planeswalker an opponent controls with a bounty counter on it is dealt damage, destroy it."
Steelgaze Griffin,5.0,['U'],['U'],None,['Creature'],['Griffin'],Common,J22,2,4,None,"Flying\nWhenever you draw your second card each turn, Steelgaze Griffin gets +2/+0 until end of turn."
"Ardoz, Cobbler of War",2.0,['R'],['R'],['Legendary'],['Creature'],"['Goblin', 'Shaman']",Rare,J22,1,1,None,"Haste\nWhenever Ardoz, Cobbler of War or another creature enters the battlefield under your control, that creature gets +2/+0 until end of turn.\n{3}{R}: Create a 1/1 red Goblin creature token with haste. Activate only as a sorcery."
Press for Answers,2.0,['U'],['U'],None,['Sorcery'],None,Common,J22,None,None,None,"Tap target creature. It doesn't untap during its controller's next untap step.\nInvestigate. (Create a Clue token. It's an artifact with ""{2}, Sacrifice this artifact: Draw a card."")"
Suspicious Shambler,4.0,['B'],['B'],None,['Creature'],['Zombie'],Common,J22,4,2,None,"{4}{B}{B}, Exile Suspicious Shambler from your graveyard: Create two 2/2 black Zombie creature tokens. Activate only as a sorcery."
Shimmer Dragon,6.0,['U'],['U'],None,['Creature'],['Dragon'],Rare,J22,5,6,None,"Flying\nAs long as you control four or more artifacts, Shimmer Dragon has hexproof.\nTap two untapped artifacts you control: Draw a card."
Rodolf Duskbringer,6.0,['B'],"['B', 'W']",['Legendary'],['Creature'],"['Vampire', 'Angel']",Rare,J22,4,4,None,"Flying, deathtouch, lifelink\nWhenever you gain life, Rodolf Duskbringer gains indestructible until end of turn.\nAt the beginning of your end step, you may pay {1}{W/B}. When you do, return target creature card with mana value X or less from your graveyard to the battlefield, where X is the amount of life you gained this turn."
So Tiny,1.0,['U'],['U'],None,['Enchantment'],['Aura'],Common,J22,None,None,None,Flash\nEnchant creature\nEnchanted creature gets -2/-0. It gets -6/-0 instead as long as its controller has seven or more cards in their graveyard.
Ossuary Rats,6.0,['B'],['B'],None,['Creature'],['Rat'],Common,J22,3,2,None,"When Ossuary Rats enters the battlefield, it deals X damage to target creature or planeswalker an opponent controls, where X is the number of creature cards in your graveyard."
Startling Development,2.0,['U'],['U'],None,['Instant'],None,Common,J22,None,None,None,"Until end of turn, target creature becomes a blue Serpent with base power and toughness 4/4.\nCycling {1} ({1}, Discard this card: Draw a card.)"
Disciple of Perdition,2.0,['B'],['B'],None,['Creature'],"['Human', 'Warlock']",Uncommon,J22,1,3,None,"When Disciple of Perdition dies, choose one. If you have exactly 13 life, you may choose both.\n• You draw a card and you lose 1 life.\n• Exile target opponent's graveyard. That player loses 1 life."
Skilled Animator,3.0,['U'],['U'],None,['Creature'],"['Human', 'Artificer']",Uncommon,J22,1,3,None,"When Skilled Animator enters the battlefield, target artifact you control becomes an artifact creature with base power and toughness 5/5 for as long as Skilled Animator remains on the battlefield."
Deadly Plot,4.0,['B'],['B'],None,['Instant'],None,Uncommon,J22,None,None,None,Choose one —\n• Destroy target creature or planeswalker.\n• Return target Zombie creature card from your graveyard to the battlefield tapped.
Shaper Apprentice,2.0,['U'],['U'],None,['Creature'],"['Merfolk', 'Wizard']",Common,J22,2,1,None,Shaper Apprentice has flying as long as you control another Merfolk.
Creeping Bloodsucker,2.0,['B'],['B'],None,['Creature'],['Vampire'],Common,J22,1,2,None,"At the beginning of your upkeep, Creeping Bloodsucker deals 1 damage to each opponent. You gain life equal to the damage dealt this way."
Serum Visions,1.0,['U'],['U'],None,['Sorcery'],None,Uncommon,J22,None,None,None,Draw a card. Scry 2.
Soul Read,4.0,['U'],['U'],None,['Instant'],None,Common,J22,None,None,None,Choose one —\n• Counter target spell unless its controller pays {4}.\n• Draw two cards.
Wispweaver Angel,6.0,['W'],['W'],None,['Creature'],['Angel'],Uncommon,J22,4,4,None,"Flying\nWhen Wispweaver Angel enters the battlefield, you may exile another target creature you control, then return that card to the battlefield under its owner's control."
Sentinels of Glen Elendra,4.0,['U'],['U'],None,['Creature'],"['Faerie', 'Soldier']",Common,J22,2,3,None,Flash\nFlying
Weight of Conscience,2.0,['W'],['W'],None,['Enchantment'],['Aura'],Common,J22,None,None,None,Enchant creature\nEnchanted creature can't attack.\nTap two untapped creatures you control that share a creature type: Exile enchanted creature.
Kraul Swarm,5.0,['B'],['B'],None,['Creature'],"['Insect', 'Warrior']",Uncommon,J22,4,1,None,"Flying\n{2}{B}, Discard a creature card: Return Kraul Swarm from your graveyard to your hand."
Valorous Steed,5.0,['W'],['W'],None,['Creature'],['Unicorn'],Common,J22,3,3,None,"Vigilance (Attacking doesn't cause this creature to tap.)\nWhen Valorous Steed enters the battlefield, create a 2/2 white Knight creature token with vigilance."
Seafloor Oracle,4.0,['U'],['U'],None,['Creature'],"['Merfolk', 'Wizard']",Rare,J22,2,3,None,"Whenever a Merfolk you control deals combat damage to a player, draw a card."
Saltwater Stalwart,4.0,['U'],['U'],None,['Creature'],"['Merfolk', 'Warrior']",Common,J22,2,4,None,"Whenever Saltwater Stalwart deals damage to an opponent, target player draws a card."
Conductor of Cacophony,4.0,['B'],['B'],None,['Creature'],['Demon'],Uncommon,J22,2,1,None,"Conductor of Cacophony enters the battlefield with two +1/+1 counters on it.\n{B}, Remove a +1/+1 counter from Conductor of Cacophony: It deals 1 damage to each other creature and each player."
Goblin Artillery,3.0,['R'],['R'],None,['Creature'],"['Goblin', 'Warrior']",Uncommon,J22,1,3,None,{T}: Goblin Artillery deals 2 damage to any target and 3 damage to you.
Valor in Akros,4.0,['W'],['W'],None,['Enchantment'],None,Uncommon,J22,None,None,None,"Whenever a creature enters the battlefield under your control, creatures you control get +1/+1 until end of turn."
Renowned Weaponsmith,2.0,['U'],['U'],None,['Creature'],"['Human', 'Artificer']",Uncommon,J22,1,3,None,"{T}: Add {C}{C}. Spend this mana only to cast artifact spells or activate abilities of artifacts.\n{U}, {T}: Search your library for a card named Heart-Piercer Bow or Vial of Dragonfire, reveal it, put it into your hand, then shuffle."
Launch Mishap,3.0,['U'],['U'],None,['Instant'],None,Uncommon,J22,None,None,None,Counter target creature or planeswalker spell. Create a 1/1 colorless Thopter artifact creature token with flying.
Sage's Row Savant,2.0,['U'],['U'],None,['Creature'],"['Vedalken', 'Wizard']",Common,J22,2,1,None,"When Sage's Row Savant enters the battlefield, scry 2."
Ashcoat of the Shadow Swarm,4.0,['B'],['B'],['Legendary'],['Creature'],"['Rat', 'Warlock']",Mythic,J22,3,4,None,"Whenever Ashcoat of the Shadow Swarm attacks or blocks, other Rats you control get +X/+X until end of turn, where X is the number of Rats you control.\nAt the beginning of your end step, you may mill four cards. If you do, return up to two Rat creature cards from your graveyard to your hand. (To mill a card, put the top card of your library into your graveyard.)"
Go for Blood,2.0,['R'],['R'],None,['Sorcery'],None,Common,J22,None,None,None,"Target creature you control fights target creature you don't control. (Each deals damage equal to its power to the other.)\nCycling {1} ({1}, Discard this card: Draw a card.)"
Spirited Companion,2.0,['W'],['W'],None,"['Enchantment', 'Creature']",['Dog'],Common,J22,1,1,None,"When Spirited Companion enters the battlefield, draw a card."
Glint-Horn Buccaneer,3.0,['R'],['R'],None,['Creature'],"['Minotaur', 'Pirate']",Rare,J22,2,4,None,"Haste\nWhenever you discard a card, Glint-Horn Buccaneer deals 1 damage to each opponent.\n{1}{R}, Discard a card: Draw a card. Activate only if Glint-Horn Buccaneer is attacking."
Triplicate Spirits,6.0,['W'],['W'],None,['Sorcery'],None,Common,J22,None,None,None,Convoke (Your creatures can help cast this spell. Each creature you tap while casting this spell pays for {1} or one mana of that creature's color.)\nCreate three 1/1 white Spirit creature tokens with flying. (They can't be blocked except by creatures with flying or reach.)
Pilfering Hawk,2.0,['U'],['U'],['Snow'],['Creature'],['Bird'],Common,J22,1,2,None,"Flying\n{S}, {T}: Draw a card, then discard a card. ({S} can be paid with one mana from a snow source.)"
Synchronized Eviction,5.0,['U'],['U'],None,['Instant'],None,Uncommon,J22,None,None,None,This spell costs {2} less to cast if you control at least two creatures that share a creature type.\nPut target nonland permanent into its owner's library second from the top.
Sage of the Falls,5.0,['U'],['U'],None,['Creature'],"['Merfolk', 'Wizard']",Uncommon,J22,2,5,None,"Whenever Sage of the Falls or another non-Human creature enters the battlefield under your control, you may draw a card. If you do, discard a card."
Unquestioned Authority,3.0,['W'],['W'],None,['Enchantment'],['Aura'],Uncommon,J22,None,None,None,"Enchant creature\nWhen Unquestioned Authority enters the battlefield, draw a card.\nEnchanted creature has protection from creatures."
River Sneak,2.0,['U'],['U'],None,['Creature'],"['Merfolk', 'Warrior']",Uncommon,J22,1,1,None,"River Sneak can't be blocked.\nWhenever another Merfolk enters the battlefield under your control, River Sneak gets +1/+1 until end of turn."
Merfolk Pupil,2.0,['U'],['U'],None,['Creature'],"['Merfolk', 'Wizard']",Common,J22,1,1,None,"When Merfolk Pupil enters the battlefield, draw a card, then discard a card.\n{1}{U}, Exile Merfolk Pupil from your graveyard: Draw a card, then discard a card."
Pestermite,3.0,['U'],['U'],None,['Creature'],"['Faerie', 'Rogue']",Common,J22,2,1,None,"Flash\nFlying\nWhen Pestermite enters the battlefield, you may tap or untap target permanent."
Valkyrie Harbinger,6.0,['W'],['W'],None,['Creature'],"['Angel', 'Cleric']",Rare,J22,4,5,None,"Flying, lifelink\nAt the beginning of each end step, if you gained 4 or more life this turn, create a 4/4 white Angel creature token with flying and vigilance."
Augury Owl,2.0,['U'],['U'],None,['Creature'],['Bird'],Common,J22,1,1,None,"Flying\nWhen Augury Owl enters the battlefield, scry 3. (Look at the top three cards of your library, then put any number of them on the bottom of your library and the rest on top in any order.)"
Trove Warden,4.0,['W'],['W'],None,['Creature'],"['Cat', 'Beast']",Rare,J22,3,4,None,"Vigilance\nLandfall — Whenever a land enters the battlefield under your control, exile target permanent card with mana value 3 or less from your graveyard.\nWhen Trove Warden dies, put each permanent card exiled with it onto the battlefield under the control of that card's owner."
Perilous Voyage,2.0,['U'],['U'],None,['Instant'],None,Uncommon,J22,None,None,None,"Return target nonland permanent you don't control to its owner's hand. If its mana value was 2 or less, scry 2."
Transcendent Envoy,2.0,['W'],['W'],None,"['Enchantment', 'Creature']",['Griffin'],Common,J22,1,2,None,Flying\nAura spells you cast cost {1} less to cast.
"Gadrak, the Crown-Scourge",3.0,['R'],['R'],['Legendary'],['Creature'],['Dragon'],Rare,J22,5,4,None,"Flying\nGadrak, the Crown-Scourge can't attack unless you control four or more artifacts.\nAt the beginning of your end step, create a Treasure token for each nontoken creature that died this turn. (It's an artifact with ""{T}, Sacrifice this artifact: Add one mana of any color."")"
Tormenting Voice,2.0,['R'],['R'],None,['Sorcery'],None,Common,J22,None,None,None,"As an additional cost to cast this spell, discard a card.\nDraw two cards."
Overwhelmed Apprentice,1.0,['U'],['U'],None,['Creature'],"['Human', 'Wizard']",Uncommon,J22,1,2,None,"When Overwhelmed Apprentice enters the battlefield, each opponent mills two cards. Then you scry 2. (Look at the top two cards of your library, then put any number of them on the bottom of your library and the rest on top in any order.)"
Trained Caracal,1.0,['W'],['W'],None,['Creature'],['Cat'],Common,J22,1,1,None,Lifelink (Damage dealt by this creature also causes you to gain that much life.)
Opt,1.0,['U'],['U'],None,['Instant'],None,Common,J22,None,None,None,Scry 1.\nDraw a card.
Thraben Inspector,1.0,['W'],['W'],None,['Creature'],"['Human', 'Soldier']",Common,J22,1,2,None,"When Thraben Inspector enters the battlefield, investigate. (Create a Clue token. It's an artifact with ""{2}, Sacrifice this artifact: Draw a card."")"
Oneirophage,4.0,['U'],['U'],None,['Creature'],"['Squid', 'Illusion']",Uncommon,J22,1,2,None,"Flying\nWhenever you draw a card, put a +1/+1 counter on Oneirophage."
One With the Wind,2.0,['U'],['U'],None,['Enchantment'],['Aura'],Common,J22,None,None,None,Enchant creature\nEnchanted creature gets +2/+2 and has flying.
Octoprophet,4.0,['U'],['U'],None,['Creature'],['Octopus'],Common,J22,3,3,None,"When Octoprophet enters the battlefield, scry 2. (Look at the top two cards of your library, then put any number of them on the bottom of your library and the rest on top in any order.)"
No Escape,3.0,['U'],['U'],None,['Instant'],None,Common,J22,None,None,None,"Counter target creature or planeswalker spell. If that spell is countered this way, exile it instead of putting it into its owner's graveyard.\nScry 1."
Neutralize,3.0,['U'],['U'],None,['Instant'],None,Uncommon,J22,None,None,None,"Counter target spell.\nCycling {2} ({2}, Discard this card: Draw a card.)"
Furnace Whelp,4.0,['R'],['R'],None,['Creature'],['Dragon'],Uncommon,J22,2,2,None,Flying\n{R}: Furnace Whelp gets +1/+0 until end of turn.
Mystic Skyfish,3.0,['U'],['U'],None,['Creature'],['Fish'],Common,J22,3,1,None,"Whenever you draw your second card each turn, Mystic Skyfish gains flying until end of turn."
Multiple Choice,1.0,['U'],['U'],None,['Sorcery'],None,Rare,J22,None,None,None,"If X is 1, scry 1, then draw a card.\nIf X is 2, you may choose a player. They return a creature they control to its owner's hand.\nIf X is 3, create a 4/4 blue and red Elemental creature token.\nIf X is 4 or more, do all of the above."
Tempered Veteran,2.0,['W'],['W'],None,['Creature'],"['Human', 'Knight']",Uncommon,J22,1,2,None,"{W}, {T}: Put a +1/+1 counter on target creature with a +1/+1 counter on it.\n{4}{W}{W}, {T}: Put a +1/+1 counter on target creature."
Moonfolk Puzzlemaker,3.0,['U'],['U'],None,"['Artifact', 'Creature']","['Moonfolk', 'Wizard']",Common,J22,1,4,None,"Flying\nWhenever Moonfolk Puzzlemaker becomes tapped, scry 1."
Mistwalker,3.0,['U'],['U'],None,['Creature'],['Shapeshifter'],Common,J22,1,4,None,Changeling (This card is every creature type.)\nFlying\n{1}{U}: Mistwalker gets +1/-1 until end of turn.
Military Intelligence,2.0,['U'],['U'],None,['Enchantment'],None,Uncommon,J22,None,None,None,"Whenever you attack with two or more creatures, draw a card."
Merfolk Sovereign,3.0,['U'],['U'],None,['Creature'],"['Merfolk', 'Noble']",Rare,J22,2,2,None,Other Merfolk creatures you control get +1/+1.\n{T}: Target Merfolk creature can't be blocked this turn.
Mechanized Production,4.0,['U'],['U'],None,['Enchantment'],['Aura'],Mythic,J22,None,None,None,"Enchant artifact you control\nAt the beginning of your upkeep, create a token that's a copy of enchanted artifact. Then if you control eight or more artifacts with the same name as one another, you win the game."
Marit Lage's Slumber,2.0,['U'],['U'],"['Legendary', 'Snow']",['Enchantment'],None,Rare,J22,None,None,None,"Whenever Marit Lage's Slumber or another snow permanent enters the battlefield under your control, scry 1.\nAt the beginning of your upkeep, if you control ten or more snow permanents, sacrifice Marit Lage's Slumber. If you do, create Marit Lage, a legendary 20/20 black Avatar creature token with flying and indestructible."
Mantle of Tides,1.0,['U'],['U'],None,['Artifact'],['Equipment'],Common,J22,None,None,None,"Equipped creature gets +1/+2.\nWhenever you draw your second card each turn, attach Mantle of Tides to target creature you control.\nEquip {3} ({3}: Attach to target creature you control. Equip only as a sorcery.)"
"Taranika, Akroan Veteran",3.0,['W'],['W'],['Legendary'],['Creature'],"['Human', 'Soldier']",Rare,J22,3,3,None,"Vigilance\nWhenever Taranika, Akroan Veteran attacks, untap another target creature you control. Until end of turn, that creature has base power and toughness 4/4 and gains indestructible."
Lumengrid Sentinel,3.0,['U'],['U'],None,['Creature'],"['Human', 'Wizard']",Uncommon,J22,1,2,None,"Flying\nWhenever an artifact enters the battlefield under your control, you may tap target permanent."
Stalwart Valkyrie,4.0,['W'],['W'],None,['Creature'],"['Angel', 'Warrior']",Common,J22,3,2,None,You may pay {1}{W} and exile a creature card from your graveyard rather than pay this spell's mana cost.\nFlying
Gearseeker Serpent,7.0,['U'],['U'],None,['Creature'],['Serpent'],Common,J22,5,6,None,This spell costs {1} less to cast for each artifact you control.\n{5}{U}: Gearseeker Serpent can't be blocked this turn.
"Syr Alin, the Lion's Claw",5.0,['W'],['W'],['Legendary'],['Creature'],"['Human', 'Knight']",Uncommon,J22,4,4,None,"First strike\nWhenever Syr Alin, the Lion's Claw attacks, other creatures you control get +1/+1 until end of turn."
Leave in the Dust,4.0,['U'],['U'],None,['Instant'],None,Common,J22,None,None,None,Return target nonland permanent to its owner's hand.\nDraw a card.
Spectral Steel,2.0,['W'],['W'],None,['Enchantment'],['Aura'],Uncommon,J22,None,None,None,"Enchant creature\nEnchanted creature gets +2/+2.\n{1}{W}, Exile Spectral Steel from your graveyard: Return another target Aura or Equipment card from your graveyard to your hand."
Littjara Kinseekers,4.0,['U'],['U'],None,['Creature'],['Shapeshifter'],Common,J22,2,4,None,"Changeling (This card is every creature type.)\nWhen Littjara Kinseekers enters the battlefield, if you control three or more creatures that share a creature type, put a +1/+1 counter on Littjara Kinseekers, then scry 1."
Lookout's Dispersal,3.0,['U'],['U'],None,['Instant'],None,Uncommon,J22,None,None,None,This spell costs {1} less to cast if you control a Pirate.\nCounter target spell unless its controller pays {4}.
Library Larcenist,3.0,['U'],['U'],None,['Creature'],"['Merfolk', 'Rogue']",Common,J22,1,2,None,"Whenever Library Larcenist attacks, draw a card."
Sokenzan Smelter,2.0,['R'],['R'],None,['Creature'],"['Goblin', 'Artificer']",Uncommon,J22,2,2,None,"At the beginning of combat on your turn, you may pay {1} and sacrifice an artifact. If you do, create a 3/1 red Construct artifact creature token with haste."
Steppe Lynx,1.0,['W'],['W'],None,['Creature'],['Cat'],Common,J22,0,1,None,"Landfall — Whenever a land enters the battlefield under your control, Steppe Lynx gets +2/+2 until end of turn."
Frenzied Goblin,1.0,['R'],['R'],None,['Creature'],"['Goblin', 'Berserker']",Common,J22,1,1,None,"Whenever Frenzied Goblin attacks, you may pay {R}. If you do, target creature can't block this turn."
Starnheim Aspirant,3.0,['W'],['W'],None,['Creature'],"['Human', 'Cleric']",Uncommon,J22,2,2,None,Angel spells you cast cost {2} less to cast.
Fallowsage,4.0,['U'],['U'],None,['Creature'],"['Merfolk', 'Wizard']",Uncommon,J22,2,2,None,"Whenever Fallowsage becomes tapped, you may draw a card."
Skyhunter Prowler,3.0,['W'],['W'],None,['Creature'],"['Cat', 'Knight']",Common,J22,1,3,None,"Flying, vigilance (This creature can't be blocked except by creatures with flying or reach, and attacking doesn't cause this creature to tap.)"
Interpret the Signs,6.0,['U'],['U'],None,['Sorcery'],None,Uncommon,J22,None,None,None,"Scry 3, then reveal the top card of your library. Draw cards equal to that card's mana value. (To scry 3, look at the top three cards of your library, then put any number of them on the bottom of your library and the rest on top in any order.)"
Jace's Scrutiny,2.0,['U'],['U'],None,['Instant'],None,Common,J22,None,None,None,"Target creature gets -4/-0 until end of turn.\nInvestigate. (Create a Clue token. It's an artifact with ""{2}, Sacrifice this artifact: Draw a card."")"
Lay Claim,7.0,['U'],['U'],None,['Enchantment'],['Aura'],Uncommon,J22,None,None,None,"Enchant permanent\nYou control enchanted permanent.\nCycling {2} ({2}, Discard this card: Draw a card.)"
"Jace, Arcane Strategist",6.0,['U'],['U'],['Legendary'],['Planeswalker'],['Jace'],Mythic,J22,None,None,4,"Whenever you draw your second card each turn, put a +1/+1 counter on target creature you control.\n[+1]: Draw a card.\n[−7]: Creatures you control can't be blocked this turn."
Icebind Pillar,3.0,['U'],['U'],['Snow'],['Artifact'],None,Uncommon,J22,None,None,None,"{S}, {T}: Tap target artifact or creature. ({S} can be paid with one mana from a snow source.)"
Gearsmith Prodigy,1.0,['U'],['U'],None,['Creature'],"['Human', 'Artificer']",Common,J22,1,2,None,Gearsmith Prodigy gets +1/+0 as long as you control an artifact.
Hieroglyphic Illumination,4.0,['U'],['U'],None,['Instant'],None,Common,J22,None,None,None,"Draw two cards.\nCycling {U} ({U}, Discard this card: Draw a card.)"
Frostpeak Yeti,4.0,['U'],['U'],['Snow'],['Creature'],['Yeti'],Common,J22,3,3,None,{1}{S}: Frostpeak Yeti can't be blocked this turn. ({S} can be paid with one mana from a snow source.)
Harbinger of the Tides,2.0,['U'],['U'],None,['Creature'],"['Merfolk', 'Wizard']",Rare,J22,2,2,None,"You may cast Harbinger of the Tides as though it had flash if you pay {2} more to cast it. (You may cast it any time you could cast an instant.)\nWhen Harbinger of the Tides enters the battlefield, you may return target tapped creature an opponent controls to its owner's hand."
Filigree Attendant,4.0,['U'],['U'],None,"['Artifact', 'Creature']",['Homunculus'],Uncommon,J22,*,3,None,Flying\nFiligree Attendant's power is equal to the number of artifacts you control.
Glen Elendra Pranksters,4.0,['U'],['U'],None,['Creature'],"['Faerie', 'Wizard']",Uncommon,J22,1,3,None,"Flying\nWhenever you cast a spell during an opponent's turn, you may return target creature you control to its owner's hand."
Faerie Vandal,2.0,['U'],['U'],None,['Creature'],"['Faerie', 'Rogue']",Uncommon,J22,1,2,None,"Flash\nFlying\nWhenever you draw your second card each turn, put a +1/+1 counter on Faerie Vandal."
Crippling Chill,3.0,['U'],['U'],None,['Instant'],None,Common,J22,None,None,None,Tap target creature. It doesn't untap during its controller's next untap step.\nDraw a card.
Faerie Seer,1.0,['U'],['U'],None,['Creature'],"['Faerie', 'Wizard']",Common,J22,1,1,None,"Flying\nWhen Faerie Seer enters the battlefield, scry 2."
Floodhound,1.0,['U'],['U'],None,['Creature'],"['Elemental', 'Dog']",Common,J22,1,2,None,"{3}, {T}: Investigate. (Create a Clue token. It's an artifact with ""{2}, Sacrifice this artifact: Draw a card."")"
Gigantoplasm,4.0,['U'],['U'],None,['Creature'],['Shapeshifter'],Rare,J22,0,0,None,"You may have Gigantoplasm enter the battlefield as a copy of any creature on the battlefield, except it has ""{X}: This creature has base power and toughness X/X."""
Fleeting Distraction,1.0,['U'],['U'],None,['Instant'],None,Common,J22,None,None,None,Target creature gets -1/-0 until end of turn.\nDraw a card.
Faerie Formation,5.0,['U'],['U'],None,['Creature'],['Faerie'],Rare,J22,5,4,None,Flying\n{3}{U}: Create a 1/1 blue Faerie creature token with flying. Draw a card.
Eyekite,2.0,['U'],['U'],None,['Creature'],['Drake'],Common,J22,1,2,None,Flying\nEyekite gets +2/+0 as long as you've drawn two or more cards this turn.
"Kothophed, Soul Hoarder",6.0,['B'],['B'],['Legendary'],['Creature'],['Demon'],Rare,J22,6,6,None,"Flying\nWhenever a permanent owned by another player is put into a graveyard from the battlefield, you draw a card and you lose 1 life."
Eternity Snare,6.0,['U'],['U'],None,['Enchantment'],['Aura'],Uncommon,J22,None,None,None,"Enchant creature\nWhen Eternity Snare enters the battlefield, draw a card.\nEnchanted creature doesn't untap during its controller's untap step."
Erdwal Illuminator,2.0,['U'],['U'],None,['Creature'],['Spirit'],Uncommon,J22,1,3,None,"Flying\nWhenever you investigate for the first time each turn, investigate an additional time."
Karfell Kennel-Master,5.0,['B'],['B'],None,['Creature'],"['Zombie', 'Berserker']",Common,J22,4,4,None,"When Karfell Kennel-Master enters the battlefield, up to two target creatures each get +1/+0 and gain indestructible until end of turn. (Damage and effects that say ""destroy"" don't destroy them.)"
Kalastria Nightwatch,5.0,['B'],['B'],None,['Creature'],"['Vampire', 'Warrior', 'Ally']",Common,J22,4,5,None,"Whenever you gain life, Kalastria Nightwatch gains flying until end of turn."
Elite Instructor,3.0,['U'],['U'],None,['Creature'],"['Human', 'Wizard']",Common,J22,2,2,None,"When Elite Instructor enters the battlefield, draw a card, then discard a card."
Inner Demon,4.0,['B'],['B'],None,['Enchantment'],['Aura'],Uncommon,J22,None,None,None,"Enchant creature\nEnchanted creature gets +2/+2, has flying, and is a Demon in addition to its other types.\nWhen Inner Demon enters the battlefield, all non-Demon creatures get -2/-2 until end of turn."
Ill-Gotten Inheritance,4.0,['B'],['B'],None,['Enchantment'],None,Common,J22,None,None,None,"At the beginning of your upkeep, Ill-Gotten Inheritance deals 1 damage to each opponent and you gain 1 life.\n{5}{B}, Sacrifice Ill-Gotten Inheritance: It deals 4 damage to target opponent and you gain 4 life."
Hooded Assassin,3.0,['B'],['B'],None,['Creature'],"['Human', 'Assassin']",Common,J22,1,2,None,"When Hooded Assassin enters the battlefield, choose one —\n• Put a +1/+1 counter on Hooded Assassin.\n• Destroy target creature that was dealt damage this turn."
Cryptic Serpent,7.0,['U'],['U'],None,['Creature'],['Serpent'],Uncommon,J22,6,5,None,This spell costs {1} less to cast for each instant and sorcery card in your graveyard.
Drownyard Explorers,4.0,['U'],['U'],None,['Creature'],"['Human', 'Wizard']",Common,J22,2,4,None,"When Drownyard Explorers enters the battlefield, investigate. (Create a Clue token. It's an artifact with ""{2}, Sacrifice this artifact: Draw a card."")"
Aviation Pioneer,3.0,['U'],['U'],None,['Creature'],"['Human', 'Artificer']",Common,J22,1,2,None,"When Aviation Pioneer enters the battlefield, create a 1/1 colorless Thopter artifact creature token with flying."
Grotesque Mutation,2.0,['B'],['B'],None,['Instant'],None,Common,J22,None,None,None,Target creature gets +3/+1 and gains lifelink until end of turn. (Damage dealt by the creature also causes its controller to gain that much life.)
Gravedigger,4.0,['B'],['B'],None,['Creature'],['Zombie'],Uncommon,J22,2,2,None,"When Gravedigger enters the battlefield, you may return target creature card from your graveyard to your hand."
Dismiss,4.0,['U'],['U'],None,['Instant'],None,Uncommon,J22,None,None,None,Counter target spell.\nDraw a card.
Drag Under,3.0,['U'],['U'],None,['Sorcery'],None,Common,J22,None,None,None,Return target creature to its owner's hand.\nDraw a card.
Crashing Tide,3.0,['U'],['U'],None,['Sorcery'],None,Common,J22,None,None,None,This spell has flash as long as you control a Merfolk.\nReturn target creature to its owner's hand.\nDraw a card.
Djinn of Wishes,5.0,['U'],['U'],None,['Creature'],['Djinn'],Rare,J22,4,4,None,"Flying\nDjinn of Wishes enters the battlefield with three wish counters on it.\n{2}{U}{U}, Remove a wish counter from Djinn of Wishes: Reveal the top card of your library. You may play that card without paying its mana cost. If you don't, exile it."
Gravecrawler,1.0,['B'],['B'],None,['Creature'],['Zombie'],Rare,J22,2,1,None,Gravecrawler can't block.\nYou may cast Gravecrawler from your graveyard as long as you control a Zombie.
Swift Kick,4.0,['R'],['R'],None,['Instant'],None,Common,J22,None,None,None,Target creature you control gets +1/+0 until end of turn. It fights target creature you don't control.
Graveblade Marauder,3.0,['B'],['B'],None,['Creature'],"['Human', 'Warrior']",Rare,J22,1,4,None,"Deathtouch (Any amount of damage this deals to a creature is enough to destroy it.)\nWhenever Graveblade Marauder deals combat damage to a player, that player loses life equal to the number of creature cards in your graveyard."
Condescend,1.0,['U'],['U'],None,['Instant'],None,Uncommon,J22,None,None,None,"Counter target spell unless its controller pays {X}. Scry 2. (Look at the top two cards of your library, then put any number of them on the bottom of your library and the rest on top in any order.)"
Graf Harvest,1.0,['B'],['B'],None,['Enchantment'],None,Uncommon,J22,None,None,None,"Zombies you control have menace. (They can't be blocked except by two or more creatures.)\n{3}{B}, Exile a creature card from your graveyard: Create a 2/2 black Zombie creature token."
Gorging Vulture,3.0,['B'],['B'],None,['Creature'],['Bird'],Common,J22,2,2,None,"Flying\nWhen Gorging Vulture enters the battlefield, mill four cards. You gain 1 life for each creature card milled this way. (To mill four cards, put the top four cards of your library into your graveyard.)"
Gnawing Zombie,2.0,['B'],['B'],None,['Creature'],['Zombie'],Common,J22,1,3,None,"{1}{B}, Sacrifice a creature: Target player loses 1 life and you gain 1 life."
Chilling Trap,1.0,['U'],['U'],None,['Instant'],None,Common,J22,None,None,None,"Target creature gets -4/-0 until end of turn. If you control a Wizard, draw a card."
Ghoulraiser,3.0,['B'],['B'],None,['Creature'],['Zombie'],Common,J22,2,2,None,"When Ghoulraiser enters the battlefield, return a Zombie card at random from your graveyard to your hand."
Gavony Unhallowed,4.0,['B'],['B'],None,['Creature'],['Zombie'],Common,J22,2,4,None,"Whenever another creature you control dies, put a +1/+1 counter on Gavony Unhallowed."
Doomed Dissenter,2.0,['B'],['B'],None,['Creature'],['Human'],Common,J22,1,1,None,"When Doomed Dissenter dies, create a 2/2 black Zombie creature token."
Exsanguinate,2.0,['B'],['B'],None,['Sorcery'],None,Uncommon,J22,None,None,None,Each opponent loses X life. You gain life equal to the life lost this way.
Fetid Imp,2.0,['B'],['B'],None,['Creature'],['Imp'],Common,J22,1,2,None,Flying\n{B}: Fetid Imp gains deathtouch until end of turn. (Any amount of damage it deals to a creature is enough to destroy it.)
Pirated Copy,5.0,['U'],['U'],None,['Creature'],"['Shapeshifter', 'Pirate']",Mythic,J22,0,0,None,"You may have Pirated Copy enter the battlefield as a copy of any creature on the battlefield, except it's a Pirate in addition to its other types and it has ""Whenever this creature or another creature with the same name deals combat damage to a player, you draw a card."""
Fungal Infection,1.0,['B'],['B'],None,['Instant'],None,Common,J22,None,None,None,Target creature gets -1/-1 until end of turn. Create a 1/1 green Saproling creature token.
Chillerpillar,4.0,['U'],['U'],['Snow'],['Creature'],['Insect'],Common,J22,3,3,None,"{4}{S}{S}: Monstrosity 2. (If this creature isn't monstrous, put two +1/+1 counters on it and it becomes monstrous. {S} can be paid with one mana from a snow source.)\nAs long as Chillerpillar is monstrous, it has flying."
Bury in Books,5.0,['U'],['U'],None,['Instant'],None,Common,J22,None,None,None,This spell costs {2} less to cast if it targets an attacking creature.\nPut target creature into its owner's library second from the top.
Sparkmage Apprentice,2.0,['R'],['R'],None,['Creature'],"['Human', 'Wizard']",Common,J22,1,1,None,"When Sparkmage Apprentice enters the battlefield, it deals 1 damage to any target."
Ingenious Leonin,5.0,['W'],['W'],None,['Creature'],"['Cat', 'Soldier']",Uncommon,J22,4,4,None,"{3}{W}: Put a +1/+1 counter on another target attacking creature you control. If that creature is a Cat, it gains first strike until end of turn."
Spark of Creativity,1.0,['R'],['R'],None,['Sorcery'],None,Uncommon,J22,None,None,None,"Choose target creature. Exile the top card of your library. You may have Spark of Creativity deal damage to that creature equal to the exiled card's mana value. If you don't, you may play that card until end of turn."
Angelic Cub,2.0,['W'],['W'],None,['Creature'],"['Cat', 'Angel']",Uncommon,J22,1,1,None,"Whenever Angelic Cub becomes the target of a spell or ability for the first time each turn, put a +1/+1 counter on it.\nAs long as Angelic Cub has three or more +1/+1 counters on it, it has flying."
Relentless Pursuit,3.0,['G'],['G'],None,['Sorcery'],None,Common,J22,None,None,None,Reveal the top four cards of your library. You may put a creature card and/or a land card from among them into your hand. Put the rest into your graveyard.
Chains of Custody,3.0,['W'],['W'],None,['Enchantment'],['Aura'],Common,J22,None,None,None,"Enchant creature you control\nWhen Chains of Custody enters the battlefield, exile target nonland permanent an opponent controls until Chains of Custody leaves the battlefield.\nEnchanted creature has ward {2}. (Whenever it becomes the target of a spell or ability an opponent controls, counter it unless that player pays {2}.)"
Isu the Abominable,5.0,['U'],"['G', 'U', 'W']","['Legendary', 'Snow']",['Creature'],['Yeti'],Mythic,J22,5,5,None,"You may look at the top card of your library any time.\nYou may play snow lands and cast snow spells from the top of your library.\nWhenever another snow permanent enters the battlefield under your control, you may pay {G}, {W}, or {U}. If you do, put a +1/+1 counter on Isu the Abominable."
Magnanimous Magistrate,6.0,['W'],['W'],None,['Creature'],"['Human', 'Advisor']",Uncommon,J22,3,4,None,"Magnanimous Magistrate enters the battlefield with five reprieve counters on it.\nWhenever another nontoken creature you control dies, if its mana value was 1 or greater, you may remove that many reprieve counters from Magnanimous Magistrate. If you do, return that card to the battlefield under its owner's control."
"Preston, the Vanisher",4.0,['W'],['W'],['Legendary'],['Creature'],"['Rabbit', 'Wizard']",Rare,J22,2,5,None,"Whenever another nontoken creature enters the battlefield under your control, if it wasn't cast, create a token that's a copy of that creature, except it's a 0/1 white Illusion.\n{1}{W}, Sacrifice five Illusions: Exile target nonland permanent."
"Lita, Mechanical Engineer",3.0,['W'],['W'],['Legendary'],"['Artifact', 'Creature']",['Artificer'],Mythic,J22,3,3,None,"Vigilance\nAt the beginning of your end step, untap each other artifact creature you control.\n{3}{W}, {T}: Create a 5/5 colorless Vehicle artifact token named Zeppelin with flying and crew 3. (It has ""Tap any number of creatures you control with total power 3 or more: This Vehicle becomes an artifact creature until end of turn."")"
Distinguished Conjurer,2.0,['W'],['W'],None,['Creature'],"['Human', 'Wizard']",Uncommon,J22,1,2,None,"Whenever another creature enters the battlefield under your control, you gain 1 life.\n{4}{W}, {T}: Exile another target creature you control, then return it to the battlefield under its owner's control."
Aquatic Incursion,4.0,['U'],['U'],None,['Enchantment'],None,Uncommon,J22,None,None,None,"When Aquatic Incursion enters the battlefield, create two 1/1 blue Merfolk creature tokens with hexproof. (They can't be the targets of spells or abilities your opponents control.)\n{3}{U}: Target Merfolk can't be blocked this turn."
Anchor to the Aether,3.0,['U'],['U'],None,['Sorcery'],None,Uncommon,J22,None,None,None,Put target creature on top of its owner's library. Scry 1. (Look at the top card of your library. You may put that card on the bottom of your library.)
"Alandra, Sky Dreamer",4.0,['U'],['U'],['Legendary'],['Creature'],"['Merfolk', 'Wizard']",Rare,J22,2,4,None,"Whenever you draw your second card each turn, create a 2/2 blue Drake creature token with flying.\nWhenever you draw your fifth card each turn, Alandra, Sky Dreamer and Drakes you control each get +X/+X until end of turn, where X is the number of cards in your hand."
Wastes,0.0,None,None,['Basic'],['Land'],None,Common,J22,None,None,None,{T}: Add {C}.
Snow-Covered Island,0.0,None,['U'],"['Basic', 'Snow']",['Land'],['Island'],Common,J22,None,None,None,({T}: Add {U}.)
Warped Landscape,0.0,None,None,None,['Land'],None,Common,J22,None,None,None,"{T}: Add {C}.\n{2}, {T}, Sacrifice Warped Landscape: Search your library for a basic land card, put it onto the battlefield tapped, then shuffle."
Urza's Tower,0.0,None,None,None,['Land'],"[""Urza's"", 'Tower']",Common,J22,None,None,None,"{T}: Add {C}. If you control an Urza's Mine and an Urza's Power-Plant, add {C}{C}{C} instead."
Urza's Power Plant,0.0,None,None,None,['Land'],"[""Urza's"", 'Power-Plant']",Common,J22,None,None,None,"{T}: Add {C}. If you control an Urza's Mine and an Urza's Tower, add {C}{C} instead."
Urza's Mine,0.0,None,None,None,['Land'],"[""Urza's"", 'Mine']",Common,J22,None,None,None,"{T}: Add {C}. If you control an Urza's Power-Plant and an Urza's Tower, add {C}{C} instead."
Urza's Factory,0.0,None,None,None,['Land'],"[""Urza's""]",Uncommon,J22,None,None,None,"{T}: Add {C}.\n{7}, {T}: Create a 2/2 colorless Assembly-Worker artifact creature token."
Treetop Village,0.0,None,['G'],None,['Land'],None,Uncommon,J22,None,None,None,Treetop Village enters the battlefield tapped.\n{T}: Add {G}.\n{1}{G}: Treetop Village becomes a 3/3 green Ape creature with trample until end of turn. It's still a land. (It can deal excess combat damage to the player or planeswalker it's attacking.)
Thriving Moor,0.0,None,['B'],None,['Land'],None,Common,J22,None,None,None,"Thriving Moor enters the battlefield tapped.\nAs Thriving Moor enters the battlefield, choose a color other than black.\n{T}: Add {B} or one mana of the chosen color."
Thriving Isle,0.0,None,['U'],None,['Land'],None,Common,J22,None,None,None,"Thriving Isle enters the battlefield tapped.\nAs Thriving Isle enters the battlefield, choose a color other than blue.\n{T}: Add {U} or one mana of the chosen color."
Thriving Heath,0.0,None,['W'],None,['Land'],None,Common,J22,None,None,None,"Thriving Heath enters the battlefield tapped.\nAs Thriving Heath enters the battlefield, choose a color other than white.\n{T}: Add {W} or one mana of the chosen color."
Thriving Grove,0.0,None,['G'],None,['Land'],None,Common,J22,None,None,None,"Thriving Grove enters the battlefield tapped.\nAs Thriving Grove enters the battlefield, choose a color other than green.\n{T}: Add {G} or one mana of the chosen color."
Thriving Bluff,0.0,None,['R'],None,['Land'],None,Common,J22,None,None,None,"Thriving Bluff enters the battlefield tapped.\nAs Thriving Bluff enters the battlefield, choose a color other than red.\n{T}: Add {R} or one mana of the chosen color."
Shimmerdrift Vale,0.0,None,None,['Snow'],['Land'],None,Common,J22,None,None,None,"Shimmerdrift Vale enters the battlefield tapped.\nAs Shimmerdrift Vale enters the battlefield, choose a color.\n{T}: Add one mana of the chosen color."
Seat of the Synod,0.0,None,['U'],None,"['Artifact', 'Land']",None,Common,J22,None,None,None,{T}: Add {U}.
Sandstone Bridge,0.0,None,['W'],None,['Land'],None,Common,J22,None,None,None,"Sandstone Bridge enters the battlefield tapped.\nWhen Sandstone Bridge enters the battlefield, target creature gets +1/+1 and gains vigilance until end of turn.\n{T}: Add {W}."
Piranha Marsh,0.0,None,['B'],None,['Land'],None,Common,J22,None,None,None,"Piranha Marsh enters the battlefield tapped.\nWhen Piranha Marsh enters the battlefield, target player loses 1 life.\n{T}: Add {B}."
Mortuary Mire,0.0,None,['B'],None,['Land'],None,Common,J22,None,None,None,"Mortuary Mire enters the battlefield tapped.\nWhen Mortuary Mire enters the battlefield, you may put target creature card from your graveyard on top of your library.\n{T}: Add {B}."
Thaumaturge's Familiar,3.0,None,None,None,"['Artifact', 'Creature']",['Bird'],Common,J22,1,3,None,"Flying\nWhen Thaumaturge's Familiar enters the battlefield, scry 1."
Evolving Wilds,0.0,None,None,None,['Land'],None,Common,J22,None,None,None,"{T}, Sacrifice Evolving Wilds: Search your library for a basic land card, put it onto the battlefield tapped, then shuffle."
Memorial to Genius,0.0,None,['U'],None,['Land'],None,Uncommon,J22,None,None,None,"Memorial to Genius enters the battlefield tapped.\n{T}: Add {U}.\n{4}{U}, {T}, Sacrifice Memorial to Genius: Draw two cards."
Mishra's Factory,0.0,None,None,None,['Land'],None,Uncommon,J22,None,None,None,{T}: Add {C}.\n{1}: Mishra's Factory becomes a 2/2 Assembly-Worker artifact creature until end of turn. It's still a land.\n{T}: Target Assembly-Worker creature gets +1/+1 until end of turn.
Forgotten Cave,0.0,None,['R'],None,['Land'],None,Common,J22,None,None,None,"Forgotten Cave enters the battlefield tapped.\n{T}: Add {R}.\nCycling {R} ({R}, Discard this card: Draw a card.)"
Desert of the Mindful,0.0,None,['U'],None,['Land'],['Desert'],Common,J22,None,None,None,"Desert of the Mindful enters the battlefield tapped.\n{T}: Add {U}.\nCycling {1}{U} ({1}{U}, Discard this card: Draw a card.)"
Bonders' Enclave,0.0,None,None,None,['Land'],None,Rare,J22,None,None,None,"{T}: Add {C}.\n{3}, {T}: Draw a card. Activate only if you control a creature with power 4 or greater."
Blighted Fen,0.0,None,['B'],None,['Land'],None,Uncommon,J22,None,None,None,"{T}: Add {C}.\n{4}{B}, {T}, Sacrifice Blighted Fen: Target opponent sacrifices a creature."
Ash Barrens,0.0,None,None,None,['Land'],None,Common,J22,None,None,None,"{T}: Add {C}.\nBasic landcycling {1} ({1}, Discard this card: Search your library for a basic land card, reveal it, put it into your hand, then shuffle.)"
Whirlermaker,3.0,None,None,None,['Artifact'],None,Uncommon,J22,None,None,None,"{4}, {T}: Create a 1/1 colorless Thopter artifact creature token with flying."
Universal Automaton,1.0,None,None,None,"['Artifact', 'Creature']",['Shapeshifter'],Common,J22,1,1,None,Changeling (This card is every creature type.)
Weapon Rack,4.0,None,None,None,['Artifact'],None,Common,J22,None,None,None,Weapon Rack enters the battlefield with three +1/+1 counters on it.\n{T}: Move a +1/+1 counter from Weapon Rack onto target creature. Activate only as a sorcery.
Teferi's Puzzle Box,4.0,None,None,None,['Artifact'],None,Rare,J22,None,None,None,"At the beginning of each player's draw step, that player puts the cards in their hand on the bottom of their library in any order, then draws that many cards."
Walking Ballista,0.0,None,None,None,"['Artifact', 'Creature']",['Construct'],Rare,J22,0,0,None,Walking Ballista enters the battlefield with X +1/+1 counters on it.\n{4}: Put a +1/+1 counter on Walking Ballista.\nRemove a +1/+1 counter from Walking Ballista: It deals 1 damage to any target.
Vial of Dragonfire,2.0,None,None,None,['Artifact'],None,Common,J22,None,None,None,"{2}, {T}, Sacrifice Vial of Dragonfire: It deals 2 damage to target creature."
Universal Solvent,1.0,None,None,None,['Artifact'],None,Common,J22,None,None,None,"{7}, {T}, Sacrifice Universal Solvent: Destroy target permanent."
Tamiyo's Journal,5.0,None,None,['Legendary'],['Artifact'],None,Rare,J22,None,None,None,"At the beginning of your upkeep, investigate. (Create a Clue token. It's an artifact with ""{2}, Sacrifice this artifact: Draw a card."")\n{T}, Sacrifice three Clues: Search your library for a card, put that card into your hand, then shuffle."
Talon of Pain,4.0,None,None,None,['Artifact'],None,Uncommon,J22,None,None,None,"Whenever a source you control other than Talon of Pain deals damage to an opponent, put a charge counter on Talon of Pain.\n{X}, {T}, Remove X charge counters from Talon of Pain: It deals X damage to any target."
Steel Overseer,2.0,None,None,None,"['Artifact', 'Creature']",['Construct'],Rare,J22,1,1,None,{T}: Put a +1/+1 counter on each artifact creature you control.
Solemn Simulacrum,4.0,None,None,None,"['Artifact', 'Creature']",['Golem'],Rare,J22,2,2,None,"When Solemn Simulacrum enters the battlefield, you may search your library for a basic land card, put that card onto the battlefield tapped, then shuffle.\nWhen Solemn Simulacrum dies, you may draw a card."
Shambling Suit,3.0,None,None,None,"['Artifact', 'Creature']",['Construct'],Uncommon,J22,*,3,None,Shambling Suit's power is equal to the number of artifacts and/or enchantments you control.
Self-Assembler,5.0,None,None,None,"['Artifact', 'Creature']",['Assembly-Worker'],Common,J22,4,4,None,"When Self-Assembler enters the battlefield, you may search your library for an Assembly-Worker creature card, reveal it, put it into your hand, then shuffle."
Runed Servitor,2.0,None,None,None,"['Artifact', 'Creature']",['Construct'],Common,J22,2,2,None,"When Runed Servitor dies, each player draws a card."
Raiders' Karve,3.0,None,None,None,['Artifact'],['Vehicle'],Common,J22,4,4,None,"Whenever Raiders' Karve attacks, look at the top card of your library. If it's a land card, you may put it onto the battlefield tapped.\nCrew 3 (Tap any number of creatures you control with total power 3 or more: This Vehicle becomes an artifact creature until end of turn.)"
Psychosis Crawler,5.0,None,None,None,"['Artifact', 'Creature']","['Phyrexian', 'Horror']",Rare,J22,*,*,None,"Psychosis Crawler's power and toughness are each equal to the number of cards in your hand.\nWhenever you draw a card, each opponent loses 1 life."
Pilgrim's Eye,3.0,None,None,None,"['Artifact', 'Creature']",['Thopter'],Common,J22,1,1,None,"Flying\nWhen Pilgrim's Eye enters the battlefield, you may search your library for a basic land card, reveal it, put it into your hand, then shuffle."
Pierce Strider,4.0,None,None,None,"['Artifact', 'Creature']","['Phyrexian', 'Construct']",Uncommon,J22,3,3,None,"When Pierce Strider enters the battlefield, target opponent loses 3 life."
Phyrexian Ironfoot,3.0,None,None,['Snow'],"['Artifact', 'Creature']","['Phyrexian', 'Construct']",Uncommon,J22,3,4,None,Phyrexian Ironfoot doesn't untap during your untap step.\n{1}{S}: Untap Phyrexian Ironfoot. ({S} can be paid with one mana from a snow source.)
Hold for Questioning,4.0,['U'],['U'],None,['Enchantment'],['Aura'],Uncommon,J22,None,None,None,"Enchant creature or planeswalker\nWhen Hold for Questioning enters the battlefield, tap enchanted permanent and investigate. (Create a Clue token. It's an artifact with ""{2}, Sacrifice this artifact: Draw a card."")\nEnchanted permanent doesn't untap during its controller's untap step and its activated abilities can't be activated."
Panharmonicon,4.0,None,None,None,['Artifact'],None,Rare,J22,None,None,None,"If an artifact or creature entering the battlefield causes a triggered ability of a permanent you control to trigger, that ability triggers an additional time."
Monkey Cage,5.0,None,None,None,['Artifact'],None,Rare,J22,None,None,None,"When a creature enters the battlefield, sacrifice Monkey Cage and create X 2/2 green Monkey creature tokens, where X is that creature's mana value."
Biblioplex Kraken,5.0,['U'],['U'],None,['Creature'],['Kraken'],Uncommon,J22,4,5,None,"When Biblioplex Kraken enters the battlefield, scry 3. (Look at the top three cards of your library, then put any number of them on the bottom of your library and the rest on top in any order.)\nWhenever Biblioplex Kraken attacks, you may return another creature you control to its owner's hand. If you do, Biblioplex Kraken can't be blocked this turn."
Meteor Golem,7.0,None,None,None,"['Artifact', 'Creature']",['Golem'],Uncommon,J22,3,3,None,"When Meteor Golem enters the battlefield, destroy target nonland permanent an opponent controls."
Manakin,2.0,None,None,None,"['Artifact', 'Creature']",['Construct'],Common,J22,1,1,None,{T}: Add {C}.
Loxodon Warhammer,3.0,None,None,None,['Artifact'],['Equipment'],Rare,J22,None,None,None,Equipped creature gets +3/+0 and has trample and lifelink.\nEquip {3}
Locthwain Gargoyle,1.0,None,None,None,"['Artifact', 'Creature']",['Gargoyle'],Common,J22,0,3,None,{4}: Locthwain Gargoyle gets +2/+0 and gains flying until end of turn.
Leonin Scimitar,1.0,None,None,None,['Artifact'],['Equipment'],Common,J22,None,None,None,Equipped creature gets +1/+1.\nEquip {1} ({1}: Attach to target creature you control. Equip only as a sorcery.)
Kitesail,2.0,None,None,None,['Artifact'],['Equipment'],Common,J22,None,None,None,Equipped creature gets +1/+0 and has flying.\nEquip {2} ({2}: Attach to target creature you control. Equip only as a sorcery.)
Juggernaut,4.0,None,None,None,"['Artifact', 'Creature']",['Juggernaut'],Uncommon,J22,5,3,None,Juggernaut attacks each combat if able.\nJuggernaut can't be blocked by Walls.
Jousting Lance,2.0,None,None,None,['Artifact'],['Equipment'],Common,J22,None,None,None,"Equipped creature gets +2/+0.\nAs long as it's your turn, equipped creature has first strike.\nEquip {3} ({3}: Attach to target creature you control. Equip only as a sorcery.)"
Iron Bully,3.0,None,None,None,"['Artifact', 'Creature']",['Golem'],Common,J22,1,1,None,"Menace (This creature can't be blocked except by two or more creatures.)\nWhen Iron Bully enters the battlefield, put a +1/+1 counter on target creature."
Infiltration Lens,1.0,None,None,None,['Artifact'],['Equipment'],Uncommon,J22,None,None,None,"Whenever equipped creature becomes blocked by a creature, you may draw two cards.\nEquip {1}"
Hero's Blade,2.0,None,None,None,['Artifact'],['Equipment'],Uncommon,J22,None,None,None,"Equipped creature gets +3/+2.\nWhenever a legendary creature enters the battlefield under your control, you may attach Hero's Blade to it.\nEquip {4} ({4}: Attach to target creature you control. Equip only as a sorcery.)"
Heirloom Blade,3.0,None,None,None,['Artifact'],['Equipment'],Uncommon,J22,None,None,None,"Equipped creature gets +3/+1.\nWhenever equipped creature dies, you may reveal cards from the top of your library until you reveal a creature card that shares a creature type with it. Put that card into your hand and the rest on the bottom of your library in a random order.\nEquip {1}"
Hedron Archive,4.0,None,None,None,['Artifact'],None,Uncommon,J22,None,None,None,"{T}: Add {C}{C}.\n{2}, {T}, Sacrifice Hedron Archive: Draw two cards."
Heart-Piercer Bow,2.0,None,None,None,['Artifact'],['Equipment'],Common,J22,None,None,None,"Whenever equipped creature attacks, Heart-Piercer Bow deals 1 damage to target creature defending player controls.\nEquip {1} ({1}: Attach to target creature you control. Equip only as a sorcery.)"
Hangarback Walker,0.0,None,None,None,"['Artifact', 'Creature']",['Construct'],Rare,J22,0,0,None,"Hangarback Walker enters the battlefield with X +1/+1 counters on it.\nWhen Hangarback Walker dies, create a 1/1 colorless Thopter artifact creature token with flying for each +1/+1 counter on Hangarback Walker.\n{1}, {T}: Put a +1/+1 counter on Hangarback Walker."
Hammer of Ruin,2.0,None,None,None,['Artifact'],['Equipment'],Uncommon,J22,None,None,None,"Equipped creature gets +2/+0.\nWhenever equipped creature deals combat damage to a player, you may destroy target Equipment that player controls.\nEquip {2}"
Golem Artisan,5.0,None,None,None,"['Artifact', 'Creature']",['Golem'],Uncommon,J22,3,3,None,"{2}: Target artifact creature gets +1/+1 until end of turn.\n{2}: Target artifact creature gains your choice of flying, trample, or haste until end of turn."
Goldvein Pick,2.0,None,None,None,['Artifact'],['Equipment'],Common,J22,None,None,None,"Equipped creature gets +1/+1.\nWhenever equipped creature deals combat damage to a player, create a Treasure token. (It's an artifact with ""{T}, Sacrifice this artifact: Add one mana of any color."")\nEquip {1} ({1}: Attach to target creature you control. Equip only as a sorcery.)"
Gleaming Barrier,2.0,None,None,None,"['Artifact', 'Creature']",['Wall'],Common,J22,0,4,None,"Defender\nWhen Gleaming Barrier dies, create a Treasure token. (It's an artifact with ""{T}, Sacrifice this artifact: Add one mana of any color."")"
Gearsmith Guardian,5.0,None,None,None,"['Artifact', 'Creature']",['Construct'],Common,J22,3,5,None,Gearsmith Guardian gets +2/+0 as long as you control a blue creature.
Explorer's Scope,1.0,None,None,None,['Artifact'],['Equipment'],Common,J22,None,None,None,"Whenever equipped creature attacks, look at the top card of your library. If it's a land card, you may put it onto the battlefield tapped.\nEquip {1} ({1}: Attach to target creature you control. Equip only as a sorcery.)"
Expedition Map,1.0,None,None,None,['Artifact'],None,Common,J22,None,None,None,"{2}, {T}, Sacrifice Expedition Map: Search your library for a land card, reveal it, put it into your hand, then shuffle."
Edifice of Authority,3.0,None,None,None,['Artifact'],None,Uncommon,J22,None,None,None,"{1}, {T}: Target creature can't attack this turn. Put a brick counter on Edifice of Authority.\n{1}, {T}: Until your next turn, target creature can't attack or block and its activated abilities can't be activated. Activate only if there are three or more brick counters on Edifice of Authority."
Dragon's Hoard,3.0,None,None,None,['Artifact'],None,Rare,J22,None,None,None,"Whenever a Dragon enters the battlefield under your control, put a gold counter on Dragon's Hoard.\n{T}, Remove a gold counter from Dragon's Hoard: Draw a card.\n{T}: Add one mana of any color."
Dragon Blood,3.0,None,None,None,['Artifact'],None,Uncommon,J22,None,None,None,"{3}, {T}: Put a +1/+1 counter on target creature."
Cogwork Assembler,3.0,None,None,None,"['Artifact', 'Creature']",['Assembly-Worker'],Uncommon,J22,2,3,None,{7}: Create a token that's a copy of target artifact. That token gains haste. Exile it at the beginning of the next end step.
Circuit Mender,3.0,None,None,None,"['Artifact', 'Creature']",['Insect'],Uncommon,J22,2,3,None,"When Circuit Mender enters the battlefield, you gain 2 life.\nWhen Circuit Mender leaves the battlefield, draw a card."
Cellar Door,2.0,None,None,None,['Artifact'],None,Uncommon,J22,None,None,None,"{3}, {T}: Target player puts the bottom card of their library into their graveyard. If it's a creature card, you create a 2/2 black Zombie creature token."
Campus Guide,2.0,None,None,None,"['Artifact', 'Creature']",['Golem'],Common,J22,2,1,None,"When Campus Guide enters the battlefield, you may search your library for a basic land card, reveal it, then shuffle and put that card on top."
Bloodline Pretender,3.0,None,None,None,"['Artifact', 'Creature']",['Shapeshifter'],Uncommon,J22,2,2,None,"Changeling (This card is every creature type.)\nAs Bloodline Pretender enters the battlefield, choose a creature type.\nWhenever another creature of the chosen type enters the battlefield under your control, put a +1/+1 counter on Bloodline Pretender."
Bag of Holding,1.0,None,None,None,['Artifact'],None,Rare,J22,None,None,None,"Whenever you discard a card, exile that card from your graveyard.\n{2}, {T}: Draw a card, then discard a card.\n{4}, {T}, Sacrifice Bag of Holding: Return all cards exiled with Bag of Holding to their owner's hand."
Assembly-Worker,3.0,None,None,None,"['Artifact', 'Creature']",['Assembly-Worker'],Common,J22,2,2,None,{T}: Target Assembly-Worker creature gets +1/+1 until end of turn.
Aradara Express,5.0,None,None,None,['Artifact'],['Vehicle'],Common,J22,8,6,None,Menace\nCrew 4 (Tap any number of creatures you control with total power 4 or more: This Vehicle becomes an artifact creature until end of turn.)
Alchemist's Vial,2.0,None,None,None,['Artifact'],None,Common,J22,None,None,None,"When Alchemist's Vial enters the battlefield, draw a card.\n{1}, {T}, Sacrifice Alchemist's Vial: Target creature can't attack or block this turn."
Aether Spellbomb,1.0,None,['U'],None,['Artifact'],None,Common,J22,None,None,None,"{U}, Sacrifice Aether Spellbomb: Return target creature to its owner's hand.\n{1}, Sacrifice Aether Spellbomb: Draw a card."
Adventuring Gear,1.0,None,None,None,['Artifact'],['Equipment'],Common,J22,None,None,None,"Landfall — Whenever a land enters the battlefield under your control, equipped creature gets +2/+2 until end of turn.\nEquip {1} ({1}: Attach to target creature you control. Equip only as a sorcery.)"
Warden of Geometries,4.0,None,None,None,['Creature'],"['Eldrazi', 'Drone']",Common,J22,2,3,None,Vigilance\n{T}: Add {C}. ({C} represents colorless mana.)
Titan's Presence,3.0,None,None,None,['Instant'],None,Uncommon,J22,None,None,None,"As an additional cost to cast this spell, reveal a colorless creature card from your hand.\nExile target creature if its power is less than or equal to the revealed card's power."
Endbringer,6.0,None,None,None,['Creature'],['Eldrazi'],Rare,J22,5,5,None,"Untap Endbringer during each other player's untap step.\n{T}: Endbringer deals 1 damage to any target.\n{C}, {T}: Target creature can't attack or block this turn.\n{C}{C}, {T}: Draw a card."
Zendikar's Roil,5.0,['G'],['G'],None,['Enchantment'],None,Uncommon,J22,None,None,None,"Landfall — Whenever a land enters the battlefield under your control, create a 2/2 green Elemental creature token."
Young Wolf,1.0,['G'],['G'],None,['Creature'],['Wolf'],Common,J22,1,1,None,"Undying (When this creature dies, if it had no +1/+1 counters on it, return it to the battlefield under its owner's control with a +1/+1 counter on it.)"
Woodland Champion,2.0,['G'],['G'],None,['Creature'],"['Elf', 'Scout']",Uncommon,J22,2,2,None,"Whenever one or more tokens enter the battlefield under your control, put that many +1/+1 counters on Woodland Champion."
Woodborn Behemoth,5.0,['G'],['G'],None,['Creature'],['Elemental'],Uncommon,J22,4,4,None,"As long as you control eight or more lands, Woodborn Behemoth gets +4/+4 and has trample. (It can deal excess combat damage to the player or planeswalker it's attacking.)"
Wolverine Riders,6.0,['G'],['G'],None,['Creature'],"['Elf', 'Warrior']",Rare,J22,4,4,None,"At the beginning of each upkeep, create a 1/1 green Elf Warrior creature token.\nWhenever another Elf enters the battlefield under your control, you gain life equal to its toughness."
Wolfwillow Haven,2.0,['G'],['G'],None,['Enchantment'],['Aura'],Uncommon,J22,None,None,None,"Enchant land\nWhenever enchanted land is tapped for mana, its controller adds an additional {G}.\n{4}{G}, Sacrifice Wolfwillow Haven: Create a 2/2 green Wolf creature token. Activate only during your turn."
Wolfkin Bond,5.0,['G'],['G'],None,['Enchantment'],['Aura'],Common,J22,None,None,None,"Enchant creature\nWhen Wolfkin Bond enters the battlefield, create a 2/2 green Wolf creature token.\nEnchanted creature gets +2/+2."
Wolf's Quarry,6.0,['G'],['G'],None,['Sorcery'],None,Common,J22,None,None,None,"Create three 1/1 green Boar creature tokens with ""When this creature dies, create a Food token."" (A Food token is an artifact with ""{2}, {T}, Sacrifice this artifact: You gain 3 life."")"
Wily Bandar,1.0,['G'],['G'],None,['Creature'],"['Cat', 'Monkey']",Common,J22,1,1,None,"{2}{G}: Wily Bandar gains indestructible until end of turn. (Damage and effects that say ""destroy"" don't destroy it.)"
Wildborn Preserver,2.0,['G'],['G'],None,['Creature'],"['Elf', 'Archer']",Rare,J22,2,2,None,"Flash\nReach\nWhenever another non-Human creature enters the battlefield under your control, you may pay {X}. When you do, put X +1/+1 counters on Wildborn Preserver."
Unnatural Aggression,3.0,None,['G'],None,['Instant'],None,Common,J22,None,None,None,"Devoid (This card has no color.)\nTarget creature you control fights target creature an opponent controls. If the creature an opponent controls would die this turn, exile it instead."
Turntimber Basilisk,3.0,['G'],['G'],None,['Creature'],['Basilisk'],Uncommon,J22,2,1,None,"Deathtouch (Any amount of damage this deals to a creature is enough to destroy it.)\nLandfall — Whenever a land enters the battlefield under your control, you may have target creature block Turntimber Basilisk this turn if able."
Titanic Brawl,2.0,['G'],['G'],None,['Instant'],None,Common,J22,None,None,None,This spell costs {1} less to cast if it targets a creature you control with a +1/+1 counter on it.\nTarget creature you control fights target creature you don't control. (Each deals damage equal to its power to the other.)
Swarm Shambler,1.0,['G'],['G'],None,['Creature'],"['Fungus', 'Beast']",Rare,J22,0,0,None,"Swarm Shambler enters the battlefield with a +1/+1 counter on it.\nWhenever a creature you control with a +1/+1 counter on it becomes the target of a spell an opponent controls, create a 1/1 green Insect creature token.\n{1}, {T}: Put a +1/+1 counter on Swarm Shambler."
Stalking Drone,2.0,None,['G'],None,['Creature'],"['Eldrazi', 'Drone']",Common,J22,2,2,None,Devoid (This card has no color.)\n{C}: Stalking Drone gets +1/+2 until end of turn. Activate only once each turn. ({C} represents colorless mana.)
Sporeback Wolf,2.0,['G'],['G'],None,['Creature'],['Wolf'],Common,J22,2,2,None,"As long as it's your turn, Sporeback Wolf gets +0/+2."
Soul's Might,5.0,['G'],['G'],None,['Sorcery'],None,Common,J22,None,None,None,"Put X +1/+1 counters on target creature, where X is that creature's power."
Snapping Gnarlid,2.0,['G'],['G'],None,['Creature'],['Beast'],Common,J22,2,2,None,"Landfall — Whenever a land enters the battlefield under your control, Snapping Gnarlid gets +1/+1 until end of turn."
Simian Brawler,4.0,['G'],['G'],None,['Creature'],"['Ape', 'Warrior']",Common,J22,3,3,None,Discard a land card: Simian Brawler gets +1/+1 until end of turn.
Silverback Shaman,5.0,['G'],['G'],None,['Creature'],"['Ape', 'Shaman']",Common,J22,5,4,None,"Trample\nWhen Silverback Shaman dies, draw a card."
Servant of the Scale,1.0,['G'],['G'],None,['Creature'],"['Human', 'Soldier']",Common,J22,0,0,None,"Servant of the Scale enters the battlefield with a +1/+1 counter on it.\nWhen Servant of the Scale dies, put X +1/+1 counters on target creature you control, where X is the number of +1/+1 counters on Servant of the Scale."
Scrounging Bandar,2.0,['G'],['G'],None,['Creature'],"['Cat', 'Monkey']",Common,J22,0,0,None,"Scrounging Bandar enters the battlefield with two +1/+1 counters on it.\nAt the beginning of your upkeep, you may move any number of +1/+1 counters from Scrounging Bandar onto another target creature."
Scion Summoner,3.0,None,['G'],None,['Creature'],"['Eldrazi', 'Drone']",Common,J22,2,2,None,"Devoid (This card has no color.)\nWhen Scion Summoner enters the battlefield, create a 1/1 colorless Eldrazi Scion creature token. It has ""Sacrifice this creature: Add {C}."" ({C} represents colorless mana.)"
Scale the Heights,3.0,['G'],['G'],None,['Sorcery'],None,Common,J22,None,None,None,Put a +1/+1 counter on up to one target creature. You gain 2 life. You may play an additional land this turn.\nDraw a card.
Savage Punch,2.0,['G'],['G'],None,['Sorcery'],None,Common,J22,None,None,None,Target creature you control fights target creature you don't control.\nFerocious — The creature you control gets +2/+2 until end of turn before it fights if you control a creature with power 4 or greater.
Rosethorn Halberd,1.0,['G'],['G'],None,['Artifact'],['Equipment'],Common,J22,None,None,None,"When Rosethorn Halberd enters the battlefield, attach it to target non-Human creature you control.\nEquipped creature gets +2/+1.\nEquip {5} ({5}: Attach to target creature you control. Equip only as a sorcery.)"
Roots of Wisdom,2.0,['G'],['G'],None,['Sorcery'],None,Common,J22,None,None,None,"Mill three cards, then return a land card or Elf card from your graveyard to your hand. If you can't, draw a card. (To mill a card, put the top card of your library into your graveyard.)"
Roar of Challenge,3.0,['G'],['G'],None,['Sorcery'],None,Uncommon,J22,None,None,None,All creatures able to block target creature this turn do so.\nFerocious — That creature gains indestructible until end of turn if you control a creature with power 4 or greater.
Reclamation Sage,3.0,['G'],['G'],None,['Creature'],"['Elf', 'Shaman']",Uncommon,J22,2,1,None,"When Reclamation Sage enters the battlefield, you may destroy target artifact or enchantment."
Overgrowth,3.0,['G'],['G'],None,['Enchantment'],['Aura'],Common,J22,None,None,None,"Enchant land\nWhenever enchanted land is tapped for mana, its controller adds an additional {G}{G}."
Prowling Serpopard,3.0,['G'],['G'],None,['Creature'],"['Cat', 'Snake']",Rare,J22,4,3,None,This spell can't be countered.\nCreature spells you control can't be countered.
Rampaging Baloths,6.0,['G'],['G'],None,['Creature'],['Beast'],Rare,J22,6,6,None,"Trample\nLandfall — Whenever a land enters the battlefield under your control, you may create a 4/4 green Beast creature token."
Reckless Amplimancer,2.0,['G'],['G'],None,['Creature'],"['Elf', 'Druid']",Common,J22,2,2,None,{4}{G}: Double Reckless Amplimancer's power and toughness until end of turn.
Quarry Beetle,5.0,['G'],['G'],None,['Creature'],['Insect'],Uncommon,J22,4,5,None,"When Quarry Beetle enters the battlefield, you may return target land card from your graveyard to the battlefield."
Primordial Hydra,2.0,['G'],['G'],None,['Creature'],['Hydra'],Mythic,J22,0,0,None,"Primordial Hydra enters the battlefield with X +1/+1 counters on it.\nAt the beginning of your upkeep, double the number of +1/+1 counters on Primordial Hydra.\nPrimordial Hydra has trample as long as it has ten or more +1/+1 counters on it."
Pridemalkin,3.0,['G'],['G'],None,['Creature'],['Cat'],Common,J22,2,1,None,"When Pridemalkin enters the battlefield, put a +1/+1 counter on target creature you control.\nEach creature you control with a +1/+1 counter on it has trample. (They can deal excess combat damage to the player or planeswalker they're attacking.)"
Prey Upon,1.0,['G'],['G'],None,['Sorcery'],None,Common,J22,None,None,None,Target creature you control fights target creature you don't control. (Each deals damage equal to its power to the other.)
Presence of Gond,3.0,['G'],['G'],None,['Enchantment'],['Aura'],Common,J22,None,None,None,"Enchant creature\nEnchanted creature has ""{T}: Create a 1/1 green Elf Warrior creature token."""
Predator's Howl,4.0,['G'],['G'],None,['Instant'],None,Uncommon,J22,None,None,None,Create a 2/2 green Wolf creature token.\nMorbid — Create three 2/2 green Wolf creature tokens instead if a creature died this turn.
Packsong Pup,2.0,['G'],['G'],None,['Creature'],['Wolf'],Uncommon,J22,1,1,None,"At the beginning of combat on your turn, if you control another Wolf or Werewolf, put a +1/+1 counter on Packsong Pup.\nWhen Packsong Pup dies, you gain life equal to its power."
Pounce,2.0,['G'],['G'],None,['Instant'],None,Common,J22,None,None,None,Target creature you control fights target creature you don't control. (Each deals damage equal to its power to the other.)
Overcome,5.0,['G'],['G'],None,['Sorcery'],None,Uncommon,J22,None,None,None,Creatures you control get +2/+2 and gain trample until end of turn.
Phantom Nantuko,3.0,['G'],['G'],None,['Creature'],"['Insect', 'Spirit']",Rare,J22,0,0,None,"Trample\nPhantom Nantuko enters the battlefield with two +1/+1 counters on it.\nIf damage would be dealt to Phantom Nantuko, prevent that damage. Remove a +1/+1 counter from Phantom Nantuko.\n{T}: Put a +1/+1 counter on Phantom Nantuko."
Pestilent Wolf,2.0,['G'],['G'],None,['Creature'],['Wolf'],Common,J22,2,2,None,{2}{G}: Pestilent Wolf gains deathtouch until end of turn.
Paradise Druid,2.0,['G'],['G'],None,['Creature'],"['Elf', 'Druid']",Uncommon,J22,2,1,None,Paradise Druid has hexproof as long as it's untapped. (It can't be the target of spells or abilities your opponents control.)\n{T}: Add one mana of any color.
Ornery Dilophosaur,4.0,['G'],['G'],None,['Creature'],['Dinosaur'],Common,J22,2,2,None,"Deathtouch (Any amount of damage this deals to a creature is enough to destroy it.)\nWhenever Ornery Dilophosaur attacks, if you control a creature with power 4 or greater, Ornery Dilophosaur gets +2/+2 until end of turn."
Ordeal of Nylea,2.0,['G'],['G'],None,['Enchantment'],['Aura'],Uncommon,J22,None,None,None,"Enchant creature\nWhenever enchanted creature attacks, put a +1/+1 counter on it. Then if it has three or more +1/+1 counters on it, sacrifice Ordeal of Nylea.\nWhen you sacrifice Ordeal of Nylea, search your library for up to two basic land cards, put them onto the battlefield tapped, then shuffle."
Ondu Giant,4.0,['G'],['G'],None,['Creature'],"['Giant', 'Druid']",Common,J22,2,4,None,"When Ondu Giant enters the battlefield, you may search your library for a basic land card, put it onto the battlefield tapped, then shuffle."
Oashra Cultivator,1.0,['G'],['G'],None,['Creature'],"['Human', 'Druid']",Common,J22,0,3,None,"{2}{G}, {T}, Sacrifice Oashra Cultivator: Search your library for a basic land card, put it onto the battlefield tapped, then shuffle."
Nightpack Ambusher,4.0,['G'],['G'],None,['Creature'],['Wolf'],Rare,J22,4,4,None,"Flash\nOther Wolves and Werewolves you control get +1/+1.\nAt the beginning of your end step, if you didn't cast a spell this turn, create a 2/2 green Wolf creature token."
Nessian Hornbeetle,2.0,['G'],['G'],None,['Creature'],['Insect'],Uncommon,J22,2,2,None,"At the beginning of combat on your turn, if you control another creature with power 4 or greater, put a +1/+1 counter on Nessian Hornbeetle."
Nantuko Cultivator,4.0,['G'],['G'],None,['Creature'],"['Insect', 'Druid']",Uncommon,J22,2,2,None,"When Nantuko Cultivator enters the battlefield, you may discard any number of land cards. Put that many +1/+1 counters on Nantuko Cultivator and draw that many cards."
Naga Vitalist,2.0,['G'],['G'],None,['Creature'],"['Naga', 'Druid']",Common,J22,1,2,None,{T}: Add one mana of any type that a land you control could produce.
Moonlight Hunt,2.0,['G'],['G'],None,['Instant'],None,Uncommon,J22,None,None,None,Choose target creature you don't control. Each creature you control that's a Wolf or a Werewolf deals damage equal to its power to that creature.
Moldgraf Millipede,5.0,['G'],['G'],None,['Creature'],"['Insect', 'Horror']",Common,J22,2,2,None,"When Moldgraf Millipede enters the battlefield, mill three cards, then put a +1/+1 counter on Moldgraf Millipede for each creature card in your graveyard. (To mill a card, put the top card of your library into your graveyard.)"
Might of the Masses,1.0,['G'],['G'],None,['Instant'],None,Common,J22,None,None,None,Target creature gets +1/+1 until end of turn for each creature you control.
Master's Rebuke,2.0,['G'],['G'],None,['Instant'],None,Common,J22,None,None,None,Target creature you control deals damage equal to its power to target creature or planeswalker you don't control.
Master of the Wild Hunt,4.0,['G'],['G'],None,['Creature'],"['Human', 'Shaman']",Mythic,J22,3,3,None,"At the beginning of your upkeep, create a 2/2 green Wolf creature token.\n{T}: Tap all untapped Wolf creatures you control. Each Wolf tapped this way deals damage equal to its power to target creature. That creature deals damage equal to its power divided as its controller chooses among any number of those Wolves."
Mammoth Spider,5.0,['G'],['G'],None,['Creature'],['Spider'],Common,J22,3,5,None,Reach (This creature can block creatures with flying.)
Lys Alana Huntmaster,4.0,['G'],['G'],None,['Creature'],"['Elf', 'Warrior']",Common,J22,3,3,None,"Whenever you cast an Elf spell, you may create a 1/1 green Elf Warrior creature token."
Kujar Seedsculptor,2.0,['G'],['G'],None,['Creature'],"['Elf', 'Druid']",Common,J22,1,2,None,"When Kujar Seedsculptor enters the battlefield, put a +1/+1 counter on target creature you control."
Kraul Warrior,2.0,['G'],['G'],None,['Creature'],"['Insect', 'Warrior']",Common,J22,2,2,None,{5}{G}: Kraul Warrior gets +3/+3 until end of turn.
Kraul Harpooner,2.0,['G'],['G'],None,['Creature'],"['Insect', 'Warrior']",Uncommon,J22,3,2,None,"Reach\nUndergrowth — When Kraul Harpooner enters the battlefield, choose up to one target creature you don't control with flying. Kraul Harpooner gets +X/+0 until end of turn, where X is the number of creature cards in your graveyard, then you may have Kraul Harpooner fight that creature."
Kraul Foragers,5.0,['G'],['G'],None,['Creature'],"['Insect', 'Scout']",Common,J22,4,4,None,"Undergrowth — When Kraul Foragers enters the battlefield, you gain 1 life for each creature card in your graveyard."
Kessig Cagebreakers,5.0,['G'],['G'],None,['Creature'],"['Human', 'Rogue']",Rare,J22,3,4,None,"Whenever Kessig Cagebreakers attacks, create a 2/2 green Wolf creature token that's tapped and attacking for each creature card in your graveyard."
Ivy Lane Denizen,4.0,['G'],['G'],None,['Creature'],"['Elf', 'Warrior']",Common,J22,2,3,None,"Whenever another green creature enters the battlefield under your control, put a +1/+1 counter on target creature."
Ironshell Beetle,2.0,['G'],['G'],None,['Creature'],['Insect'],Common,J22,1,1,None,"When Ironshell Beetle enters the battlefield, put a +1/+1 counter on target creature."
Iridescent Hornbeetle,5.0,['G'],['G'],None,['Creature'],['Insect'],Uncommon,J22,3,4,None,"At the beginning of your end step, create a 1/1 green Insect creature token for each +1/+1 counter you've put on creatures under your control this turn."
Imperious Perfect,3.0,['G'],['G'],None,['Creature'],"['Elf', 'Warrior']",Rare,J22,2,2,None,"Other Elves you control get +1/+1.\n{G}, {T}: Create a 1/1 green Elf Warrior creature token."
Ilysian Caryatid,2.0,['G'],['G'],None,['Creature'],['Plant'],Common,J22,1,1,None,"{T}: Add one mana of any color. If you control a creature with power 4 or greater, add two mana of any one color instead."
Aeronaut Tinkerer,3.0,['U'],['U'],None,['Creature'],"['Human', 'Artificer']",Common,J22,2,3,None,Aeronaut Tinkerer has flying as long as you control an artifact. (It can't be blocked except by creatures with flying or reach.)
Hunter's Edge,4.0,['G'],['G'],None,['Sorcery'],None,Common,J22,None,None,None,Put a +1/+1 counter on target creature you control. Then that creature deals damage equal to its power to target creature you don't control.
Amoeboid Changeling,2.0,['U'],['U'],None,['Creature'],['Shapeshifter'],Common,J22,1,1,None,Changeling (This card is every creature type.)\n{T}: Target creature gains all creature types until end of turn.\n{T}: Target creature loses all creature types until end of turn.
Hunger of the Howlpack,1.0,['G'],['G'],None,['Instant'],None,Common,J22,None,None,None,Put a +1/+1 counter on target creature.\nMorbid — Put three +1/+1 counters on that creature instead if a creature died this turn.
Howlgeist,6.0,['G'],['G'],None,['Creature'],"['Spirit', 'Wolf']",Uncommon,J22,4,2,None,"Creatures with power less than Howlgeist's power can't block it.\nUndying (When this creature dies, if it had no +1/+1 counters on it, return it to the battlefield under its owner's control with a +1/+1 counter on it.)"
Howl of the Hunt,3.0,['G'],['G'],None,['Enchantment'],['Aura'],Common,J22,None,None,None,"Flash\nEnchant creature\nWhen Howl of the Hunt enters the battlefield, if enchanted creature is a Wolf or Werewolf, untap that creature.\nEnchanted creature gets +2/+2 and has vigilance."
Hooting Mandrills,6.0,['G'],['G'],None,['Creature'],['Ape'],Common,J22,4,4,None,Delve (Each card you exile from your graveyard while casting this spell pays for {1}.)\nTrample
Havenwood Wurm,7.0,['G'],['G'],None,['Creature'],['Wurm'],Common,J22,5,6,None,Flash (You may cast this spell any time you could cast an instant.)\nTrample
Groundswell,1.0,['G'],['G'],None,['Instant'],None,Common,J22,None,None,None,"Target creature gets +2/+2 until end of turn.\nLandfall — If you had a land enter the battlefield under your control this turn, that creature gets +4/+4 until end of turn instead."
"Goreclaw, Terror of Qal Sisma",4.0,['G'],['G'],['Legendary'],['Creature'],['Bear'],Rare,J22,4,3,None,"Creature spells you cast with power 4 or greater cost {2} less to cast.\nWhenever Goreclaw, Terror of Qal Sisma attacks, each creature you control with power 4 or greater gets +1/+1 and gains trample until end of turn."
Gift of the Gargantuan,3.0,['G'],['G'],None,['Sorcery'],None,Common,J22,None,None,None,Look at the top four cards of your library. You may reveal a creature card and/or a land card from among them and put the revealed cards into your hand. Put the rest on the bottom of your library in any order.
Giant Caterpillar,4.0,['G'],['G'],None,['Creature'],['Insect'],Common,J22,3,3,None,"{G}, Sacrifice Giant Caterpillar: Create a 1/1 green Insect creature token with flying named Butterfly at the beginning of the next end step."
Ghirapur Guide,3.0,['G'],['G'],None,['Creature'],"['Elf', 'Scout']",Uncommon,J22,3,2,None,{2}{G}: Target creature you control can't be blocked by creatures with power 2 or less this turn.
Gaea's Protector,4.0,['G'],['G'],None,['Creature'],"['Elemental', 'Warrior']",Common,J22,4,2,None,Gaea's Protector must be blocked if able.
Frontier Mastodon,3.0,['G'],['G'],None,['Creature'],['Elephant'],Common,J22,3,2,None,Ferocious — Frontier Mastodon enters the battlefield with a +1/+1 counter on it if you control a creature with power 4 or greater.
Flourishing Hunter,6.0,['G'],['G'],None,['Creature'],"['Wolf', 'Spirit']",Common,J22,6,6,None,"When Flourishing Hunter enters the battlefield, you gain life equal to the greatest toughness among other creatures you control."
Fierce Witchstalker,4.0,['G'],['G'],None,['Creature'],['Wolf'],Common,J22,4,4,None,"Trample\nWhen Fierce Witchstalker enters the battlefield, create a Food token. (It's an artifact with ""{2}, {T}, Sacrifice this artifact: You gain 3 life."")"
Fertilid,3.0,['G'],['G'],None,['Creature'],['Elemental'],Common,J22,0,0,None,"Fertilid enters the battlefield with two +1/+1 counters on it.\n{1}{G}, Remove a +1/+1 counter from Fertilid: Target player searches their library for a basic land card, puts it onto the battlefield tapped, then shuffles."
Ferocious Pup,3.0,['G'],['G'],None,['Creature'],['Wolf'],Common,J22,0,1,None,"When Ferocious Pup enters the battlefield, create a 2/2 green Wolf creature token."
Feral Hydra,1.0,['G'],['G'],None,['Creature'],"['Hydra', 'Beast']",Uncommon,J22,0,0,None,Feral Hydra enters the battlefield with X +1/+1 counters on it.\n{3}: Put a +1/+1 counter on Feral Hydra. Any player may activate this ability.
Feed the Pack,6.0,['G'],['G'],None,['Enchantment'],None,Rare,J22,None,None,None,"At the beginning of your end step, you may sacrifice a nontoken creature. If you do, create X 2/2 green Wolf creature tokens, where X is the sacrificed creature's toughness."
Enlarge,5.0,['G'],['G'],None,['Sorcery'],None,Uncommon,J22,None,None,None,Target creature gets +7/+7 and gains trample until end of turn. It must be blocked this turn if able. (A creature with trample can deal excess combat damage to the player or planeswalker it's attacking.)
Engulfing Slagwurm,7.0,['G'],['G'],None,['Creature'],['Wurm'],Rare,J22,7,7,None,"Whenever Engulfing Slagwurm blocks or becomes blocked by a creature, destroy that creature. You gain life equal to that creature's toughness."
Torch Courier,1.0,['R'],['R'],None,['Creature'],['Goblin'],Common,J22,1,1,None,Haste\nSacrifice Torch Courier: Another target creature gains haste until end of turn.
Elvish Warmaster,2.0,['G'],['G'],None,['Creature'],"['Elf', 'Warrior']",Rare,J22,2,2,None,"Whenever one or more other Elves enter the battlefield under your control, create a 1/1 green Elf Warrior creature token. This ability triggers only once each turn.\n{5}{G}{G}: Elves you control get +2/+2 and gain deathtouch until end of turn."
Elven Bow,1.0,['G'],['G'],None,['Artifact'],['Equipment'],Uncommon,J22,None,None,None,"When Elven Bow enters the battlefield, you may pay {2}. If you do, create a 1/1 green Elf Warrior creature token, then attach Elven Bow to it.\nEquipped creature gets +1/+2 and has reach.\nEquip {3}"
Elderleaf Mentor,4.0,['G'],['G'],None,['Creature'],"['Elf', 'Warrior']",Common,J22,3,2,None,"When Elderleaf Mentor enters the battlefield, create a 1/1 green Elf Warrior creature token."
Dwynen's Elite,2.0,['G'],['G'],None,['Creature'],"['Elf', 'Warrior']",Uncommon,J22,2,2,None,"When Dwynen's Elite enters the battlefield, if you control another Elf, create a 1/1 green Elf Warrior creature token."
Duskshell Crawler,2.0,['G'],['G'],None,['Creature'],['Insect'],Common,J22,0,3,None,"When Duskshell Crawler enters the battlefield, put a +1/+1 counter on target creature.\nEach creature you control with a +1/+1 counter on it has trample."
Drudge Beetle,2.0,['G'],['G'],None,['Creature'],['Insect'],Common,J22,2,2,None,"Scavenge {5}{G} ({5}{G}, Exile this card from your graveyard: Put a number of +1/+1 counters equal to this card's power on target creature. Scavenge only as a sorcery.)"
Drowsing Tyrannodon,2.0,['G'],['G'],None,['Creature'],['Dinosaur'],Common,J22,3,3,None,"Defender (This creature can't attack.)\nAs long as you control a creature with power 4 or greater, Drowsing Tyrannodon can attack as though it didn't have defender."
Domesticated Hydra,4.0,['G'],['G'],None,['Creature'],['Hydra'],Uncommon,J22,3,3,None,"{X}{G}{G}{G}: Monstrosity X. (If this creature isn't monstrous, put X +1/+1 counters on it and it becomes monstrous.)\nAs long as Domesticated Hydra is monstrous, it has trample."
Declare Dominance,5.0,['G'],['G'],None,['Sorcery'],None,Uncommon,J22,None,None,None,Target creature gets +3/+3 until end of turn. All creatures able to block it this turn do so.
Deadbridge Goliath,4.0,['G'],['G'],None,['Creature'],['Insect'],Rare,J22,5,5,None,"Scavenge {4}{G}{G} ({4}{G}{G}, Exile this card from your graveyard: Put a number of +1/+1 counters equal to this card's power on target creature. Scavenge only as a sorcery.)"
Cultivate,3.0,['G'],['G'],None,['Sorcery'],None,Common,J22,None,None,None,"Search your library for up to two basic land cards, reveal those cards, put one onto the battlefield tapped and the other into your hand, then shuffle."
Creeperhulk,5.0,['G'],['G'],None,['Creature'],"['Plant', 'Elemental']",Rare,J22,5,5,None,"Trample\n{1}{G}: Until end of turn, target creature you control has base power and toughness 5/5 and gains trample."
Crawling Sensation,3.0,['G'],['G'],None,['Enchantment'],None,Uncommon,J22,None,None,None,"At the beginning of your upkeep, you may mill two cards.\nWhenever one or more land cards are put into your graveyard from anywhere for the first time each turn, create a 1/1 green Insect creature token."
Courser of Kruphix,3.0,['G'],['G'],None,"['Enchantment', 'Creature']",['Centaur'],Rare,J22,2,4,None,"Play with the top card of your library revealed.\nYou may play lands from the top of your library.\nLandfall — Whenever a land enters the battlefield under your control, you gain 1 life."
Colossal Dreadmaw,6.0,['G'],['G'],None,['Creature'],['Dinosaur'],Common,J22,6,6,None,Trample (This creature can deal excess combat damage to the player or planeswalker it's attacking.)
Challenger Troll,5.0,['G'],['G'],None,['Creature'],['Troll'],Uncommon,J22,6,5,None,Each creature you control with power 4 or greater can't be blocked by more than one creature.
Canopy Baloth,4.0,['G'],['G'],None,['Creature'],['Beast'],Common,J22,4,3,None,"Landfall — Whenever a land enters the battlefield under your control, Canopy Baloth gets +2/+2 until end of turn."
Brood Monitor,6.0,None,['G'],None,['Creature'],"['Eldrazi', 'Drone']",Uncommon,J22,3,3,None,"Devoid (This card has no color.)\nWhen Brood Monitor enters the battlefield, create three 1/1 colorless Eldrazi Scion creature tokens. They have ""Sacrifice this creature: Add {C}."""
Broken Bond,2.0,['G'],['G'],None,['Sorcery'],None,Common,J22,None,None,None,Destroy target artifact or enchantment. You may put a land card from your hand onto the battlefield.
Bristling Boar,4.0,['G'],['G'],None,['Creature'],['Boar'],Common,J22,4,3,None,Bristling Boar can't be blocked by more than one creature.
Briarpack Alpha,4.0,['G'],['G'],None,['Creature'],['Wolf'],Uncommon,J22,3,3,None,"Flash (You may cast this spell any time you could cast an instant.)\nWhen Briarpack Alpha enters the battlefield, target creature gets +2/+2 until end of turn."
Bounding Wolf,3.0,['G'],['G'],None,['Creature'],['Wolf'],Common,J22,3,2,None,Flash\nReach
Rhonas the Indomitable,3.0,['G'],['G'],['Legendary'],['Creature'],['God'],Mythic,J22,5,5,None,"Deathtouch, indestructible\nRhonas the Indomitable can't attack or block unless you control another creature with power 4 or greater.\n{2}{G}: Another target creature gets +2/+0 and gains trample until end of turn."
Blisterpod,1.0,None,['G'],None,['Creature'],"['Eldrazi', 'Drone']",Common,J22,1,1,None,"Devoid (This card has no color.)\nWhen Blisterpod dies, create a 1/1 colorless Eldrazi Scion creature token. It has ""Sacrifice this creature: Add {C}."""
Band Together,3.0,['G'],['G'],None,['Instant'],None,Common,J22,None,None,None,Up to two target creatures you control each deal damage equal to their power to another target creature.
Baloth Woodcrasher,6.0,['G'],['G'],None,['Creature'],['Beast'],Uncommon,J22,4,4,None,"Landfall — Whenever a land enters the battlefield under your control, Baloth Woodcrasher gets +4/+4 and gains trample until end of turn."
Avenger of Zendikar,7.0,['G'],['G'],None,['Creature'],['Elemental'],Mythic,J22,5,5,None,"When Avenger of Zendikar enters the battlefield, create a 0/1 green Plant creature token for each land you control.\nLandfall — Whenever a land enters the battlefield under your control, you may put a +1/+1 counter on each Plant creature you control."
Ancient Stirrings,1.0,['G'],['G'],None,['Sorcery'],None,Common,J22,None,None,None,Look at the top five cards of your library. You may reveal a colorless card from among them and put it into your hand. Then put the rest on the bottom of your library in any order.
Adventurous Impulse,1.0,['G'],['G'],None,['Sorcery'],None,Common,J22,None,None,None,Look at the top three cards of your library. You may reveal a creature or land card from among them and put it into your hand. Put the rest on the bottom of your library in any order.
Young Pyromancer,2.0,['R'],['R'],None,['Creature'],"['Human', 'Shaman']",Uncommon,J22,2,1,None,"Whenever you cast an instant or sorcery spell, create a 1/1 red Elemental creature token."
"Yidaro, Wandering Monster",7.0,['R'],['R'],['Legendary'],['Creature'],"['Dinosaur', 'Turtle']",Rare,J22,8,8,None,"Trample, haste\nCycling {1}{R}\nWhen you cycle Yidaro, Wandering Monster, shuffle it into your library from your graveyard. If you've cycled a card named Yidaro, Wandering Monster four or more times this game, put it onto the battlefield from your graveyard instead. (Do this before you draw.)"
Wildfire Elemental,4.0,['R'],['R'],None,['Creature'],['Elemental'],Common,J22,3,3,None,"Whenever an opponent is dealt noncombat damage, creatures you control get +1/+0 until end of turn."
Welding Sparks,3.0,['R'],['R'],None,['Instant'],None,Common,J22,None,None,None,"Welding Sparks deals X damage to target creature, where X is 3 plus the number of artifacts you control."
"Agrus Kos, Eternal Soldier",4.0,['W'],"['R', 'W']",['Legendary'],['Creature'],"['Spirit', 'Soldier']",Rare,J22,3,4,None,"Vigilance\nWhenever Agrus Kos, Eternal Soldier becomes the target of an ability that targets only it, you may pay {1}{R/W}. If you do, copy that ability for each other creature you control that ability could target. Each copy targets a different one of those creatures. ({R/W} can be paid with either {R} or {W}.)"
Weaselback Redcap,1.0,['R'],['R'],None,['Creature'],"['Goblin', 'Knight']",Common,J22,1,1,None,{1}{R}: Weaselback Redcap gets +2/+0 until end of turn.
Warcry Phoenix,4.0,['R'],['R'],None,['Creature'],['Phoenix'],Uncommon,J22,2,2,None,"Flying, haste\nWhenever you attack with three or more creatures, you may pay {2}{R}. If you do, return Warcry Phoenix from your graveyard to the battlefield tapped and attacking."
War-Name Aspirant,2.0,['R'],['R'],None,['Creature'],"['Human', 'Warrior']",Uncommon,J22,2,1,None,Raid — War-Name Aspirant enters the battlefield with a +1/+1 counter on it if you attacked this turn.\nWar-Name Aspirant can't be blocked by creatures with power 1 or less.
Trove of Temptation,4.0,['R'],['R'],None,['Enchantment'],None,Uncommon,J22,None,None,None,"Each opponent must attack you or a planeswalker you control with at least one creature each combat if able.\nAt the beginning of your end step, create a Treasure token. (It's an artifact with ""{T}, Sacrifice this artifact: Add one mana of any color."")"
Vault Robber,2.0,['R'],['R'],None,['Creature'],"['Dwarf', 'Rogue']",Common,J22,1,3,None,"{1}, {T}, Exile a creature card from your graveyard: Create a Treasure token. (It's an artifact with ""{T}, Sacrifice this artifact: Add one mana of any color."")"
Viashino Pyromancer,2.0,['R'],['R'],None,['Creature'],"['Viashino', 'Wizard']",Common,J22,2,1,None,"When Viashino Pyromancer enters the battlefield, it deals 2 damage to target player or planeswalker."
Volley Veteran,4.0,['R'],['R'],None,['Creature'],"['Goblin', 'Warrior']",Uncommon,J22,4,2,None,"When Volley Veteran enters the battlefield, it deals damage to target creature an opponent controls equal to the number of Goblins you control."
