Name,CMC,Colors,Color identity,Supertypes,Types,Subtypes,Rarity,Set,Power,Toughness,Loyalty,Text
Slimefoot and Squee,3.0,"['B', 'G', 'R']","['B', 'G', 'R']",['Legendary'],['Creature'],"['Fungus', 'Goblin']",Mythic,MOC,3,3,None,"Whenever Slimefoot and Squee enters the battlefield or attacks, create a 1/1 green Saproling creature token.\n{1}{B}{R}{G}, Sacrifice a Saproling: Return Slimefoot and Squee and up to one other target creature card from your graveyard to the battlefield. Activate only as a sorcery."
Katilda and Lier,3.0,"['G', 'U', 'W']","['G', 'U', 'W']",['Legendary'],['Creature'],['Human'],Mythic,MOC,3,3,None,"Whenever you cast a Human spell, target instant or sorcery card in your graveyard gains flashback until end of turn. The flashback cost is equal to its mana cost. (You may cast that card from your graveyard for its flashback cost. Then exile it.)"
Goro-Goro and Satoru,3.0,"['B', 'R', 'U']","['B', 'R', 'U']",['Legendary'],['Creature'],"['Goblin', 'Human']",Mythic,MOC,3,4,None,"Whenever one or more creatures you control that entered the battlefield this turn deal combat damage to a player, create a 5/5 red Dragon Spirit creature token with flying.\n{1}{R}: Creatures you control gain haste until end of turn."
Vault of the Archangel,0.0,None,"['B', 'W']",None,['Land'],None,Rare,MOC,None,None,None,"{T}: Add {C}.\n{2}{W}{B}, {T}: Creatures you control gain deathtouch and lifelink until end of turn."
Thriving Isle,0.0,None,['U'],None,['Land'],None,Common,MOC,None,None,None,"Thriving Isle enters the battlefield tapped.\nAs Thriving Isle enters the battlefield, choose a color other than blue.\n{T}: Add {U} or one mana of the chosen color."
Terramorphic Expanse,0.0,None,None,None,['Land'],None,Common,MOC,None,None,None,"{T}, Sacrifice Terramorphic Expanse: Search your library for a basic land card, put it onto the battlefield tapped, then shuffle."
Temple of the False God,0.0,None,None,None,['Land'],None,Uncommon,MOC,None,None,None,{T}: Add {C}{C}. Activate only if you control five or more lands.
Talisman of Hierarchy,2.0,None,"['B', 'W']",None,['Artifact'],None,Uncommon,MOC,None,None,None,{T}: Add {C}.\n{T}: Add {W} or {B}. Talisman of Hierarchy deals 1 damage to you.
Spine of Ish Sah,7.0,None,None,None,['Artifact'],None,Rare,MOC,None,None,None,"When Spine of Ish Sah enters the battlefield, destroy target permanent.\nWhen Spine of Ish Sah is put into a graveyard from the battlefield, return Spine of Ish Sah to its owner's hand."
Soul of New Phyrexia,6.0,None,None,None,"['Artifact', 'Creature']","['Phyrexian', 'Avatar']",Mythic,MOC,6,6,None,"Trample\n{5}: Permanents you control gain indestructible until end of turn.\n{5}, Exile Soul of New Phyrexia from your graveyard: Permanents you control gain indestructible until end of turn."
Skyclave Relic,3.0,None,None,None,['Artifact'],None,Rare,MOC,None,None,None,"Kicker {3}\nIndestructible\nWhen Skyclave Relic enters the battlefield, if it was kicked, create two tapped tokens that are copies of Skyclave Relic.\n{T}: Add one mana of any color."
Skullclamp,1.0,None,None,None,['Artifact'],['Equipment'],Uncommon,MOC,None,None,None,"Equipped creature gets +1/-1.\nWhenever equipped creature dies, draw two cards.\nEquip {1}"
Shimmer Myr,3.0,None,None,None,"['Artifact', 'Creature']",['Myr'],Uncommon,MOC,2,2,None,Flash\nYou may cast artifact spells as though they had flash.
Scrap Trawler,3.0,None,None,None,"['Artifact', 'Creature']",['Construct'],Rare,MOC,3,2,None,"Whenever Scrap Trawler or another artifact you control is put into a graveyard from the battlefield, return to your hand target artifact card in your graveyard with lesser mana value."
Phyrexian Triniform,9.0,None,None,None,"['Artifact', 'Creature']","['Phyrexian', 'Golem']",Mythic,MOC,9,9,None,"When Phyrexian Triniform dies, create three 3/3 colorless Phyrexian Golem artifact creature tokens.\nEncore {12} ({12}, Exile this card from your graveyard: For each opponent, create a token copy that attacks that opponent this turn if able. They gain haste. Sacrifice them at the beginning of the next end step. Activate only as a sorcery.)"
Orzhov Locket,3.0,None,"['B', 'W']",None,['Artifact'],None,Common,MOC,None,None,None,"{T}: Add {W} or {B}.\n{W/B}{W/B}{W/B}{W/B}, {T}, Sacrifice Orzhov Locket: Draw two cards."
Myr Battlesphere,7.0,None,None,None,"['Artifact', 'Creature']","['Myr', 'Construct']",Rare,MOC,4,7,None,"When Myr Battlesphere enters the battlefield, create four 1/1 colorless Myr artifact creature tokens.\nWhenever Myr Battlesphere attacks, you may tap X untapped Myr you control. If you do, Myr Battlesphere gets +X/+0 until end of turn and deals X damage to the player or planeswalker it's attacking."
Mind Stone,2.0,None,None,None,['Artifact'],None,Uncommon,MOC,None,None,None,"{T}: Add {C}.\n{1}, {T}, Sacrifice Mind Stone: Draw a card."
Ancient Stone Idol,10.0,None,None,None,"['Artifact', 'Creature']",['Golem'],Rare,MOC,12,12,None,"Flash\nThis spell costs {1} less to cast for each attacking creature.\nTrample\nWhen Ancient Stone Idol dies, create a 6/12 colorless Construct artifact creature token with trample."
Izzet Signet,2.0,None,"['R', 'U']",None,['Artifact'],None,Common,MOC,None,None,None,"{1}, {T}: Add {U}{R}."
Inspiring Statuary,3.0,None,None,None,['Artifact'],None,Rare,MOC,None,None,None,Nonartifact spells you cast have improvise. (Your artifacts can help cast those spells. Each artifact you tap after you're done activating mana abilities pays for {1}.)
Fractured Powerstone,2.0,None,None,None,['Artifact'],None,Common,MOC,None,None,None,{T}: Add {C}.\n{T}: Roll the planar die. Activate only as a sorcery.
Duplicant,6.0,None,None,None,"['Artifact', 'Creature']",['Shapeshifter'],Rare,MOC,2,4,None,"Imprint — When Duplicant enters the battlefield, you may exile target nontoken creature.\nAs long as a card exiled with Duplicant is a creature card, Duplicant has the power, toughness, and creature types of the last creature card exiled with Duplicant. It's still a Shapeshifter."
Cultivator's Caravan,3.0,None,None,None,['Artifact'],['Vehicle'],Rare,MOC,5,5,None,{T}: Add one mana of any color.\nCrew 3 (Tap any number of creatures you control with total power 3 or more: This Vehicle becomes an artifact creature until end of turn.)
Coveted Jewel,6.0,None,None,None,['Artifact'],None,Rare,MOC,None,None,None,"When Coveted Jewel enters the battlefield, draw three cards.\n{T}: Add three mana of any one color.\nWhenever one or more creatures an opponent controls attack you and aren't blocked, that player draws three cards and gains control of Coveted Jewel. Untap it."
Bloodline Pretender,3.0,None,None,None,"['Artifact', 'Creature']",['Shapeshifter'],Uncommon,MOC,2,2,None,"Changeling (This card is every creature type.)\nAs Bloodline Pretender enters the battlefield, choose a creature type.\nWhenever another creature of the chosen type enters the battlefield under your control, put a +1/+1 counter on Bloodline Pretender."
Academy Manufactor,3.0,None,None,None,"['Artifact', 'Creature']",['Assembly-Worker'],Rare,MOC,1,3,None,"If you would create a Clue, Food, or Treasure token, instead create one of each."
Wintermoor Commander,2.0,"['B', 'W']","['B', 'W']",None,['Creature'],"['Human', 'Knight']",Uncommon,MOC,2,*,None,"Deathtouch\nWintermoor Commander's toughness is equal to the number of Knights you control.\nWhenever Wintermoor Commander attacks, another target Knight you control gains indestructible until end of turn. (Damage and effects that say ""destroy"" don't destroy it.)"
Whirlwind of Thought,4.0,"['R', 'U', 'W']","['R', 'U', 'W']",None,['Enchantment'],None,Rare,MOC,None,None,None,"Whenever you cast a noncreature spell, draw a card."
Wear // Tear,3.0,['R'],"['R', 'W']",None,['Instant'],None,Uncommon,MOC,None,None,None,Destroy target artifact.\nFuse (You may cast one or both halves of this card from your hand.)
"Vona, Butcher of Magan",5.0,"['B', 'W']","['B', 'W']",['Legendary'],['Creature'],"['Vampire', 'Knight']",Mythic,MOC,4,4,None,"Vigilance, lifelink\n{T}, Pay 7 life: Destroy target nonland permanent. Activate only during your turn."
Thriving Moor,0.0,None,['B'],None,['Land'],None,Common,MOC,None,None,None,"Thriving Moor enters the battlefield tapped.\nAs Thriving Moor enters the battlefield, choose a color other than black.\n{T}: Add {B} or one mana of the chosen color."
Thriving Heath,0.0,None,['W'],None,['Land'],None,Common,MOC,None,None,None,"Thriving Heath enters the battlefield tapped.\nAs Thriving Heath enters the battlefield, choose a color other than white.\n{T}: Add {W} or one mana of the chosen color."
Temple of Triumph,0.0,None,"['R', 'W']",None,['Land'],None,Rare,MOC,None,None,None,"Temple of Triumph enters the battlefield tapped.\nWhen Temple of Triumph enters the battlefield, scry 1.\n{T}: Add {R} or {W}."
Temple of Silence,0.0,None,"['B', 'W']",None,['Land'],None,Rare,MOC,None,None,None,"Temple of Silence enters the battlefield tapped.\nWhen Temple of Silence enters the battlefield, scry 1.\n{T}: Add {W} or {B}."
Temple of Plenty,0.0,None,"['G', 'W']",None,['Land'],None,Rare,MOC,None,None,None,"Temple of Plenty enters the battlefield tapped.\nWhen Temple of Plenty enters the battlefield, scry 1.\n{T}: Add {G} or {W}."
Temple of Mystery,0.0,None,"['G', 'U']",None,['Land'],None,Rare,MOC,None,None,None,"Temple of Mystery enters the battlefield tapped.\nWhen Temple of Mystery enters the battlefield, scry 1.\n{T}: Add {G} or {U}."
Temple of Epiphany,0.0,None,"['R', 'U']",None,['Land'],None,Rare,MOC,None,None,None,"Temple of Epiphany enters the battlefield tapped.\nWhen Temple of Epiphany enters the battlefield, scry 1.\n{T}: Add {U} or {R}."
Temple of Enlightenment,0.0,None,"['U', 'W']",None,['Land'],None,Rare,MOC,None,None,None,"Temple of Enlightenment enters the battlefield tapped.\nWhen Temple of Enlightenment enters the battlefield, scry 1.\n{T}: Add {W} or {U}."
Temple of Abandon,0.0,None,"['G', 'R']",None,['Land'],None,Rare,MOC,None,None,None,"Temple of Abandon enters the battlefield tapped.\nWhen Temple of Abandon enters the battlefield, scry 1.\n{T}: Add {R} or {G}."
Temple of Deceit,0.0,None,"['B', 'U']",None,['Land'],None,Rare,MOC,None,None,None,"Temple of Deceit enters the battlefield tapped.\nWhen Temple of Deceit enters the battlefield, scry 1.\n{T}: Add {U} or {B}."
Tainted Field,0.0,None,"['B', 'W']",None,['Land'],None,Uncommon,MOC,None,None,None,{T}: Add {C}.\n{T}: Add {W} or {B}. Activate only if you control a Swamp.
Sunken Hollow,0.0,None,"['B', 'U']",None,['Land'],"['Island', 'Swamp']",Rare,MOC,None,None,None,({T}: Add {U} or {B}.)\nSunken Hollow enters the battlefield tapped unless you control two or more basic lands.
Sungrass Prairie,0.0,None,"['G', 'W']",None,['Land'],None,Rare,MOC,None,None,None,"{1}, {T}: Add {G}{W}."
Spire of Industry,0.0,None,None,None,['Land'],None,Rare,MOC,None,None,None,"{T}: Add {C}.\n{T}, Pay 1 life: Add one mana of any color. Activate only if you control an artifact."
Skycloud Expanse,0.0,None,"['U', 'W']",None,['Land'],None,Rare,MOC,None,None,None,"{1}, {T}: Add {W}{U}."
Simic Growth Chamber,0.0,None,"['G', 'U']",None,['Land'],None,Common,MOC,None,None,None,"Simic Growth Chamber enters the battlefield tapped.\nWhen Simic Growth Chamber enters the battlefield, return a land you control to its owner's hand.\n{T}: Add {G}{U}."
Silverquill Campus,0.0,None,"['B', 'W']",None,['Land'],None,Common,MOC,None,None,None,"Silverquill Campus enters the battlefield tapped.\n{T}: Add {W} or {B}.\n{4}, {T}: Scry 1."
Shineshadow Snarl,0.0,None,"['B', 'W']",None,['Land'],None,Rare,MOC,None,None,None,"As Shineshadow Snarl enters the battlefield, you may reveal a Plains or Swamp card from your hand. If you don't, Shineshadow Snarl enters the battlefield tapped.\n{T}: Add {W} or {B}."
Rogue's Passage,0.0,None,None,None,['Land'],None,Uncommon,MOC,None,None,None,"{T}: Add {C}.\n{4}, {T}: Target creature can't be blocked this turn."
Prairie Stream,0.0,None,"['U', 'W']",None,['Land'],"['Plains', 'Island']",Rare,MOC,None,None,None,({T}: Add {W} or {U}.)\nPrairie Stream enters the battlefield tapped unless you control two or more basic lands.
Port Town,0.0,None,"['U', 'W']",None,['Land'],None,Rare,MOC,None,None,None,"As Port Town enters the battlefield, you may reveal a Plains or Island card from your hand. If you don't, Port Town enters the battlefield tapped.\n{T}: Add {W} or {U}."
Path of Ancestry,0.0,None,None,None,['Land'],None,Common,MOC,None,None,None,"Path of Ancestry enters the battlefield tapped.\n{T}: Add one mana of any color in your commander's color identity. When that mana is spent to cast a creature spell that shares a creature type with your commander, scry 1. (Look at the top card of your library. You may put that card on the bottom.)"
Mystic Monastery,0.0,None,"['R', 'U', 'W']",None,['Land'],None,Uncommon,MOC,None,None,None,"Mystic Monastery enters the battlefield tapped.\n{T}: Add {U}, {R}, or {W}."
Myriad Landscape,0.0,None,None,None,['Land'],None,Uncommon,MOC,None,None,None,"Myriad Landscape enters the battlefield tapped.\n{T}: Add {C}.\n{2}, {T}, Sacrifice Myriad Landscape: Search your library for up to two basic land cards that share a land type, put them onto the battlefield tapped, then shuffle."
Mosswort Bridge,0.0,None,['G'],None,['Land'],None,Rare,MOC,None,None,None,"Hideaway 4 (When this land enters the battlefield, look at the top four cards of your library, exile one face down, then put the rest on the bottom in a random order.)\nMosswort Bridge enters the battlefield tapped.\n{T}: Add {G}.\n{G}, {T}: You may play the exiled card without paying its mana cost if creatures you control have total power 10 or greater."
Mossfire Valley,0.0,None,"['G', 'R']",None,['Land'],None,Rare,MOC,None,None,None,"{1}, {T}: Add {R}{G}."
Llanowar Reborn,0.0,None,['G'],None,['Land'],None,Uncommon,MOC,None,None,None,"Llanowar Reborn enters the battlefield tapped.\n{T}: Add {G}.\nGraft 1 (This land enters the battlefield with a +1/+1 counter on it. Whenever a creature enters the battlefield, you may move a +1/+1 counter from this land onto it.)"
Krosan Verge,0.0,None,None,None,['Land'],None,Uncommon,MOC,None,None,None,"Krosan Verge enters the battlefield tapped.\n{T}: Add {C}.\n{2}, {T}, Sacrifice Krosan Verge: Search your library for a Forest card and a Plains card, put them onto the battlefield tapped, then shuffle."
Kher Keep,0.0,None,['R'],['Legendary'],['Land'],None,Rare,MOC,None,None,None,"{T}: Add {C}.\n{1}{R}, {T}: Create a 0/1 red Kobold creature token named Kobolds of Kher Keep."
Kessig Wolf Run,0.0,None,"['G', 'R']",None,['Land'],None,Rare,MOC,None,None,None,"{T}: Add {C}.\n{X}{R}{G}, {T}: Target creature gets +X/+0 and gains trample until end of turn."
Cinder Glade,0.0,None,"['G', 'R']",None,['Land'],"['Mountain', 'Forest']",Rare,MOC,None,None,None,({T}: Add {R} or {G}.)\nCinder Glade enters the battlefield tapped unless you control two or more basic lands.
Gavony Township,0.0,None,"['G', 'W']",None,['Land'],None,Rare,MOC,None,None,None,"{T}: Add {C}.\n{2}{G}{W}, {T}: Put a +1/+1 counter on each creature you control."
Jungle Shrine,0.0,None,"['G', 'R', 'W']",None,['Land'],None,Uncommon,MOC,None,None,None,"Jungle Shrine enters the battlefield tapped.\n{T}: Add {R}, {G}, or {W}."
Karn's Bastion,0.0,None,None,None,['Land'],None,Rare,MOC,None,None,None,"{T}: Add {C}.\n{4}, {T}: Proliferate. (Choose any number of permanents and/or players, then give each another counter of each kind already there.)"
Goldmire Bridge,0.0,None,"['B', 'W']",None,"['Artifact', 'Land']",None,Common,MOC,None,None,None,Goldmire Bridge enters the battlefield tapped.\nIndestructible\n{T}: Add {W} or {B}.
Game Trail,0.0,None,"['G', 'R']",None,['Land'],None,Rare,MOC,None,None,None,"As Game Trail enters the battlefield, you may reveal a Mountain or Forest card from your hand. If you don't, Game Trail enters the battlefield tapped.\n{T}: Add {R} or {G}."
Furycalm Snarl,0.0,None,"['R', 'W']",None,['Land'],None,Rare,MOC,None,None,None,"As Furycalm Snarl enters the battlefield, you may reveal a Mountain or Plains card from your hand. If you don't, Furycalm Snarl enters the battlefield tapped.\n{T}: Add {R} or {W}."
Frostboil Snarl,0.0,None,"['R', 'U']",None,['Land'],None,Rare,MOC,None,None,None,"As Frostboil Snarl enters the battlefield, you may reveal an Island or Mountain card from your hand. If you don't, Frostboil Snarl enters the battlefield tapped.\n{T}: Add {U} or {R}."
Frontier Bivouac,0.0,None,"['G', 'R', 'U']",None,['Land'],None,Uncommon,MOC,None,None,None,"Frontier Bivouac enters the battlefield tapped.\n{T}: Add {G}, {U}, or {R}."
Fortified Village,0.0,None,"['G', 'W']",None,['Land'],None,Rare,MOC,None,None,None,"As Fortified Village enters the battlefield, you may reveal a Forest or Plains card from your hand. If you don't, Fortified Village enters the battlefield tapped.\n{T}: Add {G} or {W}."
Command Tower,0.0,None,None,None,['Land'],None,Common,MOC,None,None,None,{T}: Add one mana of any color in your commander's color identity.
Field of Ruin,0.0,None,None,None,['Land'],None,Uncommon,MOC,None,None,None,"{T}: Add {C}.\n{2}, {T}, Sacrifice Field of Ruin: Destroy target nonbasic land an opponent controls. Each player searches their library for a basic land card, puts it onto the battlefield, then shuffles."
Choked Estuary,0.0,None,"['B', 'U']",None,['Land'],None,Rare,MOC,None,None,None,"As Choked Estuary enters the battlefield, you may reveal an Island or Swamp card from your hand. If you don't, Choked Estuary enters the battlefield tapped.\n{T}: Add {U} or {B}."
Fetid Heath,0.0,None,"['B', 'W']",None,['Land'],None,Rare,MOC,None,None,None,"{T}: Add {C}.\n{W/B}, {T}: Add {W}{W}, {W}{B}, or {B}{B}."
Exotic Orchard,0.0,None,None,None,['Land'],None,Rare,MOC,None,None,None,{T}: Add one mana of any color that a land an opponent controls could produce.
Evolving Wilds,0.0,None,None,None,['Land'],None,Common,MOC,None,None,None,"{T}, Sacrifice Evolving Wilds: Search your library for a basic land card, put it onto the battlefield tapped, then shuffle."
Canopy Vista,0.0,None,"['G', 'W']",None,['Land'],"['Forest', 'Plains']",Rare,MOC,None,None,None,({T}: Add {G} or {W}.)\nCanopy Vista enters the battlefield tapped unless you control two or more basic lands.
Bretagard Stronghold,0.0,None,"['G', 'W']",None,['Land'],None,Uncommon,MOC,None,None,None,"Bretagard Stronghold enters the battlefield tapped.\n{T}: Add {G}.\n{G}{W}{W}, {T}, Sacrifice Bretagard Stronghold: Put a +1/+1 counter on each of up to two target creatures you control. They gain vigilance and lifelink until end of turn. Activate only as a sorcery."
Bojuka Bog,0.0,None,['B'],None,['Land'],None,Common,MOC,None,None,None,"Bojuka Bog enters the battlefield tapped.\nWhen Bojuka Bog enters the battlefield, exile target player's graveyard.\n{T}: Add {B}."
Arcane Sanctum,0.0,None,"['B', 'U', 'W']",None,['Land'],None,Uncommon,MOC,None,None,None,"Arcane Sanctum enters the battlefield tapped.\n{T}: Add {W}, {U}, or {B}."
Wayfarer's Bauble,1.0,None,None,None,['Artifact'],None,Common,MOC,None,None,None,"{2}, {T}, Sacrifice Wayfarer's Bauble: Search your library for a basic land card, put that card onto the battlefield tapped, then shuffle."
Vanquisher's Banner,5.0,None,None,None,['Artifact'],None,Rare,MOC,None,None,None,"As Vanquisher's Banner enters the battlefield, choose a creature type.\nCreatures you control of the chosen type get +1/+1.\nWhenever you cast a creature spell of the chosen type, draw a card."
Triskelion,6.0,None,None,None,"['Artifact', 'Creature']",['Construct'],Rare,MOC,1,1,None,Triskelion enters the battlefield with three +1/+1 counters on it.\nRemove a +1/+1 counter from Triskelion: It deals 1 damage to any target.
Thopter Assembly,6.0,None,None,None,"['Artifact', 'Creature']",['Thopter'],Rare,MOC,5,5,None,"Flying\nAt the beginning of your upkeep, if you control no Thopters other than Thopter Assembly, return Thopter Assembly to its owner's hand and create five 1/1 colorless Thopter artifact creature tokens with flying."
Strionic Resonator,2.0,None,None,None,['Artifact'],None,Rare,MOC,None,None,None,"{2}, {T}: Copy target triggered ability you control. You may choose new targets for the copy. (A triggered ability uses the words ""when,"" ""whenever,"" or ""at."")"
Knights of the Black Rose,5.0,"['B', 'W']","['B', 'W']",None,['Creature'],"['Human', 'Knight']",Uncommon,MOC,4,4,None,"When Knights of the Black Rose enters the battlefield, you become the monarch.\nWhenever an opponent becomes the monarch, if you were the monarch as the turn began, that player loses 2 life and you gain 2 life."
Sol Ring,1.0,None,None,None,['Artifact'],None,Uncommon,MOC,None,None,None,{T}: Add {C}{C}.
Simic Signet,2.0,None,"['G', 'U']",None,['Artifact'],None,Common,MOC,None,None,None,"{1}, {T}: Add {G}{U}."
Sigiled Sword of Valeron,3.0,None,None,None,['Artifact'],['Equipment'],Rare,MOC,None,None,None,"Equipped creature gets +2/+0, has vigilance, and is a Knight in addition to its other types.\nWhenever equipped creature attacks, create a 2/2 white Knight creature token with vigilance that's attacking.\nEquip {3}"
Scytheclaw,5.0,None,None,None,['Artifact'],['Equipment'],Rare,MOC,None,None,None,"Living weapon (When this Equipment enters the battlefield, create a 0/0 black Phyrexian Germ creature token, then attach this to it.)\nEquipped creature gets +1/+1.\nWhenever equipped creature deals combat damage to a player, that player loses half their life, rounded up.\nEquip {3}"
Sculpting Steel,3.0,None,None,None,['Artifact'],None,Rare,MOC,None,None,None,You may have Sculpting Steel enter the battlefield as a copy of any artifact on the battlefield.
Replicating Ring,3.0,None,None,['Snow'],['Artifact'],None,Uncommon,MOC,None,None,None,"{T}: Add one mana of any color.\nAt the beginning of your upkeep, put a night counter on Replicating Ring. Then if it has eight or more night counters on it, remove all of them and create eight colorless snow artifact tokens named Replicated Ring with ""{T}: Add one mana of any color."""
Psychosis Crawler,5.0,None,None,None,"['Artifact', 'Creature']","['Phyrexian', 'Horror']",Rare,MOC,*,*,None,"Psychosis Crawler's power and toughness are each equal to the number of cards in your hand.\nWhenever you draw a card, each opponent loses 1 life."
Orzhov Signet,2.0,None,"['B', 'W']",None,['Artifact'],None,Common,MOC,None,None,None,"{1}, {T}: Add {W}{B}."
Nettlecyst,3.0,None,None,None,['Artifact'],['Equipment'],Rare,MOC,None,None,None,"Living weapon (When this Equipment enters the battlefield, create a 0/0 black Phyrexian Germ creature token, then attach this to it.)\nEquipped creature gets +1/+1 for each artifact and/or enchantment you control.\nEquip {2}"
Mindless Automaton,4.0,None,None,None,"['Artifact', 'Creature']",['Construct'],Uncommon,MOC,0,0,None,"Mindless Automaton enters the battlefield with two +1/+1 counters on it.\n{1}, Discard a card: Put a +1/+1 counter on Mindless Automaton.\nRemove two +1/+1 counters from Mindless Automaton: Draw a card."
Meteor Golem,7.0,None,None,None,"['Artifact', 'Creature']",['Golem'],Uncommon,MOC,3,3,None,"When Meteor Golem enters the battlefield, destroy target nonland permanent an opponent controls."
Herald's Horn,3.0,None,None,None,['Artifact'],None,Uncommon,MOC,None,None,None,"As Herald's Horn enters the battlefield, choose a creature type.\nCreature spells you cast of the chosen type cost {1} less to cast.\nAt the beginning of your upkeep, look at the top card of your library. If it's a creature card of the chosen type, you may reveal it and put it into your hand."
Arcane Signet,2.0,None,None,None,['Artifact'],None,Common,MOC,None,None,None,{T}: Add one mana of any color in your commander's color identity.
Gruul Signet,2.0,None,"['G', 'R']",None,['Artifact'],None,Common,MOC,None,None,None,"{1}, {T}: Add {R}{G}."
Hedron Archive,4.0,None,None,None,['Artifact'],None,Uncommon,MOC,None,None,None,"{T}: Add {C}{C}.\n{2}, {T}, Sacrifice Hedron Archive: Draw two cards."
Fellwar Stone,2.0,None,None,None,['Artifact'],None,Uncommon,MOC,None,None,None,{T}: Add one mana of any color that a land an opponent controls could produce.
Commander's Sphere,3.0,None,None,None,['Artifact'],None,Common,MOC,None,None,None,{T}: Add one mana of any color in your commander's color identity.\nSacrifice Commander's Sphere: Draw a card.
Burnished Hart,3.0,None,None,None,"['Artifact', 'Creature']",['Elk'],Uncommon,MOC,2,2,None,"{3}, Sacrifice Burnished Hart: Search your library for up to two basic land cards, put them onto the battlefield tapped, then shuffle."
Bloodforged Battle-Axe,1.0,None,None,None,['Artifact'],['Equipment'],Rare,MOC,None,None,None,"Equipped creature gets +2/+0.\nWhenever equipped creature deals combat damage to a player, create a token that's a copy of Bloodforged Battle-Axe.\nEquip {2}"
Utter End,4.0,"['B', 'W']","['B', 'W']",None,['Instant'],None,Rare,MOC,None,None,None,Exile target nonland permanent.
Time Wipe,5.0,"['U', 'W']","['U', 'W']",None,['Sorcery'],None,Rare,MOC,None,None,None,"Return a creature you control to its owner's hand, then destroy all creatures."
Struggle // Survive,5.0,['R'],"['G', 'R']",None,['Instant'],None,Uncommon,MOC,None,None,None,Struggle deals damage to target creature equal to the number of lands you control.
"Saheeli, Sublime Artificer",3.0,"['R', 'U']","['R', 'U']",['Legendary'],['Planeswalker'],['Saheeli'],Uncommon,MOC,None,None,5,"Whenever you cast a noncreature spell, create a 1/1 colorless Servo artifact creature token.\n[−2]: Target artifact you control becomes a copy of another target artifact or creature you control until end of turn, except it's an artifact in addition to its other types."
Mortify,3.0,"['B', 'W']","['B', 'W']",None,['Instant'],None,Uncommon,MOC,None,None,None,Destroy target creature or enchantment.
Migratory Route,5.0,"['U', 'W']","['U', 'W']",None,['Sorcery'],None,Uncommon,MOC,None,None,None,"Create four 1/1 white Bird creature tokens with flying.\nBasic landcycling {2} ({2}, Discard this card: Search your library for a basic land card, reveal it, put it into your hand, then shuffle.)"
The Locust God,6.0,"['R', 'U']","['R', 'U']",['Legendary'],['Creature'],['God'],Mythic,MOC,4,4,None,"Flying\nWhenever you draw a card, create a 1/1 blue and red Insect creature token with flying and haste.\n{2}{U}{R}: Draw a card, then discard a card.\nWhen The Locust God dies, return it to its owner's hand at the beginning of the next end step."
"Kykar, Wind's Fury",4.0,"['R', 'U', 'W']","['R', 'U', 'W']",['Legendary'],['Creature'],"['Bird', 'Wizard']",Mythic,MOC,3,3,None,"Flying\nWhenever you cast a noncreature spell, create a 1/1 white Spirit creature token with flying.\nSacrifice a Spirit: Add {R}."
Knights' Charge,3.0,"['B', 'W']","['B', 'W']",None,['Enchantment'],None,Rare,MOC,None,None,None,"Whenever a Knight you control attacks, each opponent loses 1 life and you gain 1 life.\n{6}{W}{B}, Sacrifice Knights' Charge: Return all Knight creature cards from your graveyard to the battlefield."
Vineglimmer Snarl,0.0,None,"['G', 'U']",None,['Land'],None,Rare,MOC,None,None,None,"As Vineglimmer Snarl enters the battlefield, you may reveal a Forest or Island card from your hand. If you don't, Vineglimmer Snarl enters the battlefield tapped.\n{T}: Add {G} or {U}."
"Hamza, Guardian of Arashin",6.0,"['G', 'W']","['G', 'W']",['Legendary'],['Creature'],"['Elephant', 'Warrior']",Uncommon,MOC,5,5,None,This spell costs {1} less to cast for each creature you control with a +1/+1 counter on it.\nCreature spells you cast cost {1} less to cast for each creature you control with a +1/+1 counter on it.
Good-Fortune Unicorn,3.0,"['G', 'W']","['G', 'W']",None,['Creature'],['Unicorn'],Uncommon,MOC,2,2,None,"Whenever another creature enters the battlefield under your control, put a +1/+1 counter on that creature."
Enduring Scalelord,6.0,"['G', 'W']","['G', 'W']",None,['Creature'],['Dragon'],Uncommon,MOC,4,4,None,"Flying\nWhenever one or more +1/+1 counters are put on another creature you control, you may put a +1/+1 counter on Enduring Scalelord."
Duergar Hedge-Mage,3.0,"['R', 'W']","['R', 'W']",None,['Creature'],"['Dwarf', 'Shaman']",Uncommon,MOC,2,2,None,"When Duergar Hedge-Mage enters the battlefield, if you control two or more Mountains, you may destroy target artifact.\nWhen Duergar Hedge-Mage enters the battlefield, if you control two or more Plains, you may destroy target enchantment."
Dromoka's Command,2.0,"['G', 'W']","['G', 'W']",None,['Instant'],None,Rare,MOC,None,None,None,Choose two —\n• Prevent all damage target instant or sorcery spell would deal this turn.\n• Target player sacrifices an enchantment.\n• Put a +1/+1 counter on target creature.\n• Target creature you control fights target creature you don't control.
Despark,2.0,"['B', 'W']","['B', 'W']",None,['Instant'],None,Uncommon,MOC,None,None,None,Exile target permanent with mana value 4 or greater.
Corpse Knight,2.0,"['B', 'W']","['B', 'W']",None,['Creature'],"['Zombie', 'Knight']",Uncommon,MOC,2,2,None,"Whenever another creature enters the battlefield under your control, each opponent loses 1 life."
Conclave Mentor,2.0,"['G', 'W']","['G', 'W']",None,['Creature'],"['Centaur', 'Cleric']",Uncommon,MOC,2,2,None,"If one or more +1/+1 counters would be put on a creature you control, that many plus one +1/+1 counters are put on that creature instead.\nWhen Conclave Mentor dies, you gain life equal to its power."
Combine Chrysalis,2.0,"['G', 'U']","['G', 'U']",None,['Artifact'],None,Uncommon,MOC,None,None,None,"Creature tokens you control have flying.\n{2}{G}{U}, {T}, Sacrifice a token: Create a 4/4 green Beast creature token. Activate only as a sorcery."
"Aryel, Knight of Windgrace",4.0,"['B', 'W']","['B', 'W']",['Legendary'],['Creature'],"['Human', 'Knight']",Rare,MOC,4,4,None,"Vigilance\n{2}{W}, {T}: Create a 2/2 white Knight creature token with vigilance.\n{B}, {T}, Tap X untapped Knights you control: Destroy target creature with power X or less."
Arvad the Cursed,5.0,"['B', 'W']","['B', 'W']",['Legendary'],['Creature'],"['Vampire', 'Knight']",Uncommon,MOC,3,3,None,"Deathtouch, lifelink\nOther legendary creatures you control get +2/+2."
Wood Elves,3.0,['G'],['G'],None,['Creature'],"['Elf', 'Scout']",Common,MOC,1,1,None,"When Wood Elves enters the battlefield, search your library for a Forest card, put that card onto the battlefield, then shuffle."
Weirding Wood,3.0,['G'],['G'],None,['Enchantment'],['Aura'],Uncommon,MOC,None,None,None,"Enchant land\nWhen Weirding Wood enters the battlefield, investigate. (Create a Clue token. It's an artifact with ""{2}, Sacrifice this artifact: Draw a card."")\nEnchanted land has ""{T}: Add two mana of any one color."""
Gyre Sage,2.0,['G'],['G'],None,['Creature'],"['Elf', 'Druid']",Rare,MOC,1,2,None,"Evolve (Whenever a creature enters the battlefield under your control, if that creature has greater power or toughness than this creature, put a +1/+1 counter on this creature.)\n{T}: Add {G} for each +1/+1 counter on Gyre Sage."
Root Out,3.0,['G'],['G'],None,['Sorcery'],None,Common,MOC,None,None,None,"Destroy target artifact or enchantment.\nInvestigate. (Create a Clue token. It's an artifact with ""{2}, Sacrifice this artifact: Draw a card."")"
Tireless Provisioner,3.0,['G'],['G'],None,['Creature'],"['Elf', 'Scout']",Uncommon,MOC,3,2,None,"Landfall — Whenever a land enters the battlefield under your control, create a Food token or a Treasure token. (Food is an artifact with ""{2}, {T}, Sacrifice this artifact: You gain 3 life."" Treasure is an artifact with ""{T}, Sacrifice this artifact: Add one mana of any color."")"
Tireless Tracker,3.0,['G'],['G'],None,['Creature'],"['Human', 'Scout']",Rare,MOC,3,2,None,"Landfall — Whenever a land enters the battlefield under your control, investigate. (Create a Clue token. It's an artifact with ""{2}, Sacrifice this artifact: Draw a card."")\nWhenever you sacrifice a Clue, put a +1/+1 counter on Tireless Tracker."
"Slurrk, All-Ingesting",6.0,['G'],['G'],['Legendary'],['Creature'],['Ooze'],Uncommon,MOC,0,0,None,"Slurrk, All-Ingesting enters the battlefield with five +1/+1 counters on it.\nWhenever Slurrk or another creature you control dies, if it had a +1/+1 counter on it, put a +1/+1 counter on each creature you control that has a +1/+1 counter on it.\nPartner (You can have two commanders if both have partner.)"
"Rishkar, Peema Renegade",3.0,['G'],['G'],['Legendary'],['Creature'],"['Elf', 'Druid']",Rare,MOC,2,2,None,"When Rishkar, Peema Renegade enters the battlefield, put a +1/+1 counter on each of up to two target creatures.\nEach creature you control with a counter on it has ""{T}: Add {G}."""
Return to Nature,2.0,['G'],['G'],None,['Instant'],None,Common,MOC,None,None,None,Choose one —\n• Destroy target artifact.\n• Destroy target enchantment.\n• Exile target card from a graveyard.
Pridemalkin,3.0,['G'],['G'],None,['Creature'],['Cat'],Common,MOC,2,1,None,"When Pridemalkin enters the battlefield, put a +1/+1 counter on target creature you control.\nEach creature you control with a +1/+1 counter on it has trample. (They can deal excess combat damage to the player or planeswalker they're attacking.)"
Managorger Hydra,3.0,['G'],['G'],None,['Creature'],['Hydra'],Rare,MOC,1,1,None,"Trample\nWhenever a player casts a spell, put a +1/+1 counter on Managorger Hydra."
Kodama's Reach,3.0,['G'],['G'],None,['Sorcery'],['Arcane'],Common,MOC,None,None,None,"Search your library for up to two basic land cards, reveal those cards, put one onto the battlefield tapped and the other into your hand, then shuffle."
Hindervines,3.0,['G'],['G'],None,['Instant'],None,Uncommon,MOC,None,None,None,Prevent all combat damage that would be dealt this turn by creatures with no +1/+1 counters on them.
Kalonian Hydra,5.0,['G'],['G'],None,['Creature'],['Hydra'],Mythic,MOC,0,0,None,"Trample\nKalonian Hydra enters the battlefield with four +1/+1 counters on it.\nWhenever Kalonian Hydra attacks, double the number of +1/+1 counters on each creature you control."
Gilded Goose,1.0,['G'],['G'],None,['Creature'],['Bird'],Rare,MOC,0,2,None,"Flying\nWhen Gilded Goose enters the battlefield, create a Food token. (It's an artifact with ""{2}, {T}, Sacrifice this artifact: You gain 3 life."")\n{1}{G}, {T}: Create a Food token.\n{T}, Sacrifice a Food: Add one mana of any color."
Inspiring Call,3.0,['G'],['G'],None,['Instant'],None,Uncommon,MOC,None,None,None,"Draw a card for each creature you control with a +1/+1 counter on it. Those creatures gain indestructible until end of turn. (Damage and effects that say ""destroy"" don't destroy them.)"
Inscription of Abundance,2.0,['G'],['G'],None,['Instant'],None,Rare,MOC,None,None,None,"Kicker {2}{G}\nChoose one. If this spell was kicked, choose any number instead.\n• Put two +1/+1 counters on target creature.\n• Target player gains X life, where X is the greatest power among creatures they control.\n• Target creature you control fights target creature you don't control."
Incubation Druid,2.0,['G'],['G'],None,['Creature'],"['Elf', 'Druid']",Rare,MOC,0,2,None,"{T}: Add one mana of any type that a land you control could produce. If Incubation Druid has a +1/+1 counter on it, add three mana of that type instead.\n{3}{G}{G}: Adapt 3. (If this creature has no +1/+1 counters on it, put three +1/+1 counters on it.)"
Fertilid,3.0,['G'],['G'],None,['Creature'],['Elemental'],Common,MOC,0,0,None,"Fertilid enters the battlefield with two +1/+1 counters on it.\n{1}{G}, Remove a +1/+1 counter from Fertilid: Target player searches their library for a basic land card, puts it onto the battlefield tapped, then shuffles."
Cultivate,3.0,['G'],['G'],None,['Sorcery'],None,Common,MOC,None,None,None,"Search your library for up to two basic land cards, reveal those cards, put one onto the battlefield tapped and the other into your hand, then shuffle."
Crack Open,3.0,['G'],['G'],None,['Sorcery'],None,Common,MOC,None,None,None,"Destroy target artifact or enchantment. Create a Treasure token. (It's an artifact with ""{T}, Sacrifice this artifact: Add one mana of any color."")"
Champion of Lambholt,3.0,['G'],['G'],None,['Creature'],"['Human', 'Warrior']",Rare,MOC,1,1,None,"Creatures with power less than Champion of Lambholt's power can't block creatures you control.\nWhenever another creature enters the battlefield under your control, put a +1/+1 counter on Champion of Lambholt."
Brawn,4.0,['G'],['G'],None,['Creature'],['Incarnation'],Uncommon,MOC,3,3,None,"Trample\nAs long as Brawn is in your graveyard and you control a Forest, creatures you control have trample."
Armorcraft Judge,4.0,['G'],['G'],None,['Creature'],"['Elf', 'Artificer']",Uncommon,MOC,3,3,None,"When Armorcraft Judge enters the battlefield, draw a card for each creature you control with a +1/+1 counter on it."
Aid from the Cowl,5.0,['G'],['G'],None,['Enchantment'],None,Rare,MOC,None,None,None,"Revolt — At the beginning of your end step, if a permanent you controlled left the battlefield this turn, reveal the top card of your library. If it's a permanent card, you may put it onto the battlefield. Otherwise, you may put it on the bottom of your library."
Vampires' Vengeance,3.0,['R'],['R'],None,['Instant'],None,Uncommon,MOC,None,None,None,"Vampires' Vengeance deals 2 damage to each non-Vampire creature. Create a Blood token. (It's an artifact with ""{1}, {T}, Discard a card, Sacrifice this artifact: Draw a card."")"
Pia and Kiran Nalaar,4.0,['R'],['R'],['Legendary'],['Creature'],"['Human', 'Artificer']",Rare,MOC,2,2,None,"When Pia and Kiran Nalaar enters the battlefield, create two 1/1 colorless Thopter artifact creature tokens with flying.\n{2}{R}, Sacrifice an artifact: Pia and Kiran Nalaar deals 2 damage to any target."
"Krenko, Tin Street Kingpin",3.0,['R'],['R'],['Legendary'],['Creature'],['Goblin'],Rare,MOC,1,2,None,"Whenever Krenko, Tin Street Kingpin attacks, put a +1/+1 counter on it, then create a number of 1/1 red Goblin creature tokens equal to Krenko's power."
Ion Storm,3.0,['R'],['R'],None,['Enchantment'],None,Rare,MOC,None,None,None,"{1}{R}, Remove a +1/+1 counter or a charge counter from a permanent you control: Ion Storm deals 2 damage to any target."
Impact Tremors,2.0,['R'],['R'],None,['Enchantment'],None,Common,MOC,None,None,None,"Whenever a creature enters the battlefield under your control, Impact Tremors deals 1 damage to each opponent."
Hellkite Igniter,7.0,['R'],['R'],None,['Creature'],['Dragon'],Rare,MOC,5,5,None,"Flying, haste\n{1}{R}: Hellkite Igniter gets +X/+0 until end of turn, where X is the number of artifacts you control."
Goblin Medics,3.0,['R'],['R'],None,['Creature'],"['Goblin', 'Shaman']",Common,MOC,1,1,None,"Whenever Goblin Medics becomes tapped, it deals 1 damage to any target."
Goblin Instigator,2.0,['R'],['R'],None,['Creature'],"['Goblin', 'Rogue']",Common,MOC,1,1,None,"When Goblin Instigator enters the battlefield, create a 1/1 red Goblin creature token."
Ghirapur Aether Grid,3.0,['R'],['R'],None,['Enchantment'],None,Uncommon,MOC,None,None,None,Tap two untapped artifacts you control: Ghirapur Aether Grid deals 1 damage to any target.
Flameshadow Conjuring,4.0,['R'],['R'],None,['Enchantment'],None,Rare,MOC,None,None,None,"Whenever a nontoken creature enters the battlefield under your control, you may pay {R}. If you do, create a token that's a copy of that creature. That token gains haste. Exile it at the beginning of the next end step."
Flamerush Rider,5.0,['R'],['R'],None,['Creature'],"['Human', 'Warrior']",Rare,MOC,3,3,None,"Whenever Flamerush Rider attacks, create a token that's a copy of another target attacking creature and that's tapped and attacking. Exile the token at end of combat.\nDash {2}{R}{R} (You may cast this spell for its dash cost. If you do, it gains haste, and it's returned from the battlefield to its owner's hand at the beginning of the next end step.)"
Fiery Confluence,4.0,['R'],['R'],None,['Sorcery'],None,Rare,MOC,None,None,None,Choose three. You may choose the same mode more than once.\n• Fiery Confluence deals 1 damage to each creature.\n• Fiery Confluence deals 2 damage to each opponent.\n• Destroy target artifact.
Feldon of the Third Path,3.0,['R'],['R'],['Legendary'],['Creature'],"['Human', 'Artificer']",Mythic,MOC,2,3,None,"{2}{R}, {T}: Create a token that's a copy of target creature card in your graveyard, except it's an artifact in addition to its other types. It gains haste. Sacrifice it at the beginning of the next end step."
Falkenrath Exterminator,2.0,['R'],['R'],None,['Creature'],"['Vampire', 'Archer']",Uncommon,MOC,1,1,None,"Whenever Falkenrath Exterminator deals combat damage to a player, put a +1/+1 counter on it.\n{2}{R}: Falkenrath Exterminator deals damage to target creature equal to the number of +1/+1 counters on Falkenrath Exterminator."
Everquill Phoenix,4.0,['R'],['R'],None,['Creature'],['Phoenix'],Rare,MOC,4,4,None,"Mutate {3}{R} (If you cast this spell for its mutate cost, put it over or under target non-Human creature you own. They mutate into the creature on top plus all abilities from under it.)\nFlying\nWhenever this creature mutates, create a red artifact token named Feather with ""{1}, Sacrifice Feather: Return target Phoenix card from your graveyard to the battlefield tapped."""
Curse of Opulence,1.0,['R'],['R'],None,['Enchantment'],"['Aura', 'Curse']",Uncommon,MOC,None,None,None,"Enchant player\nWhenever enchanted player is attacked, create a Gold token. Each opponent attacking that player does the same. (A Gold token is an artifact with ""Sacrifice this artifact: Add one mana of any color."")"
Chaos Warp,3.0,['R'],['R'],None,['Instant'],None,Rare,MOC,None,None,None,"The owner of target permanent shuffles it into their library, then reveals the top card of their library. If it's a permanent card, they put it onto the battlefield."
Brass's Bounty,7.0,['R'],['R'],None,['Sorcery'],None,Rare,MOC,None,None,None,"For each land you control, create a Treasure token. (It's an artifact with ""{T}, Sacrifice this artifact: Add one mana of any color."")"
Yawgmoth's Vile Offering,5.0,['B'],['B'],['Legendary'],['Sorcery'],None,Rare,MOC,None,None,None,(You may cast a legendary sorcery only if you control a legendary creature or planeswalker.)\nPut up to one target creature or planeswalker card from a graveyard onto the battlefield under your control. Destroy up to one target creature or planeswalker. Exile Yawgmoth's Vile Offering.
Victimize,3.0,['B'],['B'],None,['Sorcery'],None,Uncommon,MOC,None,None,None,"Choose two target creature cards in your graveyard. Sacrifice a creature. If you do, return the chosen cards to the battlefield tapped."
"Syr Konrad, the Grim",5.0,['B'],['B'],['Legendary'],['Creature'],"['Human', 'Knight']",Uncommon,MOC,5,4,None,"Whenever another creature dies, or a creature card is put into a graveyard from anywhere other than the battlefield, or a creature card leaves your graveyard, Syr Konrad, the Grim deals 1 damage to each opponent.\n{1}{B}: Each player mills a card. (They each put the top card of their library into their graveyard.)"
Smitten Swordmaster // Curry Favor,2.0,['B'],['B'],None,['Creature'],"['Human', 'Knight']",Common,MOC,2,1,None,Lifelink
Read the Bones,3.0,['B'],['B'],None,['Sorcery'],None,Common,MOC,None,None,None,"Scry 2, then draw two cards. You lose 2 life."
Phyrexian Scriptures,4.0,['B'],['B'],None,['Enchantment'],['Saga'],Mythic,MOC,None,None,None,"(As this Saga enters and after your draw step, add a lore counter. Sacrifice after III.)\nI — Put a +1/+1 counter on up to one target creature. That creature becomes an artifact in addition to its other types.\nII — Destroy all nonartifact creatures.\nIII — Exile all opponents' graveyards."
Phyrexian Rager,3.0,['B'],['B'],None,['Creature'],"['Phyrexian', 'Horror']",Common,MOC,2,2,None,"When Phyrexian Rager enters the battlefield, you draw a card and you lose 1 life."
Phyrexian Ghoul,3.0,['B'],['B'],None,['Creature'],"['Phyrexian', 'Zombie']",Common,MOC,2,2,None,Sacrifice a creature: Phyrexian Ghoul gets +2/+2 until end of turn.
Phyrexian Delver,5.0,['B'],['B'],None,['Creature'],"['Phyrexian', 'Zombie']",Rare,MOC,3,2,None,"When Phyrexian Delver enters the battlefield, return target creature card from your graveyard to the battlefield. You lose life equal to that card's mana value."
Painful Truths,3.0,['B'],['B'],None,['Sorcery'],None,Rare,MOC,None,None,None,"Converge — You draw X cards and you lose X life, where X is the number of colors of mana spent to cast this spell."
Order of Midnight // Alter Fate,2.0,['B'],['B'],None,['Creature'],"['Human', 'Knight']",Uncommon,MOC,2,2,None,Flying\nOrder of Midnight can't block.
Noxious Gearhulk,6.0,['B'],['B'],None,"['Artifact', 'Creature']",['Construct'],Mythic,MOC,5,4,None,"Menace\nWhen Noxious Gearhulk enters the battlefield, you may destroy another target creature. If a creature is destroyed this way, you gain life equal to its toughness."
Night's Whisper,2.0,['B'],['B'],None,['Sorcery'],None,Common,MOC,None,None,None,You draw two cards and you lose 2 life.
Murderous Rider // Swift End,3.0,['B'],['B'],None,['Creature'],"['Zombie', 'Knight']",Rare,MOC,2,3,None,"Lifelink\nWhen Murderous Rider dies, put it on the bottom of its owner's library."
Midnight Reaper,3.0,['B'],['B'],None,['Creature'],"['Zombie', 'Knight']",Rare,MOC,3,2,None,"Whenever a nontoken creature you control dies, Midnight Reaper deals 1 damage to you and you draw a card."
Massacre Wurm,6.0,['B'],['B'],None,['Creature'],"['Phyrexian', 'Wurm']",Mythic,MOC,6,5,None,"When Massacre Wurm enters the battlefield, creatures your opponents control get -2/-2 until end of turn.\nWhenever a creature an opponent controls dies, that player loses 2 life."
Liliana's Standard Bearer,3.0,['B'],['B'],None,['Creature'],"['Zombie', 'Knight']",Rare,MOC,3,1,None,"Flash\nWhen Liliana's Standard Bearer enters the battlefield, draw X cards, where X is the number of creatures that died under your control this turn."
"Keskit, the Flesh Sculptor",3.0,['B'],['B'],['Legendary'],['Creature'],"['Phyrexian', 'Human', 'Artificer']",Uncommon,MOC,1,3,None,"{T}, Sacrifice three other artifacts and/or creatures: Look at the top three cards of your library. Put two of them into your hand and the other into your graveyard.\nPartner (You can have two commanders if both have partner.)"
"Josu Vess, Lich Knight",4.0,['B'],['B'],['Legendary'],['Creature'],"['Zombie', 'Knight']",Rare,MOC,4,5,None,"Kicker {5}{B} (You may pay an additional {5}{B} as you cast this spell.)\nMenace\nWhen Josu Vess, Lich Knight enters the battlefield, if it was kicked, create eight 2/2 black Zombie Knight creature tokens with menace."
"Haakon, Stromgald Scourge",3.0,['B'],['B'],['Legendary'],['Creature'],"['Zombie', 'Knight']",Rare,MOC,3,3,None,"You may cast Haakon, Stromgald Scourge from your graveyard, but not from anywhere else.\nAs long as Haakon is on the battlefield, you may cast Knight spells from your graveyard.\nWhen Haakon dies, you lose 2 life."
Graveshifter,4.0,['B'],['B'],None,['Creature'],['Shapeshifter'],Uncommon,MOC,2,2,None,"Changeling (This card is every creature type.)\nWhen Graveshifter enters the battlefield, you may return target creature card from your graveyard to your hand."
Go for the Throat,2.0,['B'],['B'],None,['Instant'],None,Uncommon,MOC,None,None,None,Destroy target nonartifact creature.
Foulmire Knight // Profane Insight,1.0,['B'],['B'],None,['Creature'],"['Zombie', 'Knight']",Uncommon,MOC,1,1,None,Deathtouch
First-Sphere Gargantua,6.0,['B'],['B'],None,['Creature'],"['Phyrexian', 'Horror']",Common,MOC,5,4,None,"When First-Sphere Gargantua enters the battlefield, you draw a card and you lose 1 life.\nUnearth {2}{B} ({2}{B}: Return this card from your graveyard to the battlefield. It gains haste. Exile it at the beginning of the next end step or if it would leave the battlefield. Unearth only as a sorcery.)"
Bone Shredder,3.0,['B'],['B'],None,['Creature'],"['Phyrexian', 'Minion']",Uncommon,MOC,1,1,None,"Flying\nEcho {2}{B} (At the beginning of your upkeep, if this came under your control since the beginning of your last upkeep, sacrifice it unless you pay its echo cost.)\nWhen Bone Shredder enters the battlefield, destroy target nonartifact, nonblack creature."
Ambition's Cost,4.0,['B'],['B'],None,['Sorcery'],None,Uncommon,MOC,None,None,None,You draw three cards and you lose 3 life.
Workshop Elders,7.0,['U'],['U'],None,['Creature'],"['Human', 'Artificer']",Rare,MOC,4,4,None,"Artifact creatures you control have flying.\nAt the beginning of combat on your turn, you may have target noncreature artifact you control become a 0/0 artifact creature. If you do, put four +1/+1 counters on it."
Knight of the Last Breath,7.0,"['B', 'W']","['B', 'W']",None,['Creature'],"['Giant', 'Knight']",Uncommon,MOC,4,4,None,"{3}, Sacrifice another nontoken creature: Create a 1/1 white and black Spirit creature token with flying.\nAfterlife 3 (When this creature dies, create three 1/1 white and black Spirit creature tokens with flying.)"
Whirler Rogue,4.0,['U'],['U'],None,['Creature'],"['Human', 'Rogue', 'Artificer']",Uncommon,MOC,2,2,None,"When Whirler Rogue enters the battlefield, create two 1/1 colorless Thopter artifact creature tokens with flying.\nTap two untapped artifacts you control: Target creature can't be blocked this turn."
Juniper Order Ranger,5.0,"['G', 'W']","['G', 'W']",None,['Creature'],"['Human', 'Knight', 'Ranger']",Uncommon,MOC,2,4,None,"Whenever another creature enters the battlefield under your control, put a +1/+1 counter on that creature and a +1/+1 counter on Juniper Order Ranger."
Vedalken Humiliator,4.0,['U'],['U'],None,['Creature'],"['Vedalken', 'Wizard']",Rare,MOC,3,4,None,"Metalcraft — Whenever Vedalken Humiliator attacks, if you control three or more artifacts, creatures your opponents control lose all abilities and have base power and toughness 1/1 until end of turn."
Thoughtcast,5.0,['U'],['U'],None,['Sorcery'],None,Common,MOC,None,None,None,Affinity for artifacts (This spell costs {1} less to cast for each artifact you control.)\nDraw two cards.
Thopter Spy Network,4.0,['U'],['U'],None,['Enchantment'],None,Rare,MOC,None,None,None,"At the beginning of your upkeep, if you control an artifact, create a 1/1 colorless Thopter artifact creature token with flying.\nWhenever one or more artifact creatures you control deal combat damage to a player, draw a card."
"Tetsuko Umezawa, Fugitive",2.0,['U'],['U'],['Legendary'],['Creature'],"['Human', 'Rogue']",Uncommon,MOC,1,3,None,Creatures you control with power or toughness 1 or less can't be blocked.
"Syr Elenora, the Discerning",5.0,['U'],['U'],['Legendary'],['Creature'],"['Human', 'Knight']",Uncommon,MOC,*,4,None,"Syr Elenora, the Discerning's power is equal to the number of cards in your hand.\nWhen Syr Elenora enters the battlefield, draw a card.\nSpells your opponents cast that target Syr Elenora cost {2} more to cast."
Stroke of Genius,3.0,['U'],['U'],None,['Instant'],None,Rare,MOC,None,None,None,Target player draws X cards.
Spell Swindle,5.0,['U'],['U'],None,['Instant'],None,Rare,MOC,None,None,None,"Counter target spell. Create X Treasure tokens, where X is that spell's mana value. (They're artifacts with ""{T}, Sacrifice this artifact: Add one mana of any color."")"
Shimmer Dragon,6.0,['U'],['U'],None,['Creature'],['Dragon'],Rare,MOC,5,6,None,"Flying\nAs long as you control four or more artifacts, Shimmer Dragon has hexproof.\nTap two untapped artifacts you control: Draw a card."
Sharding Sphinx,6.0,['U'],['U'],None,"['Artifact', 'Creature']",['Sphinx'],Rare,MOC,4,4,None,"Flying\nWhenever an artifact creature you control deals combat damage to a player, you may create a 1/1 blue Thopter artifact creature token with flying."
Saheeli's Artistry,6.0,['U'],['U'],None,['Sorcery'],None,Rare,MOC,None,None,None,"Choose one or both —\n• Create a token that's a copy of target artifact.\n• Create a token that's a copy of target creature, except it's an artifact in addition to its other types."
Rise and Shine,2.0,['U'],['U'],None,['Sorcery'],None,Rare,MOC,None,None,None,"Target noncreature artifact you control becomes a 0/0 artifact creature. Put four +1/+1 counters on each artifact that became a creature this way.\nOverload {4}{U}{U} (You may cast this spell for its overload cost. If you do, change ""target"" in its text to ""each."")"
Reverse Engineer,5.0,['U'],['U'],None,['Sorcery'],None,Uncommon,MOC,None,None,None,Improvise (Your artifacts can help cast this spell. Each artifact you tap after you're done activating mana abilities pays for {1}.)\nDraw three cards.
Reality Shift,2.0,['U'],['U'],None,['Instant'],None,Uncommon,MOC,None,None,None,"Exile target creature. Its controller manifests the top card of their library. (That player puts the top card of their library onto the battlefield face down as a 2/2 creature. If it's a creature card, it can be turned face up any time for its mana cost.)"
Pull from Tomorrow,2.0,['U'],['U'],None,['Instant'],None,Rare,MOC,None,None,None,"Draw X cards, then discard a card."
Perplexing Test,5.0,['U'],['U'],None,['Instant'],None,Rare,MOC,None,None,None,Choose one —\n• Return all creature tokens to their owners' hands.\n• Return all nontoken creatures to their owners' hands.
Nadir Kraken,3.0,['U'],['U'],None,['Creature'],['Kraken'],Rare,MOC,2,3,None,"Whenever you draw a card, you may pay {1}. If you do, put a +1/+1 counter on Nadir Kraken and create a 1/1 blue Tentacle creature token."
Masterful Replication,6.0,['U'],['U'],None,['Instant'],None,Rare,MOC,None,None,None,Choose one —\n• Create two 3/3 colorless Golem artifact creature tokens.\n• Choose target artifact you control. Each other artifact you control becomes a copy of that artifact until end of turn.
Master of Etherium,3.0,['U'],['U'],None,"['Artifact', 'Creature']","['Vedalken', 'Wizard']",Rare,MOC,*,*,None,Master of Etherium's power and toughness are each equal to the number of artifacts you control.\nOther artifact creatures you control get +1/+1.
Junk Winder,7.0,['U'],['U'],None,['Creature'],['Serpent'],Uncommon,MOC,5,6,None,"Affinity for tokens (This spell costs {1} less to cast for each token you control.)\nWhenever a token enters the battlefield under your control, tap target nonland permanent an opponent controls. It doesn't untap during its controller's next untap step."
Imprisoned in the Moon,3.0,['U'],['U'],None,['Enchantment'],['Aura'],Rare,MOC,None,None,None,"Enchant creature, land, or planeswalker\nEnchanted permanent is a colorless land with ""{T}: Add {C}"" and loses all other card types and abilities."
Fallowsage,4.0,['U'],['U'],None,['Creature'],"['Merfolk', 'Wizard']",Uncommon,MOC,2,2,None,"Whenever Fallowsage becomes tapped, you may draw a card."
Ethersworn Adjudicator,5.0,['U'],"['B', 'U', 'W']",None,"['Artifact', 'Creature']","['Vedalken', 'Knight']",Mythic,MOC,4,4,None,"Flying\n{1}{W}{B}, {T}: Destroy target creature or enchantment.\n{2}{U}: Untap Ethersworn Adjudicator."
Echo Storm,5.0,['U'],['U'],None,['Sorcery'],None,Rare,MOC,None,None,None,"When you cast this spell, copy it for each time you've cast your commander from the command zone this game. You may choose new targets for the copies.\nCreate a token that's a copy of target artifact."
Distant Melody,4.0,['U'],['U'],None,['Sorcery'],None,Common,MOC,None,None,None,Choose a creature type. Draw a card for each permanent you control of that type.
Cloud of Faeries,2.0,['U'],['U'],None,['Creature'],['Faerie'],Common,MOC,1,1,None,"Flying\nWhen Cloud of Faeries enters the battlefield, untap up to two lands.\nCycling {2} ({2}, Discard this card: Draw a card.)"
Chasm Skulker,3.0,['U'],['U'],None,['Creature'],"['Squid', 'Horror']",Rare,MOC,1,1,None,"Whenever you draw a card, put a +1/+1 counter on Chasm Skulker.\nWhen Chasm Skulker dies, create X 1/1 blue Squid creature tokens with islandwalk, where X is the number of +1/+1 counters on Chasm Skulker. (They can't be blocked as long as defending player controls an Island.)"
Worthy Knight,2.0,['W'],['W'],None,['Creature'],"['Human', 'Knight']",Rare,MOC,2,2,None,"Whenever you cast a Knight spell, create a 1/1 white Human creature token."
Return to Dust,4.0,['W'],['W'],None,['Instant'],None,Uncommon,MOC,None,None,None,"Exile target artifact or enchantment. If you cast this spell during your main phase, you may exile up to one other target artifact or enchantment."
Unbreakable Formation,3.0,['W'],['W'],None,['Instant'],None,Rare,MOC,None,None,None,"Creatures you control gain indestructible until end of turn.\nAddendum — If you cast this spell during your main phase, put a +1/+1 counter on each of those creatures and they gain vigilance until end of turn."
Venerated Loxodon,5.0,['W'],['W'],None,['Creature'],"['Elephant', 'Cleric']",Rare,MOC,4,4,None,"Convoke (Your creatures can help cast this spell. Each creature you tap while casting this spell pays for {1} or one mana of that creature's color.)\nWhen Venerated Loxodon enters the battlefield, put a +1/+1 counter on each creature that convoked it."
Village Bell-Ringer,3.0,['W'],['W'],None,['Creature'],"['Human', 'Scout']",Common,MOC,1,4,None,"Flash (You may cast this spell any time you could cast an instant.)\nWhen Village Bell-Ringer enters the battlefield, untap all creatures you control."
Valiant Knight,4.0,['W'],['W'],None,['Creature'],"['Human', 'Knight']",Rare,MOC,3,4,None,Other Knights you control get +1/+1.\n{3}{W}{W}: Knights you control gain double strike until end of turn.
Together Forever,2.0,['W'],['W'],None,['Enchantment'],None,Rare,MOC,None,None,None,"When Together Forever enters the battlefield, support 2. (Put a +1/+1 counter on each of up to two target creatures.)\n{1}: Choose target creature with a counter on it. When that creature dies this turn, return that card to its owner's hand."
Swords to Plowshares,1.0,['W'],['W'],None,['Instant'],None,Uncommon,MOC,None,None,None,Exile target creature. Its controller gains life equal to its power.
Suture Priest,2.0,['W'],['W'],None,['Creature'],"['Phyrexian', 'Cleric']",Common,MOC,1,1,None,"Whenever another creature enters the battlefield under your control, you may gain 1 life.\nWhenever a creature enters the battlefield under an opponent's control, you may have that player lose 1 life."
Sunscorch Regent,5.0,['W'],['W'],None,['Creature'],['Dragon'],Rare,MOC,4,3,None,"Flying\nWhenever an opponent casts a spell, put a +1/+1 counter on Sunscorch Regent and you gain 1 life."
Spirited Companion,2.0,['W'],['W'],None,"['Enchantment', 'Creature']",['Dog'],Common,MOC,1,1,None,"When Spirited Companion enters the battlefield, draw a card."
Secure the Wastes,1.0,['W'],['W'],None,['Instant'],None,Rare,MOC,None,None,None,Create X 1/1 white Warrior creature tokens.
Silverwing Squadron,6.0,['W'],['W'],None,['Creature'],"['Human', 'Knight']",Rare,MOC,*,*,None,"Flying, vigilance\nSilverwing Squadron's power and toughness are each equal to the number of creatures you control.\nWhenever Silverwing Squadron attacks, create a number of 2/2 white Knight creature tokens with vigilance equal to the number of opponents you have."
Restoration Angel,4.0,['W'],['W'],None,['Creature'],['Angel'],Rare,MOC,3,4,None,"Flash\nFlying\nWhen Restoration Angel enters the battlefield, you may exile target non-Angel creature you control, then return that card to the battlefield under your control."
Shattered Angel,5.0,['W'],['W'],None,['Creature'],"['Phyrexian', 'Angel']",Uncommon,MOC,3,3,None,"Flying\nWhenever a land enters the battlefield under an opponent's control, you may gain 3 life."
Seraph of the Masses,7.0,['W'],['W'],None,['Creature'],['Angel'],Uncommon,MOC,*,*,None,Convoke (Your creatures can help cast this spell. Each creature you tap while casting this spell pays for {1} or one mana of that creature's color.)\nFlying\nSeraph of the Masses's power and toughness are each equal to the number of creatures you control.
Semester's End,4.0,['W'],['W'],None,['Instant'],None,Rare,MOC,None,None,None,"Exile any number of target creatures and/or planeswalkers you control. At the beginning of the next end step, return each of them to the battlefield under its owner's control. Each of them enters the battlefield with an additional +1/+1 counter on it if it's a creature and an additional loyalty counter on it if it's a planeswalker."
Promise of Loyalty,5.0,['W'],['W'],None,['Sorcery'],None,Rare,MOC,None,None,None,Each player puts a vow counter on a creature they control and sacrifices the rest. Each of those creatures can't attack you or planeswalkers you control for as long as it has a vow counter on it.
Phyrexian Rebirth,6.0,['W'],['W'],None,['Sorcery'],None,Rare,MOC,None,None,None,"Destroy all creatures, then create an X/X colorless Phyrexian Horror artifact creature token, where X is the number of creatures destroyed this way."
Path to Exile,1.0,['W'],['W'],None,['Instant'],None,Uncommon,MOC,None,None,None,"Exile target creature. Its controller may search their library for a basic land card, put that card onto the battlefield tapped, then shuffle."
"Mikaeus, the Lunarch",1.0,['W'],['W'],['Legendary'],['Creature'],"['Human', 'Cleric']",Mythic,MOC,0,0,None,"Mikaeus, the Lunarch enters the battlefield with X +1/+1 counters on it.\n{T}: Put a +1/+1 counter on Mikaeus.\n{T}, Remove a +1/+1 counter from Mikaeus: Put a +1/+1 counter on each other creature you control."
Mentor of the Meek,3.0,['W'],['W'],None,['Creature'],"['Human', 'Soldier']",Rare,MOC,2,2,None,"Whenever another creature with power 2 or less enters the battlefield under your control, you may pay {1}. If you do, draw a card."
Maul of the Skyclaves,3.0,['W'],['W'],None,['Artifact'],['Equipment'],Rare,MOC,None,None,None,"When Maul of the Skyclaves enters the battlefield, attach it to target creature you control.\nEquipped creature gets +2/+2 and has flying and first strike.\nEquip {2}{W}{W}"
Master Splicer,4.0,['W'],['W'],None,['Creature'],"['Phyrexian', 'Human', 'Artificer']",Uncommon,MOC,1,1,None,"When Master Splicer enters the battlefield, create a 3/3 colorless Phyrexian Golem artifact creature token.\nGolems you control get +1/+1."
Knight of the White Orchid,2.0,['W'],['W'],None,['Creature'],"['Human', 'Knight']",Rare,MOC,2,2,None,"First strike\nWhen Knight of the White Orchid enters the battlefield, if an opponent controls more lands than you, you may search your library for a Plains card, put it onto the battlefield, then shuffle."
Knight Exemplar,3.0,['W'],['W'],None,['Creature'],"['Human', 'Knight']",Rare,MOC,2,2,None,"First strike (This creature deals combat damage before creatures without first strike.)\nOther Knight creatures you control get +1/+1 and have indestructible. (Damage and effects that say ""destroy"" don't destroy them.)"
Keeper of the Accord,4.0,['W'],['W'],None,['Creature'],"['Human', 'Soldier']",Rare,MOC,3,4,None,"At the beginning of each opponent's end step, if that player controls more creatures than you, create a 1/1 white Soldier creature token.\nAt the beginning of each opponent's end step, if that player controls more lands than you, you may search your library for a basic Plains card, put it onto the battlefield tapped, then shuffle."
Hour of Reckoning,7.0,['W'],['W'],None,['Sorcery'],None,Rare,MOC,None,None,None,Convoke (Your creatures can help cast this spell. Each creature you tap while casting this spell pays for {1} or one mana of that creature's color.)\nDestroy all nontoken creatures.
High Sentinels of Arashin,4.0,['W'],['W'],None,['Creature'],"['Bird', 'Soldier']",Rare,MOC,3,4,None,Flying\nHigh Sentinels of Arashin gets +1/+1 for each other creature you control with a +1/+1 counter on it.\n{3}{W}: Put a +1/+1 counter on target creature.
Hero of Bladehold,4.0,['W'],['W'],None,['Creature'],"['Human', 'Knight']",Mythic,MOC,3,4,None,"Battle cry (Whenever this creature attacks, each other attacking creature gets +1/+0 until end of turn.)\nWhenever Hero of Bladehold attacks, create two 1/1 white Soldier creature tokens that are tapped and attacking."
Generous Gift,3.0,['W'],['W'],None,['Instant'],None,Uncommon,MOC,None,None,None,Destroy target permanent. Its controller creates a 3/3 green Elephant creature token.
Flight of Equenauts,8.0,['W'],['W'],None,['Creature'],"['Human', 'Knight']",Uncommon,MOC,4,5,None,Convoke (Your creatures can help cast this spell. Each creature you tap while casting this spell pays for {1} or one mana of that creature's color.)\nFlying
Fell the Mighty,5.0,['W'],['W'],None,['Sorcery'],None,Rare,MOC,None,None,None,Destroy all creatures with power greater than target creature's power.
Ephemeral Shields,2.0,['W'],['W'],None,['Instant'],None,Common,MOC,None,None,None,"Convoke (Your creatures can help cast this spell. Each creature you tap while casting this spell pays for {1} or one mana of that creature's color.)\nTarget creature gains indestructible until end of turn. (Damage and effects that say ""destroy"" don't destroy it.)"
Emeria Angel,4.0,['W'],['W'],None,['Creature'],['Angel'],Rare,MOC,3,3,None,"Flying\nLandfall — Whenever a land enters the battlefield under your control, you may create a 1/1 white Bird creature token with flying."
"Elspeth, Sun's Champion",6.0,['W'],['W'],['Legendary'],['Planeswalker'],['Elspeth'],Mythic,MOC,None,None,4,"[+1]: Create three 1/1 white Soldier creature tokens.\n[−3]: Destroy all creatures with power 4 or greater.\n[−7]: You get an emblem with ""Creatures you control get +2/+2 and have flying."""
Elite Scaleguard,5.0,['W'],['W'],None,['Creature'],"['Human', 'Soldier']",Uncommon,MOC,2,3,None,"When Elite Scaleguard enters the battlefield, bolster 2. (Choose a creature with the least toughness among creatures you control and put two +1/+1 counters on it.)\nWhenever a creature you control with a +1/+1 counter on it attacks, tap target creature defending player controls."
Devouring Light,3.0,['W'],['W'],None,['Instant'],None,Uncommon,MOC,None,None,None,Convoke (Your creatures can help cast this spell. Each creature you tap while casting this spell pays for {1} or one mana of that creature's color.)\nExile target attacking or blocking creature.
Constable of the Realm,5.0,['W'],['W'],None,['Creature'],"['Giant', 'Soldier']",Uncommon,MOC,3,3,None,"Renown 2 (When this creature deals combat damage to a player, if it isn't renowned, put two +1/+1 counters on it and it becomes renowned.)\nWhenever one or more +1/+1 counters are put on Constable of the Realm, exile up to one other target nonland permanent until Constable of the Realm leaves the battlefield."
Conclave Tribunal,4.0,['W'],['W'],None,['Enchantment'],None,Uncommon,MOC,None,None,None,"Convoke (Your creatures can help cast this spell. Each creature you tap while casting this spell pays for {1} or one mana of that creature's color.)\nWhen Conclave Tribunal enters the battlefield, exile target nonland permanent an opponent controls until Conclave Tribunal leaves the battlefield."
Chant of Vitu-Ghazi,8.0,['W'],['W'],None,['Instant'],None,Uncommon,MOC,None,None,None,Convoke (Your creatures can help cast this spell. Each creature you tap while casting this spell pays for {1} or one mana of that creature's color.)\nPrevent all damage that would be dealt by creatures this turn. You gain life equal to the damage prevented this way.
Cataclysmic Gearhulk,5.0,['W'],['W'],None,"['Artifact', 'Creature']",['Construct'],Mythic,MOC,4,5,None,"Vigilance\nWhen Cataclysmic Gearhulk enters the battlefield, each player chooses an artifact, a creature, an enchantment, and a planeswalker from among the nonland permanents they control, then sacrifices the rest."
Blade Splicer,3.0,['W'],['W'],None,['Creature'],"['Phyrexian', 'Human', 'Artificer']",Rare,MOC,1,1,None,"When Blade Splicer enters the battlefield, create a 3/3 colorless Phyrexian Golem artifact creature token.\nGolems you control have first strike."
Battle Screech,4.0,['W'],['W'],None,['Sorcery'],None,Uncommon,MOC,None,None,None,Create two 1/1 white Bird creature tokens with flying.\nFlashback—Tap three untapped white creatures you control. (You may cast this card from your graveyard for its flashback cost. Then exile it.)
Banisher Priest,3.0,['W'],['W'],None,['Creature'],"['Human', 'Cleric']",Uncommon,MOC,2,2,None,"When Banisher Priest enters the battlefield, exile target creature an opponent controls until Banisher Priest leaves the battlefield. (That creature returns under its owner's control.)"
Austere Command,6.0,['W'],['W'],None,['Sorcery'],None,Rare,MOC,None,None,None,Choose two —\n• Destroy all artifacts.\n• Destroy all enchantments.\n• Destroy all creatures with mana value 3 or less.\n• Destroy all creatures with mana value 4 or greater.
Angel of the Ruins,7.0,['W'],['W'],None,"['Artifact', 'Creature']",['Angel'],Rare,MOC,5,7,None,"Flying\nWhen Angel of the Ruins enters the battlefield, exile up to two target artifacts and/or enchantments.\nPlainscycling {2} ({2}, Discard this card: Search your library for a Plains card, reveal it, put it into your hand, then shuffle.)"
Angel of Salvation,8.0,['W'],['W'],None,['Creature'],['Angel'],Rare,MOC,5,5,None,"Flash; convoke (Your creatures can help cast this spell. Each creature you tap while casting this spell pays for {1} or one mana of that creature's color.)\nFlying\nWhen Angel of Salvation enters the battlefield, prevent the next 5 damage that would be dealt this turn to any number of targets, divided as you choose."
Angel of Finality,4.0,['W'],['W'],None,['Creature'],['Angel'],Rare,MOC,3,4,None,"Flying\nWhen Angel of Finality enters the battlefield, exile target player's graveyard."
"Alharu, Solemn Ritualist",5.0,['W'],['W'],['Legendary'],['Creature'],"['Human', 'Monk']",Uncommon,MOC,3,3,None,"When Alharu, Solemn Ritualist enters the battlefield, put a +1/+1 counter on each of up to two other target creatures.\nWhenever a nontoken creature you control with a +1/+1 counter on it dies, create a 1/1 white Spirit creature token with flying.\nPartner (You can have two commanders if both have partner.)"
"Adeline, Resplendent Cathar",3.0,['W'],['W'],['Legendary'],['Creature'],"['Human', 'Knight']",Rare,MOC,*,4,None,"Vigilance\nAdeline, Resplendent Cathar's power is equal to the number of creatures you control.\nWhenever you attack, for each opponent, create a 1/1 white Human creature token that's tapped and attacking that player or a planeswalker they control."
Acclaimed Contender,3.0,['W'],['W'],None,['Creature'],"['Human', 'Knight']",Rare,MOC,3,3,None,"When Acclaimed Contender enters the battlefield, if you control another Knight, look at the top five cards of your library. You may reveal a Knight, Aura, Equipment, or legendary artifact card from among them and put it into your hand. Put the rest on the bottom of your library in a random order."
Abzan Falconer,3.0,['W'],['W'],None,['Creature'],"['Human', 'Soldier']",Uncommon,MOC,2,3,None,"Outlast {W} ({W}, {T}: Put a +1/+1 counter on this creature. Outlast only as a sorcery.)\nEach creature you control with a +1/+1 counter on it has flying."
Abzan Battle Priest,4.0,['W'],['W'],None,['Creature'],"['Human', 'Cleric']",Uncommon,MOC,3,2,None,"Outlast {W} ({W}, {T}: Put a +1/+1 counter on this creature. Outlast only as a sorcery.)\nEach creature you control with a +1/+1 counter on it has lifelink."
Undercity Reaches,0.0,None,None,None,['Plane'],['Ravnica'],Common,MOC,None,None,None,"Whenever a creature deals combat damage to a player, its controller may draw a card.\nWhenever chaos ensues, you have no maximum hand size for the rest of the game."
Turri Island,0.0,None,None,None,['Plane'],['Ir'],Common,MOC,None,None,None,"Creature spells cost {2} less to cast.\nWhenever chaos ensues, reveal the top three cards of your library. Put all creature cards revealed this way into your hand and the rest into your graveyard."
Truga Jungle,0.0,None,None,None,['Plane'],['Ergamon'],Common,MOC,None,None,None,"All lands have ""{T}: Add one mana of any color.""\nWhenever chaos ensues, reveal the top three cards of your library. Put all land cards revealed this way into your hand and the rest on the bottom of your library in any order."
Stronghold Furnace,0.0,None,None,None,['Plane'],['Rath'],Common,MOC,None,None,None,"If a source would deal damage to a permanent or player, it deals double that damage instead.\nWhenever chaos ensues, Stronghold Furnace deals 1 damage to any target."
Stensia,0.0,None,None,None,['Plane'],['Innistrad'],Common,MOC,None,None,None,"Whenever a creature deals damage to one or more players for the first time each turn, put a +1/+1 counter on it.\nWhenever chaos ensues, each creature you control gains ""{T}: This creature deals 1 damage to target player or planeswalker"" until end of turn."
Spatial Merging,0.0,None,None,None,['Phenomenon'],None,Common,MOC,None,None,None,"When you encounter Spatial Merging, reveal cards from the top of your planar deck until you reveal two plane cards. Simultaneously planeswalk to both of them. Put all other cards revealed this way on the bottom of your planar deck in any order."
Sokenzan,0.0,None,None,None,['Plane'],['Kamigawa'],Common,MOC,None,None,None,"All creatures get +1/+1 and have haste.\nWhenever chaos ensues, untap all creatures that attacked this turn. If it's a main phase, there is an additional combat phase after this phase, followed by an additional main phase."
Selesnya Loft Gardens,0.0,None,None,None,['Plane'],['Ravnica'],Common,MOC,None,None,None,"If an effect would create one or more tokens, it creates twice that many of those tokens instead.\nIf an effect would put one or more counters on a permanent, it puts twice that many of those counters on that permanent instead.\nWhenever chaos ensues, until end of turn, whenever you tap a land for mana, add one mana of any type that land produced."
Reality Shaping,0.0,None,None,None,['Phenomenon'],None,Common,MOC,None,None,None,"When you encounter Reality Shaping, starting with you, each player may put a permanent card from their hand onto the battlefield. (Then planeswalk away from this phenomenon.)"
Planewide Disaster,0.0,None,None,None,['Phenomenon'],None,Common,MOC,None,None,None,"When you encounter Planewide Disaster, destroy all creatures. (Then planeswalk away from this phenomenon.)"
Panopticon,0.0,None,None,None,['Plane'],['Mirrodin'],Common,MOC,None,None,None,"When you planeswalk to Panopticon, draw a card.\nAt the beginning of your draw step, draw an additional card.\nWhenever chaos ensues, draw a card."
Orochi Colony,0.0,None,None,None,['Plane'],['Kamigawa'],Common,MOC,None,None,None,"Whenever a creature you control deals combat damage to a player, you may search your library for a basic land card, put it onto the battlefield tapped, then shuffle.\nWhenever chaos ensues, target creature can't be blocked this turn."
Mutual Epiphany,0.0,None,None,None,['Phenomenon'],None,Common,MOC,None,None,None,"When you encounter Mutual Epiphany, each player draws four cards. (Then planeswalk away from this phenomenon.)"
Krosa,0.0,None,"['B', 'G', 'R', 'U', 'W']",None,['Plane'],['Dominaria'],Common,MOC,None,None,None,"All creatures get +2/+2.\nWhenever chaos ensues, you may add {W}{U}{B}{R}{G}."
Kharasha Foothills,0.0,None,None,None,['Plane'],['Mongseng'],Common,MOC,None,None,None,"Whenever a creature you control attacks a player, for each other opponent, you may create a token that's a copy of that creature, tapped and attacking that opponent. Exile those tokens at the beginning of the next end step.\nWhenever chaos ensues, you may sacrifice any number of creatures. If you do, Kharasha Foothills deals that much damage to target creature."
Jund,0.0,None,None,None,['Plane'],['Alara'],Common,MOC,None,None,None,"Whenever a player casts a creature spell that's black, red, or green, it gains devour 5. (As the creature enters the battlefield, its controller may sacrifice any number of creatures. The creature enters the battlefield with five times that many +1/+1 counters on it.)\nWhenever chaos ensues, create two 1/1 red Goblin creature tokens."
Isle of Vesuva,0.0,None,None,None,['Plane'],['Dominaria'],Common,MOC,None,None,None,"Whenever a nontoken creature enters the battlefield, its controller creates a token that's a copy of that creature.\nWhenever chaos ensues, destroy target creature and all other creatures with the same name as that creature."
Hedron Fields of Agadeem,0.0,None,None,None,['Plane'],['Zendikar'],Common,MOC,None,None,None,"Creatures with power 7 or greater can't attack or block.\nWhenever chaos ensues, create a 7/7 colorless Eldrazi creature token with annihilator 1. (Whenever it attacks, defending player sacrifices a permanent.)"
Grove of the Dreampods,0.0,None,None,None,['Plane'],['Fabacin'],Common,MOC,None,None,None,"When you planeswalk to Grove of the Dreampods and at the beginning of your upkeep, reveal cards from the top of your library until you reveal a creature card. Put that card onto the battlefield and the rest on the bottom of your library in a random order.\nWhenever chaos ensues, return target creature card from your graveyard to the battlefield."
The Great Forest,0.0,None,None,None,['Plane'],['Lorwyn'],Common,MOC,None,None,None,"Each creature assigns combat damage equal to its toughness rather than its power.\nWhenever chaos ensues, creatures you control get +0/+2 and gain trample until end of turn."
Glimmervoid Basin,0.0,None,None,None,['Plane'],['Mirrodin'],Common,MOC,None,None,None,"Whenever a player casts an instant or sorcery spell with a single target, that player copies that spell for each other spell, permanent, card not on the battlefield, and/or player the spell could target. Each copy targets a different one of them.\nWhenever chaos ensues, choose target creature. Each player except that creature's controller creates a token that's a copy of that creature."
Gavony,0.0,None,None,None,['Plane'],['Innistrad'],Common,MOC,None,None,None,"All creatures have vigilance.\nWhenever chaos ensues, creatures you control gain indestructible until end of turn."
Chaotic Aether,0.0,None,None,None,['Phenomenon'],None,Common,MOC,None,None,None,"When you encounter Chaotic Aether, each blank roll of the planar die is a {CHAOS} roll until a player planeswalks away from a plane. (Then planeswalk away from this phenomenon.)"
Bloodhill Bastion,0.0,None,None,None,['Plane'],['Equilor'],Common,MOC,None,None,None,"Whenever a creature enters the battlefield, it gains double strike and haste until end of turn.\nWhenever chaos ensues, exile target nontoken creature you control, then return it to the battlefield under your control."
The Aether Flues,0.0,None,None,None,['Plane'],['Iquatana'],Common,MOC,None,None,None,"When you planeswalk to The Aether Flues and at the beginning of your upkeep, you may sacrifice a creature. If you do, reveal cards from the top of your library until you reveal a creature card, put that card onto the battlefield, then shuffle all other cards revealed this way into your library.\nWhenever chaos ensues, you may put a creature card from your hand onto the battlefield."
Begin the Invasion,5.0,"['B', 'G', 'R', 'U', 'W']","['B', 'G', 'R', 'U', 'W']",None,['Sorcery'],None,Mythic,MOC,None,None,None,"Search your library for up to X battle cards with different names, put them onto the battlefield, then shuffle."
Vivien's Talent,3.0,['G'],['G'],None,['Enchantment'],['Aura'],Rare,MOC,None,None,None,"Enchant planeswalker\nEnchanted planeswalker has ""[+1]: Look at the top four cards of your library. You may reveal a creature or land card from among them and put it into your hand. Put the rest on the bottom of your library in a random order.""\nWhenever a nontoken creature enters the battlefield under your control, put a loyalty counter on enchanted planeswalker."
Rowan's Talent,4.0,['R'],['R'],None,['Enchantment'],['Aura'],Rare,MOC,None,None,None,"Enchant planeswalker\nEnchanted planeswalker has ""[+1]: Up to one target creature gets +2/+0 and gains first strike and trample until end of turn.""\nWhenever you activate a loyalty ability of enchanted planeswalker, copy that ability. You may choose new targets for the copy."
Liliana's Talent,2.0,['B'],['B'],None,['Enchantment'],['Aura'],Rare,MOC,None,None,None,"Enchant planeswalker\nEnchanted planeswalker has ""[−8]: Put all creature cards from all graveyards onto the battlefield under your control.""\nWhenever a creature deals damage to enchanted planeswalker, destroy that creature."
Infernal Sovereign,6.0,['B'],['B'],None,['Creature'],['Demon'],Mythic,MOC,6,6,None,"Flying, trample\nSkip your draw step.\nWhenever you play a land or cast a spell, you draw a card and you lose 1 life."
Teferi's Talent,5.0,['U'],['U'],None,['Enchantment'],['Aura'],Rare,MOC,None,None,None,"Enchant planeswalker\nEnchanted planeswalker has ""[−12]: You get an emblem with 'You may activate loyalty abilities of planeswalkers you control on any player's turn any time you could cast an instant.'""\nWhenever you draw a card, put a loyalty counter on enchanted planeswalker."
Firemane Commando,4.0,['W'],['W'],None,['Creature'],"['Angel', 'Soldier']",Rare,MOC,4,3,None,"Flying\nWhenever you attack with two or more creatures, draw a card.\nWhenever another player attacks with two or more creatures, they draw a card if none of those creatures attacked you."
Elspeth's Talent,4.0,['W'],['W'],None,['Enchantment'],['Aura'],Rare,MOC,None,None,None,"Enchant planeswalker\nEnchanted planeswalker has ""[+1]: Create three 1/1 white Soldier creature tokens.""\nWhenever you activate a loyalty ability of enchanted planeswalker, creatures you control get +2/+2 and gain vigilance until end of turn."
The Wilds,0.0,None,None,None,['Plane'],['Eldraine'],Common,MOC,None,None,None,"When you planeswalk to The Wilds and at the beginning of your upkeep, create a Food token.\nWhenever chaos ensues, target player sacrifices a creature. If they do, you create a Food token. You create two Food tokens instead if the sacrificed creature's toughness was 4 or greater."
The Western Cloud,0.0,None,None,None,['Plane'],['Gobakhan'],Common,MOC,None,None,None,"Prevent all damage that would be dealt to creatures and planeswalkers you control.\nWhenever chaos ensues, create three tapped Treasure tokens. They each deal 1 damage to each creature and each planeswalker."
Valor's Reach,0.0,None,None,None,['Plane'],['Kylem'],Common,MOC,None,None,None,"Whenever your team attacks with exactly two creatures, those creatures gain double strike until end of turn.\nWhenever chaos ensues, untap up to two target creatures your team controls. If it's a main phase, there is an additional combat phase after this phase, followed by an additional main phase."
Unyaro,0.0,None,None,None,['Plane'],['Zhalfir'],Common,MOC,None,None,None,"At the beginning of your end step, if you planeswalked to Unyaro this turn, untap all creatures. They phase out until a player planeswalks. (Treat them and anything attached to them as though they didn't exist.)\nWhenever chaos ensues, create two 2/2 white and blue Knight creature tokens with vigilance."
Towashi,0.0,None,None,None,['Plane'],['Kamigawa'],Common,MOC,None,None,None,"Modified creatures you control have trample and ""Whenever this creature deals combat damage to a player or planeswalker, draw a card."" (Equipment, Auras you control, and counters are modifications.)\nWhenever chaos ensues, distribute three +1/+1 counters among one, two, or three target creatures you control."
Ten Wizards Mountain,0.0,None,None,None,['Plane'],['Shenmeng'],Common,MOC,None,None,None,"Whenever you roll the planar die, put a +1/+1 counter on up to one target creature.\nWhenever chaos ensues, creatures you control gain flying until end of turn."
Strixhaven,0.0,None,None,None,['Plane'],['Arcavios'],Common,MOC,None,None,None,"Instant and sorcery spells players cast have demonstrate. (Whenever a player casts an instant or sorcery spell, they may copy it. If they do, they choose an opponent to also copy it. Players may choose new targets for their copies.)\nWhenever chaos ensues, return up to one target instant or sorcery card from a graveyard to its owner's hand."
Riptide Island,0.0,None,None,None,['Plane'],['Dominaria'],Common,MOC,None,None,None,"When you planeswalk to Riptide Island and at the beginning of your upkeep, create two 1/1 colorless Sliver creature tokens.\nWhenever chaos ensues, Slivers you control gain haste and get +X/+X until end of turn, where X is the number of Slivers you control."
The Pit,0.0,None,None,None,['Plane'],['The Abyss'],Common,MOC,None,None,None,"When you planeswalk to The Pit, each player creates their choice of a 3/3 white Angel creature token with flying or a 6/6 black Demon creature token with flying, trample, and ""At the beginning of your upkeep, sacrifice another creature. If you can't, this creature deals 6 damage to you.""\nWhenever chaos ensues, each player sacrifices a nonartifact creature."
Paliano,0.0,None,None,None,['Plane'],['Fiora'],Common,MOC,None,None,None,"When one or more creatures you control deal combat damage to a player, if there is no monarch, you become the monarch.\nWhenever chaos ensues, create a 1/1 black Assassin creature token with deathtouch and haste."
Nyx,0.0,None,None,None,['Plane'],['Theros'],Common,MOC,None,None,None,"Nontoken creatures are enchantments in addition to their other types.\nConstellation — Whenever an enchantment enters the battlefield under your control, you gain 1 life.\nWhenever chaos ensues, choose a color. Add an amount of mana of that color equal to your devotion to that color."
Norn's Seedcore,0.0,None,None,None,['Plane'],['New Phyrexia'],Common,MOC,None,None,None,"When you planeswalk to Norn's Seedcore, chaos ensues.\nWhenever chaos ensues, reveal cards from the top of your planar deck until you reveal a plane card. Planeswalk to it, except don't planeswalk away from any plane. Put the rest of the revealed cards on the bottom of your planar deck in any order."
New Argive,0.0,None,None,None,['Plane'],['Dominaria'],Common,MOC,None,None,None,"Whenever a historic creature you control attacks, it gets +2/+2 until end of turn. (Artifacts, legendaries, and Sagas are historic.)\nWhenever chaos ensues, reveal cards from the top of your library until you reveal a historic card. Put that card into your hand and the rest on the bottom of your library in a random order."
Naktamun,0.0,None,None,None,['Plane'],['Amonkhet'],Common,MOC,None,None,None,"Each creature card in your graveyard has embalm. Its embalm cost is equal to its mana cost. (Exile a creature card from your graveyard and pay its embalm cost: Create a token that's a copy of it, except it's a white Zombie in addition to its other types with no mana cost. Embalm only as a sorcery.)\nWhenever chaos ensues, you may discard a card. If you do, draw a card."
Megaflora Jungle,0.0,None,None,None,['Plane'],['Gargantikar'],Common,MOC,None,None,None,"Each creature with mana value 2 or less gets +2/+2.\nWhenever chaos ensues, create a 1/1 green Insect creature token with flying named Butterfly."
Littjara,0.0,None,None,None,['Plane'],['Kaldheim'],Common,MOC,None,None,None,"When you planeswalk to Littjara and at the beginning of your upkeep, create a 2/2 blue Shapeshifter creature token with changeling. (It is every creature type.)\nWhenever chaos ensues, choose a creature type. Put a +1/+1 counter on each creature you control of that type."
Ketria,0.0,None,None,None,['Plane'],['Ikoria'],Common,MOC,None,None,None,"When you planeswalk to Ketria and at the beginning of your upkeep, put your choice of a vigilance, menace, or trample counter on target creature you control.\nWhenever chaos ensues, exile cards from the top of your library until you exile a nonland permanent card. Put that card onto the battlefield or into your hand."
Inys Haen,0.0,None,None,None,['Plane'],['Cridhe'],Common,MOC,None,None,None,"When you planeswalk to Inys Haen and at the beginning of your upkeep, mill three cards.\nWhen you planeswalk away from Inys Haen, each player returns all land cards from their graveyard to the battlefield tapped.\nWhenever chaos ensues, return target nonland card from your graveyard to your hand."
The Great Aerie,0.0,None,None,None,['Plane'],['Tarkir'],Common,MOC,None,None,None,"When you planeswalk to The Great Aerie and at the beginning of your upkeep, bolster 3. (Choose a creature with the least toughness among creatures you control and put three +1/+1 counters on it.)\nWhenever chaos ensues, choose up to one target creature you control and up to one target creature an opponent controls. Each of those creatures deals damage equal to its toughness to the other."
The Golden City of Orazca,0.0,None,None,None,['Plane'],['Ixalan'],Common,MOC,None,None,None,"Ascend (If you control ten or more permanents, you get the city's blessing for the rest of the game.)\nWhenever one or more creatures you control deal combat damage to a player, create a Treasure token. Then draw a card if you have the city's blessing.\nWhenever chaos ensues, you may put a permanent card from your hand onto the battlefield tapped."
Ghirapur,0.0,None,None,None,['Plane'],['Kaladesh'],Common,MOC,None,None,None,"At the beginning of combat on your turn, until end of turn, each noncreature, non-Vehicle artifact you control becomes a 5/3 Vehicle in addition to its other types and gains trample, haste, and crew 2.\nWhenever chaos ensues, return target noncreature artifact card from your graveyard to your hand."
The Fertile Lands of Saulvinia,0.0,None,None,None,['Plane'],['Antausia'],Common,MOC,None,None,None,"Whenever a player taps a land for mana, that player adds one mana of any type that land produced.\nWhenever chaos ensues, reveal cards from the top of your planar deck until you reveal a plane card. Chaos ensues on that plane. Then put all cards revealed this way on the bottom of your planar deck in any order."
Esper,0.0,None,None,None,['Plane'],['Alara'],Common,MOC,None,None,None,"Artifact spells cost {1} less to cast.\nWhenever chaos ensues, creatures you control that are white, blue, and/or black become artifacts in addition to their other types until end of turn. Then each artifact creature you control gains vigilance, menace, and lifelink until end of turn."
Enigma Ridges,0.0,None,None,None,['Plane'],['Echoir'],Common,MOC,None,None,None,"When you planeswalk to Enigma Ridges, each player who controls fewer lands than the player who controls the most lands searches their library for a number of basic land cards less than or equal to the difference, reveals them, puts them into their hand, then shuffles.\nWhenever chaos ensues, draw a card, then you may put a land card from your hand onto the battlefield."
The Caldaia,0.0,None,None,None,['Plane'],['Capenna'],Common,MOC,None,None,None,"Creature spells you cast from your hand have blitz {3}. (If you cast a spell for its blitz cost, it gains haste and ""When this creature dies, draw a card."" Sacrifice it at the beginning of the next end step.)\nWhenever chaos ensues, return target creature card from your graveyard to your hand."
Ichor Elixir,4.0,None,None,None,['Artifact'],None,Rare,MOC,None,None,None,"If you would roll one or more planar dice, instead roll that many planar dice plus one and ignore one.\n{T}: Add {C}{C}."
"Bitterthorn, Nissa's Animus",3.0,None,None,['Legendary'],['Artifact'],['Equipment'],Rare,MOC,None,None,None,"Living weapon (When this Equipment enters the battlefield, create a 0/0 black Phyrexian Germ creature token, then attach this to it.)\nEquipped creature gets +1/+1.\nWhenever equipped creature attacks, you may search your library for a basic land card, put it onto the battlefield tapped, then shuffle.\nEquip {3}"
Wildfire Awakener,3.0,"['R', 'W']","['R', 'W']",None,['Creature'],"['Human', 'Wizard']",Rare,MOC,3,2,None,"Convoke (Your creatures can help cast this spell. Each creature you tap while casting this spell pays for {1} or one mana of that creature's color.)\nWhen Wildfire Awakener enters the battlefield, create X 1/1 red Elemental creature tokens with ""Whenever this creature becomes tapped, it deals 1 damage to target player."""
Vodalian Wave-Knight,4.0,"['U', 'W']","['U', 'W']",None,['Creature'],"['Merfolk', 'Knight']",Rare,MOC,3,3,None,"Whenever you draw a card, put a +1/+1 counter on each other Merfolk and/or Knight you control."
Mistmeadow Vanisher,3.0,"['U', 'W']","['U', 'W']",None,['Creature'],"['Kithkin', 'Wizard']",Rare,MOC,3,2,None,"Whenever Mistmeadow Vanisher becomes tapped, exile up to one target nonland, nontoken permanent. Return that card to the battlefield under its owner's control at the beginning of the next end step."
Flockchaser Phantom,6.0,"['U', 'W']","['U', 'W']",None,['Creature'],['Spirit'],Rare,MOC,5,5,None,"Convoke (Your creatures can help cast this spell. Each creature you tap while casting this spell pays for {1} or one mana of that creature's color.)\nFlying, vigilance\nWhenever Flockchaser Phantom attacks, the next spell you cast this turn has convoke."
Cutthroat Negotiator,4.0,"['R', 'U']","['R', 'U']",None,['Creature'],"['Orc', 'Pirate']",Rare,MOC,4,3,None,"Parley — Whenever Cutthroat Negotiator attacks, each player reveals the top card of their library. For each nonland card revealed this way, you create a tapped Treasure token. Then each player draws a card."
Sandsteppe War Riders,4.0,['G'],['G'],None,['Creature'],"['Human', 'Warrior']",Rare,MOC,4,4,None,"Trample\nAt the beginning of combat on your turn, bolster X, where X is the number of differently named artifact tokens you control. (Choose a creature with the least toughness among creatures you control and put X +1/+1 counters on it.)"
Path of the Animist,4.0,['G'],['G'],None,['Sorcery'],None,Rare,MOC,None,None,None,"Search your library for up to two basic land cards, put them onto the battlefield tapped, then shuffle.\nWill of the Planeswalkers — Starting with you, each player votes for planeswalk or chaos. If planeswalk gets more votes, planeswalk. If chaos gets more votes or the vote is tied, chaos ensues."
Emergent Woodwurm,7.0,['G'],['G'],None,['Creature'],['Wurm'],Rare,MOC,4,4,None,"Backup 3 (When this creature enters the battlefield, put three +1/+1 counters on target creature. If that's another creature, it gains the following ability until end of turn.)\nWhenever this creature attacks, look at the top X cards of your library, where X is its power. You may put a permanent card with mana value X or less from among them onto the battlefield. Put the rest on the bottom of your library in a random order."
Conclave Sledge-Captain,6.0,['G'],['G'],None,['Creature'],"['Elephant', 'Soldier']",Rare,MOC,4,4,None,"Backup 1, backup 1, backup 1 (When this creature enters the battlefield, put a +1/+1 counter on target creature. If that's another creature, it gains the following abilities until end of turn. Each backup ability triggers separately.)\nTrample\nWhenever this creature deals combat damage to a player, put that many +1/+1 counters on it."
Uncivil Unrest,5.0,['R'],['R'],None,['Enchantment'],None,Rare,MOC,None,None,None,"Nontoken creatures you control have riot. (They enter the battlefield with your choice of a +1/+1 counter or haste.)\nIf a creature you control with a +1/+1 counter on it would deal damage to a permanent or player, it deals double that damage instead."
Path of the Pyromancer,5.0,['R'],['R'],None,['Sorcery'],None,Rare,MOC,None,None,None,"Discard all the cards in your hand. Add {R} for each card discarded this way, then draw that many cards plus one.\nWill of the Planeswalkers — Starting with you, each player votes for planeswalk or chaos. If planeswalk gets more votes, planeswalk. If chaos gets more votes or the vote is tied, chaos ensues."
Pain Distributor,3.0,['R'],['R'],None,['Creature'],"['Devil', 'Citizen']",Rare,MOC,2,3,None,"Menace\nWhenever a player casts their first spell each turn, they create a Treasure token.\nWhenever an artifact an opponent controls is put into a graveyard from the battlefield, Pain Distributor deals 1 damage to that player."
Improbable Alliance,2.0,"['R', 'U']","['R', 'U']",None,['Enchantment'],None,Uncommon,MOC,None,None,None,"Whenever you draw your second card each turn, create a 1/1 blue Faerie creature token with flying.\n{4}{U}{R}: Draw a card, then discard a card."
Mirror-Style Master,6.0,['R'],['R'],None,['Creature'],"['Human', 'Warrior']",Rare,MOC,3,3,None,"Backup 1 (When this creature enters the battlefield, put a +1/+1 counter on target creature. If that's another creature, it gains the following ability until end of turn.)\nWhenever this creature attacks, for each attacking modified creature you control, create a tapped and attacking token that's a copy of that creature. Exile those tokens at end of combat. (Equipment, Auras you control, and counters are modifications.)"
Hedron Detonator,3.0,['R'],['R'],None,['Creature'],"['Goblin', 'Artificer']",Rare,MOC,2,3,None,"Whenever an artifact enters the battlefield under your control, Hedron Detonator deals 1 damage to target opponent.\n{T}, Sacrifice two artifacts: Exile the top card of your library. You may play that card this turn."
Death-Greeter's Champion,3.0,['R'],['R'],None,['Creature'],"['Human', 'Warrior']",Rare,MOC,2,1,None,"Dash {3}{R} (You may cast this spell for its dash cost. If you do, it gains haste, and it's returned from the battlefield to its owner's hand at the beginning of the next end step.)\nBackup 1 (When this creature enters the battlefield, put a +1/+1 counter on target creature. If that's another creature, it gains the following ability until end of turn.)\nDouble strike"
Dance with Calamity,8.0,['R'],['R'],None,['Sorcery'],None,Rare,MOC,None,None,None,"Shuffle your library. As many times as you choose, you may exile the top card of your library. If the total mana value of the cards exiled this way is 13 or less, you may cast any number of spells from among those cards without paying their mana costs."
Path of the Schemer,5.0,['B'],['B'],None,['Sorcery'],None,Rare,MOC,None,None,None,"Each player mills two cards. Then you put a creature card from a graveyard onto the battlefield under your control. It's an artifact in addition to its other types.\nWill of the Planeswalkers — Starting with you, each player votes for planeswalk or chaos. If planeswalk gets more votes, planeswalk. If chaos gets more votes or the vote is tied, chaos ensues."
Locthwain Lancer,5.0,['B'],['B'],None,['Creature'],"['Human', 'Knight']",Rare,MOC,5,5,None,"Menace\nWhenever a nontoken Knight you control dies, each opponent loses 1 life and you draw a card."
Exsanguinator Cavalry,3.0,['B'],['B'],None,['Creature'],"['Vampire', 'Knight']",Rare,MOC,2,3,None,"Menace, lifelink\nWhenever a Knight you control deals combat damage to a player, put a +1/+1 counter on that creature and create a Blood token. (It's an artifact with ""{1}, {T}, Discard a card, Sacrifice this artifact: Draw a card."")"
Blight Titan,6.0,['B'],['B'],None,['Creature'],"['Phyrexian', 'Giant']",Rare,MOC,6,6,None,"Deathtouch\nWhenever Blight Titan enters the battlefield or attacks, mill two cards, then incubate X, where X is the number of creature cards in your graveyard. (Create an Incubator token with X +1/+1 counters on it and ""{2}: Transform this artifact."" It transforms into a 0/0 Phyrexian artifact creature.)"
Schema Thief,4.0,['U'],['U'],None,['Creature'],"['Vedalken', 'Rogue', 'Artificer']",Rare,MOC,3,3,None,"Flying\nWhenever Schema Thief deals combat damage to a player, create a token that's a copy of target artifact that player controls."
Path of the Enigma,5.0,['U'],['U'],None,['Sorcery'],None,Rare,MOC,None,None,None,"Target player draws four cards.\nWill of the Planeswalkers — Starting with you, each player votes for planeswalk or chaos. If planeswalk gets more votes, planeswalk. If chaos gets more votes or the vote is tied, chaos ensues."
Herald of Hoofbeats,4.0,['U'],['U'],None,['Creature'],"['Human', 'Knight']",Rare,MOC,3,3,None,Horsemanship (This creature can't be blocked except by creatures with horsemanship.)\nOther Knights you control have horsemanship.
Deluxe Dragster,5.0,['U'],['U'],None,['Artifact'],['Vehicle'],Rare,MOC,4,3,None,"Deluxe Dragster can't be blocked except by Vehicles.\nWhenever Deluxe Dragster deals combat damage to a player, you may cast target instant or sorcery card from that player's graveyard without paying its mana cost. If that spell would be put into a graveyard, exile it instead.\nCrew 2"
Forgotten Ancient,4.0,['G'],['G'],None,['Creature'],['Elemental'],Rare,MOC,0,3,None,"Whenever a player casts a spell, you may put a +1/+1 counter on Forgotten Ancient.\nAt the beginning of your upkeep, you may move any number of +1/+1 counters from Forgotten Ancient onto other creatures."
Genesis Hydra,2.0,['G'],['G'],None,['Creature'],"['Plant', 'Hydra']",Rare,MOC,0,0,None,"When you cast this spell, reveal the top X cards of your library. You may put a nonland permanent card with mana value X or less from among them onto the battlefield. Then shuffle the rest into your library.\nGenesis Hydra enters the battlefield with X +1/+1 counters on it."
Wand of the Worldsoul,3.0,['W'],['W'],None,['Artifact'],None,Rare,MOC,None,None,None,Wand of the Worldsoul enters the battlefield tapped.\n{T}: Add {W}.\n{T}: The next spell you cast this turn has convoke.
Vulpine Harvester,4.0,['W'],['W'],None,['Creature'],"['Phyrexian', 'Fox']",Rare,MOC,3,3,None,"Whenever one or more Phyrexians you control attack, return target artifact card from your graveyard to the battlefield if its mana value is less than or equal to their total power."
Path of the Ghosthunter,2.0,['W'],['W'],None,['Sorcery'],None,Rare,MOC,None,None,None,"Create X 1/1 white Spirit creature tokens with flying.\nWill of the Planeswalkers — Starting with you, each player votes for planeswalk or chaos. If planeswalk gets more votes, planeswalk. If chaos gets more votes or the vote is tied, chaos ensues."
Nesting Dovehawk,4.0,['W'],['W'],None,['Creature'],['Bird'],Rare,MOC,2,2,None,"Flying\nAt the beginning of combat on your turn, populate. (Create a token that's a copy of a creature token you control.)\nWhenever a creature token enters the battlefield under your control, put a +1/+1 counter on Nesting Dovehawk."
"Brimaz, Blight of Oreskos",4.0,"['B', 'W']","['B', 'W']",['Legendary'],['Creature'],"['Phyrexian', 'Cat']",Mythic,MOC,3,4,None,"Whenever you cast a Phyrexian creature or artifact creature spell, incubate X, where X is that spell's mana value. (Create an Incubator token with X +1/+1 counters on it and ""{2}: Transform this artifact."" It transforms into a 0/0 Phyrexian artifact creature.)\nAt the beginning of each end step, if a Phyrexian died under your control this turn, proliferate."
Darksteel Splicer,7.0,['W'],['W'],None,['Creature'],"['Phyrexian', 'Artificer']",Rare,MOC,1,1,None,"Whenever Darksteel Splicer or another nontoken Phyrexian enters the battlefield under your control, create X 3/3 colorless Phyrexian Golem artifact creature tokens, where X is the number of opponents you have.\nGolems you control have indestructible."
Filigree Vector,4.0,['W'],['W'],None,"['Artifact', 'Creature']","['Phyrexian', 'Construct']",Rare,MOC,1,1,None,"When Filigree Vector enters the battlefield, put a +1/+1 counter on each of any number of target creatures and a charge counter on each of any number of target artifacts.\n{1}, {T}, Sacrifice another artifact: Proliferate. (Choose any number of permanents and/or players, then give each another counter of each kind already there.)"
Guardian Scalelord,5.0,['W'],['W'],None,['Creature'],['Dragon'],Rare,MOC,3,4,None,"Backup 1 (When this creature enters the battlefield, put a +1/+1 counter on target creature. If that's another creature, it gains the following abilities until end of turn.)\nFlying\nWhenever this creature attacks, return target nonland permanent card with mana value X or less from your graveyard to the battlefield, where X is this creature's power."
Excise the Imperfect,3.0,['W'],['W'],None,['Instant'],None,Rare,MOC,None,None,None,"Exile target nonland permanent. Its controller incubates X, where X is its mana value. (They create an Incubator token with X +1/+1 counters on it and ""{2}: Transform this artifact."" It transforms into a 0/0 Phyrexian artifact creature.)"
Conjurer's Mantle,2.0,['W'],['W'],None,['Artifact'],['Equipment'],Rare,MOC,None,None,None,"Equipped creature gets +1/+1 and has vigilance.\nWhenever equipped creature attacks, look at the top six cards of your library. You may reveal a card that shares a creature type with that creature from among them and put it into your hand. Put the rest on the bottom of your library in a random order.\nEquip {1}"
Chivalric Alliance,2.0,['W'],['W'],None,['Enchantment'],None,Rare,MOC,None,None,None,"Whenever you attack with two or more creatures, draw a card.\n{2}, Discard a card: Create a 2/2 white and blue Knight creature token with vigilance."
Shalai and Hallar,4.0,"['G', 'R', 'W']","['G', 'R', 'W']",['Legendary'],['Creature'],"['Angel', 'Elf']",Mythic,MOC,3,3,None,"Flying, vigilance\nWhenever one or more +1/+1 counters are put on a creature you control, Shalai and Hallar deals that much damage to target opponent."
Saint Traft and Rem Karolus,3.0,"['R', 'U', 'W']","['R', 'U', 'W']",['Legendary'],['Creature'],"['Spirit', 'Human']",Mythic,MOC,3,4,None,"Whenever Saint Traft and Rem Karolus becomes tapped, create a 1/1 red Human creature token if this is the first time this ability has resolved this turn. If it's the second time, create a 1/1 blue Spirit creature token with flying. If it's the third time, create a 4/4 white Angel creature token with flying.\nWhenever you cast a spell that has convoke, untap Saint Traft and Rem Karolus."
Rashmi and Ragavan,4.0,"['G', 'R', 'U']","['G', 'R', 'U']",['Legendary'],['Creature'],"['Elf', 'Monkey']",Mythic,MOC,2,4,None,"Whenever you cast your first spell during each of your turns, exile the top card of target opponent's library and create a Treasure token. Then you may cast the exiled card without paying its mana cost if it's a spell with mana value less than the number of artifacts you control. If you don't cast it this way, you may cast it this turn."
"Gimbal, Gremlin Prodigy",5.0,"['G', 'R', 'U']","['G', 'R', 'U']",['Legendary'],['Creature'],"['Gremlin', 'Artificer']",Mythic,MOC,4,4,None,"Artifact creatures you control have trample.\nAt the beginning of your end step, create a 0/0 red Gremlin artifact creature token. Put X +1/+1 counters on it, where X is the number of differently named artifact tokens you control."
Moira and Teshar,5.0,"['B', 'W']","['B', 'W']",['Legendary'],['Creature'],"['Phyrexian', 'Spirit', 'Bird']",Mythic,MOC,4,5,None,"Flying\nWhenever you cast a historic spell, return target nonland permanent card from your graveyard to the battlefield. It gains haste. Exile it at the beginning of the next end step. If it would leave the battlefield, exile it instead of putting it anywhere else. (Artifacts, legendaries, and Sagas are historic.)"
"Bright-Palm, Soul Awakener",4.0,"['G', 'R', 'W']","['G', 'R', 'W']",['Legendary'],['Creature'],"['Fox', 'Shaman']",Mythic,MOC,4,3,None,"Backup 1 (When this creature enters the battlefield, put a +1/+1 counter on target creature. If that's another creature, it gains the following ability until end of turn.)\nWhenever this creature attacks, double the number of +1/+1 counters on target creature. That creature can't be blocked by creatures with power 2 or less this turn."
Elenda and Azor,6.0,"['B', 'U', 'W']","['B', 'U', 'W']",['Legendary'],['Creature'],"['Vampire', 'Knight', 'Sphinx']",Mythic,MOC,6,6,None,"Flying, ward {2}\nWhenever Elenda and Azor attacks, you may pay {X}{W}{U}{B}. If you do, draw X cards.\nAt the beginning of each end step, you may pay 4 life. If you do, create a number of 1/1 black Vampire Knight creature tokens with lifelink equal to the number of cards you've drawn this turn."
Sidar Jabari of Zhalfir,4.0,"['B', 'U', 'W']","['B', 'U', 'W']",['Legendary'],['Creature'],"['Human', 'Knight']",Mythic,MOC,4,3,None,"Eminence — Whenever you attack with one or more Knights, if Sidar Jabari of Zhalfir is in the command zone or on the battlefield, draw a card, then discard a card.\nFlying, first strike\nWhenever Sidar Jabari deals combat damage to a player, return target Knight creature card from your graveyard to the battlefield."
"Kasla, the Broken Halo",6.0,"['R', 'U', 'W']","['R', 'U', 'W']",['Legendary'],['Creature'],"['Angel', 'Ally']",Mythic,MOC,5,4,None,"Convoke (Your creatures can help cast this spell. Each creature you tap while casting this spell pays for {1} or one mana of that creature's color.)\nFlying, vigilance, haste\nWhenever you cast another spell that has convoke, scry 2, then draw a card."
Heaven // Earth,3.0,['G'],"['G', 'R']",None,['Instant'],None,Rare,MOC,None,None,None,Heaven deals X damage to each creature with flying.
