Name,CMC,Colors,Color identity,Supertypes,Types,Subtypes,Rarity,Set,Power,Toughness,Loyalty,Text
Cruel Celebrant,2.0,"['B', 'W']","['B', 'W']",None,['Creature'],['Vampire'],Uncommon,PLIST,1,2,None,"Whenever Cruel Celebrant or another creature or planeswalker you control dies, each opponent loses 1 life and you gain 1 life."
Belligerent Brontodon,7.0,"['G', 'W']","['G', 'W']",None,['Creature'],['Dinosaur'],Uncommon,PLIST,4,6,None,Each creature you control assigns combat damage equal to its toughness rather than its power.
Witchstalker,3.0,['G'],['G'],None,['Creature'],['Wolf'],Rare,PLIST,3,3,None,"Hexproof (This creature can't be the target of spells or abilities your opponents control.)\nWhenever an opponent casts a blue or black spell during your turn, put a +1/+1 counter on Witchstalker."
Strangleroot Geist,2.0,['G'],['G'],None,['Creature'],['Spirit'],Uncommon,PLIST,2,1,None,"Haste\nUndying (When this creature dies, if it had no +1/+1 counters on it, return it to the battlefield under its owner's control with a +1/+1 counter on it.)"
Song of Freyalise,2.0,['G'],['G'],None,['Enchantment'],['Saga'],Uncommon,PLIST,None,None,None,"(As this Saga enters and after your draw step, add a lore counter. Sacrifice after III.)\nI, II — Until your next turn, creatures you control gain ""{T}: Add one mana of any color.""\nIII — Put a +1/+1 counter on each creature you control. Those creatures gain vigilance, trample, and indestructible until end of turn."
Pir's Whim,4.0,['G'],['G'],None,['Sorcery'],None,Rare,PLIST,None,None,None,"For each player, choose friend or foe. Each friend searches their library for a land card, puts it onto the battlefield tapped, then shuffles. Each foe sacrifices an artifact or enchantment they control."
"Skullbriar, the Walking Grave",2.0,"['B', 'G']","['B', 'G']",['Legendary'],['Creature'],"['Zombie', 'Elemental']",Rare,PLIST,1,1,None,"Haste\nWhenever Skullbriar, the Walking Grave deals combat damage to a player, put a +1/+1 counter on it.\nCounters remain on Skullbriar as it moves to any zone other than a player's hand or library."
"Lorthos, the Tidemaker",8.0,['U'],['U'],['Legendary'],['Creature'],['Octopus'],Mythic,PLIST,8,8,None,"Whenever Lorthos, the Tidemaker attacks, you may pay {8}. If you do, tap up to eight target permanents. Those permanents don't untap during their controllers' next untap steps."
Noxious Revival,1.0,['G'],['G'],None,['Instant'],None,Uncommon,PLIST,None,None,None,({G/P} can be paid with either {G} or 2 life.)\nPut target card from a graveyard on top of its owner's library.
Latchkey Faerie,4.0,['U'],['U'],None,['Creature'],"['Faerie', 'Rogue']",Common,PLIST,3,1,None,"Flying\nProwl {2}{U} (You may cast this for its prowl cost if you dealt combat damage to a player this turn with a Faerie or Rogue.)\nWhen Latchkey Faerie enters the battlefield, if its prowl cost was paid, draw a card."
Mongrel Pack,4.0,['G'],['G'],None,['Creature'],['Dog'],Rare,PLIST,4,1,None,"When Mongrel Pack dies during combat, create four 1/1 green Dog creature tokens."
Keeper of the Nine Gales,3.0,['U'],['U'],None,['Creature'],"['Bird', 'Wizard']",Rare,PLIST,1,2,None,"Flying\n{T}, Tap two untapped Birds you control: Return target permanent to its owner's hand."
"Karador, Ghost Chieftain",8.0,"['B', 'G', 'W']","['B', 'G', 'W']",['Legendary'],['Creature'],"['Centaur', 'Spirit']",Mythic,PLIST,3,4,None,"This spell costs {1} less to cast for each creature card in your graveyard.\nDuring each of your turns, you may cast a creature spell from your graveyard."
Jwari Shapeshifter,2.0,['U'],['U'],None,['Creature'],"['Shapeshifter', 'Ally']",Rare,PLIST,0,0,None,You may have Jwari Shapeshifter enter the battlefield as a copy of any Ally creature on the battlefield.
Joraga Treespeaker,1.0,['G'],['G'],None,['Creature'],"['Elf', 'Druid']",Uncommon,PLIST,1,1,None,"Level up {1}{G} ({1}{G}: Put a level counter on this. Level up only as a sorcery.)\nLEVEL 1-4\n1/2\n{T}: Add {G}{G}.\nLEVEL 5+\n1/4\nElves you control have ""{T}: Add {G}{G}."""
"Ixidor, Reality Sculptor",5.0,['U'],['U'],['Legendary'],['Creature'],"['Human', 'Wizard']",Rare,PLIST,3,4,None,Face-down creatures get +1/+1.\n{2}{U}: Turn target face-down creature face up.
Gutter Grime,5.0,['G'],['G'],None,['Enchantment'],None,Rare,PLIST,None,None,None,"Whenever a nontoken creature you control dies, put a slime counter on Gutter Grime, then create a green Ooze creature token with ""This creature's power and toughness are each equal to the number of slime counters on Gutter Grime."""
Forced Fruition,6.0,['U'],['U'],None,['Enchantment'],None,Rare,PLIST,None,None,None,"Whenever an opponent casts a spell, that player draws seven cards."
Exuberant Wolfbear,4.0,['G'],['G'],None,['Creature'],"['Wolf', 'Bear']",Uncommon,PLIST,4,4,None,"Whenever Exuberant Wolfbear attacks, you may change the base power and toughness of target Human you control to Exuberant Wolfbear's power and toughness until end of turn."
Fabricate,3.0,['U'],['U'],None,['Sorcery'],None,Uncommon,PLIST,None,None,None,"Search your library for an artifact card, reveal it, put it into your hand, then shuffle."
Deathcoil Wurm,8.0,['G'],['G'],None,['Creature'],['Wurm'],Rare,PLIST,7,6,None,You may have Deathcoil Wurm assign its combat damage as though it weren't blocked.
Eye of the Storm,7.0,['U'],['U'],None,['Enchantment'],None,Rare,PLIST,None,None,None,"Whenever a player casts an instant or sorcery card, exile it. Then that player copies each instant or sorcery card exiled with Eye of the Storm. For each copy, the player may cast the copy without paying its mana cost."
Cult of the Waxing Moon,5.0,['G'],['G'],None,['Creature'],"['Human', 'Shaman']",Uncommon,PLIST,5,4,None,"Whenever a permanent you control transforms into a non-Human creature, create a 2/2 green Wolf creature token."
Tree of Tales,0.0,None,['G'],None,"['Artifact', 'Land']",None,Common,PLIST,None,None,None,{T}: Add {G}.
Commencement of Festivities,2.0,['G'],['G'],None,['Instant'],None,Common,PLIST,None,None,None,Prevent all combat damage that would be dealt to players this turn.
Everflowing Chalice,0.0,None,None,None,['Artifact'],None,Uncommon,PLIST,None,None,None,Multikicker {2} (You may pay an additional {2} any number of times as you cast this spell.)\nEverflowing Chalice enters the battlefield with a charge counter on it for each time it was kicked.\n{T}: Add {C} for each charge counter on Everflowing Chalice.
Assault Formation,2.0,['G'],['G'],None,['Enchantment'],None,Uncommon,PLIST,None,None,None,Each creature you control assigns combat damage equal to its toughness rather than its power.\n{G}: Target creature with defender can attack this turn as though it didn't have defender.\n{2}{G}: Creatures you control get +0/+1 until end of turn.
Erratic Portal,4.0,None,None,None,['Artifact'],None,Rare,PLIST,None,None,None,"{1}, {T}: Return target creature to its owner's hand unless its controller pays {1}."
Vow of Lightning,3.0,['R'],['R'],None,['Enchantment'],['Aura'],Uncommon,PLIST,None,None,None,"Enchant creature\nEnchanted creature gets +2/+2, has first strike, and can't attack you or planeswalkers you control."
Electrostatic Pummeler,3.0,None,None,None,"['Artifact', 'Creature']",['Construct'],Rare,PLIST,1,1,None,"When Electrostatic Pummeler enters the battlefield, you get {E}{E}{E} (three energy counters).\nPay {E}{E}{E}: Electrostatic Pummeler gets +X/+X until end of turn, where X is its power."
Crimson Muckwader,2.0,['R'],"['B', 'R']",None,['Creature'],['Lizard'],Uncommon,PLIST,2,1,None,"Crimson Muckwader gets +1/+1 as long as you control a Swamp.\n{2}{B}: Regenerate Crimson Muckwader. (The next time this creature would be destroyed this turn, it isn't. Instead tap it, remove all damage from it, and remove it from combat.)"
Door to Nothingness,5.0,None,"['B', 'G', 'R', 'U', 'W']",None,['Artifact'],None,Rare,PLIST,None,None,None,"Door to Nothingness enters the battlefield tapped.\n{W}{W}{U}{U}{B}{B}{R}{R}{G}{G}, {T}, Sacrifice Door to Nothingness: Target player loses the game."
Chandra Nalaar,5.0,['R'],['R'],['Legendary'],['Planeswalker'],['Chandra'],Mythic,PLIST,None,None,6,[+1]: Chandra Nalaar deals 1 damage to target player or planeswalker.\n[−X]: Chandra Nalaar deals X damage to target creature.\n[−8]: Chandra Nalaar deals 10 damage to target player or planeswalker and each creature that player or that planeswalker's controller controls.
Crown of Empires,2.0,None,None,None,['Artifact'],None,Uncommon,PLIST,None,None,None,"{3}, {T}: Tap target creature. Gain control of that creature instead if you control artifacts named Scepter of Empires and Throne of Empires."
Ceremonial Guard,3.0,['R'],['R'],None,['Creature'],"['Human', 'Soldier']",Common,PLIST,3,4,None,"When Ceremonial Guard attacks or blocks, destroy it at end of combat."
Contagion Engine,6.0,None,None,None,['Artifact'],None,Rare,PLIST,None,None,None,"When Contagion Engine enters the battlefield, put a -1/-1 counter on each creature target player controls.\n{4}, {T}: Proliferate, then proliferate again. (Choose any number of permanents and/or players, then give each another counter of each kind already there. Then do it again.)"
Boiling Blood,3.0,['R'],['R'],None,['Instant'],None,Common,PLIST,None,None,None,Target creature attacks this turn if able.\nDraw a card.
Clearwater Goblet,5.0,None,None,None,['Artifact'],None,Rare,PLIST,None,None,None,"Sunburst (This enters the battlefield with a charge counter on it for each color of mana spent to cast it.)\nAt the beginning of your upkeep, you may gain life equal to the number of charge counters on Clearwater Goblet."
Blood Rites,5.0,['R'],['R'],None,['Enchantment'],None,Uncommon,PLIST,None,None,None,"{1}{R}, Sacrifice a creature: Blood Rites deals 2 damage to any target."
The Chain Veil,4.0,None,None,['Legendary'],['Artifact'],None,Mythic,PLIST,None,None,None,"At the beginning of your end step, if you didn't activate a loyalty ability of a planeswalker this turn, you lose 2 life.\n{4}, {T}: For each planeswalker you control, you may activate one of its loyalty abilities once this turn as though none of its loyalty abilities have been activated this turn."
Blood Moon,3.0,['R'],['R'],None,['Enchantment'],None,Rare,PLIST,None,None,None,Nonbasic lands are Mountains.
Bonehoard,4.0,None,None,None,['Artifact'],['Equipment'],Rare,PLIST,None,None,None,"Living weapon (When this Equipment enters the battlefield, create a 0/0 black Phyrexian Germ creature token, then attach this to it.)\nEquipped creature gets +X/+X, where X is the number of creature cards in all graveyards.\nEquip {2}"
Wall of Blood,3.0,['B'],['B'],None,['Creature'],['Wall'],Uncommon,PLIST,0,2,None,Defender (This creature can't attack.)\nPay 1 life: Wall of Blood gets +1/+1 until end of turn.
Blight Sickle,2.0,None,None,None,['Artifact'],['Equipment'],Common,PLIST,None,None,None,Equipped creature gets +1/+0 and has wither. (It deals damage to creatures in the form of -1/-1 counters.)\nEquip {2}
Profaner of the Dead,4.0,['U'],['U'],None,['Creature'],"['Naga', 'Wizard']",Rare,PLIST,3,3,None,"Exploit (When this creature enters the battlefield, you may sacrifice a creature.)\nWhen Profaner of the Dead exploits a creature, return to their owners' hands all creatures your opponents control with toughness less than the exploited creature's toughness."
Arcum's Astrolabe,1.0,None,None,['Snow'],['Artifact'],None,Common,PLIST,None,None,None,"({S} can be paid with one mana from a snow source.)\nWhen Arcum's Astrolabe enters the battlefield, draw a card.\n{1}, {T}: Add one mana of any color."
Sorin's Vengeance,7.0,['B'],['B'],None,['Sorcery'],None,Rare,PLIST,None,None,None,Sorin's Vengeance deals 10 damage to target player or planeswalker and you gain 10 life.
Arcbound Slith,2.0,None,None,None,"['Artifact', 'Creature']",['Slith'],Uncommon,PLIST,0,0,None,"Whenever Arcbound Slith deals combat damage to a player, put a +1/+1 counter on it.\nModular 1 (This creature enters the battlefield with a +1/+1 counter on it. When it dies, you may put its +1/+1 counters on target artifact creature.)"
Vampiric Feast,7.0,['B'],['B'],None,['Sorcery'],None,Uncommon,PLIST,None,None,None,Vampiric Feast deals 4 damage to any target and you gain 4 life.
Akroma's Memorial,7.0,None,None,['Legendary'],['Artifact'],None,Rare,PLIST,None,None,None,"Creatures you control have flying, first strike, vigilance, trample, haste, and protection from black and from red."
Vampiric Tutor,1.0,['B'],['B'],None,['Instant'],None,Mythic,PLIST,None,None,None,"Search your library for a card, then shuffle and put that card on top. You lose 2 life."
Acorn Catapult,4.0,None,None,None,['Artifact'],None,Rare,PLIST,None,None,None,"{1}, {T}: Acorn Catapult deals 1 damage to any target. That permanent's controller or that player creates a 1/1 green Squirrel creature token."
Twilight Prophet,4.0,['B'],['B'],None,['Creature'],"['Vampire', 'Cleric']",Mythic,PLIST,2,4,None,"Flying\nAscend (If you control ten or more permanents, you get the city's blessing for the rest of the game.)\nAt the beginning of your upkeep, if you have the city's blessing, reveal the top card of your library and put it into your hand. Each opponent loses X life and you gain X life, where X is that card's mana value."
Sorin Markov,6.0,['B'],['B'],['Legendary'],['Planeswalker'],['Sorin'],Mythic,PLIST,None,None,4,[+2]: Sorin Markov deals 2 damage to any target and you gain 2 life.\n[−3]: Target opponent's life total becomes 10.\n[−7]: You control target player during that player's next turn.
Odds // Ends,7.0,"['U', 'R']","['R', 'U', 'W']",None,['Instant'],None,Rare,PLIST,None,None,None,"Flip a coin. If it comes up heads, counter target instant or sorcery spell. If it comes up tails, copy that spell and you may choose new targets for the copy."
Sign in Blood,2.0,['B'],['B'],None,['Sorcery'],None,Rare,PLIST,None,None,None,Target player draws two cards and loses 2 life.
Guul Draz Assassin,1.0,['B'],['B'],None,['Creature'],"['Vampire', 'Assassin']",Rare,PLIST,1,1,None,"Level up {1}{B} ({1}{B}: Put a level counter on this. Level up only as a sorcery.)\nLEVEL 2-3\n2/2\n{B}, {T}: Target creature gets -2/-2 until end of turn.\nLEVEL 4+\n4/4\n{B}, {T}: Target creature gets -4/-4 until end of turn."
Cut // Ribbons,4.0,['R'],"['B', 'R']",None,['Sorcery'],None,Rare,PLIST,None,None,None,Cut deals 4 damage to target creature.
Geralf's Messenger,3.0,['B'],['B'],None,['Creature'],['Zombie'],Rare,PLIST,3,2,None,"Geralf's Messenger enters the battlefield tapped.\nWhen Geralf's Messenger enters the battlefield, target opponent loses 2 life.\nUndying (When this creature dies, if it had no +1/+1 counters on it, return it to the battlefield under its owner's control with a +1/+1 counter on it.)"
Beck // Call,8.0,"['U', 'G']","['G', 'U', 'W']",None,['Sorcery'],None,Rare,PLIST,None,None,None,"Whenever a creature enters the battlefield this turn, you may draw a card.\nFuse (You may cast one or both halves of this card from your hand.)"
Exquisite Blood,5.0,['B'],['B'],None,['Enchantment'],None,Rare,PLIST,None,None,None,"Whenever an opponent loses life, you gain that much life."
Trokin High Guard,4.0,['W'],['W'],None,['Creature'],"['Human', 'Knight']",Common,PLIST,3,3,None,None
Silumgar Sorcerer,3.0,['U'],['U'],None,['Creature'],"['Human', 'Wizard']",Uncommon,PLIST,2,1,None,"Flash (You may cast this spell any time you could cast an instant.)\nFlying\nExploit (When this creature enters the battlefield, you may sacrifice a creature.)\nWhen Silumgar Sorcerer exploits a creature, counter target creature spell."
Progenitus,10.0,"['B', 'G', 'R', 'U', 'W']","['B', 'G', 'R', 'U', 'W']",['Legendary'],['Creature'],"['Hydra', 'Avatar']",Mythic,PLIST,10,10,None,"Protection from everything\nIf Progenitus would be put into a graveyard from anywhere, reveal Progenitus and shuffle it into its owner's library instead."
Cavalier of Night,5.0,['B'],['B'],None,['Creature'],"['Elemental', 'Knight']",Mythic,PLIST,4,5,None,"Lifelink\nWhen Cavalier of Night enters the battlefield, you may sacrifice another creature. When you do, destroy target creature an opponent controls.\nWhen Cavalier of Night dies, return target creature card with mana value 3 or less from your graveyard to the battlefield."
Sunscape Battlemage,3.0,['W'],"['G', 'U', 'W']",None,['Creature'],"['Human', 'Wizard']",Uncommon,PLIST,2,2,None,"Kicker {1}{G} and/or {2}{U} (You may pay an additional {1}{G} and/or {2}{U} as you cast this spell.)\nWhen Sunscape Battlemage enters the battlefield, if it was kicked with its {1}{G} kicker, destroy target creature with flying.\nWhen Sunscape Battlemage enters the battlefield, if it was kicked with its {2}{U} kicker, draw two cards."
Floodhound,1.0,['U'],['U'],None,['Creature'],"['Elemental', 'Dog']",Common,PLIST,1,2,None,"{3}, {T}: Investigate. (Create a Clue token. It's an artifact with ""{2}, Sacrifice this artifact: Draw a card."")"
Djinn Illuminatus,7.0,"['R', 'U']","['R', 'U']",None,['Creature'],['Djinn'],Rare,PLIST,3,5,None,"({U/R} can be paid with either {U} or {R}.)\nFlying\nEach instant and sorcery spell you cast has replicate. The replicate cost is equal to its mana cost. (When you cast it, copy it for each time you paid its replicate cost. You may choose new targets for the copies.)"
Blood Pet,1.0,['B'],['B'],None,['Creature'],['Thrull'],Common,PLIST,1,1,None,Sacrifice Blood Pet: Add {B}.
Springjack Shepherd,4.0,['W'],['W'],None,['Creature'],"['Kithkin', 'Wizard']",Uncommon,PLIST,1,2,None,"Chroma — When Springjack Shepherd enters the battlefield, create a 0/1 white Goat creature token for each white mana symbol in the mana costs of permanents you control."
Bloodchief Ascension,1.0,['B'],['B'],None,['Enchantment'],None,Rare,PLIST,None,None,None,"At the beginning of each end step, if an opponent lost 2 or more life this turn, you may put a quest counter on Bloodchief Ascension. (Damage causes loss of life.)\nWhenever a card is put into an opponent's graveyard from anywhere, if Bloodchief Ascension has three or more quest counters on it, you may have that player lose 2 life. If you do, you gain 2 life."
Zendikar Incarnate,4.0,"['G', 'R']","['G', 'R']",None,['Creature'],['Elemental'],Uncommon,PLIST,*,4,None,Zendikar Incarnate's power is equal to the number of lands you control.
Bad Moon,2.0,['B'],['B'],None,['Enchantment'],None,Rare,PLIST,None,None,None,Black creatures get +1/+1.
Splicer's Skill,3.0,['W'],['W'],None,['Sorcery'],None,Uncommon,PLIST,None,None,None,"Create a 3/3 colorless Phyrexian Golem artifact creature token.\nSplice onto instant or sorcery {3}{W} (As you cast an instant or sorcery spell, you may reveal this card from your hand and pay its splice cost. If you do, add this card's effects to that spell.)"
Day's Undoing,3.0,['U'],['U'],None,['Sorcery'],None,Mythic,PLIST,None,None,None,"Each player shuffles their hand and graveyard into their library, then draws seven cards. If it's your turn, end the turn. (Exile all spells and abilities from the stack, including this card. Discard down to your maximum hand size. Damage wears off, and ""this turn"" and ""until end of turn"" effects end.)"
"Omnath, Locus of Rage",7.0,"['G', 'R']","['G', 'R']",['Legendary'],['Creature'],['Elemental'],Mythic,PLIST,5,5,None,"Landfall — Whenever a land enters the battlefield under your control, create a 5/5 red and green Elemental creature token.\nWhenever Omnath, Locus of Rage or another Elemental you control dies, Omnath deals 3 damage to any target."
"Brinelin, the Moon Kraken",8.0,['U'],['U'],['Legendary'],['Creature'],['Kraken'],Uncommon,PLIST,6,8,None,"When Brinelin, the Moon Kraken enters the battlefield or whenever you cast a spell with mana value 6 or greater, you may return target nonland permanent to its owner's hand.\nPartner (You can have two commanders if both have partner.)"
Sensei Golden-Tail,2.0,['W'],['W'],['Legendary'],['Creature'],"['Fox', 'Samurai']",Rare,PLIST,2,1,None,"Bushido 1 (Whenever this creature blocks or becomes blocked, it gets +1/+1 until end of turn.)\n{1}{W}, {T}: Put a training counter on target creature. That creature gains bushido 1 and becomes a Samurai in addition to its other creature types. Activate only as a sorcery."
"Baral, Chief of Compliance",2.0,['U'],['U'],['Legendary'],['Creature'],"['Human', 'Wizard']",Special,PLIST,1,3,None,"Instant and sorcery spells you cast cost {1} less to cast.\nWhenever a spell or ability you control counters a spell, you may draw a card. If you do, discard a card."
"Oloro, Ageless Ascetic",6.0,"['B', 'U', 'W']","['B', 'U', 'W']",['Legendary'],['Creature'],"['Giant', 'Soldier']",Mythic,PLIST,4,5,None,"At the beginning of your upkeep, you gain 2 life.\nWhenever you gain life, you may pay {1}. If you do, draw a card and each opponent loses 1 life.\nAt the beginning of your upkeep, if Oloro, Ageless Ascetic is in the command zone, you gain 2 life."
Thalia's Lieutenant,2.0,['W'],['W'],None,['Creature'],"['Human', 'Soldier']",Rare,PLIST,1,1,None,"When Thalia's Lieutenant enters the battlefield, put a +1/+1 counter on each other Human you control.\nWhenever another Human enters the battlefield under your control, put a +1/+1 counter on Thalia's Lieutenant."
Necrotic Sliver,3.0,"['B', 'W']","['B', 'W']",None,['Creature'],['Sliver'],Uncommon,PLIST,2,2,None,"All Slivers have ""{3}, Sacrifice this permanent: Destroy target permanent."""
Starnheim Aspirant,3.0,['W'],['W'],None,['Creature'],"['Human', 'Cleric']",Uncommon,PLIST,2,2,None,Angel spells you cast cost {2} less to cast.
Merfolk Mistbinder,2.0,"['G', 'U']","['G', 'U']",None,['Creature'],"['Merfolk', 'Shaman']",Uncommon,PLIST,2,2,None,Other Merfolk you control get +1/+1.
Skymarcher Aspirant,1.0,['W'],['W'],None,['Creature'],"['Vampire', 'Soldier']",Uncommon,PLIST,2,1,None,"Ascend (If you control ten or more permanents, you get the city's blessing for the rest of the game.)\nSkymarcher Aspirant has flying as long as you have the city's blessing."
Lightning Angel,4.0,"['R', 'U', 'W']","['R', 'U', 'W']",None,['Creature'],['Angel'],Rare,PLIST,3,4,None,"Flying, vigilance, haste"
Second Sunrise,3.0,['W'],['W'],None,['Instant'],None,Rare,PLIST,None,None,None,"Each player returns to the battlefield all artifact, creature, enchantment, and land cards in their graveyard that were put there from the battlefield this turn."
Kingpin's Pet,3.0,"['B', 'W']","['B', 'W']",None,['Creature'],['Thrull'],Common,PLIST,2,2,None,"Flying\nExtort (Whenever you cast a spell, you may pay {W/B}. If you do, each opponent loses 1 life and you gain that much life.)"
Sanguine Sacrament,2.0,['W'],['W'],None,['Instant'],None,Rare,PLIST,None,None,None,You gain twice X life. Put Sanguine Sacrament on the bottom of its owner's library.
"Ith, High Arcanist",7.0,"['U', 'W']","['U', 'W']",['Legendary'],['Creature'],"['Human', 'Wizard']",Rare,PLIST,3,5,None,Vigilance\n{T}: Untap target attacking creature. Prevent all combat damage that would be dealt to and dealt by that creature this turn.\nSuspend 4—{W}{U}
Sacred Rites,1.0,['W'],['W'],None,['Instant'],None,Common,PLIST,None,None,None,Discard any number of cards. Creatures you control get +0/+1 until end of turn for each card discarded this way.
Zendikar Resurgent,7.0,['G'],['G'],None,['Enchantment'],None,Rare,PLIST,None,None,None,"Whenever you tap a land for mana, add one mana of any type that land produced. (The types of mana are white, blue, black, red, green, and colorless.)\nWhenever you cast a creature spell, draw a card."
"Odric, Master Tactician",4.0,['W'],['W'],['Legendary'],['Creature'],"['Human', 'Soldier']",Rare,PLIST,3,4,None,"First strike (This creature deals combat damage before creatures without first strike.)\nWhenever Odric, Master Tactician and at least three other creatures attack, you choose which creatures block this combat and how those creatures block."
"Ezuri, Claw of Progress",4.0,"['G', 'U']","['G', 'U']",['Legendary'],['Creature'],"['Phyrexian', 'Elf', 'Warrior']",Mythic,PLIST,3,3,None,"Whenever a creature with power 2 or less enters the battlefield under your control, you get an experience counter.\nAt the beginning of combat on your turn, put X +1/+1 counters on another target creature you control, where X is the number of experience counters you have."
Light of Day,4.0,['W'],['W'],None,['Enchantment'],None,Uncommon,PLIST,None,None,None,Black creatures can't attack or block.
Fiery Justice,3.0,"['G', 'R', 'W']","['G', 'R', 'W']",None,['Sorcery'],None,Rare,PLIST,None,None,None,Fiery Justice deals 5 damage divided as you choose among any number of targets. Target opponent gains 5 life.
Late to Dinner,4.0,['W'],['W'],None,['Sorcery'],None,Common,PLIST,None,None,None,"Return target creature card from your graveyard to the battlefield. Create a Food token. (It's an artifact with ""{2}, {T}, Sacrifice this artifact: You gain 3 life."")"
Godsire,8.0,"['G', 'R', 'W']","['G', 'R', 'W']",None,['Creature'],['Beast'],Mythic,PLIST,8,8,None,"Vigilance\n{T}: Create an 8/8 Beast creature token that's red, green, and white."
Benediction of Moons,1.0,['W'],['W'],None,['Sorcery'],None,Common,PLIST,None,None,None,"You gain 1 life for each player.\nHaunt (When this spell card is put into a graveyard after resolving, exile it haunting target creature.)\nWhen the creature Benediction of Moons haunts dies, you gain 1 life for each player."
Fathom Mage,4.0,"['G', 'U']","['G', 'U']",None,['Creature'],"['Human', 'Wizard']",Rare,PLIST,1,1,None,"Evolve (Whenever a creature enters the battlefield under your control, if that creature has greater power or toughness than this creature, put a +1/+1 counter on this creature.)\nWhenever a +1/+1 counter is put on Fathom Mage, you may draw a card."
Unholy Grotto,0.0,None,['B'],None,['Land'],None,Rare,PLIST,None,None,None,"{T}: Add {C}.\n{B}, {T}: Put target Zombie card from your graveyard on top of your library."
Etherium-Horn Sorcerer,6.0,"['R', 'U']","['R', 'U']",None,"['Artifact', 'Creature']","['Minotaur', 'Wizard']",Rare,PLIST,3,6,None,"{1}{U}{R}: Return Etherium-Horn Sorcerer to its owner's hand.\nCascade (When you cast this spell, exile cards from the top of your library until you exile a nonland card that costs less. You may cast it without paying its mana cost. Put the exiled cards on the bottom of your library in a random order.)"
"Orzhova, the Church of Deals",0.0,None,"['B', 'W']",None,['Land'],None,Uncommon,PLIST,None,None,None,"{T}: Add {C}.\n{3}{W}{B}, {T}: Target player loses 1 life and you gain 1 life."
Dune-Brood Nephilim,4.0,"['B', 'G', 'R', 'W']","['B', 'G', 'R', 'W']",None,['Creature'],['Nephilim'],Rare,PLIST,3,3,None,"Whenever Dune-Brood Nephilim deals combat damage to a player, create a 1/1 colorless Sand creature token for each land you control."
Karoo,0.0,None,['W'],None,['Land'],None,Uncommon,PLIST,None,None,None,"Karoo enters the battlefield tapped.\nWhen Karoo enters the battlefield, sacrifice it unless you return an untapped Plains you control to its owner's hand.\n{T}: Add {C}{W}."
"Dromar, the Banisher",6.0,"['B', 'U', 'W']","['B', 'U', 'W']",['Legendary'],['Creature'],['Dragon'],Rare,PLIST,6,6,None,"Flying\nWhenever Dromar, the Banisher deals combat damage to a player, you may pay {2}{U}. If you do, choose a color, then return all creatures of that color to their owners' hands."
Ancient Tomb,0.0,None,None,None,['Land'],None,Uncommon,PLIST,None,None,None,{T}: Add {C}{C}. Ancient Tomb deals 2 damage to you.
Diregraf Captain,3.0,"['B', 'U']","['B', 'U']",None,['Creature'],"['Zombie', 'Soldier']",Uncommon,PLIST,2,2,None,"Deathtouch\nOther Zombie creatures you control get +1/+1.\nWhenever another Zombie you control dies, target opponent loses 1 life."
Witch's Oven,1.0,None,None,None,['Artifact'],None,Uncommon,PLIST,None,None,None,"{T}, Sacrifice a creature: Create a Food token. If the sacrificed creature's toughness was 4 or greater, create two Food tokens instead. (They're artifacts with ""{2}, {T}, Sacrifice this artifact: You gain 3 life."")"
Crystalline Sliver,2.0,"['U', 'W']","['U', 'W']",None,['Creature'],['Sliver'],Uncommon,PLIST,2,2,None,All Slivers have shroud. (They can't be the targets of spells or abilities.)
Vedalken Orrery,4.0,None,None,None,['Artifact'],None,Rare,PLIST,None,None,None,You may cast spells as though they had flash.
"Chulane, Teller of Tales",5.0,"['G', 'U', 'W']","['G', 'U', 'W']",['Legendary'],['Creature'],"['Human', 'Druid']",Mythic,PLIST,2,4,None,"Vigilance\nWhenever you cast a creature spell, draw a card, then you may put a land card from your hand onto the battlefield.\n{3}, {T}: Return target creature you control to its owner's hand."
Umbral Mantle,3.0,None,None,None,['Artifact'],['Equipment'],Uncommon,PLIST,None,None,None,"Equipped creature has ""{3}, {Q}: This creature gets +2/+2 until end of turn."" ({Q} is the untap symbol.)\nEquip {0}"
Boros Challenger,2.0,"['R', 'W']","['R', 'W']",None,['Creature'],"['Human', 'Soldier']",Uncommon,PLIST,2,3,None,"Mentor (Whenever this creature attacks, put a +1/+1 counter on target attacking creature with lesser power.)\n{2}{R}{W}: Boros Challenger gets +1/+1 until end of turn."
Signpost Scarecrow,4.0,None,None,None,"['Artifact', 'Creature']",['Scarecrow'],Common,PLIST,2,4,None,Vigilance\n{2}: Add one mana of any color.
Ulvenwald Mysteries,3.0,['G'],['G'],None,['Enchantment'],None,Uncommon,PLIST,None,None,None,"Whenever a nontoken creature you control dies, investigate. (Create a Clue token. It's an artifact with ""{2}, Sacrifice this artifact: Draw a card."")\nWhenever you sacrifice a Clue, create a 1/1 white Human Soldier creature token."
Selesnya Keyrune,3.0,None,"['G', 'W']",None,['Artifact'],None,Uncommon,PLIST,None,None,None,{T}: Add {G} or {W}.\n{G}{W}: Selesnya Keyrune becomes a 3/3 green and white Wolf artifact creature until end of turn.
Spike Weaver,4.0,['G'],['G'],None,['Creature'],['Spike'],Rare,PLIST,0,0,None,"Spike Weaver enters the battlefield with three +1/+1 counters on it.\n{2}, Remove a +1/+1 counter from Spike Weaver: Put a +1/+1 counter on target creature.\n{1}, Remove a +1/+1 counter from Spike Weaver: Prevent all combat damage that would be dealt this turn."
Sapphire Medallion,2.0,None,None,None,['Artifact'],None,Rare,PLIST,None,None,None,Blue spells you cast cost {1} less to cast.
Song of the Dryads,3.0,['G'],['G'],None,['Enchantment'],['Aura'],Rare,PLIST,None,None,None,Enchant permanent\nEnchanted permanent is a colorless Forest land.
Abrupt Decay,2.0,"['B', 'G']","['B', 'G']",None,['Instant'],None,Rare,PLIST,None,None,None,This spell can't be countered.\nDestroy target nonland permanent with mana value 3 or less.
Saber Ants,4.0,['G'],['G'],None,['Creature'],['Insect'],Uncommon,PLIST,2,3,None,"Whenever Saber Ants is dealt damage, you may create that many 1/1 green Insect creature tokens."
Primal Vigor,5.0,['G'],['G'],None,['Enchantment'],None,Rare,PLIST,None,None,None,"If one or more tokens would be created, twice that many of those tokens are created instead.\nIf one or more +1/+1 counters would be put on a creature, twice that many +1/+1 counters are put on that creature instead."
Helvault,3.0,None,None,['Legendary'],['Artifact'],None,Mythic,PLIST,None,None,None,"{1}, {T}: Exile target creature you control.\n{7}, {T}: Exile target creature you don't control.\nWhen Helvault is put into a graveyard from the battlefield, return all cards exiled with it to the battlefield under their owners' control."
"Nylea, God of the Hunt",4.0,['G'],['G'],['Legendary'],"['Enchantment', 'Creature']",['God'],Mythic,PLIST,6,6,None,"Indestructible\nAs long as your devotion to green is less than five, Nylea isn't a creature. (Each {G} in the mana costs of permanents you control counts toward your devotion to green.)\nOther creatures you control have trample.\n{3}{G}: Target creature gets +2/+2 until end of turn."
Puresteel Angel,8.0,None,None,None,"['Artifact', 'Creature']",['Angel'],Rare,PLIST,4,4,None,"Flying, indestructible\nWhen Puresteel Angel enters the battlefield, exile all artifacts that aren't colorless.\nWhenever Puresteel Angel deals combat damage to a player, you get an emblem with ""If you would lose the game, instead your life total becomes 20, shuffle your graveyard into your library, you lose all poison counters, and you lose this emblem."""
Nightshade Peddler,2.0,['G'],['G'],None,['Creature'],"['Human', 'Druid']",Common,PLIST,1,1,None,"Soulbond (You may pair this creature with another unpaired creature when either enters the battlefield. They remain paired for as long as you control both of them.)\nAs long as Nightshade Peddler is paired with another creature, both creatures have deathtouch."
Gate to the Afterlife,3.0,None,None,None,['Artifact'],None,Uncommon,PLIST,None,None,None,"Whenever a nontoken creature you control dies, you gain 1 life. Then you may draw a card. If you do, discard a card.\n{2}, {T}, Sacrifice Gate to the Afterlife: Search your graveyard, hand, and/or library for a card named God-Pharaoh's Gift and put it onto the battlefield. If you search your library this way, shuffle. Activate only if there are six or more creature cards in your graveyard."
Moonmist,2.0,['G'],['G'],None,['Instant'],None,Common,PLIST,None,None,None,Transform all Humans. Prevent all combat damage that would be dealt this turn by creatures other than Werewolves and Wolves. (Only double-faced cards can be transformed.)
Night // Day,4.0,['B'],"['B', 'W']",None,['Instant'],None,Uncommon,PLIST,None,None,None,Target creature gets -1/-1 until end of turn.
Parallax Wave,4.0,['W'],['W'],None,['Enchantment'],None,Rare,PLIST,None,None,None,"Fading 5 (This enchantment enters the battlefield with five fade counters on it. At the beginning of your upkeep, remove a fade counter from it. If you can't, sacrifice it.)\nRemove a fade counter from Parallax Wave: Exile target creature.\nWhen Parallax Wave leaves the battlefield, each player returns to the battlefield all cards they own exiled with Parallax Wave."
"Teferi, Hero of Dominaria",5.0,"['U', 'W']","['U', 'W']",['Legendary'],['Planeswalker'],['Teferi'],Mythic,PLIST,None,None,4,"[+1]: Draw a card. At the beginning of the next end step, untap up to two lands.\n[−3]: Put target nonland permanent into its owner's library third from the top.\n[−8]: You get an emblem with ""Whenever you draw a card, exile target permanent an opponent controls."""
Jadelight Ranger,3.0,['G'],['G'],None,['Creature'],"['Merfolk', 'Scout', 'Ranger']",Rare,PLIST,2,1,None,"When Jadelight Ranger enters the battlefield, it explores, then it explores again. (Reveal the top card of your library. Put that card into your hand if it's a land. Otherwise, put a +1/+1 counter on this creature, then put the card back or put it into your graveyard. Then repeat this process.)"
"Sedris, the Traitor King",6.0,"['B', 'R', 'U']","['B', 'R', 'U']",['Legendary'],['Creature'],"['Zombie', 'Warrior']",Mythic,PLIST,5,5,None,Each creature card in your graveyard has unearth {2}{B}. ({2}{B}: Return the card to the battlefield. The creature gains haste. Exile it at the beginning of the next end step or if it would leave the battlefield. Unearth only as a sorcery.)
Imperious Perfect,3.0,['G'],['G'],None,['Creature'],"['Elf', 'Warrior']",Uncommon,PLIST,2,2,None,"Other Elves you control get +1/+1.\n{G}, {T}: Create a 1/1 green Elf Warrior creature token."
Mortify,3.0,"['B', 'W']","['B', 'W']",None,['Instant'],None,Rare,PLIST,None,None,None,Destroy target creature or enchantment.
Helix Pinnacle,1.0,['G'],['G'],None,['Enchantment'],None,Rare,PLIST,None,None,None,"Shroud (This enchantment can't be the target of spells or abilities.)\n{X}: Put X tower counters on Helix Pinnacle.\nAt the beginning of your upkeep, if there are 100 or more tower counters on Helix Pinnacle, you win the game."
"Lonis, Cryptozoologist",2.0,"['G', 'U']","['G', 'U']",['Legendary'],['Creature'],"['Snake', 'Elf', 'Scout']",Rare,PLIST,1,2,None,"Whenever another nontoken creature enters the battlefield under your control, investigate.\n{T}, Sacrifice X Clues: Target opponent reveals the top X cards of their library. You may put a nonland permanent card with mana value X or less from among them onto the battlefield under your control. That player puts the rest on the bottom of their library in a random order."
Groundbreaker,3.0,['G'],['G'],None,['Creature'],['Elemental'],Rare,PLIST,6,1,None,"Trample, haste\nAt the beginning of the end step, sacrifice Groundbreaker."
Call of the Nightwing,4.0,"['B', 'U']","['B', 'U']",None,['Sorcery'],None,Uncommon,PLIST,None,None,None,"Create a 1/1 blue and black Horror creature token with flying.\nCipher (Then you may exile this spell card encoded on a creature you control. Whenever that creature deals combat damage to a player, its controller may cast a copy of the encoded card without paying its mana cost.)"
Gorm the Great,4.0,['G'],['G'],['Legendary'],['Creature'],"['Giant', 'Warrior']",Rare,PLIST,2,7,None,"Partner with Virtus the Veiled (When this creature enters the battlefield, target player may put Virtus into their hand from their library, then shuffle.)\nVigilance\nGorm the Great must be blocked if able, and Gorm must be blocked by two or more creatures if able."
Lich Lord of Unx,3.0,"['B', 'U']","['B', 'U']",None,['Creature'],"['Zombie', 'Wizard']",Rare,PLIST,2,2,None,"{U}{B}, {T}: Create a 1/1 blue and black Zombie Wizard creature token.\n{U}{U}{B}{B}: Target player loses X life and mills X cards, where X is the number of Zombies you control."
Genesis Hydra,2.0,['G'],['G'],None,['Creature'],"['Plant', 'Hydra']",Rare,PLIST,0,0,None,"When you cast this spell, reveal the top X cards of your library. You may put a nonland permanent card with mana value X or less from among them onto the battlefield. Then shuffle the rest into your library.\nGenesis Hydra enters the battlefield with X +1/+1 counters on it."
Wolfir Silverheart,5.0,['G'],['G'],None,['Creature'],"['Wolf', 'Warrior']",Rare,PLIST,4,4,None,"Soulbond (You may pair this creature with another unpaired creature when either enters the battlefield. They remain paired for as long as you control both of them.)\nAs long as Wolfir Silverheart is paired with another creature, each of those creatures gets +4/+4."
Food Chain,3.0,['G'],['G'],None,['Enchantment'],None,Rare,PLIST,None,None,None,"Exile a creature you control: Add X mana of any one color, where X is 1 plus the exiled creature's mana value. Spend this mana only to cast creature spells."
"Kaya, Ghost Haunter",4.0,"['B', 'W']","['B', 'W']",['Legendary'],['Planeswalker'],['Kaya'],Rare,PLIST,None,None,3,"[0]: Exile Kaya, Ghost Haunter haunting target creature for as long as that creature remains on the battlefield.\n[−1]: You get an emblem with, ""At the beginning of your upkeep, this emblem deals 3 damage to the owner of target haunted creature.""\n[−2]: You get an emblem with, ""At the beginning of your upkeep, gain control of target haunted creature for as long as it remains haunted."""
Elvish Archdruid,3.0,['G'],['G'],None,['Creature'],"['Elf', 'Druid']",Rare,PLIST,2,2,None,Other Elf creatures you control get +1/+1.\n{T}: Add {G} for each Elf you control.
"Karametra, God of Harvests",5.0,"['G', 'W']","['G', 'W']",['Legendary'],"['Enchantment', 'Creature']",['God'],Mythic,PLIST,6,7,None,"Indestructible\nAs long as your devotion to green and white is less than seven, Karametra isn't a creature.\nWhenever you cast a creature spell, you may search your library for a Forest or Plains card, put it onto the battlefield tapped, then shuffle."
Curious Pair // Treats to Share,2.0,['G'],['G'],None,['Creature'],"['Human', 'Peasant']",Common,PLIST,1,3,None,None
General Kudro of Drannith,3.0,"['B', 'W']","['B', 'W']",['Legendary'],['Creature'],"['Human', 'Soldier']",Mythic,PLIST,3,3,None,"Other Humans you control get +1/+1.\nWhenever General Kudro of Drannith or another Human enters the battlefield under your control, exile target card from an opponent's graveyard.\n{2}, Sacrifice two Humans: Destroy target creature with power 4 or greater."
Awakening,4.0,['G'],['G'],None,['Enchantment'],None,Rare,PLIST,None,None,None,"At the beginning of each upkeep, untap all creatures and lands."
Strength of Night,3.0,['G'],"['B', 'G']",None,['Instant'],None,Common,PLIST,None,None,None,"Kicker {B} (You may pay an additional {B} as you cast this spell.)\nCreatures you control get +1/+1 until end of turn. If this spell was kicked, Zombie creatures you control get an additional +2/+2 until end of turn."
Alpha Kavu,3.0,['G'],['G'],None,['Creature'],['Kavu'],Uncommon,PLIST,2,2,None,{1}{G}: Target Kavu creature gets -1/+1 until end of turn.
Serene Sunset,1.0,['G'],['G'],None,['Instant'],None,Uncommon,PLIST,None,None,None,Prevent all combat damage X target creatures would deal this turn.
Wild Research,3.0,['R'],"['R', 'U', 'W']",None,['Enchantment'],None,Rare,PLIST,None,None,None,"{1}{W}: Search your library for an enchantment card and reveal that card. Put it into your hand, then discard a card at random. Then shuffle.\n{1}{U}: Search your library for an instant card and reveal that card. Put it into your hand, then discard a card at random. Then shuffle."
Master of the Wild Hunt,4.0,['G'],['G'],None,['Creature'],"['Human', 'Shaman']",Mythic,PLIST,3,3,None,"At the beginning of your upkeep, create a 2/2 green Wolf creature token.\n{T}: Tap all untapped Wolf creatures you control. Each Wolf tapped this way deals damage equal to its power to target creature. That creature deals damage equal to its power divided as its controller chooses among any number of those Wolves."
Voracious Dragon,5.0,['R'],['R'],None,['Creature'],['Dragon'],Rare,PLIST,4,4,None,"Flying\nDevour 1 (As this enters the battlefield, you may sacrifice any number of creatures. This creature enters the battlefield with that many +1/+1 counters on it.)\nWhen Voracious Dragon enters the battlefield, it deals damage to any target equal to twice the number of Goblins it devoured."
Gaea's Will,0.0,['G'],['G'],None,['Sorcery'],None,Rare,PLIST,None,None,None,"Suspend 4—{G}\nUntil end of turn, you may play lands and cast spells from your graveyard.\nIf a card would be put into your graveyard from anywhere this turn, exile that card instead."
Stone Rain,3.0,['R'],['R'],None,['Sorcery'],None,Common,PLIST,None,None,None,Destroy target land.
Fierce Witchstalker,4.0,['G'],['G'],None,['Creature'],['Wolf'],Common,PLIST,4,4,None,"Trample\nWhen Fierce Witchstalker enters the battlefield, create a Food token. (It's an artifact with ""{2}, {T}, Sacrifice this artifact: You gain 3 life."")"
Simian Spirit Guide,3.0,['R'],['R'],None,['Creature'],"['Ape', 'Spirit']",Common,PLIST,2,2,None,Exile Simian Spirit Guide from your hand: Add {R}.
Early Harvest,3.0,['G'],['G'],None,['Instant'],None,Rare,PLIST,None,None,None,Target player untaps all basic lands they control.
Shivan Meteor,5.0,['R'],['R'],None,['Sorcery'],None,Uncommon,PLIST,None,None,None,"Shivan Meteor deals 13 damage to target creature.\nSuspend 2—{1}{R}{R} (Rather than cast this card from your hand, you may pay {1}{R}{R} and exile it with two time counters on it. At the beginning of your upkeep, remove a time counter. When the last is removed, cast it without paying its mana cost.)"
Dire Wolf Prowler,3.0,['G'],['G'],None,['Creature'],['Wolf'],Common,PLIST,2,2,None,{1}{G}: Dire Wolf Prowler gets +2/+2 and gains haste until end of turn. Activate only once each turn.
Scourge of the Throne,6.0,['R'],['R'],None,['Creature'],['Dragon'],Mythic,PLIST,5,5,None,"Flying\nDethrone (Whenever this creature attacks the player with the most life or tied for most life, put a +1/+1 counter on it.)\nWhenever Scourge of the Throne attacks for the first time each turn, if it's attacking the player with the most life or tied for most life, untap all attacking creatures. After this phase, there is an additional combat phase."
"Arlinn, Voice of the Pack",6.0,['G'],['G'],['Legendary'],['Planeswalker'],['Arlinn'],Uncommon,PLIST,None,None,7,Each creature you control that's a Wolf or a Werewolf enters the battlefield with an additional +1/+1 counter on it.\n[−2]: Create a 2/2 green Wolf creature token.
Puppet's Verdict,3.0,['R'],['R'],None,['Instant'],None,Rare,PLIST,None,None,None,"Flip a coin. If you win the flip, destroy all creatures with power 2 or less. If you lose the flip, destroy all creatures with power 3 or greater."
All Suns' Dawn,5.0,['G'],['G'],None,['Sorcery'],None,Rare,PLIST,None,None,None,"For each color, return up to one target card of that color from your graveyard to your hand. Exile All Suns' Dawn."
Patron of the Akki,6.0,['R'],['R'],['Legendary'],['Creature'],['Spirit'],Rare,PLIST,5,5,None,"Goblin offering (You may cast this card any time you could cast an instant by sacrificing a Goblin and paying the difference in mana costs between this and the sacrificed Goblin. Mana cost includes color.)\nWhenever Patron of the Akki attacks, creatures you control get +2/+0 until end of turn."
Witch Hunt,5.0,['R'],['R'],None,['Enchantment'],None,Rare,PLIST,None,None,None,"Players can't gain life.\nAt the beginning of your upkeep, Witch Hunt deals 4 damage to you.\nAt the beginning of your end step, target opponent chosen at random gains control of Witch Hunt."
Marauding Raptor,2.0,['R'],['R'],None,['Creature'],['Dinosaur'],Rare,PLIST,2,3,None,"Creature spells you cast cost {1} less to cast.\nWhenever another creature enters the battlefield under your control, Marauding Raptor deals 2 damage to it. If a Dinosaur is dealt damage this way, Marauding Raptor gets +2/+0 until end of turn."
Thieves' Auction,7.0,['R'],['R'],None,['Sorcery'],None,Rare,PLIST,None,None,None,"Exile all nontoken permanents. Starting with you, each player chooses one of the exiled cards and puts it onto the battlefield tapped under their control. Repeat this process until all cards exiled this way have been chosen."
Light Up the Stage,3.0,['R'],['R'],None,['Sorcery'],None,Uncommon,PLIST,None,None,None,"Spectacle {R} (You may cast this spell for its spectacle cost rather than its mana cost if an opponent lost life this turn.)\nExile the top two cards of your library. Until the end of your next turn, you may play those cards."
Stigma Lasher,2.0,['R'],['R'],None,['Creature'],"['Elemental', 'Shaman']",Rare,PLIST,2,2,None,"Wither (This deals damage to creatures in the form of -1/-1 counters.)\nWhenever Stigma Lasher deals damage to a player, that player can't gain life for the rest of the game."
Lightning Crafter,4.0,['R'],['R'],None,['Creature'],"['Goblin', 'Shaman']",Rare,PLIST,3,3,None,"Champion a Goblin or Shaman (When this enters the battlefield, sacrifice it unless you exile another Goblin or Shaman you control. When this leaves the battlefield, that card returns to the battlefield.)\n{T}: Lightning Crafter deals 3 damage to any target."
Shivan Harvest,2.0,['R'],['R'],None,['Enchantment'],None,Uncommon,PLIST,None,None,None,"{1}{R}, Sacrifice a creature: Destroy target nonbasic land."
Lash Out,2.0,['R'],['R'],None,['Instant'],None,Common,PLIST,None,None,None,"Lash Out deals 3 damage to target creature. Clash with an opponent. If you win, Lash Out deals 3 damage to that creature's controller. (Each clashing player reveals the top card of their library, then puts that card on the top or bottom. A player wins if their card had a higher mana value.)"
Mindmoil,5.0,['R'],['R'],None,['Enchantment'],None,Rare,PLIST,None,None,None,"Whenever you cast a spell, put the cards in your hand on the bottom of your library in any order, then draw that many cards."
Jaya's Immolating Inferno,2.0,['R'],['R'],['Legendary'],['Sorcery'],None,Rare,PLIST,None,None,None,(You may cast a legendary sorcery only if you control a legendary creature or planeswalker.)\nJaya's Immolating Inferno deals X damage to each of up to three targets.
Hidetsugu's Second Rite,4.0,['R'],['R'],None,['Instant'],None,Rare,PLIST,None,None,None,"If target player has exactly 10 life, Hidetsugu's Second Rite deals 10 damage to that player."
Malignus,5.0,['R'],['R'],None,['Creature'],"['Elemental', 'Spirit']",Mythic,PLIST,*,*,None,"Malignus's power and toughness are each equal to half the highest life total among your opponents, rounded up.\nDamage that would be dealt by Malignus can't be prevented."
Anointer Priest,2.0,['W'],['W'],None,['Creature'],"['Human', 'Cleric']",Common,PLIST,1,3,None,"Whenever a creature token enters the battlefield under your control, you gain 1 life.\nEmbalm {3}{W} ({3}{W}, Exile this card from your graveyard: Create a token that's a copy of it, except it's a white Zombie Human Cleric with no mana cost. Embalm only as a sorcery.)"
Magus of the Moon,3.0,['R'],['R'],None,['Creature'],"['Human', 'Wizard']",Rare,PLIST,2,2,None,Nonbasic lands are Mountains.
Hell's Thunder,3.0,['R'],['R'],None,['Creature'],['Elemental'],Rare,PLIST,4,4,None,"Flying, haste\nAt the beginning of the end step, sacrifice Hell's Thunder.\nUnearth {4}{R} ({4}{R}: Return this card from your graveyard to the battlefield. It gains haste. Exile it at the beginning of the next end step or if it would leave the battlefield. Unearth only as a sorcery.)"
Loyal Apprentice,2.0,['R'],['R'],None,['Creature'],"['Human', 'Artificer']",Uncommon,PLIST,2,1,None,"Haste\nLieutenant — At the beginning of combat on your turn, if you control your commander, create a 1/1 colorless Thopter artifact creature token with flying. That token gains haste until end of turn."
Hammer of Purphoros,3.0,['R'],['R'],['Legendary'],"['Enchantment', 'Artifact']",None,Rare,PLIST,None,None,None,"Creatures you control have haste.\n{2}{R}, {T}, Sacrifice a land: Create a 3/3 colorless Golem enchantment artifact creature token."
"Ib Halfheart, Goblin Tactician",4.0,['R'],['R'],['Legendary'],['Creature'],"['Goblin', 'Advisor']",Rare,PLIST,3,2,None,"Whenever another Goblin you control becomes blocked, sacrifice it. If you do, it deals 4 damage to each creature blocking it.\nSacrifice two Mountains: Create two 1/1 red Goblin creature tokens."
Hammer Mage,2.0,['R'],['R'],None,['Creature'],"['Human', 'Spellshaper']",Uncommon,PLIST,1,1,None,"{X}{R}, {T}, Discard a card: Destroy all artifacts with mana value X or less."
Honden of Infinite Rage,3.0,['R'],['R'],['Legendary'],['Enchantment'],['Shrine'],Uncommon,PLIST,None,None,None,"At the beginning of your upkeep, Honden of Infinite Rage deals damage to any target equal to the number of Shrines you control."
Goblin Lore,2.0,['R'],['R'],None,['Sorcery'],None,Uncommon,PLIST,None,None,None,"Draw four cards, then discard three cards at random."
Faithless Looting,1.0,['R'],['R'],None,['Sorcery'],None,Common,PLIST,None,None,None,"Draw two cards, then discard two cards.\nFlashback {2}{R} (You may cast this card from your graveyard for its flashback cost. Then exile it.)"
Goblin Grenade,1.0,['R'],['R'],None,['Sorcery'],None,Uncommon,PLIST,None,None,None,"As an additional cost to cast this spell, sacrifice a Goblin.\nGoblin Grenade deals 5 damage to any target."
Archetype of Aggression,3.0,['R'],['R'],None,"['Enchantment', 'Creature']","['Human', 'Warrior']",Uncommon,PLIST,3,2,None,Creatures you control have trample.\nCreatures your opponents control lose trample and can't have or gain trample.
Goblin Chieftain,3.0,['R'],['R'],None,['Creature'],['Goblin'],Rare,PLIST,2,2,None,Haste (This creature can attack and {T} as soon as it comes under your control.)\nOther Goblin creatures you control get +1/+1 and have haste.
Witch of the Moors,5.0,['B'],['B'],None,['Creature'],"['Human', 'Warlock']",Rare,PLIST,4,4,None,"Deathtouch\nAt the beginning of your end step, if you gained life this turn, each opponent sacrifices a creature and you return up to one target creature card from your graveyard to your hand."
Fomori Nomad,5.0,['R'],['R'],None,['Creature'],"['Nomad', 'Giant']",Common,PLIST,4,4,None,None
Treacherous Werewolf,3.0,['B'],['B'],None,['Creature'],"['Werewolf', 'Minion']",Common,PLIST,2,2,None,"Threshold — As long as seven or more cards are in your graveyard, Treacherous Werewolf gets +2/+2 and has ""When Treacherous Werewolf dies, you lose 4 life."""
The Flame of Keld,2.0,['R'],['R'],None,['Enchantment'],['Saga'],Uncommon,PLIST,None,None,None,"(As this Saga enters and after your draw step, add a lore counter. Sacrifice after III.)\nI — Discard your hand.\nII — Draw two cards.\nIII — If a red source you control would deal damage to a permanent or player this turn, it deals that much damage plus 2 to that permanent or player instead."
Stitcher's Supplier,1.0,['B'],['B'],None,['Creature'],['Zombie'],Uncommon,PLIST,1,1,None,"When Stitcher's Supplier enters the battlefield or dies, mill three cards."
Fall of the Titans,1.0,['R'],['R'],None,['Instant'],None,Rare,PLIST,None,None,None,Surge {X}{R} (You may cast this spell for its surge cost if you or a teammate has cast another spell this turn.)\nFall of the Titans deals X damage to each of up to two targets.
"Sidisi, Undead Vizier",5.0,['B'],['B'],['Legendary'],['Creature'],"['Zombie', 'Naga']",Rare,PLIST,4,6,None,"Deathtouch\nExploit (When this creature enters the battlefield, you may sacrifice a creature.)\nWhen Sidisi, Undead Vizier exploits a creature, you may search your library for a card, put it into your hand, then shuffle."
Decree of Annihilation,10.0,['R'],['R'],None,['Sorcery'],None,Rare,PLIST,None,None,None,"Exile all artifacts, creatures, and lands from the battlefield, all cards from all graveyards, and all cards from all hands.\nCycling {5}{R}{R} ({5}{R}{R}, Discard this card: Draw a card.)\nWhen you cycle Decree of Annihilation, destroy all lands."
Rend Flesh,3.0,['B'],['B'],None,['Instant'],['Arcane'],Common,PLIST,None,None,None,Destroy target non-Spirit creature.
Burst Lightning,1.0,['R'],['R'],None,['Instant'],None,Rare,PLIST,None,None,None,"Kicker {4} (You may pay an additional {4} as you cast this spell.)\nBurst Lightning deals 2 damage to any target. If this spell was kicked, it deals 4 damage instead."
"Mikaeus, the Unhallowed",6.0,['B'],['B'],['Legendary'],['Creature'],"['Zombie', 'Cleric']",Mythic,PLIST,5,5,None,"Intimidate (This creature can't be blocked except by artifact creatures and/or creatures that share a color with it.)\nWhenever a Human deals damage to you, destroy it.\nOther non-Human creatures you control get +1/+1 and have undying. (When a creature with undying dies, if it had no +1/+1 counters on it, return it to the battlefield under its owner's control with a +1/+1 counter on it.)"
Vitu-Ghazi Guildmage,2.0,"['G', 'W']","['G', 'W']",None,['Creature'],"['Dryad', 'Shaman']",Uncommon,PLIST,2,2,None,{4}{G}{W}: Create a 3/3 green Centaur creature token.\n{2}{G}{W}: Populate. (Create a token that's a copy of a creature token you control.)
Helldozer,6.0,['B'],['B'],None,['Creature'],"['Zombie', 'Giant']",Rare,PLIST,6,5,None,"{B}{B}{B}, {T}: Destroy target land. If that land was nonbasic, untap Helldozer."
Brothers Yamazaki,3.0,['R'],['R'],['Legendary'],['Creature'],"['Human', 'Samurai']",Uncommon,PLIST,2,1,None,"Bushido 1 (Whenever this creature blocks or becomes blocked, it gets +1/+1 until end of turn.)\nIf there are exactly two permanents named Brothers Yamazaki on the battlefield, the ""legend rule"" doesn't apply to them.\nEach other creature named Brothers Yamazaki gets +2/+2 and has haste."
Gravespawn Sovereign,6.0,['B'],['B'],None,['Creature'],['Zombie'],Rare,PLIST,3,3,None,Tap five untapped Zombies you control: Put target creature card from a graveyard onto the battlefield under your control.
Graveborn Muse,4.0,['B'],['B'],None,['Creature'],"['Zombie', 'Spirit']",Rare,PLIST,3,3,None,"At the beginning of your upkeep, you draw X cards and you lose X life, where X is the number of Zombies you control."
Kazandu Blademaster,2.0,['W'],['W'],None,['Creature'],"['Human', 'Soldier', 'Ally']",Uncommon,PLIST,1,1,None,"First strike, vigilance\nWhenever Kazandu Blademaster or another Ally enters the battlefield under your control, you may put a +1/+1 counter on Kazandu Blademaster."
Divining Witch,2.0,['B'],['B'],None,['Creature'],"['Human', 'Spellshaper']",Rare,PLIST,1,1,None,"{1}{B}, {T}, Discard a card: Choose a card name. Exile the top six cards of your library, then reveal cards from the top of your library until you reveal a card with the chosen name. Put that card into your hand and exile all other cards revealed this way."
"Anax, Hardened in the Forge",3.0,['R'],['R'],['Legendary'],"['Enchantment', 'Creature']",['Demigod'],Uncommon,PLIST,*,3,None,"Anax's power is equal to your devotion to red. (Each {R} in the mana costs of permanents you control counts toward your devotion to red.)\nWhenever Anax or another nontoken creature you control dies, create a 1/1 red Satyr creature token with ""This creature can't block."" If the creature had power 4 or greater, create two of those tokens instead."
Bleak Coven Vampires,5.0,['B'],['B'],None,['Creature'],"['Vampire', 'Warrior']",Common,PLIST,4,3,None,"Metalcraft — When Bleak Coven Vampires enters the battlefield, if you control three or more artifacts, target player loses 4 life and you gain 4 life."
Virtus the Veiled,3.0,['B'],['B'],['Legendary'],['Creature'],"['Azra', 'Assassin']",Rare,PLIST,1,1,None,"Partner with Gorm the Great (When this creature enters the battlefield, target player may put Gorm into their hand from their library, then shuffle.)\nDeathtouch\nWhenever Virtus the Veiled deals combat damage to a player, that player loses half their life, rounded up."
Toils of Night and Day,3.0,['U'],['U'],None,['Instant'],['Arcane'],Common,PLIST,None,None,None,"You may tap or untap target permanent, then you may tap or untap another target permanent."
Vampire Nocturnus,4.0,['B'],['B'],None,['Creature'],['Vampire'],Mythic,PLIST,3,3,None,"Play with the top card of your library revealed.\nAs long as the top card of your library is black, Vampire Nocturnus and other Vampire creatures you control get +2/+1 and have flying."
Snapcaster Mage,2.0,['U'],['U'],None,['Creature'],"['Human', 'Wizard']",Rare,PLIST,2,1,None,"Flash\nWhen Snapcaster Mage enters the battlefield, target instant or sorcery card in your graveyard gains flashback until end of turn. The flashback cost is equal to its mana cost. (You may cast that card from your graveyard for its flashback cost. Then exile it.)"
Urborg Panther,3.0,['B'],['B'],None,['Creature'],"['Nightstalker', 'Cat']",Common,PLIST,2,2,None,"{B}, Sacrifice Urborg Panther: Destroy target creature blocking Urborg Panther.\nSacrifice a creature named Feral Shadow, a creature named Breathstealer, and Urborg Panther: Search your library for a card named Spirit of the Night, put that card onto the battlefield, then shuffle."
Rishadan Brigand,5.0,['U'],['U'],None,['Creature'],"['Human', 'Pirate']",Rare,PLIST,3,2,None,"Flying\nWhen Rishadan Brigand enters the battlefield, each opponent sacrifices a permanent unless they pay {3}.\nRishadan Brigand can block only creatures with flying."
Unburial Rites,5.0,['B'],"['B', 'W']",None,['Sorcery'],None,Uncommon,PLIST,None,None,None,Return target creature card from your graveyard to the battlefield.\nFlashback {3}{W} (You may cast this card from your graveyard for its flashback cost. Then exile it.)
Patron of the Moon,7.0,['U'],['U'],['Legendary'],['Creature'],['Spirit'],Rare,PLIST,5,4,None,Moonfolk offering (You may cast this card any time you could cast an instant by sacrificing a Moonfolk and paying the difference in mana costs between this and the sacrificed Moonfolk. Mana cost includes color.)\nFlying\n{1}: Put up to two land cards from your hand onto the battlefield tapped.
Kalastria Highborn,2.0,['B'],['B'],None,['Creature'],"['Vampire', 'Shaman']",Rare,PLIST,2,2,None,"Whenever Kalastria Highborn or another Vampire you control dies, you may pay {B}. If you do, target player loses 2 life and you gain 2 life."
Moonlace,1.0,['U'],['U'],None,['Instant'],None,Rare,PLIST,None,None,None,Target spell or permanent becomes colorless.
"Skithiryx, the Blight Dragon",5.0,['B'],['B'],['Legendary'],['Creature'],"['Phyrexian', 'Dragon', 'Skeleton']",Mythic,PLIST,4,4,None,"Flying\nInfect (This creature deals damage to creatures in the form of -1/-1 counters and to players in the form of poison counters.)\n{B}: Skithiryx, the Blight Dragon gains haste until end of turn.\n{B}{B}: Regenerate Skithiryx."
Midnight Clock,3.0,['U'],['U'],None,['Artifact'],None,Rare,PLIST,None,None,None,"{T}: Add {U}.\n{2}{U}: Put an hour counter on Midnight Clock.\nAt the beginning of each upkeep, put an hour counter on Midnight Clock.\nWhen the twelfth hour counter is put on Midnight Clock, shuffle your hand and graveyard into your library, then draw seven cards. Exile Midnight Clock."
Relentless Rats,3.0,['B'],['B'],None,['Creature'],['Rat'],Uncommon,PLIST,2,2,None,Relentless Rats gets +1/+1 for each other creature on the battlefield named Relentless Rats.\nA deck can have any number of cards named Relentless Rats.
"Llawan, Cephalid Empress",4.0,['U'],['U'],['Legendary'],['Creature'],"['Cephalid', 'Noble']",Rare,PLIST,2,3,None,"When Llawan, Cephalid Empress enters the battlefield, return all blue creatures your opponents control to their owners' hands.\nYour opponents can't cast blue creature spells."
Phyrexian Obliterator,4.0,['B'],['B'],None,['Creature'],"['Phyrexian', 'Horror']",Mythic,PLIST,5,5,None,"Trample\nWhenever a source deals damage to Phyrexian Obliterator, that source's controller sacrifices that many permanents."
Mystical Tutor,1.0,['U'],['U'],None,['Instant'],None,Rare,PLIST,None,None,None,"Search your library for an instant or sorcery card, reveal it, then shuffle and put that card on top."
Oubliette,3.0,['B'],['B'],None,['Enchantment'],None,Uncommon,PLIST,None,None,None,"When Oubliette enters the battlefield, target creature phases out until Oubliette leaves the battlefield. Tap that creature as it phases in this way. (Auras and Equipment phase out with it. While permanents are phased out, they're treated as though they don't exist.)"
Pillage,3.0,['R'],['R'],None,['Sorcery'],None,Common,PLIST,None,None,None,Destroy target artifact or land. It can't be regenerated.
Terminate,2.0,"['B', 'R']","['B', 'R']",None,['Instant'],None,Rare,PLIST,None,None,None,Destroy target creature. It can't be regenerated.
Kindred Discovery,5.0,['U'],['U'],None,['Enchantment'],None,Rare,PLIST,None,None,None,"As Kindred Discovery enters the battlefield, choose a creature type.\nWhenever a creature you control of the chosen type enters the battlefield or attacks, draw a card."
Combustible Gearhulk,6.0,['R'],['R'],None,"['Artifact', 'Creature']",['Construct'],Mythic,PLIST,6,6,None,"First strike\nWhen Combustible Gearhulk enters the battlefield, target opponent may have you draw three cards. If the player doesn't, you mill three cards, then Combustible Gearhulk deals damage to that player equal to the total mana value of those cards."
Nezumi Graverobber // Nighteyes the Desecrator,2.0,['B'],['B'],None,['Creature'],"['Rat', 'Rogue']",Uncommon,PLIST,2,1,None,"{1}{B}: Exile target card from an opponent's graveyard. If no cards are in that graveyard, flip Nezumi Graverobber."
Jokulmorder,7.0,['U'],['U'],None,['Creature'],['Leviathan'],Rare,PLIST,12,12,None,"Trample\nJokulmorder enters the battlefield tapped.\nWhen Jokulmorder enters the battlefield, sacrifice it unless you sacrifice five lands.\nJokulmorder doesn't untap during your untap step.\nWhenever you play an Island, you may untap Jokulmorder."
Necromancy,3.0,['B'],['B'],None,['Enchantment'],None,Uncommon,PLIST,None,None,None,"You may cast Necromancy as though it had flash. If you cast it any time a sorcery couldn't have been cast, the controller of the permanent it becomes sacrifices it at the beginning of the next cleanup step.\nWhen Necromancy enters the battlefield, if it's on the battlefield, it becomes an Aura with ""enchant creature put onto the battlefield with Necromancy."" Put target creature card from a graveyard onto the battlefield under your control and attach Necromancy to it. When Necromancy leaves the battlefield, that creature's controller sacrifices it."
"Brallin, Skyshark Rider",4.0,['R'],['R'],['Legendary'],['Creature'],"['Human', 'Shaman']",Mythic,PLIST,3,3,None,"Partner with Shabraz, the Skyshark (When this creature enters the battlefield, target player may put Shabraz into their hand from their library, then shuffle.)\nWhenever you discard a card, put a +1/+1 counter on Brallin, Skyshark Rider and it deals 1 damage to each opponent.\n{R}: Target Shark gains trample until end of turn."
"Slimefoot, the Stowaway",3.0,"['B', 'G']","['B', 'G']",['Legendary'],['Creature'],['Fungus'],Uncommon,PLIST,2,3,None,"Whenever a Saproling you control dies, Slimefoot, the Stowaway deals 1 damage to each opponent and you gain 1 life.\n{4}: Create a 1/1 green Saproling creature token."
Adarkar Valkyrie,6.0,['W'],['W'],['Snow'],['Creature'],['Angel'],Rare,PLIST,4,5,None,"Flying, vigilance\n{T}: When target creature other than Adarkar Valkyrie dies this turn, return that card to the battlefield under your control."
"Korlash, Heir to Blackblade",4.0,['B'],['B'],['Legendary'],['Creature'],"['Zombie', 'Warrior']",Rare,PLIST,*,*,None,"Korlash, Heir to Blackblade's power and toughness are each equal to the number of Swamps you control.\n{1}{B}: Regenerate Korlash.\nGrandeur — Discard another card named Korlash, Heir to Blackblade: Search your library for up to two Swamp cards, put them onto the battlefield tapped, then shuffle."
Necravolver,3.0,['B'],"['B', 'G', 'W']",None,['Creature'],['Volver'],Rare,PLIST,2,2,None,"Kicker {1}{G} and/or {W} (You may pay an additional {1}{G} and/or {W} as you cast this spell.)\nIf Necravolver was kicked with its {1}{G} kicker, it enters the battlefield with two +1/+1 counters on it and with trample.\nIf Necravolver was kicked with its {W} kicker, it enters the battlefield with a +1/+1 counter on it and with ""Whenever Necravolver deals damage, you gain that much life."""
Jötun Grunt,2.0,['W'],['W'],None,['Creature'],"['Giant', 'Soldier']",Uncommon,PLIST,4,4,None,"Cumulative upkeep—Put two cards from a single graveyard on the bottom of their owner's library. (At the beginning of your upkeep, put an age counter on this permanent, then sacrifice it unless you pay its upkeep cost for each age counter on it.)"
Grim Harvest,2.0,['B'],['B'],None,['Instant'],None,Common,PLIST,None,None,None,"Return target creature card from your graveyard to your hand.\nRecover {2}{B} (When a creature is put into your graveyard from the battlefield, you may pay {2}{B}. If you do, return this card from your graveyard to your hand. Otherwise, exile this card.)"
Bonecrusher Giant // Stomp,3.0,['R'],['R'],None,['Creature'],['Giant'],Rare,PLIST,4,3,None,"Whenever Bonecrusher Giant becomes the target of a spell, Bonecrusher Giant deals 2 damage to that spell's controller."
Murderous Cut,5.0,['B'],['B'],None,['Instant'],None,Uncommon,PLIST,None,None,None,Delve (Each card you exile from your graveyard while casting this spell pays for {1}.)\nDestroy target creature.
Hard Evidence,1.0,['U'],['U'],None,['Sorcery'],None,Common,PLIST,None,None,None,"Create a 0/3 blue Crab creature token.\nInvestigate. (Create a Clue token. It's an artifact with ""{2}, Sacrifice this artifact: Draw a card."")"
Urza's Blueprints,6.0,None,None,None,['Artifact'],None,Rare,PLIST,None,None,None,"Echo {6} (At the beginning of your upkeep, if this came under your control since the beginning of your last upkeep, sacrifice it unless you pay its echo cost.)\n{T}: Draw a card."
Windborn Muse,4.0,['W'],['W'],None,['Creature'],['Spirit'],Rare,PLIST,2,3,None,Flying\nCreatures can't attack you unless their controller pays {2} for each creature they control that's attacking you.
Lord of the Undead,3.0,['B'],['B'],None,['Creature'],['Zombie'],Rare,PLIST,2,2,None,"Other Zombie creatures get +1/+1.\n{1}{B}, {T}: Return target Zombie card from your graveyard to your hand."
Student of Warfare,1.0,['W'],['W'],None,['Creature'],"['Human', 'Knight']",Rare,PLIST,1,1,None,Level up {W} ({W}: Put a level counter on this. Level up only as a sorcery.)\nLEVEL 2-6\n3/3\nFirst strike\nLEVEL 7+\n4/4\nDouble strike
Speaker of the Heavens,1.0,['W'],['W'],None,['Creature'],"['Human', 'Cleric']",Rare,PLIST,1,1,None,"Vigilance, lifelink\n{T}: Create a 4/4 white Angel creature token with flying. Activate only if you have at least 7 life more than your starting life total and only as a sorcery."
Living Death,5.0,['B'],['B'],None,['Sorcery'],None,Rare,PLIST,None,None,None,"Each player exiles all creature cards from their graveyard, then sacrifices all creatures they control, then puts all cards they exiled this way onto the battlefield."
Sorcerer's Wand,1.0,None,None,None,['Artifact'],['Equipment'],Uncommon,PLIST,None,None,None,"Equipped creature has ""{T}: This creature deals 1 damage to target player or planeswalker. If this creature is a Wizard, it deals 2 damage instead.""\nEquip {3}"
Grim Haruspex,3.0,['B'],['B'],None,['Creature'],"['Human', 'Wizard']",Rare,PLIST,3,2,None,"Morph {B} (You may cast this card face down as a 2/2 creature for {3}. Turn it face up any time for its morph cost.)\nWhenever another nontoken creature you control dies, draw a card."
Cloister Gargoyle,3.0,['W'],['W'],None,"['Artifact', 'Creature']",['Gargoyle'],Uncommon,PLIST,0,4,None,"When Cloister Gargoyle enters the battlefield, venture into the dungeon. (Enter the first room or advance to the next room.)\nAs long as you've completed a dungeon, Cloister Gargoyle gets +3/+0 and has flying."
Golgari Thug,2.0,['B'],['B'],None,['Creature'],"['Human', 'Warrior']",Uncommon,PLIST,1,1,None,"When Golgari Thug dies, put target creature card from your graveyard on top of your library.\nDredge 4 (If you would draw a card, you may mill four cards instead. If you do, return this card from your graveyard to your hand.)"
"Hokori, Dust Drinker",4.0,['W'],['W'],['Legendary'],['Creature'],['Spirit'],Rare,PLIST,2,2,None,"Lands don't untap during their controllers' untap steps.\nAt the beginning of each player's upkeep, that player untaps a land they control."
Gempalm Polluter,6.0,['B'],['B'],None,['Creature'],['Zombie'],Common,PLIST,4,3,None,"Cycling {B}{B} ({B}{B}, Discard this card: Draw a card.)\nWhen you cycle Gempalm Polluter, you may have target player lose life equal to the number of Zombies on the battlefield."
Selfless Spirit,2.0,['W'],['W'],None,['Creature'],"['Spirit', 'Cleric']",Rare,PLIST,2,1,None,Flying\nSacrifice Selfless Spirit: Creatures you control gain indestructible until end of turn.
Gatekeeper of Malakir,2.0,['B'],['B'],None,['Creature'],"['Vampire', 'Warrior']",Uncommon,PLIST,2,2,None,"Kicker {B} (You may pay an additional {B} as you cast this spell.)\nWhen Gatekeeper of Malakir enters the battlefield, if it was kicked, target player sacrifices a creature."
Doubling Cube,2.0,None,None,None,['Artifact'],None,Rare,PLIST,None,None,None,"{3}, {T}: Double the amount of each type of unspent mana you have."
Extinction,5.0,['B'],['B'],None,['Sorcery'],None,Rare,PLIST,None,None,None,Destroy all creatures of the creature type of your choice.
Expose to Daylight,3.0,['W'],['W'],None,['Instant'],None,Common,PLIST,None,None,None,Destroy target artifact or enchantment. Scry 1.
Endling,4.0,['B'],['B'],None,['Creature'],"['Zombie', 'Shapeshifter']",Rare,PLIST,3,3,None,"{B}: Endling gains menace until end of turn.\n{B}: Endling gains deathtouch until end of turn.\n{B}: Endling gains undying until end of turn. (When this creature dies, if it had no +1/+1 counters on it, return it to the battlefield under its owner's control with a +1/+1 counter on it.)\n{1}: Endling gets +1/-1 or -1/+1 until end of turn."
Cranial Plating,2.0,None,['B'],None,['Artifact'],['Equipment'],Common,PLIST,None,None,None,Equipped creature gets +1/+0 for each artifact you control.\n{B}{B}: Attach Cranial Plating to target creature you control.\nEquip {1}
Doomwake Giant,5.0,['B'],['B'],None,"['Enchantment', 'Creature']",['Giant'],Rare,PLIST,4,6,None,"Constellation — Whenever Doomwake Giant or another enchantment enters the battlefield under your control, creatures your opponents control get -1/-1 until end of turn."
Fiendslayer Paladin,3.0,['W'],['W'],None,['Creature'],"['Human', 'Knight']",Rare,PLIST,2,2,None,First strike (This creature deals combat damage before creatures without first strike.)\nLifelink (Damage dealt by this creature also causes you to gain that much life.)\nFiendslayer Paladin can't be the target of black or red spells your opponents control.
Emissary of Sunrise,3.0,['W'],['W'],None,['Creature'],"['Human', 'Cleric']",Uncommon,PLIST,2,1,None,"First strike\nWhen Emissary of Sunrise enters the battlefield, it explores. (Reveal the top card of your library. Put that card into your hand if it's a land. Otherwise, put a +1/+1 counter on this creature, then put the card back or put it into your graveyard.)"
Doom Blade,2.0,['B'],['B'],None,['Instant'],None,Rare,PLIST,None,None,None,Destroy target nonblack creature.
Champion of the Parish,1.0,['W'],['W'],None,['Creature'],"['Human', 'Soldier']",Rare,PLIST,1,1,None,"Whenever another Human enters the battlefield under your control, put a +1/+1 counter on Champion of the Parish."
Cruel Tutor,3.0,['B'],['B'],None,['Sorcery'],None,Rare,PLIST,None,None,None,"Search your library for a card, then shuffle and put that card on top. You lose 2 life."
Gemstone Caverns,0.0,None,None,['Legendary'],['Land'],None,Rare,PLIST,None,None,None,"If Gemstone Caverns is in your opening hand and you're not the starting player, you may begin the game with Gemstone Caverns on the battlefield with a luck counter on it. If you do, exile a card from your hand.\n{T}: Add {C}. If Gemstone Caverns has a luck counter on it, instead add one mana of any color."
Cadaverous Knight,3.0,['B'],['B'],None,['Creature'],"['Zombie', 'Knight']",Common,PLIST,2,2,None,"Flanking (Whenever a creature without flanking blocks this creature, the blocking creature gets -1/-1 until end of turn.)\n{1}{B}{B}: Regenerate Cadaverous Knight."
Expedition Map,1.0,None,None,None,['Artifact'],None,Common,PLIST,None,None,None,"{2}, {T}, Sacrifice Expedition Map: Search your library for a land card, reveal it, put it into your hand, then shuffle."
Brink of Madness,4.0,['B'],['B'],None,['Enchantment'],None,Rare,PLIST,None,None,None,"At the beginning of your upkeep, if you have no cards in hand, sacrifice Brink of Madness and target opponent discards their hand."
Eiganjo Castle,0.0,None,['W'],['Legendary'],['Land'],None,Rare,PLIST,None,None,None,"{T}: Add {W}.\n{W}, {T}: Prevent the next 2 damage that would be dealt to target legendary creature this turn."
Pteramander,1.0,['U'],['U'],None,['Creature'],"['Salamander', 'Drake']",Uncommon,PLIST,1,1,None,"Flying\n{7}{U}: Adapt 4. This ability costs {1} less to activate for each instant and sorcery card in your graveyard. (If this creature has no +1/+1 counters on it, put four +1/+1 counters on it.)"
"Vorinclex, Voice of Hunger",8.0,['G'],['G'],['Legendary'],['Creature'],"['Phyrexian', 'Praetor']",Mythic,PLIST,7,6,None,"Trample\nWhenever you tap a land for mana, add one mana of any type that land produced.\nWhenever an opponent taps a land for mana, that land doesn't untap during its controller's next untap step."
Bloodghast,2.0,['B'],['B'],None,['Creature'],"['Vampire', 'Spirit']",Rare,PLIST,2,1,None,"Bloodghast can't block.\nBloodghast has haste as long as an opponent has 10 or less life.\nLandfall — Whenever a land enters the battlefield under your control, you may return Bloodghast from your graveyard to the battlefield."
"Kaya, Ghost Assassin",4.0,"['B', 'W']","['B', 'W']",['Legendary'],['Planeswalker'],['Kaya'],Mythic,PLIST,None,None,5,"[0]: Exile Kaya, Ghost Assassin or up to one target creature. Return that card to the battlefield under its owner's control at the beginning of your next upkeep. You lose 2 life.\n[−1]: Each opponent loses 2 life and you gain 2 life.\n[−2]: Each opponent discards a card and you draw a card."
Beseech the Queen,6.0,['B'],['B'],None,['Sorcery'],None,Uncommon,PLIST,None,None,None,"({2/B} can be paid with any two mana or with {B}. This card's mana value is 6.)\nSearch your library for a card with mana value less than or equal to the number of lands you control, reveal it, put it into your hand, then shuffle."
Vernal Equinox,4.0,['G'],['G'],None,['Enchantment'],None,Rare,PLIST,None,None,None,Any player may cast creature and enchantment spells as though they had flash.
Ancient Craving,4.0,['B'],['B'],None,['Sorcery'],None,Rare,PLIST,None,None,None,You draw three cards and you lose 3 life.
Frost Titan,6.0,['U'],['U'],None,['Creature'],['Giant'],Mythic,PLIST,6,6,None,"Whenever Frost Titan becomes the target of a spell or ability an opponent controls, counter that spell or ability unless its controller pays {2}.\nWhenever Frost Titan enters the battlefield or attacks, tap target permanent. It doesn't untap during its controller's next untap step."
Training Grounds,1.0,['U'],['U'],None,['Enchantment'],None,Rare,PLIST,None,None,None,Activated abilities of creatures you control cost up to {2} less to activate. This effect can't reduce the mana in that cost to less than one mana.
Ice Cave,5.0,['U'],['U'],None,['Enchantment'],None,Rare,PLIST,None,None,None,"Whenever a player casts a spell, any other player may pay that spell's mana cost. If a player does, counter the spell. (Mana cost includes color.)"
Temporal Manipulation,5.0,['U'],['U'],None,['Sorcery'],None,Mythic,PLIST,None,None,None,Take an extra turn after this one.
Coveted Jewel,6.0,None,None,None,['Artifact'],None,Rare,PLIST,None,None,None,"When Coveted Jewel enters the battlefield, draw three cards.\n{T}: Add three mana of any one color.\nWhenever one or more creatures an opponent controls attack you and aren't blocked, that player draws three cards and gains control of Coveted Jewel. Untap it."
Stonybrook Banneret,2.0,['U'],['U'],None,['Creature'],"['Merfolk', 'Wizard']",Common,PLIST,1,1,None,Islandwalk (This creature can't be blocked as long as defending player controls an Island.)\nMerfolk spells and Wizard spells you cast cost {1} less to cast.
Transmogrifying Wand,3.0,None,None,None,['Artifact'],None,Rare,PLIST,None,None,None,"Transmogrifying Wand enters the battlefield with three charge counters on it.\n{1}, {T}, Remove a charge counter from Transmogrifying Wand: Destroy target creature. Its controller creates a 2/4 white Ox creature token. Activate only as a sorcery."
Elspeth Conquers Death,5.0,['W'],['W'],None,['Enchantment'],['Saga'],Rare,PLIST,None,None,None,"(As this Saga enters and after your draw step, add a lore counter. Sacrifice after III.)\nI — Exile target permanent an opponent controls with mana value 3 or greater.\nII — Noncreature spells your opponents cast cost {2} more to cast until your next turn.\nIII — Return target creature or planeswalker card from your graveyard to the battlefield. Put a +1/+1 counter or a loyalty counter on it."
Enlightened Tutor,1.0,['W'],['W'],None,['Instant'],None,Uncommon,PLIST,None,None,None,"Search your library for an artifact or enchantment card, reveal it, then shuffle and put that card on top."
Staff of Domination,3.0,None,None,None,['Artifact'],None,Rare,PLIST,None,None,None,"{1}: Untap Staff of Domination.\n{2}, {T}: You gain 1 life.\n{3}, {T}: Untap target creature.\n{4}, {T}: Tap target creature.\n{5}, {T}: Draw a card."
Reality Shift,2.0,['U'],['U'],None,['Instant'],None,Uncommon,PLIST,None,None,None,"Exile target creature. Its controller manifests the top card of their library. (That player puts the top card of their library onto the battlefield face down as a 2/2 creature. If it's a creature card, it can be turned face up any time for its mana cost.)"
Haunted Plate Mail,4.0,None,None,None,['Artifact'],['Equipment'],Rare,PLIST,None,None,None,"Equipped creature gets +4/+4.\n{0}: Until end of turn, Haunted Plate Mail becomes a 4/4 Spirit artifact creature that's no longer an Equipment. Activate only if you control no creatures.\nEquip {4} ({4}: Attach to target creature you control. Equip only as a sorcery.)"
Filigree Angel,8.0,"['U', 'W']","['U', 'W']",None,"['Artifact', 'Creature']",['Angel'],Rare,PLIST,4,4,None,"Flying\nWhen Filigree Angel enters the battlefield, you gain 3 life for each artifact you control."
Aven Riftwatcher,3.0,['W'],['W'],None,['Creature'],"['Bird', 'Rebel', 'Soldier']",Common,PLIST,2,3,None,"Flying\nVanishing 3 (This creature enters the battlefield with three time counters on it. At the beginning of your upkeep, remove a time counter from it. When the last is removed, sacrifice it.)\nWhen Aven Riftwatcher enters or leaves the battlefield, you gain 2 life."
Dragonlord Atarka,7.0,"['G', 'R']","['G', 'R']",['Legendary'],['Creature'],"['Elder', 'Dragon']",Mythic,PLIST,8,8,None,"Flying, trample\nWhen Dragonlord Atarka enters the battlefield, it deals 5 damage divided as you choose among any number of target creatures and/or planeswalkers your opponents control."
Ruination Guide,3.0,None,['U'],None,['Creature'],"['Eldrazi', 'Drone']",Uncommon,PLIST,3,2,None,"Devoid (This card has no color.)\nIngest (Whenever this creature deals combat damage to a player, that player exiles the top card of their library.)\nOther colorless creatures you control get +1/+0."
Aura Shards,3.0,"['G', 'W']","['G', 'W']",None,['Enchantment'],None,Uncommon,PLIST,None,None,None,"Whenever a creature enters the battlefield under your control, you may destroy target artifact or enchantment."
Veil of Summer,1.0,['G'],['G'],None,['Instant'],None,Uncommon,PLIST,None,None,None,Draw a card if an opponent has cast a blue or black spell this turn. Spells you control can't be countered this turn. You and permanents you control gain hexproof from blue and from black until end of turn. (You and they can't be the targets of blue or black spells or abilities your opponents control.)
Tireless Tracker,3.0,['G'],['G'],None,['Creature'],"['Human', 'Scout']",Rare,PLIST,3,2,None,"Landfall — Whenever a land enters the battlefield under your control, investigate. (Create a Clue token. It's an artifact with ""{2}, Sacrifice this artifact: Draw a card."")\nWhenever you sacrifice a Clue, put a +1/+1 counter on Tireless Tracker."
Tarmogoyf,2.0,['G'],['G'],None,['Creature'],['Lhurgoyf'],Rare,PLIST,*,1+*,None,Tarmogoyf's power is equal to the number of card types among cards in all graveyards and its toughness is equal to that number plus 1.
Council's Judgment,3.0,['W'],['W'],None,['Sorcery'],None,Rare,PLIST,None,None,None,"Will of the council — Starting with you, each player votes for a nonland permanent you don't control. Exile each permanent with the most votes or tied for most votes."
Nut Collector,6.0,['G'],['G'],None,['Creature'],"['Human', 'Druid']",Rare,PLIST,1,1,None,"At the beginning of your upkeep, you may create a 1/1 green Squirrel creature token.\nThreshold — Squirrel creatures get +2/+2 as long as seven or more cards are in your graveyard."
Angel's Grace,1.0,['W'],['W'],None,['Instant'],None,Rare,PLIST,None,None,None,"Split second (As long as this spell is on the stack, players can't cast spells or activate abilities that aren't mana abilities.)\nYou can't lose the game this turn and your opponents can't win the game this turn. Until end of turn, damage that would reduce your life total to less than 1 reduces it to 1 instead."
Vela the Night-Clad,6.0,"['B', 'U']","['B', 'U']",['Legendary'],['Creature'],"['Human', 'Wizard']",Mythic,PLIST,4,4,None,"Intimidate (This creature can't be blocked except by artifact creatures and/or creatures that share a color with it.)\nOther creatures you control have intimidate.\nWhenever Vela the Night-Clad or another creature you control leaves the battlefield, each opponent loses 1 life."
Pact of Negation,0.0,['U'],['U'],None,['Instant'],None,Rare,PLIST,None,None,None,"Counter target spell.\nAt the beginning of your next upkeep, pay {3}{U}{U}. If you don't, you lose the game."
Chatter of the Squirrel,1.0,['G'],['G'],None,['Sorcery'],None,Common,PLIST,None,None,None,Create a 1/1 green Squirrel creature token.\nFlashback {1}{G} (You may cast this card from your graveyard for its flashback cost. Then exile it.)
Storm Entity,2.0,['R'],['R'],None,['Creature'],['Elemental'],Uncommon,PLIST,1,1,None,Haste\nStorm Entity enters the battlefield with a +1/+1 counter on it for each other spell cast this turn.
Octopus Umbra,5.0,['U'],['U'],None,['Enchantment'],['Aura'],Rare,PLIST,None,None,None,"Enchant creature\nEnchanted creature has base power and toughness 8/8 and has ""Whenever this creature attacks, you may tap target creature with power 8 or less.""\nTotem armor (If enchanted creature would be destroyed, instead remove all damage from it and destroy this Aura.)"
Spellbound Dragon,5.0,"['R', 'U']","['R', 'U']",None,['Creature'],['Dragon'],Rare,PLIST,3,5,None,"Flying\nWhenever Spellbound Dragon attacks, draw a card, then discard a card. Spellbound Dragon gets +X/+0 until end of turn, where X is the discarded card's mana value."
Prismatic Geoscope,5.0,None,None,None,['Artifact'],None,Rare,PLIST,None,None,None,"Prismatic Geoscope enters the battlefield tapped.\nDomain — {T}: Add X mana in any combination of colors, where X is the number of basic land types among lands you control."
Splinter Twin,4.0,['R'],['R'],None,['Enchantment'],['Aura'],Rare,PLIST,None,None,None,"Enchant creature\nEnchanted creature has ""{T}: Create a token that's a copy of this creature, except it has haste. Exile that token at the beginning of the next end step."""
Disenchant,2.0,['W'],['W'],None,['Instant'],None,Rare,PLIST,None,None,None,Destroy target artifact or enchantment.
Golem's Heart,2.0,None,None,None,['Artifact'],None,Uncommon,PLIST,None,None,None,"Whenever a player casts an artifact spell, you may gain 1 life."
Platinum Angel,7.0,None,None,None,"['Artifact', 'Creature']",['Angel'],Mythic,PLIST,4,4,None,Flying\nYou can't lose the game and your opponents can't win the game.
Moon-Eating Dog,4.0,['U'],['U'],None,['Creature'],['Dog'],Uncommon,PLIST,3,3,None,"As long as you control a Yanling planeswalker, Moon-Eating Dog has flying. (It can't be blocked except by creatures with flying or reach.)"
Fact or Fiction,4.0,['U'],['U'],None,['Instant'],None,Uncommon,PLIST,None,None,None,Reveal the top five cards of your library. An opponent separates those cards into two piles. Put one pile into your hand and the other into your graveyard.
Panharmonicon,4.0,None,None,None,['Artifact'],None,Rare,PLIST,None,None,None,"If an artifact or creature entering the battlefield causes a triggered ability of a permanent you control to trigger, that ability triggers an additional time."
Goblin Assassin,5.0,['R'],['R'],None,['Creature'],"['Goblin', 'Assassin']",Uncommon,PLIST,2,2,None,"Whenever Goblin Assassin or another Goblin enters the battlefield, each player flips a coin. Each player whose coin comes up tails sacrifices a creature."
Mischievous Quanar,5.0,['U'],['U'],None,['Creature'],['Beast'],Rare,PLIST,3,3,None,"{3}{U}{U}: Turn Mischievous Quanar face down.\nMorph {1}{U}{U} (You may cast this card face down as a 2/2 creature for {3}. Turn it face up any time for its morph cost.)\nWhen Mischievous Quanar is turned face up, copy target instant or sorcery spell. You may choose new targets for that copy."
Gauntlet of Power,5.0,None,None,None,['Artifact'],None,Rare,PLIST,None,None,None,"As Gauntlet of Power enters the battlefield, choose a color.\nCreatures of the chosen color get +1/+1.\nWhenever a basic land is tapped for mana of the chosen color, its controller adds an additional one mana of that color."
Mycosynth Golem,11.0,None,None,None,"['Artifact', 'Creature']",['Golem'],Rare,PLIST,4,5,None,Affinity for artifacts (This spell costs {1} less to cast for each artifact you control.)\nArtifact creature spells you cast have affinity for artifacts. (They cost {1} less to cast for each artifact you control.)
Lesser Gargadon,4.0,['R'],['R'],None,['Creature'],['Beast'],Uncommon,PLIST,6,4,None,"Whenever Lesser Gargadon attacks or blocks, sacrifice a land."
Man-o'-War,3.0,['U'],['U'],None,['Creature'],['Jellyfish'],Common,PLIST,2,2,None,"When Man-o'-War enters the battlefield, return target creature to its owner's hand."
Lightning Axe,1.0,['R'],['R'],None,['Instant'],None,Common,PLIST,None,None,None,"As an additional cost to cast this spell, discard a card or pay {5}.\nLightning Axe deals 5 damage to target creature."
"Kari Zev, Skyship Raider",2.0,['R'],['R'],['Legendary'],['Creature'],"['Human', 'Pirate']",Rare,PLIST,1,3,None,"First strike, menace\nWhenever Kari Zev, Skyship Raider attacks, create Ragavan, a legendary 2/1 red Monkey creature token. Ragavan enters the battlefield tapped and attacking. Exile that token at end of combat."
Memnite,0.0,None,None,None,"['Artifact', 'Creature']",['Construct'],Uncommon,PLIST,1,1,None,None
Mindslicer,4.0,['B'],['B'],None,['Creature'],['Horror'],Rare,PLIST,4,3,None,"When Mindslicer dies, each player discards their hand."
Lotus Bloom,0.0,None,None,None,['Artifact'],None,Rare,PLIST,None,None,None,"Suspend 3—{0} (Rather than cast this card from your hand, pay {0} and exile it with three time counters on it. At the beginning of your upkeep, remove a time counter. When the last is removed, cast it without paying its mana cost.)\n{T}, Sacrifice Lotus Bloom: Add three mana of any one color."
Entreat the Dead,3.0,['B'],['B'],None,['Sorcery'],None,Rare,PLIST,None,None,None,Return X target creature cards from your graveyard to the battlefield.\nMiracle {X}{B}{B} (You may cast this card for its miracle cost when you draw it if it's the first card you drew this turn.)
Tek,5.0,None,None,None,"['Artifact', 'Creature']",['Dragon'],Rare,PLIST,2,2,None,"Tek gets +0/+2 as long as you control a Plains, has flying as long as you control an Island, gets +2/+0 as long as you control a Swamp, has first strike as long as you control a Mountain, and has trample as long as you control a Forest."
Gisa and Geralf,4.0,"['B', 'U']","['B', 'U']",['Legendary'],['Creature'],"['Human', 'Wizard']",Mythic,PLIST,4,4,None,"When Gisa and Geralf enters the battlefield, mill four cards.\nOnce during each of your turns, you may cast a Zombie creature spell from your graveyard."
Krark's Thumb,2.0,None,None,['Legendary'],['Artifact'],None,Rare,PLIST,None,None,None,"If you would flip a coin, instead flip two coins and ignore one."
Bridge from Below,3.0,['B'],['B'],None,['Enchantment'],None,Rare,PLIST,None,None,None,"Whenever a nontoken creature is put into your graveyard from the battlefield, if Bridge from Below is in your graveyard, create a 2/2 black Zombie creature token.\nWhen a creature is put into an opponent's graveyard from the battlefield, if Bridge from Below is in your graveyard, exile Bridge from Below."
Isochron Scepter,2.0,None,None,None,['Artifact'],None,Uncommon,PLIST,None,None,None,"Imprint — When Isochron Scepter enters the battlefield, you may exile an instant card with mana value 2 or less from your hand.\n{2}, {T}: You may copy the exiled card. If you do, you may cast the copy without paying its mana cost."
Bone Miser,5.0,['B'],['B'],None,['Creature'],"['Zombie', 'Wizard']",Rare,PLIST,4,4,None,"Whenever you discard a creature card, create a 2/2 black Zombie creature token.\nWhenever you discard a land card, add {B}{B}.\nWhenever you discard a noncreature, nonland card, draw a card."
Helm of Kaldra,3.0,None,None,['Legendary'],['Artifact'],['Equipment'],Rare,PLIST,None,None,None,"Equipped creature has first strike, trample, and haste.\n{1}: If you control Equipment named Helm of Kaldra, Sword of Kaldra, and Shield of Kaldra, create Kaldra, a legendary 4/4 colorless Avatar creature token. Attach those Equipment to it.\nEquip {2}"
Animate Dead,2.0,['B'],['B'],None,['Enchantment'],['Aura'],Uncommon,PLIST,None,None,None,"Enchant creature card in a graveyard\nWhen Animate Dead enters the battlefield, if it's on the battlefield, it loses ""enchant creature card in a graveyard"" and gains ""enchant creature put onto the battlefield with Animate Dead."" Return enchanted creature card to the battlefield under your control and attach Animate Dead to it. When Animate Dead leaves the battlefield, that creature's controller sacrifices it.\nEnchanted creature gets -1/-0."
Fractured Powerstone,2.0,None,None,None,['Artifact'],None,Common,PLIST,None,None,None,{T}: Add {C}.\n{T}: Roll the planar die. Activate only as a sorcery.
"Orvar, the All-Form",4.0,['U'],['U'],['Legendary'],['Creature'],['Shapeshifter'],Mythic,PLIST,3,3,None,"Changeling\nWhenever you cast an instant or sorcery spell, if it targets one or more other permanents you control, create a token that's a copy of one of those permanents.\nWhen a spell or ability an opponent controls causes you to discard this card, create a token that's a copy of target permanent."
Fodder Cannon,4.0,None,None,None,['Artifact'],None,Uncommon,PLIST,None,None,None,"{4}, {T}, Sacrifice a creature: Fodder Cannon deals 4 damage to target creature."
Time of Ice,4.0,['U'],['U'],None,['Enchantment'],['Saga'],Uncommon,PLIST,None,None,None,"(As this Saga enters and after your draw step, add a lore counter. Sacrifice after III.)\nI, II — Tap target creature an opponent controls. It doesn't untap during its controller's untap step for as long as you control Time of Ice.\nIII — Return all tapped creatures to their owners' hands."
Fellwar Stone,2.0,None,None,None,['Artifact'],None,Uncommon,PLIST,None,None,None,{T}: Add one mana of any color that a land an opponent controls could produce.
"Callaphe, Beloved of the Sea",3.0,['U'],['U'],['Legendary'],"['Enchantment', 'Creature']",['Demigod'],Uncommon,PLIST,*,3,None,"Callaphe's power is equal to your devotion to blue. (Each {U} in the mana costs of permanents you control counts toward your devotion to blue.)\nCreatures and enchantments you control have ""Spells your opponents cast that target this permanent cost {1} more to cast."""
Evermind,0.0,['U'],['U'],None,['Instant'],['Arcane'],Uncommon,PLIST,None,None,None,"(Nonexistent mana costs can't be paid.)\nDraw a card.\nSplice onto Arcane {1}{U} (As you cast an Arcane spell, you may reveal this card from your hand and pay its splice cost. If you do, add this card's effects to that spell.)"
Bloodied Ghost,3.0,"['B', 'W']","['B', 'W']",None,['Creature'],['Spirit'],Uncommon,PLIST,3,3,None,Flying\nBloodied Ghost enters the battlefield with a -1/-1 counter on it.
Eternal Dominion,10.0,['U'],['U'],None,['Sorcery'],None,Rare,PLIST,None,None,None,"Search target opponent's library for an artifact, creature, enchantment, or land card. Put that card onto the battlefield under your control. Then that player shuffles.\nEpic (For the rest of the game, you can't cast spells. At the beginning of each of your upkeeps, copy this spell except for its epic ability. You may choose a new target for the copy.)"
Niv-Mizzet Reborn,5.0,"['B', 'G', 'R', 'U', 'W']","['B', 'G', 'R', 'U', 'W']",['Legendary'],['Creature'],"['Dragon', 'Avatar']",Mythic,PLIST,6,6,None,"Flying\nWhen Niv-Mizzet Reborn enters the battlefield, reveal the top ten cards of your library. For each color pair, choose a card that's exactly those colors from among them. Put the chosen cards into your hand and the rest on the bottom of your library in a random order."
Enclave Cryptologist,1.0,['U'],['U'],None,['Creature'],"['Merfolk', 'Wizard']",Uncommon,PLIST,0,1,None,"Level up {1}{U} ({1}{U}: Put a level counter on this. Level up only as a sorcery.)\nLEVEL 1-2\n0/1\n{T}: Draw a card, then discard a card.\nLEVEL 3+\n0/1\n{T}: Draw a card."
Riptide Director,4.0,['U'],['U'],None,['Creature'],"['Human', 'Wizard']",Rare,PLIST,2,3,None,"{2}{U}{U}, {T}: Draw a card for each Wizard you control."
Drift of Phantasms,3.0,['U'],['U'],None,['Creature'],['Spirit'],Common,PLIST,0,5,None,"Defender (This creature can't attack.)\nFlying\nTransmute {1}{U}{U} ({1}{U}{U}, Discard this card: Search your library for a card with the same mana value as this card, reveal it, put it into your hand, then shuffle. Transmute only as a sorcery.)"
Spell Swindle,5.0,['U'],['U'],None,['Instant'],None,Rare,PLIST,None,None,None,"Counter target spell. Create X Treasure tokens, where X is that spell's mana value. (They're artifacts with ""{T}, Sacrifice this artifact: Add one mana of any color."")"
Cryptic Command,4.0,['U'],['U'],None,['Instant'],None,Rare,PLIST,None,None,None,Choose two —\n• Counter target spell.\n• Return target permanent to its owner's hand.\n• Tap all creatures your opponents control.\n• Draw a card.
Bruvac the Grandiloquent,3.0,['U'],['U'],['Legendary'],['Creature'],"['Human', 'Advisor']",Mythic,PLIST,1,4,None,"If an opponent would mill one or more cards, they mill twice that many cards instead. (To mill a card, a player puts the top card of their library into their graveyard.)"
Coveted Peacock,5.0,['U'],['U'],None,['Creature'],['Bird'],Uncommon,PLIST,3,4,None,"Flying\nWhenever Coveted Peacock attacks, you may goad target creature defending player controls. (Until your next turn, that creature attacks each combat if able and attacks a player other than you if able.)"
Moldervine Reclamation,5.0,"['B', 'G']","['B', 'G']",None,['Enchantment'],None,Uncommon,PLIST,None,None,None,"Whenever a creature you control dies, you gain 1 life and draw a card."
Chemister's Insight,4.0,['U'],['U'],None,['Instant'],None,Uncommon,PLIST,None,None,None,Draw two cards.\nJump-start (You may cast this card from your graveyard by discarding a card in addition to paying its other costs. Then exile this card.)
Biomass Mutation,2.0,"['G', 'U']","['G', 'U']",None,['Instant'],None,Rare,PLIST,None,None,None,Creatures you control have base power and toughness X/X until end of turn.
Broodstar,10.0,['U'],['U'],None,['Creature'],['Beast'],Rare,PLIST,*,*,None,Affinity for artifacts (This spell costs {1} less to cast for each artifact you control.)\nFlying\nBroodstar's power and toughness are each equal to the number of artifacts you control.
Mizzix of the Izmagnus,4.0,"['R', 'U']","['R', 'U']",['Legendary'],['Creature'],"['Goblin', 'Wizard']",Mythic,PLIST,2,2,None,"Whenever you cast an instant or sorcery spell with mana value greater than the number of experience counters you have, you get an experience counter.\nInstant and sorcery spells you cast cost {1} less to cast for each experience counter you have."
Balefire Liege,5.0,"['R', 'W']","['R', 'W']",None,['Creature'],"['Spirit', 'Horror']",Rare,PLIST,2,4,None,"Other red creatures you control get +1/+1.\nOther white creatures you control get +1/+1.\nWhenever you cast a red spell, Balefire Liege deals 3 damage to target player or planeswalker.\nWhenever you cast a white spell, you gain 3 life."
Brazen Borrower // Petty Theft,3.0,['U'],['U'],None,['Creature'],"['Faerie', 'Rogue']",Mythic,PLIST,3,1,None,Flash\nFlying\nBrazen Borrower can block only creatures with flying.
Dark Depths,0.0,None,None,"['Legendary', 'Snow']",['Land'],None,Rare,PLIST,None,None,None,"Dark Depths enters the battlefield with ten ice counters on it.\n{3}: Remove an ice counter from Dark Depths.\nWhen Dark Depths has no ice counters on it, sacrifice it. If you do, create Marit Lage, a legendary 20/20 black Avatar creature token with flying and indestructible."
Brainstorm,1.0,['U'],['U'],None,['Instant'],None,Rare,PLIST,None,None,None,"Draw three cards, then put two cards from your hand on top of your library in any order."
"Uro, Titan of Nature's Wrath",3.0,"['G', 'U']","['G', 'U']",['Legendary'],['Creature'],"['Elder', 'Giant']",Mythic,PLIST,6,6,None,"When Uro enters the battlefield, sacrifice it unless it escaped.\nWhenever Uro enters the battlefield or attacks, you gain 3 life and draw a card, then you may put a land card from your hand onto the battlefield.\nEscape—{G}{G}{U}{U}, Exile five other cards from your graveyard. (You may cast this card from your graveyard for its escape cost.)"
Brain Freeze,2.0,['U'],['U'],None,['Instant'],None,Uncommon,PLIST,None,None,None,"Target player mills three cards.\nStorm (When you cast this spell, copy it for each spell cast before it this turn. You may choose new targets for the copies.)"
"Gisela, Blade of Goldnight",7.0,"['R', 'W']","['R', 'W']",['Legendary'],['Creature'],['Angel'],Mythic,PLIST,5,5,None,"Flying, first strike\nIf a source would deal damage to an opponent or a permanent an opponent controls, that source deals double that damage to that player or permanent instead.\nIf a source would deal damage to you or a permanent you control, prevent half that damage, rounded up."
Battle of Wits,5.0,['U'],['U'],None,['Enchantment'],None,Rare,PLIST,None,None,None,"At the beginning of your upkeep, if you have 200 or more cards in your library, you win the game."
Mercurial Chemister,5.0,"['R', 'U']","['R', 'U']",None,['Creature'],"['Human', 'Wizard']",Rare,PLIST,2,3,None,"{U}, {T}: Draw two cards.\n{R}, {T}, Discard a card: Mercurial Chemister deals damage to target creature equal to the discarded card's mana value."
Amoeboid Changeling,2.0,['U'],['U'],None,['Creature'],['Shapeshifter'],Common,PLIST,1,1,None,Changeling (This card is every creature type.)\n{T}: Target creature gains all creature types until end of turn.\n{T}: Target creature loses all creature types until end of turn.
Unexpected Results,4.0,"['G', 'U']","['G', 'U']",None,['Sorcery'],None,Rare,PLIST,None,None,None,"Shuffle your library, then reveal the top card. If it's a nonland card, you may cast it without paying its mana cost. If it's a land card, you may put it onto the battlefield and return Unexpected Results to its owner's hand."
Wrath of God,4.0,['W'],['W'],None,['Sorcery'],None,Rare,PLIST,None,None,None,Destroy all creatures. They can't be regenerated.
Dual Casting,2.0,['R'],['R'],None,['Enchantment'],['Aura'],Rare,PLIST,None,None,None,"Enchant creature\nEnchanted creature has ""{R}, {T}: Copy target instant or sorcery spell you control. You may choose new targets for the copy."""
Wizened Cenn,2.0,['W'],['W'],None,['Creature'],"['Kithkin', 'Cleric']",Uncommon,PLIST,2,2,None,Other Kithkin creatures you control get +1/+1.
Sun Titan,6.0,['W'],['W'],None,['Creature'],['Giant'],Mythic,PLIST,6,6,None,"Vigilance\nWhenever Sun Titan enters the battlefield or attacks, you may return target permanent card with mana value 3 or less from your graveyard to the battlefield."
Winds of Abandon,2.0,['W'],['W'],None,['Sorcery'],None,Rare,PLIST,None,None,None,"Exile target creature you don't control. For each creature exiled this way, its controller searches their library for a basic land card. Those players put those cards onto the battlefield tapped, then shuffle.\nOverload {4}{W}{W} (You may cast this spell for its overload cost. If you do, change its text by replacing all instances of ""target"" with ""each."")"
"Elenda, the Dusk Rose",4.0,"['B', 'W']","['B', 'W']",['Legendary'],['Creature'],"['Vampire', 'Knight']",Mythic,PLIST,1,1,None,"Lifelink\nWhenever another creature dies, put a +1/+1 counter on Elenda, the Dusk Rose.\nWhen Elenda dies, create X 1/1 white Vampire creature tokens with lifelink, where X is Elenda's power."
Vanguard of Brimaz,2.0,['W'],['W'],None,['Creature'],"['Cat', 'Soldier']",Uncommon,PLIST,2,2,None,"Vigilance\nHeroic — Whenever you cast a spell that targets Vanguard of Brimaz, create a 1/1 white Cat Soldier creature token with vigilance."
Stonehewer Giant,5.0,['W'],['W'],None,['Creature'],"['Giant', 'Warrior']",Rare,PLIST,4,4,None,"Vigilance\n{1}{W}, {T}: Search your library for an Equipment card, put it onto the battlefield, attach it to a creature you control, then shuffle."
"Angrath, Captain of Chaos",4.0,"['B', 'R']","['B', 'R']",['Legendary'],['Planeswalker'],['Angrath'],Uncommon,PLIST,None,None,5,"Creatures you control have menace.\n[−2]: Amass Zombies 2. (Put two +1/+1 counters on an Army you control. It's also a Zombie. If you don't control an Army, create a 0/0 black Zombie Army creature token first.)"
Stasis Snare,3.0,['W'],['W'],None,['Enchantment'],None,Uncommon,PLIST,None,None,None,"Flash (You may cast this spell any time you could cast an instant.)\nWhen Stasis Snare enters the battlefield, exile target creature an opponent controls until Stasis Snare leaves the battlefield. (That creature returns under its owner's control.)"
Soulcatchers' Aerie,2.0,['W'],['W'],None,['Enchantment'],None,Uncommon,PLIST,None,None,None,"Whenever a Bird is put into your graveyard from the battlefield, put a feather counter on Soulcatchers' Aerie.\nBird creatures get +1/+1 for each feather counter on Soulcatchers' Aerie."
Shambling Shell,3.0,"['B', 'G']","['B', 'G']",None,['Creature'],"['Plant', 'Zombie']",Common,PLIST,3,1,None,"Sacrifice Shambling Shell: Put a +1/+1 counter on target creature.\nDredge 3 (If you would draw a card, you may mill three cards instead. If you do, return this card from your graveyard to your hand.)"
Reduce to Memory,3.0,['W'],['W'],None,['Sorcery'],['Lesson'],Uncommon,PLIST,None,None,None,Exile target nonland permanent. Its controller creates a 3/2 red and white Spirit creature token.
Triplicate Spirits,6.0,['W'],['W'],None,['Sorcery'],None,Common,PLIST,None,None,None,Convoke (Your creatures can help cast this spell. Each creature you tap while casting this spell pays for {1} or one mana of that creature's color.)\nCreate three 1/1 white Spirit creature tokens with flying. (They can't be blocked except by creatures with flying or reach.)
Noggle Hedge-Mage,3.0,"['R', 'U']","['R', 'U']",None,['Creature'],"['Noggle', 'Wizard']",Uncommon,PLIST,2,2,None,"When Noggle Hedge-Mage enters the battlefield, if you control two or more Islands, you may tap two target permanents.\nWhen Noggle Hedge-Mage enters the battlefield, if you control two or more Mountains, you may have Noggle Hedge-Mage deal 2 damage to target player or planeswalker."
Always Watching,3.0,['W'],['W'],None,['Enchantment'],None,Rare,PLIST,None,None,None,Nontoken creatures you control get +1/+1 and have vigilance.
Murderous Redcap,4.0,"['B', 'R']","['B', 'R']",None,['Creature'],"['Goblin', 'Assassin']",Uncommon,PLIST,2,2,None,"When Murderous Redcap enters the battlefield, it deals damage equal to its power to any target.\nPersist (When this creature dies, if it had no -1/-1 counters on it, return it to the battlefield under its owner's control with a -1/-1 counter on it.)"
Canyon Jerboa,3.0,['W'],['W'],None,['Creature'],['Mouse'],Uncommon,PLIST,1,2,None,"Landfall — Whenever a land enters the battlefield under your control, creatures you control get +1/+1 until end of turn."
Phyrexian Tyranny,3.0,"['B', 'R', 'U']","['B', 'R', 'U']",None,['Enchantment'],None,Rare,PLIST,None,None,None,"Whenever a player draws a card, that player loses 2 life unless they pay {2}."
Celestial Ancient,5.0,['W'],['W'],None,['Creature'],['Elemental'],Rare,PLIST,3,3,None,"Flying\nWhenever you cast an enchantment spell, put a +1/+1 counter on each creature you control."
Sky Hussar,5.0,"['U', 'W']","['U', 'W']",None,['Creature'],"['Human', 'Knight']",Uncommon,PLIST,4,3,None,"Flying\nWhen Sky Hussar enters the battlefield, untap all creatures you control.\nForecast — Tap two untapped white and/or blue creatures you control, Reveal Sky Hussar from your hand: Draw a card. (Activate only during your upkeep and only once each turn.)"
Angel of Serenity,7.0,['W'],['W'],None,['Creature'],['Angel'],Mythic,PLIST,5,6,None,"Flying\nWhen Angel of Serenity enters the battlefield, you may exile up to three other target creatures from the battlefield and/or creature cards from graveyards.\nWhen Angel of Serenity leaves the battlefield, return the exiled cards to their owners' hands."
Soltari Monk,2.0,['W'],['W'],None,['Creature'],"['Soltari', 'Monk', 'Cleric']",Uncommon,PLIST,2,1,None,Protection from black\nShadow (This creature can block or be blocked by only creatures with shadow.)
Island,0.0,None,['U'],['Basic'],['Land'],['Island'],Common,PLIST,None,None,None,({T}: Add {U}.)
Snubhorn Sentry,1.0,['W'],['W'],None,['Creature'],['Dinosaur'],Common,PLIST,0,3,None,"Ascend (If you control ten or more permanents, you get the city's blessing for the rest of the game.)\nSnubhorn Sentry gets +3/+0 as long as you have the city's blessing."
Cloud Key,3.0,None,None,None,['Artifact'],None,Rare,PLIST,None,None,None,"As Cloud Key enters the battlefield, choose artifact, creature, enchantment, instant, or sorcery.\nSpells you cast of the chosen type cost {1} less to cast."
Reveillark,5.0,['W'],['W'],None,['Creature'],['Elemental'],Rare,PLIST,4,3,None,"Flying\nWhen Reveillark leaves the battlefield, return up to two target creature cards with power 2 or less from your graveyard to the battlefield.\nEvoke {5}{W} (You may cast this spell for its evoke cost. If you do, it's sacrificed when it enters the battlefield.)"
Hellkite Overlord,8.0,"['B', 'G', 'R']","['B', 'G', 'R']",None,['Creature'],['Dragon'],Mythic,PLIST,8,8,None,"Flying, trample, haste\n{R}: Hellkite Overlord gets +1/+0 until end of turn.\n{B}{G}: Regenerate Hellkite Overlord."
Nicol Bolas,8.0,"['B', 'R', 'U']","['B', 'R', 'U']",['Legendary'],['Creature'],"['Elder', 'Dragon']",Rare,PLIST,7,7,None,"Flying\nAt the beginning of your upkeep, sacrifice Nicol Bolas unless you pay {U}{B}{R}.\nWhenever Nicol Bolas deals damage to an opponent, that player discards their hand."
"Grenzo, Dungeon Warden",2.0,"['B', 'R']","['B', 'R']",['Legendary'],['Creature'],"['Goblin', 'Rogue']",Rare,PLIST,2,2,None,"Grenzo, Dungeon Warden enters the battlefield with X +1/+1 counters on it.\n{2}: Put the bottom card of your library into your graveyard. If it's a creature card with power less than or equal to Grenzo's power, put it onto the battlefield."
"Muldrotha, the Gravetide",6.0,"['B', 'G', 'U']","['B', 'G', 'U']",['Legendary'],['Creature'],"['Elemental', 'Avatar']",Mythic,PLIST,6,6,None,"During each of your turns, you may play a land and cast a permanent spell of each permanent type from your graveyard. (If a card has multiple permanent types, choose one as you play it.)"
Dragonlord Dromoka,6.0,"['G', 'W']","['G', 'W']",['Legendary'],['Creature'],"['Elder', 'Dragon']",Mythic,PLIST,5,7,None,"This spell can't be countered.\nFlying, lifelink\nYour opponents can't cast spells during your turn."
Maelstrom Nexus,5.0,"['B', 'G', 'R', 'U', 'W']","['B', 'G', 'R', 'U', 'W']",None,['Enchantment'],None,Mythic,PLIST,None,None,None,"The first spell you cast each turn has cascade. (When you cast your first spell, exile cards from the top of your library until you exile a nonland card that costs less. You may cast it without paying its mana cost. Put the exiled cards on the bottom of your library in a random order.)"
Daxos the Returned,3.0,"['B', 'W']","['B', 'W']",['Legendary'],['Creature'],"['Zombie', 'Soldier']",Mythic,PLIST,2,2,None,"Whenever you cast an enchantment spell, you get an experience counter.\n{1}{W}{B}: Create a white and black Spirit enchantment creature token. It has ""This creature's power and toughness are each equal to the number of experience counters you have."""
"Lazav, the Multifarious",2.0,"['B', 'U']","['B', 'U']",['Legendary'],['Creature'],['Shapeshifter'],Mythic,PLIST,1,3,None,"When Lazav, the Multifarious enters the battlefield, surveil 1. (Look at the top card of your library. You may put it into your graveyard.)\n{X}: Lazav, the Multifarious becomes a copy of target creature card in your graveyard with mana value X, except its name is Lazav, the Multifarious, it's legendary in addition to its other types, and it has this ability."
"Arcades, the Strategist",4.0,"['G', 'U', 'W']","['G', 'U', 'W']",['Legendary'],['Creature'],"['Elder', 'Dragon']",Mythic,PLIST,3,5,None,"Flying, vigilance\nWhenever a creature with defender enters the battlefield under your control, draw a card.\nEach creature you control with defender assigns combat damage equal to its toughness rather than its power and can attack as though it didn't have defender."
Shelldock Isle,0.0,None,['U'],None,['Land'],None,Rare,PLIST,None,None,None,"Hideaway 4 (When this land enters the battlefield, look at the top four cards of your library, exile one face down, then put the rest on the bottom in a random order.)\nShelldock Isle enters the battlefield tapped.\n{T}: Add {U}.\n{U}, {T}: You may play the exiled card without paying its mana cost if a library has twenty or fewer cards in it."
Nephalia Academy,0.0,None,None,None,['Land'],None,Uncommon,PLIST,None,None,None,"If a spell or ability an opponent controls causes you to discard a card, you may reveal that card and put it on top of your library instead of putting it anywhere else.\n{T}: Add {C}."
Rest in Peace,2.0,['W'],['W'],None,['Enchantment'],None,Rare,PLIST,None,None,None,"When Rest in Peace enters the battlefield, exile all graveyards.\nIf a card or token would be put into a graveyard from anywhere, exile it instead."
Mirrorpool,0.0,None,None,None,['Land'],None,Mythic,PLIST,None,None,None,"Mirrorpool enters the battlefield tapped.\n{T}: Add {C}.\n{2}{C}, {T}, Sacrifice Mirrorpool: Copy target instant or sorcery spell you control. You may choose new targets for the copy.\n{4}{C}, {T}, Sacrifice Mirrorpool: Create a token that's a copy of target creature you control."
Phyrexian Tower,0.0,None,['B'],['Legendary'],['Land'],None,Rare,PLIST,None,None,None,"{T}: Add {C}.\n{T}, Sacrifice a creature: Add {B}{B}."
"Yisan, the Wanderer Bard",3.0,['G'],['G'],['Legendary'],['Creature'],"['Human', 'Rogue', 'Bard']",Rare,PLIST,2,3,None,"{2}{G}, {T}, Put a verse counter on Yisan, the Wanderer Bard: Search your library for a creature card with mana value equal to the number of verse counters on Yisan, put it onto the battlefield, then shuffle."
Regal Caracal,5.0,['W'],['W'],None,['Creature'],['Cat'],Rare,PLIST,3,3,None,"Other Cats you control get +1/+1 and have lifelink.\nWhen Regal Caracal enters the battlefield, create two 1/1 white Cat creature tokens with lifelink."
Traverse the Outlands,5.0,['G'],['G'],None,['Sorcery'],None,Rare,PLIST,None,None,None,"Search your library for up to X basic land cards, where X is the greatest power among creatures you control. Put those cards onto the battlefield tapped, then shuffle."
"Nykthos, Shrine to Nyx",0.0,None,None,['Legendary'],['Land'],None,Rare,PLIST,None,None,None,"{T}: Add {C}.\n{2}, {T}: Choose a color. Add an amount of mana of that color equal to your devotion to that color. (Your devotion to a color is the number of mana symbols of that color in the mana costs of permanents you control.)"
Walking Archive,3.0,None,"['U', 'W']",None,"['Artifact', 'Creature']",['Golem'],Rare,PLIST,1,1,None,"Defender (This creature can't attack.)\nWalking Archive enters the battlefield with a +1/+1 counter on it.\nAt the beginning of each player's upkeep, that player draws a card for each +1/+1 counter on Walking Archive.\n{2}{W}{U}: Put a +1/+1 counter on Walking Archive."
Goldenglow Moth,1.0,['W'],['W'],None,['Creature'],['Insect'],Common,PLIST,0,1,None,"Flying\nWhenever Goldenglow Moth blocks, you may gain 4 life."
Hermit Druid,2.0,['G'],['G'],None,['Creature'],"['Human', 'Druid']",Rare,PLIST,1,1,None,"{G}, {T}: Reveal cards from the top of your library until you reveal a basic land card. Put that card into your hand and all other cards revealed this way into your graveyard."
Llanowar Reborn,0.0,None,['G'],None,['Land'],None,Uncommon,PLIST,None,None,None,"Llanowar Reborn enters the battlefield tapped.\n{T}: Add {G}.\nGraft 1 (This land enters the battlefield with a +1/+1 counter on it. Whenever a creature enters the battlefield, you may move a +1/+1 counter from this land onto it.)"
Stone Giant,4.0,['R'],['R'],None,['Creature'],['Giant'],Uncommon,PLIST,3,4,None,{T}: Target creature you control with toughness less than Stone Giant's power gains flying until end of turn. Destroy that creature at the beginning of the next end step.
Ancestor's Prophet,5.0,['W'],['W'],None,['Creature'],"['Human', 'Cleric']",Rare,PLIST,1,5,None,Tap five untapped Clerics you control: You gain 10 life.
Sneak Attack,4.0,['R'],['R'],None,['Enchantment'],None,Rare,PLIST,None,None,None,{R}: You may put a creature card from your hand onto the battlefield. That creature gains haste. Sacrifice the creature at the beginning of the next end step.
Kher Keep,0.0,None,['R'],['Legendary'],['Land'],None,Rare,PLIST,None,None,None,"{T}: Add {C}.\n{1}{R}, {T}: Create a 0/1 red Kobold creature token named Kobolds of Kher Keep."
Orcish Lumberjack,1.0,['R'],"['G', 'R']",None,['Creature'],['Orc'],Common,PLIST,1,1,None,"{T}, Sacrifice a Forest: Add three mana in any combination of {R} and/or {G}."
"Doran, the Siege Tower",3.0,"['B', 'G', 'W']","['B', 'G', 'W']",['Legendary'],['Creature'],"['Treefolk', 'Shaman']",Rare,PLIST,0,5,None,Each creature assigns combat damage equal to its toughness rather than its power.
Fireball,1.0,['R'],['R'],None,['Sorcery'],None,Uncommon,PLIST,None,None,None,"This spell costs {1} more to cast for each target beyond the first.\nFireball deals X damage divided evenly, rounded down, among any number of targets."
Army Ants,3.0,"['B', 'R']","['B', 'R']",None,['Creature'],['Insect'],Uncommon,PLIST,1,1,None,"{T}, Sacrifice a land: Destroy target land."
Raven Familiar,3.0,['U'],['U'],None,['Creature'],['Bird'],Uncommon,PLIST,1,2,None,"Flying\nEcho {2}{U} (At the beginning of your upkeep, if this came under your control since the beginning of your last upkeep, sacrifice it unless you pay its echo cost.)\nWhen Raven Familiar enters the battlefield, look at the top three cards of your library. Put one of them into your hand and the rest on the bottom of your library in any order."
Yavimaya Scion,5.0,['G'],['G'],None,['Creature'],['Treefolk'],Common,PLIST,4,4,None,Protection from artifacts
Noxious Ghoul,5.0,['B'],['B'],None,['Creature'],['Zombie'],Uncommon,PLIST,3,3,None,"Whenever Noxious Ghoul or another Zombie enters the battlefield, all non-Zombie creatures get -1/-1 until end of turn."
Chromanticore,5.0,"['B', 'G', 'R', 'U', 'W']","['B', 'G', 'R', 'U', 'W']",None,"['Enchantment', 'Creature']",['Manticore'],Mythic,PLIST,4,4,None,"Bestow {2}{W}{U}{B}{R}{G} (If you cast this card for its bestow cost, it's an Aura spell with enchant creature. It becomes a creature again if it's not attached to a creature.)\nFlying, first strike, vigilance, trample, lifelink\nEnchanted creature gets +4/+4 and has flying, first strike, vigilance, trample, and lifelink."
Warriors' Lesson,1.0,['G'],['G'],None,['Instant'],None,Uncommon,PLIST,None,None,None,"Until end of turn, up to two target creatures you control each gain ""Whenever this creature deals combat damage to a player, draw a card."""
Willow Dryad,1.0,['G'],['G'],None,['Creature'],['Dryad'],Common,PLIST,1,1,None,Forestwalk (This creature can't be blocked as long as defending player controls a Forest.)
Will-o'-the-Wisp,1.0,['B'],['B'],None,['Creature'],['Spirit'],Uncommon,PLIST,0,1,None,"Flying (This creature can't be blocked except by creatures with flying or reach.)\n{B}: Regenerate Will-o'-the-Wisp. (The next time this creature would be destroyed this turn, it isn't. Instead tap it, remove all damage from it, and remove it from combat.)"
Squirrel Mob,3.0,['G'],['G'],None,['Creature'],['Squirrel'],Rare,PLIST,2,2,None,Squirrel Mob gets +1/+1 for each other Squirrel on the battlefield.
Balefire Dragon,7.0,['R'],['R'],None,['Creature'],['Dragon'],Mythic,PLIST,6,6,None,"Flying\nWhenever Balefire Dragon deals combat damage to a player, it deals that much damage to each creature that player controls."
Soul of Zendikar,6.0,['G'],['G'],None,['Creature'],['Avatar'],Mythic,PLIST,6,6,None,"Reach\n{3}{G}{G}: Create a 3/3 green Beast creature token.\n{3}{G}{G}, Exile Soul of Zendikar from your graveyard: Create a 3/3 green Beast creature token."
"Tymaret, Chosen from Death",2.0,['B'],['B'],['Legendary'],"['Enchantment', 'Creature']",['Demigod'],Uncommon,PLIST,2,*,None,Tymaret's toughness is equal to your devotion to black. (Each {B} in the mana costs of permanents you control counts toward your devotion to black.)\n{1}{B}: Exile up to two target cards from graveyards. You gain 1 life for each creature card exiled this way.
Skyshroud Behemoth,7.0,['G'],['G'],None,['Creature'],['Beast'],Rare,PLIST,10,10,None,"Fading 2 (This creature enters the battlefield with two fade counters on it. At the beginning of your upkeep, remove a fade counter from it. If you can't, sacrifice it.)\nSkyshroud Behemoth enters the battlefield tapped."
Nightmare,6.0,['B'],['B'],None,['Creature'],"['Nightmare', 'Horse']",Rare,PLIST,*,*,None,Flying (This creature can't be blocked except by creatures with flying or reach.)\nNightmare's power and toughness are each equal to the number of Swamps you control.
Rootrunner,4.0,['G'],['G'],None,['Creature'],['Spirit'],Uncommon,PLIST,3,3,None,"{G}{G}, Sacrifice Rootrunner: Put target land on top of its owner's library.\nSoulshift 3 (When this creature dies, you may return target Spirit card with mana value 3 or less from your graveyard to your hand.)"
Parallel Evolution,5.0,['G'],['G'],None,['Sorcery'],None,Rare,PLIST,None,None,None,"For each creature token on the battlefield, its controller creates a token that's a copy of that creature.\nFlashback {4}{G}{G}{G} (You may cast this card from your graveyard for its flashback cost. Then exile it.)"
Dungeon Shade,4.0,['B'],['B'],None,['Creature'],"['Shade', 'Spirit']",Common,PLIST,1,1,None,Flying\n{B}: Dungeon Shade gets +1/+1 until end of turn.
Nissa Revane,4.0,['G'],['G'],['Legendary'],['Planeswalker'],['Nissa'],Mythic,PLIST,None,None,2,"[+1]: Search your library for a card named Nissa's Chosen, put it onto the battlefield, then shuffle.\n[+1]: You gain 2 life for each Elf you control.\n[−7]: Search your library for any number of Elf creature cards, put them onto the battlefield, then shuffle."
Demonic Tutor,2.0,['B'],['B'],None,['Sorcery'],None,Rare,PLIST,None,None,None,"Search your library for a card, put that card into your hand, then shuffle."
Muscle Sliver,2.0,['G'],['G'],None,['Creature'],['Sliver'],Common,PLIST,1,1,None,All Sliver creatures get +1/+1.
Captivating Vampire,3.0,['B'],['B'],None,['Creature'],['Vampire'],Rare,PLIST,2,2,None,Other Vampire creatures you control get +1/+1.\nTap five untapped Vampires you control: Gain control of target creature. It becomes a Vampire in addition to its other types.
Khalni Hydra,8.0,['G'],['G'],None,['Creature'],['Hydra'],Mythic,PLIST,8,8,None,This spell costs {G} less to cast for each green creature you control.\nTrample
Assassin's Blade,2.0,['B'],['B'],None,['Instant'],None,Uncommon,PLIST,None,None,None,Cast this spell only during the declare attackers step and only if you've been attacked this step.\nDestroy target nonblack attacking creature.
Kalonian Hydra,5.0,['G'],['G'],None,['Creature'],['Hydra'],Mythic,PLIST,0,0,None,"Trample\nKalonian Hydra enters the battlefield with four +1/+1 counters on it.\nWhenever Kalonian Hydra attacks, double the number of +1/+1 counters on each creature you control."
Deeproot Champion,2.0,['G'],['G'],None,['Creature'],"['Merfolk', 'Shaman']",Rare,PLIST,1,1,None,"Whenever you cast a noncreature spell, put a +1/+1 counter on Deeproot Champion."
"Ishkanah, Grafwidow",5.0,['G'],"['B', 'G']",['Legendary'],['Creature'],['Spider'],Mythic,PLIST,3,5,None,"Reach\nDelirium — When Ishkanah, Grafwidow enters the battlefield, if there are four or more card types among cards in your graveyard, create three 1/2 green Spider creature tokens with reach.\n{6}{B}: Target opponent loses 1 life for each Spider you control."
Sleep,4.0,['U'],['U'],None,['Sorcery'],None,Uncommon,PLIST,None,None,None,Tap all creatures target player controls. Those creatures don't untap during that player's next untap step.
"Hua Tuo, Honored Physician",3.0,['G'],['G'],['Legendary'],['Creature'],['Human'],Rare,PLIST,1,2,None,"{T}: Put target creature card from your graveyard on top of your library. Activate only during your turn, before attackers are declared."
Treasure Trove,4.0,['U'],['U'],None,['Enchantment'],None,Uncommon,PLIST,None,None,None,{2}{U}{U}: Draw a card.
Harmonize,4.0,['G'],['G'],None,['Sorcery'],None,Rare,PLIST,None,None,None,Draw three cards.
Polymorph,4.0,['U'],['U'],None,['Sorcery'],None,Rare,PLIST,None,None,None,"Destroy target creature. It can't be regenerated. Its controller reveals cards from the top of their library until they reveal a creature card. The player puts that card onto the battlefield, then shuffles all other cards revealed this way into their library."
Grizzly Fate,5.0,['G'],['G'],None,['Sorcery'],None,Uncommon,PLIST,None,None,None,Create two 2/2 green Bear creature tokens.\nThreshold — Create four 2/2 green Bear creature tokens instead if seven or more cards are in your graveyard.\nFlashback {5}{G}{G} (You may cast this card from your graveyard for its flashback cost. Then exile it.)
Gigantosaurus,5.0,['G'],['G'],None,['Creature'],['Dinosaur'],Rare,PLIST,10,10,None,None
Unbound Flourishing,3.0,['G'],['G'],None,['Enchantment'],None,Mythic,PLIST,None,None,None,"Whenever you cast a permanent spell with a mana cost that contains {X}, double the value of X.\nWhenever you cast an instant or sorcery spell or activate an ability, if that spell's mana cost or that ability's activation cost contains {X}, copy that spell or ability. You may choose new targets for the copy."
Gaea's Anthem,3.0,['G'],['G'],None,['Enchantment'],None,Rare,PLIST,None,None,None,Creatures you control get +1/+1.
Trade Routes,2.0,['U'],['U'],None,['Enchantment'],None,Rare,PLIST,None,None,None,"{1}: Return target land you control to its owner's hand.\n{1}, Discard a land card: Draw a card."
Eternal Witness,3.0,['G'],['G'],None,['Creature'],"['Human', 'Shaman']",Uncommon,PLIST,2,1,None,"When Eternal Witness enters the battlefield, you may return target card from your graveyard to your hand."
Firemane Angel,6.0,"['R', 'W']","['R', 'W']",None,['Creature'],['Angel'],Rare,PLIST,4,3,None,"Flying, first strike\nAt the beginning of your upkeep, if Firemane Angel is in your graveyard or on the battlefield, you may gain 1 life.\n{6}{R}{R}{W}{W}: Return Firemane Angel from your graveyard to the battlefield. Activate only during your upkeep."
Tempest Djinn,3.0,['U'],['U'],None,['Creature'],['Djinn'],Rare,PLIST,0,4,None,Flying\nTempest Djinn gets +1/+0 for each basic Island you control.
Cradle Guard,3.0,['G'],['G'],None,['Creature'],['Treefolk'],Uncommon,PLIST,4,4,None,"Trample\nEcho {1}{G}{G} (At the beginning of your upkeep, if this came under your control since the beginning of your last upkeep, sacrifice it unless you pay its echo cost.)"
Sleeping Potion,2.0,['U'],['U'],None,['Enchantment'],['Aura'],Common,PLIST,None,None,None,"Enchant creature\nWhen Sleeping Potion enters the battlefield, tap enchanted creature.\nEnchanted creature doesn't untap during its controller's untap step.\nWhen enchanted creature becomes the target of a spell or ability, sacrifice Sleeping Potion."
Noble Benefactor,3.0,['U'],['U'],None,['Creature'],"['Human', 'Cleric']",Uncommon,PLIST,2,2,None,"When Noble Benefactor dies, each player may search their library for a card and put that card into their hand. Then each player who searched their library this way shuffles."
Jump,1.0,['U'],['U'],None,['Instant'],None,Common,PLIST,None,None,None,Target creature gains flying until end of turn.
Wrenn and Six,2.0,"['G', 'R']","['G', 'R']",['Legendary'],['Planeswalker'],['Wrenn'],Mythic,PLIST,None,None,3,"[+1]: Return up to one target land card from your graveyard to your hand.\n[−1]: Wrenn and Six deals 1 damage to any target.\n[−7]: You get an emblem with ""Instant and sorcery cards in your graveyard have retrace."" (You may cast instant and sorcery cards from your graveyard by discarding a land card in addition to paying their other costs.)"
Primeval Bounty,6.0,['G'],['G'],None,['Enchantment'],None,Mythic,PLIST,None,None,None,"Whenever you cast a creature spell, create a 3/3 green Beast creature token.\nWhenever you cast a noncreature spell, put three +1/+1 counters on target creature you control.\nLandfall — Whenever a land enters the battlefield under your control, you gain 3 life."
Warp World,8.0,['R'],['R'],None,['Sorcery'],None,Rare,PLIST,None,None,None,"Each player shuffles all permanents they own into their library, then reveals that many cards from the top of their library. Each player puts all artifact, creature, and land cards revealed this way onto the battlefield, then does the same for enchantment cards, then puts all cards revealed this way that weren't put onto the battlefield on the bottom of their library."
"Renata, Called to the Hunt",4.0,['G'],['G'],['Legendary'],"['Enchantment', 'Creature']",['Demigod'],Uncommon,PLIST,*,3,None,Renata's power is equal to your devotion to green. (Each {G} in the mana costs of permanents you control counts toward your devotion to green.)\nEach other creature you control enters the battlefield with an additional +1/+1 counter on it.
Tuktuk the Explorer,3.0,['R'],['R'],['Legendary'],['Creature'],['Goblin'],Rare,PLIST,1,1,None,"Haste\nWhen Tuktuk the Explorer dies, create Tuktuk the Returned, a legendary 5/5 colorless Goblin Golem artifact creature token."
Heartwood Storyteller,3.0,['G'],['G'],None,['Creature'],['Treefolk'],Rare,PLIST,2,3,None,"Whenever a player casts a noncreature spell, each of that player's opponents may draw a card."
Skred,1.0,['R'],['R'],None,['Instant'],None,Common,PLIST,None,None,None,Skred deals damage to target creature equal to the number of snow permanents you control.
Young Pyromancer,2.0,['R'],['R'],None,['Creature'],"['Human', 'Shaman']",Uncommon,PLIST,2,1,None,"Whenever you cast an instant or sorcery spell, create a 1/1 red Elemental creature token."
Pegasus Stampede,2.0,['W'],['W'],None,['Sorcery'],None,Uncommon,PLIST,None,None,None,"Buyback—Sacrifice a land. (You may sacrifice a land in addition to any other costs as you cast this spell. If you do, put this card into your hand as it resolves.)\nCreate a 1/1 white Pegasus creature token with flying."
Ghitu Chronicler,2.0,['R'],['R'],None,['Creature'],"['Human', 'Wizard']",Common,PLIST,1,3,None,"Kicker {3}{R} (You may pay an additional {3}{R} as you cast this spell.)\nWhen Ghitu Chronicler enters the battlefield, if it was kicked, return target instant or sorcery card from your graveyard to your hand."
Sedge Sliver,3.0,['R'],"['B', 'R']",None,['Creature'],['Sliver'],Rare,PLIST,2,2,None,"All Sliver creatures have ""This creature gets +1/+1 as long as you control a Swamp.""\nAll Slivers have ""{B}: Regenerate this permanent."" (The next time it would be destroyed, instead tap it, remove it from combat, and heal all damage on it.)"
Rowan Kenrith,6.0,['R'],['R'],['Legendary'],['Planeswalker'],['Rowan'],Mythic,PLIST,None,None,4,"[+2]: During target player's next turn, each creature that player controls attacks if able.\n[−2]: Rowan Kenrith deals 3 damage to each tapped creature target player controls.\n[−8]: Target player gets an emblem with ""Whenever you activate an ability that isn't a mana ability, copy it. You may choose new targets for the copy.""\nPartner with Will Kenrith\nRowan Kenrith can be your commander."
Pyromancer Ascension,2.0,['R'],['R'],None,['Enchantment'],None,Rare,PLIST,None,None,None,"Whenever you cast an instant or sorcery spell that has the same name as a card in your graveyard, you may put a quest counter on Pyromancer Ascension.\nWhenever you cast an instant or sorcery spell while Pyromancer Ascension has two or more quest counters on it, you may copy that spell. You may choose new targets for the copy."
Plated Geopede,2.0,['R'],['R'],None,['Creature'],['Insect'],Common,PLIST,1,1,None,"First strike\nLandfall — Whenever a land enters the battlefield under your control, Plated Geopede gets +2/+2 until end of turn."
Arcane Teachings,3.0,['R'],['R'],None,['Enchantment'],['Aura'],Common,PLIST,None,None,None,"Enchant creature (Target a creature as you cast this. This card enters the battlefield attached to that creature.)\nEnchanted creature gets +2/+2 and has ""{T}: This creature deals 1 damage to any target."""
Moggcatcher,4.0,['R'],['R'],None,['Creature'],"['Human', 'Mercenary']",Rare,PLIST,2,2,None,"{3}, {T}: Search your library for a Goblin permanent card, put it onto the battlefield, then shuffle."
Mages' Contest,3.0,['R'],['R'],None,['Instant'],None,Rare,PLIST,None,None,None,"You and target spell's controller bid life. You start the bidding with a bid of 1. In turn order, each player may top the high bid. The bidding ends if the high bid stands. The high bidder loses life equal to the high bid. If you win the bidding, counter that spell."
Liliana's Devotee,3.0,['B'],['B'],None,['Creature'],"['Human', 'Warlock']",Uncommon,PLIST,2,3,None,"Zombies you control get +1/+0.\nAt the beginning of your end step, if a creature died this turn, you may pay {1}{B}. If you do, create a 2/2 black Zombie creature token."
Lightning Bolt,1.0,['R'],['R'],None,['Instant'],None,Rare,PLIST,None,None,None,Lightning Bolt deals 3 damage to any target.
Painful Lesson,3.0,['B'],['B'],None,['Sorcery'],None,Common,PLIST,None,None,None,Target player draws two cards and loses 2 life.
Kilnmouth Dragon,7.0,['R'],['R'],None,['Creature'],['Dragon'],Rare,PLIST,5,5,None,"Amplify 3 (As this creature enters the battlefield, put three +1/+1 counters on it for each Dragon card you reveal in your hand.)\nFlying\n{T}: Kilnmouth Dragon deals damage equal to the number of +1/+1 counters on it to any target."
"Lukka, Coppercoat Outcast",5.0,['R'],['R'],['Legendary'],['Planeswalker'],['Lukka'],Mythic,PLIST,None,None,5,"[+1]: Exile the top three cards of your library. Creature cards exiled this way gain ""You may cast this card from exile as long as you control a Lukka planeswalker.""\n[−2]: Exile target creature you control, then reveal cards from the top of your library until you reveal a creature card with higher mana value. Put that card onto the battlefield and the rest on the bottom of your library in a random order.\n[−7]: Each creature you control deals damage equal to its power to each opponent."
Hunted Dragon,5.0,['R'],['R'],None,['Creature'],['Dragon'],Rare,PLIST,6,6,None,"Flying, haste\nWhen Hunted Dragon enters the battlefield, target opponent creates three 2/2 white Knight creature tokens with first strike."
Guttersnipe,3.0,['R'],['R'],None,['Creature'],"['Goblin', 'Shaman']",Uncommon,PLIST,2,2,None,"Whenever you cast an instant or sorcery spell, Guttersnipe deals 2 damage to each opponent."
"Liliana, the Last Hope",3.0,['B'],['B'],['Legendary'],['Planeswalker'],['Liliana'],Mythic,PLIST,None,None,3,"[+1]: Up to one target creature gets -2/-1 until your next turn.\n[−2]: Mill two cards, then you may return a creature card from your graveyard to your hand.\n[−7]: You get an emblem with ""At the beginning of your end step, create X 2/2 black Zombie creature tokens, where X is two plus the number of Zombies you control."""
Inventors' Fair,0.0,None,None,['Legendary'],['Land'],None,Rare,PLIST,None,None,None,"At the beginning of your upkeep, if you control three or more artifacts, you gain 1 life.\n{T}: Add {C}.\n{4}, {T}, Sacrifice Inventors' Fair: Search your library for an artifact card, reveal it, put it into your hand, then shuffle. Activate only if you control three or more artifacts."
Seething Song,3.0,['R'],['R'],None,['Instant'],None,Common,PLIST,None,None,None,Add {R}{R}{R}{R}{R}.
Desolation Angel,5.0,['B'],"['B', 'W']",None,['Creature'],['Angel'],Rare,PLIST,5,4,None,"Kicker {W}{W} (You may pay an additional {W}{W} as you cast this spell.)\nFlying\nWhen Desolation Angel enters the battlefield, destroy all lands you control. If it was kicked, destroy all lands instead."
Read the Runes,1.0,['U'],['U'],None,['Instant'],None,Rare,PLIST,None,None,None,"Draw X cards. For each card drawn this way, discard a card unless you sacrifice a permanent."
Scrying Sheets,0.0,None,None,['Snow'],['Land'],None,Rare,PLIST,None,None,None,"{T}: Add {C}.\n{1}{S}, {T}: Look at the top card of your library. If that card is snow, you may reveal it and put it into your hand. ({S} can be paid with one mana from a snow source.)"
Loyal Unicorn,4.0,['W'],['W'],None,['Creature'],['Unicorn'],Uncommon,PLIST,3,4,None,"Vigilance\nLieutenant — At the beginning of combat on your turn, if you control your commander, prevent all combat damage that would be dealt to creatures you control this turn. Other creatures you control gain vigilance until end of turn."
Invisible Stalker,2.0,['U'],['U'],None,['Creature'],"['Human', 'Rogue']",Uncommon,PLIST,1,1,None,Hexproof (This creature can't be the target of spells or abilities your opponents control.)\nInvisible Stalker can't be blocked.
Hashep Oasis,0.0,None,['G'],None,['Land'],['Desert'],Uncommon,PLIST,None,None,None,"{T}: Add {C}.\n{T}, Pay 1 life: Add {G}.\n{1}{G}{G}, {T}, Sacrifice a Desert: Target creature gets +3/+3 until end of turn. Activate only as a sorcery."
Pedantic Learning,2.0,['U'],['U'],None,['Enchantment'],None,Rare,PLIST,None,None,None,"Whenever a land card is put into your graveyard from your library, you may pay {1}. If you do, draw a card."
Monastery Mentor,3.0,['W'],['W'],None,['Creature'],"['Human', 'Monk']",Mythic,PLIST,2,2,None,"Prowess (Whenever you cast a noncreature spell, this creature gets +1/+1 until end of turn.)\nWhenever you cast a noncreature spell, create a 1/1 white Monk creature token with prowess."
Venerated Teacher,3.0,['U'],['U'],None,['Creature'],"['Human', 'Wizard']",Common,PLIST,2,2,None,"When Venerated Teacher enters the battlefield, put two level counters on each creature you control with level up."
Gemstone Mine,0.0,None,None,None,['Land'],None,Rare,PLIST,None,None,None,"Gemstone Mine enters the battlefield with three mining counters on it.\n{T}, Remove a mining counter from Gemstone Mine: Add one mana of any color. If there are no mining counters on Gemstone Mine, sacrifice it."
Will Kenrith,6.0,['U'],['U'],['Legendary'],['Planeswalker'],['Will'],Mythic,PLIST,None,None,4,"[+2]: Until your next turn, up to two target creatures each have base power and toughness 0/3 and lose all abilities.\n[−2]: Target player draws two cards. Until your next turn, instant, sorcery, and planeswalker spells that player casts cost {2} less to cast.\n[−8]: Target player gets an emblem with ""Whenever you cast an instant or sorcery spell, copy it. You may choose new targets for the copy.""\nPartner with Rowan Kenrith\nWill Kenrith can be your commander."
Land Tax,1.0,['W'],['W'],None,['Enchantment'],None,Mythic,PLIST,None,None,None,"At the beginning of your upkeep, if an opponent controls more lands than you, you may search your library for up to three basic land cards, reveal them, put them into your hand, then shuffle."
Relearn,3.0,['U'],['U'],None,['Sorcery'],None,Uncommon,PLIST,None,None,None,Return target instant or sorcery card from your graveyard to your hand.
"Emeria, the Sky Ruin",0.0,None,['W'],None,['Land'],None,Rare,PLIST,None,None,None,"Emeria, the Sky Ruin enters the battlefield tapped.\nAt the beginning of your upkeep, if you control seven or more Plains, you may return target creature card from your graveyard to the battlefield.\n{T}: Add {W}."
"Ormos, Archive Keeper",6.0,['U'],['U'],['Legendary'],['Creature'],['Sphinx'],Rare,PLIST,5,5,None,"Flying\nIf you would draw a card while your library has no cards in it, instead put five +1/+1 counters on Ormos, Archive Keeper.\n{1}{U}{U}, Discard three cards with different names: Draw five cards."
Eldrazi Temple,0.0,None,None,None,['Land'],None,Uncommon,PLIST,None,None,None,{T}: Add {C}.\n{T}: Add {C}{C}. Spend this mana only to cast colorless Eldrazi spells or activate abilities of colorless Eldrazi.
"Kasmina, Enigmatic Mentor",4.0,['U'],['U'],['Legendary'],['Planeswalker'],['Kasmina'],Uncommon,PLIST,None,None,5,"Spells your opponents cast that target a creature or planeswalker you control cost {2} more to cast.\n[−2]: Create a 2/2 blue Wizard creature token. Draw a card, then discard a card."
Dryad Arbor,0.0,['G'],['G'],None,"['Land', 'Creature']","['Forest', 'Dryad']",Uncommon,PLIST,1,1,None,"(Dryad Arbor isn't a spell, it's affected by summoning sickness, and it has ""{T}: Add {G}."")"
Archive Trap,5.0,['U'],['U'],None,['Instant'],['Trap'],Rare,PLIST,None,None,None,"If an opponent searched their library this turn, you may pay {0} rather than pay this spell's mana cost.\nTarget opponent mills thirteen cards."
"Nahiri, the Lithomancer",5.0,['W'],['W'],['Legendary'],['Planeswalker'],['Nahiri'],Mythic,PLIST,None,None,3,"[+2]: Create a 1/1 white Kor Soldier creature token. You may attach an Equipment you control to it.\n[−2]: You may put an Equipment card from your hand or graveyard onto the battlefield.\n[−10]: Create a colorless Equipment artifact token named Stoneforged Blade. It has indestructible, ""Equipped creature gets +5/+5 and has double strike,"" and equip {0}.\nNahiri, the Lithomancer can be your commander."
Academy Elite,4.0,['U'],['U'],None,['Creature'],"['Human', 'Wizard']",Rare,PLIST,0,0,None,"Academy Elite enters the battlefield with X +1/+1 counters on it, where X is the number of instant and sorcery cards in all graveyards.\n{2}{U}, Remove a +1/+1 counter from Academy Elite: Draw a card, then discard a card."
Boggart Arsonists,3.0,['R'],['R'],None,['Creature'],"['Goblin', 'Rogue']",Common,PLIST,2,1,None,"Plainswalk (This creature can't be blocked as long as defending player controls a Plains.)\n{2}{R}, Sacrifice Boggart Arsonists: Destroy target Scarecrow or Plains."
Stonybrook Schoolmaster,3.0,['W'],['W'],None,['Creature'],"['Merfolk', 'Wizard']",Common,PLIST,1,2,None,"Whenever Stonybrook Schoolmaster becomes tapped, you may create a 1/1 blue Merfolk Wizard creature token."
Command Beacon,0.0,None,None,None,['Land'],None,Rare,PLIST,None,None,None,"{T}: Add {C}.\n{T}, Sacrifice Command Beacon: Put your commander into your hand from the command zone."
"Kozilek, Butcher of Truth",10.0,None,None,['Legendary'],['Creature'],['Eldrazi'],Mythic,PLIST,12,12,None,"When you cast this spell, draw four cards.\nAnnihilator 4 (Whenever this creature attacks, defending player sacrifices four permanents.)\nWhen Kozilek, Butcher of Truth is put into a graveyard from anywhere, its owner shuffles their graveyard into their library."
Pursuit of Knowledge,4.0,['W'],['W'],None,['Enchantment'],None,Rare,PLIST,None,None,None,"If you would draw a card, you may put a study counter on Pursuit of Knowledge instead.\nRemove three study counters from Pursuit of Knowledge, Sacrifice Pursuit of Knowledge: Draw seven cards."
Abrade,2.0,['R'],['R'],None,['Instant'],None,Uncommon,PLIST,None,None,None,Choose one —\n• Abrade deals 3 damage to target creature.\n• Destroy target artifact.
Jubilant Mascot,3.0,['W'],['W'],None,['Creature'],['Homunculus'],Uncommon,PLIST,1,1,None,"At the beginning of combat on your turn, you may pay {3}{W}. If you do, support 2. (Put a +1/+1 counter on each of up to two other target creatures.)"
Victimize,3.0,['B'],['B'],None,['Sorcery'],None,Uncommon,PLIST,None,None,None,"Choose two target creature cards in your graveyard. Sacrifice a creature. If you do, return the chosen cards to the battlefield tapped."
Great Teacher's Decree,4.0,['W'],['W'],None,['Sorcery'],None,Uncommon,PLIST,None,None,None,"Creatures you control get +2/+1 until end of turn.\nRebound (If you cast this spell from your hand, exile it as it resolves. At the beginning of your next upkeep, you may cast this card from exile without paying its mana cost.)"
Vampire Nighthawk,3.0,['B'],['B'],None,['Creature'],"['Vampire', 'Shaman']",Uncommon,PLIST,2,3,None,"Flying, deathtouch, lifelink"
Hans Eriksson,4.0,"['G', 'R']","['G', 'R']",['Legendary'],['Creature'],"['Human', 'Scout']",Rare,PLIST,1,4,None,"Whenever Hans Eriksson attacks, reveal the top card of your library. If it's a creature card, put it onto the battlefield tapped and attacking defending player or a planeswalker they control. Otherwise, put that card into your hand. When you put a creature card onto the battlefield this way, it fights Hans Eriksson."
Cathedral of War,0.0,None,None,None,['Land'],None,Rare,PLIST,None,None,None,"Cathedral of War enters the battlefield tapped.\nExalted (Whenever a creature you control attacks alone, that creature gets +1/+1 until end of turn.)\n{T}: Add {C}."
Rite of Flame,1.0,['R'],['R'],None,['Sorcery'],None,Rare,PLIST,None,None,None,"Add {R}{R}, then add {R} for each card named Rite of Flame in each graveyard."
Tortured Existence,1.0,['B'],['B'],None,['Enchantment'],None,Common,PLIST,None,None,None,"{B}, Discard a creature card: Return target creature card from your graveyard to your hand."
Invisibility,2.0,['U'],['U'],None,['Enchantment'],['Aura'],Common,PLIST,None,None,None,Enchant creature\nEnchanted creature can't be blocked except by Walls.
Promise of Power,5.0,['B'],['B'],None,['Sorcery'],None,Rare,PLIST,None,None,None,"Choose one —\n• You draw five cards and you lose 5 life.\n• Create an X/X black Demon creature token with flying, where X is the number of cards in your hand.\nEntwine {4} (Choose both if you pay the entwine cost.)"
Air Elemental,5.0,['U'],['U'],None,['Creature'],['Elemental'],Uncommon,PLIST,4,4,None,Flying
Tombstalker,8.0,['B'],['B'],None,['Creature'],['Demon'],Rare,PLIST,5,5,None,Flying\nDelve (Each card you exile from your graveyard while casting this spell pays for {1}.)
Undead Slayer,3.0,['W'],['W'],None,['Creature'],"['Human', 'Cleric']",Uncommon,PLIST,2,2,None,"{W}, {T}: Exile target Skeleton, Vampire, or Zombie."
Thought Vessel,2.0,None,None,None,['Artifact'],None,Common,PLIST,None,None,None,You have no maximum hand size.\n{T}: Add {C}.
Herald's Horn,3.0,None,None,None,['Artifact'],None,Uncommon,PLIST,None,None,None,"As Herald's Horn enters the battlefield, choose a creature type.\nCreature spells you cast of the chosen type cost {1} less to cast.\nAt the beginning of your upkeep, look at the top card of your library. If it's a creature card of the chosen type, you may reveal it and put it into your hand."
History of Benalia,3.0,['W'],['W'],None,['Enchantment'],['Saga'],Mythic,PLIST,None,None,None,"(As this Saga enters and after your draw step, add a lore counter. Sacrifice after III.)\nI, II — Create a 2/2 white Knight creature token with vigilance.\nIII — Knights you control get +2/+1 until end of turn."
Twinblade Paladin,4.0,['W'],['W'],None,['Creature'],"['Human', 'Knight']",Uncommon,PLIST,3,3,None,"Whenever you gain life, put a +1/+1 counter on Twinblade Paladin.\nAs long as you have 25 or more life, Twinblade Paladin has double strike. (It deals both first-strike and regular combat damage.)"
Hundred-Handed One,4.0,['W'],['W'],None,['Creature'],['Giant'],Rare,PLIST,3,5,None,"Vigilance\n{3}{W}{W}{W}: Monstrosity 3. (If this creature isn't monstrous, put three +1/+1 counters on it and it becomes monstrous.)\nAs long as Hundred-Handed One is monstrous, it has reach and can block an additional ninety-nine creatures each combat."
Silence,1.0,['W'],['W'],None,['Instant'],None,Special,PLIST,None,None,None,Your opponents can't cast spells this turn.
Bojuka Bog,0.0,None,['B'],None,['Land'],None,Common,PLIST,None,None,None,"Bojuka Bog enters the battlefield tapped.\nWhen Bojuka Bog enters the battlefield, exile target player's graveyard.\n{T}: Add {B}."
Resurrection,4.0,['W'],['W'],None,['Sorcery'],None,Common,PLIST,None,None,None,Return target creature card from your graveyard to the battlefield.
Quest for the Holy Relic,1.0,['W'],['W'],None,['Enchantment'],None,Uncommon,PLIST,None,None,None,"Whenever you cast a creature spell, you may put a quest counter on Quest for the Holy Relic.\nRemove five quest counters from Quest for the Holy Relic and sacrifice it: Search your library for an Equipment card, put it onto the battlefield, attach it to a creature you control, then shuffle."
Thrumming Stone,5.0,None,None,['Legendary'],['Artifact'],None,Rare,PLIST,None,None,None,"Spells you cast have ripple 4. (Whenever you cast a spell, you may reveal the top four cards of your library. You may cast spells with the same name as that spell from among the revealed cards without paying their mana costs. Put the rest on the bottom of your library.)"
Mountain,0.0,None,['R'],['Basic'],['Land'],['Mountain'],Common,PLIST,None,None,None,({T}: Add {R}.)
"Emrakul, the Aeons Torn",15.0,None,None,['Legendary'],['Creature'],['Eldrazi'],Mythic,PLIST,15,15,None,"This spell can't be countered.\nWhen you cast this spell, take an extra turn after this one.\nFlying, protection from spells that are one or more colors, annihilator 6\nWhen Emrakul, the Aeons Torn is put into a graveyard from anywhere, its owner shuffles their graveyard into their library."
"Urborg, Tomb of Yawgmoth",0.0,None,None,['Legendary'],['Land'],None,Rare,PLIST,None,None,None,Each land is a Swamp in addition to its other land types.
Worn Powerstone,3.0,None,None,None,['Artifact'],None,Uncommon,PLIST,None,None,None,Worn Powerstone enters the battlefield tapped.\n{T}: Add {C}{C}.
Petrified Field,0.0,None,None,None,['Land'],None,Rare,PLIST,None,None,None,"{T}: Add {C}.\n{T}, Sacrifice Petrified Field: Return target land card from your graveyard to your hand."
Workhorse,6.0,None,None,None,"['Artifact', 'Creature']",['Horse'],Rare,PLIST,0,0,None,Workhorse enters the battlefield with four +1/+1 counters on it.\nRemove a +1/+1 counter from Workhorse: Add {C}.
Ancient Den,0.0,None,['W'],None,"['Artifact', 'Land']",None,Common,PLIST,None,None,None,{T}: Add {W}.
Lashweed Lurker,8.0,None,"['G', 'U']",None,['Creature'],"['Eldrazi', 'Horror']",Uncommon,PLIST,5,4,None,"Emerge {5}{G}{U} (You may cast this spell by sacrificing a creature and paying the emerge cost reduced by that creature's mana value.)\nWhen you cast this spell, you may put target nonland permanent on top of its owner's library."
Blackblade Reforged,2.0,None,None,['Legendary'],['Artifact'],['Equipment'],Rare,PLIST,None,None,None,Equipped creature gets +1/+1 for each land you control.\nEquip legendary creature {3}\nEquip {7}
Weatherlight,4.0,None,None,['Legendary'],['Artifact'],['Vehicle'],Mythic,PLIST,4,5,None,"Flying\nWhenever Weatherlight deals combat damage to a player, look at the top five cards of your library. You may reveal a historic card from among them and put it into your hand. Put the rest on the bottom of your library in a random order. (Artifacts, legendaries, and Sagas are historic.)\nCrew 3"
Arcbound Overseer,8.0,None,None,None,"['Artifact', 'Creature']",['Golem'],Rare,PLIST,0,0,None,"At the beginning of your upkeep, put a +1/+1 counter on each creature with modular you control.\nModular 6 (This creature enters the battlefield with six +1/+1 counters on it. When it dies, you may put its +1/+1 counters on target artifact creature.)"
"Gideon, Ally of Zendikar",4.0,['W'],['W'],['Legendary'],['Planeswalker'],['Gideon'],Mythic,PLIST,None,None,4,"[+1]: Until end of turn, Gideon, Ally of Zendikar becomes a 5/5 Human Soldier Ally creature with indestructible that's still a planeswalker. Prevent all damage that would be dealt to him this turn.\n[0]: Create a 2/2 white Knight Ally creature token.\n[−4]: You get an emblem with ""Creatures you control get +1/+1."""
Runed Stalactite,1.0,None,None,None,['Artifact'],['Equipment'],Common,PLIST,None,None,None,Equipped creature gets +1/+1 and is every creature type.\nEquip {2}
Wayfarer's Bauble,1.0,None,None,None,['Artifact'],None,Common,PLIST,None,None,None,"{2}, {T}, Sacrifice Wayfarer's Bauble: Search your library for a basic land card, put that card onto the battlefield tapped, then shuffle."
"Olivia, Mobilized for War",3.0,"['B', 'R']","['B', 'R']",['Legendary'],['Creature'],"['Vampire', 'Knight']",Mythic,PLIST,3,3,None,"Flying\nWhenever another creature enters the battlefield under your control, you may discard a card. If you do, put a +1/+1 counter on that creature, it gains haste until end of turn, and it becomes a Vampire in addition to its other types."
Trusty Machete,1.0,None,None,None,['Artifact'],['Equipment'],Uncommon,PLIST,None,None,None,Equipped creature gets +2/+1.\nEquip {2}
Guttural Response,1.0,"['G', 'R']","['G', 'R']",None,['Instant'],None,Uncommon,PLIST,None,None,None,Counter target blue instant spell.
Cloudgoat Ranger,5.0,['W'],['W'],None,['Creature'],"['Giant', 'Warrior', 'Ranger']",Uncommon,PLIST,3,3,None,"When Cloudgoat Ranger enters the battlefield, create three 1/1 white Kithkin Soldier creature tokens.\nTap three untapped Kithkin you control: Cloudgoat Ranger gets +2/+0 and gains flying until end of turn."
Aether Vial,1.0,None,None,None,['Artifact'],None,Uncommon,PLIST,None,None,None,"At the beginning of your upkeep, you may put a charge counter on Aether Vial.\n{T}: You may put a creature card with mana value equal to the number of charge counters on Aether Vial from your hand onto the battlefield."
Iterative Analysis,0.0,None,None,None,['Conspiracy'],None,Uncommon,PLIST,None,None,None,"Hidden agenda (Start the game with this conspiracy face down in the command zone and secretly choose a card name. You may turn this conspiracy face up any time and reveal that name.)\nWhenever you cast an instant or sorcery spell with the chosen name, you may draw a card."
"Phenax, God of Deception",5.0,"['B', 'U']","['B', 'U']",['Legendary'],"['Enchantment', 'Creature']",['God'],Mythic,PLIST,4,7,None,"Indestructible\nAs long as your devotion to blue and black is less than seven, Phenax isn't a creature.\nCreatures you control have ""{T}: Target player mills X cards, where X is this creature's toughness."""
Obsessive Stitcher,3.0,"['B', 'U']","['B', 'U']",None,['Creature'],"['Human', 'Wizard']",Uncommon,PLIST,0,3,None,"{T}: Draw a card, then discard a card.\n{2}{U}{B}, {T}, Sacrifice Obsessive Stitcher: Return target creature card from your graveyard to the battlefield."
Belfry Spirit,5.0,['W'],['W'],None,['Creature'],['Spirit'],Uncommon,PLIST,1,1,None,"Flying\nHaunt (When this creature dies, exile it haunting target creature.)\nWhen Belfry Spirit enters the battlefield or the creature it haunts dies, create two 1/1 black Bat creature tokens with flying."
Master of Cruelties,5.0,"['B', 'R']","['B', 'R']",None,['Creature'],['Demon'],Mythic,PLIST,1,4,None,"First strike, deathtouch\nMaster of Cruelties can only attack alone.\nWhenever Master of Cruelties attacks a player and isn't blocked, that player's life total becomes 1. Master of Cruelties assigns no combat damage this combat."
Tamiyo's Journal,5.0,None,None,['Legendary'],['Artifact'],None,Rare,PLIST,None,None,None,"At the beginning of your upkeep, investigate. (Create a Clue token. It's an artifact with ""{2}, Sacrifice this artifact: Draw a card."")\n{T}, Sacrifice three Clues: Search your library for a card, put that card into your hand, then shuffle."
Juniper Order Ranger,5.0,"['G', 'W']","['G', 'W']",None,['Creature'],"['Human', 'Knight', 'Ranger']",Uncommon,PLIST,2,4,None,"Whenever another creature enters the battlefield under your control, put a +1/+1 counter on that creature and a +1/+1 counter on Juniper Order Ranger."
Grand Arbiter Augustin IV,4.0,"['U', 'W']","['U', 'W']",['Legendary'],['Creature'],"['Human', 'Advisor']",Rare,PLIST,2,3,None,White spells you cast cost {1} less to cast.\nBlue spells you cast cost {1} less to cast.\nSpells your opponents cast cost {1} more to cast.
Eldrazi Displacer,3.0,None,['W'],None,['Creature'],['Eldrazi'],Rare,PLIST,3,3,None,"Devoid (This card has no color.)\n{2}{C}: Exile another target creature, then return it to the battlefield tapped under its owner's control. ({C} represents colorless mana.)"
Cavern of Souls,0.0,None,None,None,['Land'],None,Rare,PLIST,None,None,None,"As Cavern of Souls enters the battlefield, choose a creature type.\n{T}: Add {C}.\n{T}: Add one mana of any color. Spend this mana only to cast a creature spell of the chosen type, and that spell can't be countered."
Swiftfoot Boots,2.0,None,None,None,['Artifact'],['Equipment'],Uncommon,PLIST,None,None,None,Equipped creature has hexproof and haste. (It can't be the target of spells or abilities your opponents control.)\nEquip {1}
Horned Helm,2.0,None,['G'],None,['Artifact'],['Equipment'],Common,PLIST,None,None,None,Equipped creature gets +1/+1 and has trample.\n{G}{G}: Attach Horned Helm to target creature you control.\nEquip {1} ({1}: Attach to target creature you control. Equip only as a sorcery.)
Riptide Laboratory,0.0,None,['U'],None,['Land'],None,Rare,PLIST,None,None,None,"{T}: Add {C}.\n{1}{U}, {T}: Return target Wizard you control to its owner's hand."
Cold Storage,4.0,None,None,None,['Artifact'],None,Rare,PLIST,None,None,None,{3}: Exile target creature you control.\nSacrifice Cold Storage: Return each creature card exiled with Cold Storage to the battlefield under your control.
Skullclamp,1.0,None,None,None,['Artifact'],['Equipment'],Uncommon,PLIST,None,None,None,"Equipped creature gets +1/-1.\nWhenever equipped creature dies, draw two cards.\nEquip {1}"
Birthing Boughs,3.0,None,None,None,['Artifact'],None,Uncommon,PLIST,None,None,None,"{4}, {T}: Create a 2/2 colorless Shapeshifter creature token with changeling. (It has every creature type.)"
Yore-Tiller Nephilim,4.0,"['B', 'R', 'U', 'W']","['B', 'R', 'U', 'W']",None,['Creature'],['Nephilim'],Rare,PLIST,2,2,None,"Whenever Yore-Tiller Nephilim attacks, return target creature card from your graveyard to the battlefield tapped and attacking."
Shuriken,1.0,None,None,None,['Artifact'],['Equipment'],Uncommon,PLIST,None,None,None,"Equipped creature has ""{T}, Unattach Shuriken: Shuriken deals 2 damage to target creature. That creature's controller gains control of Shuriken unless it was unattached from a Ninja.""\nEquip {2} ({2}: Attach to target creature you control. Equip only as a sorcery.)"
Ice-Fang Coatl,2.0,"['G', 'U']","['G', 'U']",['Snow'],['Creature'],['Snake'],Rare,PLIST,1,1,None,"Flash\nFlying\nWhen Ice-Fang Coatl enters the battlefield, draw a card.\nIce-Fang Coatl has deathtouch as long as you control at least three other snow permanents."
Parcelbeast,4.0,"['G', 'U']","['G', 'U']",None,['Creature'],"['Elemental', 'Beast']",Uncommon,PLIST,2,4,None,"Mutate {G}{U} (If you cast this spell for its mutate cost, put it over or under target non-Human creature you own. They mutate into the creature on top plus all abilities from under it.)\n{1}, {T}: Look at the top card of your library. If it's a land card, you may put it onto the battlefield. If you don't put the card onto the battlefield, put it into your hand."
Bogbrew Witch,4.0,['B'],['B'],None,['Creature'],"['Human', 'Wizard']",Rare,PLIST,1,3,None,"{2}, {T}: Search your library for a card named Festering Newt or Bubbling Cauldron, put it onto the battlefield tapped, then shuffle."
Spellbook,0.0,None,None,None,['Artifact'],None,Uncommon,PLIST,None,None,None,You have no maximum hand size.
Emeria Angel,4.0,['W'],['W'],None,['Creature'],['Angel'],Rare,PLIST,3,3,None,"Flying\nLandfall — Whenever a land enters the battlefield under your control, you may create a 1/1 white Bird creature token with flying."
"Korvold, Fae-Cursed King",5.0,"['B', 'G', 'R']","['B', 'G', 'R']",['Legendary'],['Creature'],"['Dragon', 'Noble']",Mythic,PLIST,4,4,None,"Flying\nWhenever Korvold, Fae-Cursed King enters the battlefield or attacks, sacrifice another permanent.\nWhenever you sacrifice a permanent, put a +1/+1 counter on Korvold and draw a card."
Bloodlord of Vaasgoth,5.0,['B'],['B'],None,['Creature'],"['Vampire', 'Warrior']",Mythic,PLIST,3,3,None,"Bloodthirst 3 (If an opponent was dealt damage this turn, this creature enters the battlefield with three +1/+1 counters on it.)\nFlying\nWhenever you cast a Vampire creature spell, it gains bloodthirst 3."
Fool's Tome,4.0,None,None,None,['Artifact'],None,Rare,PLIST,None,None,None,"{2}, {T}: Draw a card. Activate only if you have no cards in hand."
Body Snatcher,4.0,['B'],['B'],None,['Creature'],"['Phyrexian', 'Minion']",Rare,PLIST,2,2,None,"When Body Snatcher enters the battlefield, exile it unless you discard a creature card.\nWhen Body Snatcher dies, exile Body Snatcher and return target creature card from your graveyard to the battlefield."
Skyclave Shade,2.0,['B'],['B'],None,['Creature'],['Shade'],Rare,PLIST,3,1,None,"Kicker {2}{B}\nSkyclave Shade can't block.\nIf Skyclave Shade was kicked, it enters the battlefield with two +1/+1 counters on it.\nLandfall — Whenever a land enters the battlefield under your control, if Skyclave Shade is in your graveyard and it's your turn, you may cast it from your graveyard this turn."
Vodalian Illusionist,3.0,['U'],['U'],None,['Creature'],"['Merfolk', 'Wizard']",Uncommon,PLIST,2,2,None,"{U}{U}, {T}: Target creature phases out. (While it's phased out, it's treated as though it doesn't exist. It phases in before its controller untaps during their next untap step.)"
Panglacial Wurm,7.0,['G'],['G'],None,['Creature'],['Wurm'],Rare,PLIST,9,5,None,"Trample\nWhile you're searching your library, you may cast Panglacial Wurm from your library."
Scroll Rack,2.0,None,None,None,['Artifact'],None,Rare,PLIST,None,None,None,"{1}, {T}: Exile any number of cards from your hand face down. Put that many cards from the top of your library into your hand. Then look at the exiled cards and put them on top of your library in any order."
Ohran Frostfang,5.0,['G'],['G'],['Snow'],['Creature'],['Snake'],Rare,PLIST,2,6,None,"Attacking creatures you control have deathtouch.\nWhenever a creature you control deals combat damage to a player, draw a card."
Release the Dogs,4.0,['W'],['W'],None,['Sorcery'],None,Uncommon,PLIST,None,None,None,Create four 1/1 white Dog creature tokens.
Into the North,2.0,['G'],['G'],None,['Sorcery'],None,Common,PLIST,None,None,None,"Search your library for a snow land card, put it onto the battlefield tapped, then shuffle."
Scarecrone,3.0,None,None,None,"['Artifact', 'Creature']",['Scarecrow'],Rare,PLIST,1,2,None,"{1}, Sacrifice a Scarecrow: Draw a card.\n{4}, {T}: Return target artifact creature card from your graveyard to the battlefield."
Scroll of the Masters,2.0,None,None,None,['Artifact'],None,Rare,PLIST,None,None,None,"Whenever you cast a noncreature spell, put a lore counter on Scroll of the Masters.\n{3}, {T}: Target creature you control gets +1/+1 until end of turn for each lore counter on Scroll of the Masters."
Calming Licid,3.0,['W'],['W'],None,['Creature'],['Licid'],Uncommon,PLIST,2,2,None,"{W}, {T}: Calming Licid loses this ability and becomes an Aura enchantment with enchant creature. Attach it to target creature. You may pay {W} to end this effect.\nEnchanted creature can't attack."
Hunted Troll,4.0,['G'],['G'],None,['Creature'],"['Troll', 'Warrior']",Rare,PLIST,8,4,None,"When Hunted Troll enters the battlefield, target opponent creates four 1/1 blue Faerie creature tokens with flying.\n{G}: Regenerate Hunted Troll."
Patron Wizard,3.0,['U'],['U'],None,['Creature'],"['Human', 'Wizard']",Rare,PLIST,2,2,None,Tap an untapped Wizard you control: Counter target spell unless its controller pays {1}.
Grind // Dust,6.0,['B'],"['B', 'W']",None,['Sorcery'],None,Rare,PLIST,None,None,None,Put a -1/-1 counter on each of up to two target creatures.
Spined Thopter,3.0,['U'],['U'],None,"['Artifact', 'Creature']","['Phyrexian', 'Thopter']",Common,PLIST,2,1,None,({U/P} can be paid with either {U} or 2 life.)\nFlying
Deathless Knight,4.0,"['B', 'G']","['B', 'G']",None,['Creature'],"['Skeleton', 'Knight']",Uncommon,PLIST,4,2,None,"Haste\nWhen you gain life for the first time each turn, return Deathless Knight from your graveyard to your hand."
Pouncing Shoreshark,5.0,['U'],['U'],None,['Creature'],"['Shark', 'Beast']",Uncommon,PLIST,4,3,None,"Mutate {3}{U} (If you cast this spell for its mutate cost, put it over or under target non-Human creature you own. They mutate into the creature on top plus all abilities from under it.)\nFlash\nWhenever this creature mutates, you may return target creature an opponent controls to its owner's hand."
Knowledge Pool,6.0,None,None,None,['Artifact'],None,Rare,PLIST,None,None,None,"Imprint — When Knowledge Pool enters the battlefield, each player exiles the top three cards of their library.\nWhenever a player casts a spell from their hand, that player exiles it. If the player does, they may cast a spell from among other cards exiled with Knowledge Pool without paying its mana cost."
Retreat to Coralhelm,3.0,['U'],['U'],None,['Enchantment'],None,Uncommon,PLIST,None,None,None,"Landfall — Whenever a land enters the battlefield under your control, choose one —\n• You may tap or untap target creature.\n• Scry 1. (Look at the top card of your library. You may put that card on the bottom of your library.)"
Nuisance Engine,3.0,None,None,None,['Artifact'],None,Uncommon,PLIST,None,None,None,"{2}, {T}: Create a 0/1 colorless Pest artifact creature token."
Entreat the Angels,3.0,['W'],['W'],None,['Sorcery'],None,Mythic,PLIST,None,None,None,Create X 4/4 white Angel creature tokens with flying.\nMiracle {X}{W}{W} (You may cast this card for its miracle cost when you draw it if it's the first card you drew this turn.)
"Daxos, Blessed by the Sun",2.0,['W'],['W'],['Legendary'],"['Enchantment', 'Creature']",['Demigod'],Uncommon,PLIST,2,*,None,"Daxos's toughness is equal to your devotion to white. (Each {W} in the mana costs of permanents you control counts toward your devotion to white.)\nWhenever another creature you control enters the battlefield or dies, you gain 1 life."
"Freyalise, Llanowar's Fury",5.0,['G'],['G'],['Legendary'],['Planeswalker'],['Freyalise'],Mythic,PLIST,None,None,3,"[+2]: Create a 1/1 green Elf Druid creature token with ""{T}: Add {G}.""\n[−2]: Destroy target artifact or enchantment.\n[−6]: Draw a card for each green creature you control.\nFreyalise, Llanowar's Fury can be your commander."
"Tibalt, Rakish Instigator",3.0,['R'],['R'],['Legendary'],['Planeswalker'],['Tibalt'],Uncommon,PLIST,None,None,5,"Your opponents can't gain life.\n[−2]: Create a 1/1 red Devil creature token with ""When this creature dies, it deals 1 damage to any target."""
Beanstalk Giant // Fertile Footsteps,7.0,['G'],['G'],None,['Creature'],['Giant'],Uncommon,PLIST,*,*,None,Beanstalk Giant's power and toughness are each equal to the number of lands you control.
Grimoire of the Dead,4.0,None,None,['Legendary'],['Artifact'],None,Mythic,PLIST,None,None,None,"{1}, {T}, Discard a card: Put a study counter on Grimoire of the Dead.\n{T}, Remove three study counters from Grimoire of the Dead and sacrifice it: Put all creature cards from all graveyards onto the battlefield under your control. They're black Zombies in addition to their other colors and types."
"Shabraz, the Skyshark",5.0,"['U', 'W']","['U', 'W']",['Legendary'],['Creature'],"['Shark', 'Bird']",Mythic,PLIST,3,3,None,"Partner with Brallin, Skyshark Rider\nFlying\nWhenever you draw a card, put a +1/+1 counter on Shabraz, the Skyshark and you gain 1 life.\n{W/U}: Target Human gains flying until end of turn."
Crested Sunmare,5.0,['W'],['W'],None,['Creature'],['Horse'],Mythic,PLIST,5,5,None,"Other Horses you control have indestructible.\nAt the beginning of each end step, if you gained life this turn, create a 5/5 white Horse creature token."
Negate,2.0,['U'],['U'],None,['Instant'],None,Rare,PLIST,None,None,None,Counter target noncreature spell.
Giver of Runes,1.0,['W'],['W'],None,['Creature'],"['Kor', 'Cleric']",Rare,PLIST,1,2,None,{T}: Another target creature you control gains protection from colorless or from the color of your choice until end of turn.
Thought-Knot Seer,4.0,None,None,None,['Creature'],['Eldrazi'],Rare,PLIST,4,4,None,"({C} represents colorless mana.)\nWhen Thought-Knot Seer enters the battlefield, target opponent reveals their hand. You choose a nonland card from it and exile that card.\nWhen Thought-Knot Seer leaves the battlefield, target opponent draws a card."
Urza's Armor,6.0,None,None,None,['Artifact'],None,Uncommon,PLIST,None,None,None,"If a source would deal damage to you, prevent 1 of that damage."
Toymaker,2.0,None,None,None,"['Artifact', 'Creature']",['Spellshaper'],Uncommon,PLIST,1,1,None,"{1}, {T}, Discard a card: Target noncreature artifact becomes an artifact creature with power and toughness each equal to its mana value until end of turn. (It retains its abilities.)"
Thran War Machine,4.0,None,None,None,"['Artifact', 'Creature']",['Construct'],Uncommon,PLIST,4,5,None,"Echo {4} (At the beginning of your upkeep, if this came under your control since the beginning of your last upkeep, sacrifice it unless you pay its echo cost.)\nThran War Machine attacks each combat if able."
Thran Forge,3.0,None,None,None,['Artifact'],None,Uncommon,PLIST,None,None,None,"{2}: Until end of turn, target nonartifact creature gets +1/+0 and becomes an artifact in addition to its other types."
Smokestack,4.0,None,None,None,['Artifact'],None,Rare,PLIST,None,None,None,"At the beginning of your upkeep, you may put a soot counter on Smokestack.\nAt the beginning of each player's upkeep, that player sacrifices a permanent for each soot counter on Smokestack."
Prototype Portal,4.0,None,None,None,['Artifact'],None,Rare,PLIST,None,None,None,"Imprint — When Prototype Portal enters the battlefield, you may exile an artifact card from your hand.\n{X}, {T}: Create a token that's a copy of the exiled card. X is the mana value of that card."
Powerstone Shard,3.0,None,None,None,['Artifact'],None,Common,PLIST,None,None,None,{T}: Add {C} for each artifact you control named Powerstone Shard.
Power Armor,4.0,None,None,None,['Artifact'],None,Uncommon,PLIST,None,None,None,"Domain — {3}, {T}: Target creature gets +1/+1 until end of turn for each basic land type among lands you control."
Phyrexian Colossus,7.0,None,None,None,"['Artifact', 'Creature']","['Phyrexian', 'Golem']",Rare,PLIST,8,8,None,Phyrexian Colossus doesn't untap during your untap step.\nPay 8 life: Untap Phyrexian Colossus.\nPhyrexian Colossus can't be blocked except by three or more creatures.
Pentavus,7.0,None,None,None,"['Artifact', 'Creature']",['Construct'],Rare,PLIST,0,0,None,"Pentavus enters the battlefield with five +1/+1 counters on it.\n{1}, Remove a +1/+1 counter from Pentavus: Create a 1/1 colorless Pentavite artifact creature token with flying.\n{1}, Sacrifice a Pentavite: Put a +1/+1 counter on Pentavus."
Mishra's Self-Replicator,5.0,None,None,None,"['Artifact', 'Creature']",['Assembly-Worker'],Rare,PLIST,2,2,None,"Whenever you cast a historic spell, you may pay {1}. If you do, create a token that's a copy of Mishra's Self-Replicator. (Artifacts, legendaries, and Sagas are historic.)"
Mishra's Helix,5.0,None,None,None,['Artifact'],None,Rare,PLIST,None,None,None,"{X}, {T}: Tap X target lands."
Eye of Yawgmoth,3.0,None,None,None,['Artifact'],None,Rare,PLIST,None,None,None,"{3}, {T}, Sacrifice a creature: Reveal a number of cards from the top of your library equal to the sacrificed creature's power. Put one into your hand and exile the rest."
Endoskeleton,2.0,None,None,None,['Artifact'],None,Uncommon,PLIST,None,None,None,"You may choose not to untap Endoskeleton during your untap step.\n{2}, {T}: Target creature gets +0/+3 for as long as Endoskeleton remains tapped."
Crumbling Colossus,5.0,None,None,None,"['Artifact', 'Creature']",['Golem'],Uncommon,PLIST,7,4,None,"Trample (This creature can deal excess combat damage to the player or planeswalker it's attacking.)\nWhen Crumbling Colossus attacks, sacrifice it at end of combat."
Colossus of Sardia,9.0,None,None,None,"['Artifact', 'Creature']",['Golem'],Rare,PLIST,9,9,None,Trample (This creature can deal excess combat damage to the player or planeswalker it's attacking.)\nColossus of Sardia doesn't untap during your untap step.\n{9}: Untap Colossus of Sardia. Activate only during your upkeep.
Thopter Foundry,2.0,"['B', 'U', 'W']","['B', 'U', 'W']",None,['Artifact'],None,Uncommon,PLIST,None,None,None,"{1}, Sacrifice a nontoken artifact: Create a 1/1 blue Thopter artifact creature token with flying. You gain 1 life."
"Tawnos, Urza's Apprentice",2.0,"['R', 'U']","['R', 'U']",['Legendary'],['Creature'],"['Human', 'Artificer']",Mythic,PLIST,1,3,None,"Haste\n{U}{R}, {T}: Copy target activated or triggered ability you control from an artifact source. You may choose new targets for the copy. (Mana abilities can't be targeted.)"
Saheeli Rai,3.0,"['R', 'U']","['R', 'U']",['Legendary'],['Planeswalker'],['Saheeli'],Mythic,PLIST,None,None,3,"[+1]: Scry 1. Saheeli Rai deals 1 damage to each opponent.\n[−2]: Create a token that's a copy of target artifact or creature you control, except it's an artifact in addition to its other types. That token gains haste. Exile it at the beginning of the next end step.\n[−7]: Search your library for up to three artifact cards with different names, put them onto the battlefield, then shuffle."
Powerstone Minefield,4.0,"['R', 'W']","['R', 'W']",None,['Enchantment'],None,Rare,PLIST,None,None,None,"Whenever a creature attacks or blocks, Powerstone Minefield deals 2 damage to it."
"Mishra, Artificer Prodigy",4.0,"['B', 'R', 'U']","['B', 'R', 'U']",['Legendary'],['Creature'],"['Human', 'Artificer']",Rare,PLIST,4,4,None,"Whenever you cast an artifact spell, you may search your graveyard, hand, and/or library for a card with the same name as that spell and put it onto the battlefield. If you search your library this way, shuffle."
Verdurous Gearhulk,5.0,['G'],['G'],None,"['Artifact', 'Creature']",['Construct'],Mythic,PLIST,4,4,None,"Trample\nWhen Verdurous Gearhulk enters the battlefield, distribute four +1/+1 counters among any number of target creatures you control."
"Titania, Protector of Argoth",5.0,['G'],['G'],['Legendary'],['Creature'],['Elemental'],Mythic,PLIST,5,3,None,"When Titania, Protector of Argoth enters the battlefield, return target land card from your graveyard to the battlefield.\nWhenever a land you control is put into a graveyard from the battlefield, create a 5/3 green Elemental creature token."
Tempting Wurm,2.0,['G'],['G'],None,['Creature'],['Wurm'],Rare,PLIST,5,5,None,"When Tempting Wurm enters the battlefield, each opponent may put any number of artifact, creature, enchantment, and/or land cards from their hand onto the battlefield."
Retaliation,3.0,['G'],['G'],None,['Enchantment'],None,Uncommon,PLIST,None,None,None,"Creatures you control have ""Whenever this creature becomes blocked by a creature, this creature gets +1/+1 until end of turn."""
Priest of Titania,2.0,['G'],['G'],None,['Creature'],"['Elf', 'Druid']",Common,PLIST,1,1,None,{T}: Add {G} for each Elf on the battlefield.
Molder Slug,5.0,['G'],['G'],None,['Creature'],"['Slug', 'Beast']",Rare,PLIST,4,6,None,"At the beginning of each player's upkeep, that player sacrifices an artifact."
Gaea's Revenge,7.0,['G'],['G'],None,['Creature'],['Elemental'],Rare,PLIST,8,5,None,This spell can't be countered.\nHaste\nGaea's Revenge can't be the target of nongreen spells or abilities from nongreen sources.
Gaea's Embrace,4.0,['G'],['G'],None,['Enchantment'],['Aura'],Uncommon,PLIST,None,None,None,Enchant creature\nEnchanted creature gets +3/+3 and has trample.\n{G}: Regenerate enchanted creature.
Force of Vigor,4.0,['G'],['G'],None,['Instant'],None,Rare,PLIST,None,None,None,"If it's not your turn, you may exile a green card from your hand rather than pay this spell's mana cost.\nDestroy up to two target artifacts and/or enchantments."
Mouth of Ronom,0.0,None,None,['Snow'],['Land'],None,Uncommon,PLIST,None,None,None,"{T}: Add {C}.\n{4}{S}, {T}, Sacrifice Mouth of Ronom: It deals 4 damage to target creature. ({S} can be paid with one mana from a snow source.)"
Collector Ouphe,2.0,['G'],['G'],None,['Creature'],['Ouphe'],Rare,PLIST,2,2,None,Activated abilities of artifacts can't be activated.
Citanul Hierophants,4.0,['G'],['G'],None,['Creature'],"['Human', 'Druid']",Rare,PLIST,3,2,None,"Creatures you control have ""{T}: Add {G}."""
Bane of Progress,6.0,['G'],['G'],None,['Creature'],['Elemental'],Rare,PLIST,2,2,None,"When Bane of Progress enters the battlefield, destroy all artifacts and enchantments. Put a +1/+1 counter on Bane of Progress for each permanent destroyed this way."
Argothian Elder,4.0,['G'],['G'],None,['Creature'],"['Elf', 'Druid']",Uncommon,PLIST,2,2,None,{T}: Untap two target lands.
World at War,5.0,['R'],['R'],None,['Sorcery'],None,Rare,PLIST,None,None,None,"After the first postcombat main phase this turn, there's an additional combat phase followed by an additional main phase. At the beginning of that combat, untap all creatures that attacked this turn.\nRebound (If you cast this spell from your hand, exile it as it resolves. At the beginning of your next upkeep, you may cast this card from exile without paying its mana cost.)"
Words of War,3.0,['R'],['R'],None,['Enchantment'],None,Rare,PLIST,None,None,None,"{1}: The next time you would draw a card this turn, Words of War deals 2 damage to any target instead."
Shatterstorm,4.0,['R'],['R'],None,['Sorcery'],None,Uncommon,PLIST,None,None,None,Destroy all artifacts. They can't be regenerated.
In the Web of War,5.0,['R'],['R'],None,['Enchantment'],None,Rare,PLIST,None,None,None,"Whenever a creature enters the battlefield under your control, it gets +2/+0 and gains haste until end of turn."
Feldon of the Third Path,3.0,['R'],['R'],['Legendary'],['Creature'],"['Human', 'Artificer']",Mythic,PLIST,2,3,None,"{2}{R}, {T}: Create a token that's a copy of target creature card in your graveyard, except it's an artifact in addition to its other types. It gains haste. Sacrifice it at the beginning of the next end step."
Detonate,1.0,['R'],['R'],None,['Sorcery'],None,Uncommon,PLIST,None,None,None,Destroy target artifact with mana value X. It can't be regenerated. Detonate deals X damage to that artifact's controller.
Brand,1.0,['R'],['R'],None,['Instant'],None,Rare,PLIST,None,None,None,"Gain control of all permanents you own. (This effect lasts indefinitely.)\nCycling {2} ({2}, Discard this card: Draw a card.)"
Acidic Soil,3.0,['R'],['R'],None,['Sorcery'],None,Uncommon,PLIST,None,None,None,Acidic Soil deals damage to each player equal to the number of lands they control.
Yawgmoth's Agenda,5.0,['B'],['B'],None,['Enchantment'],None,Rare,PLIST,None,None,None,"You can't cast more than one spell each turn.\nYou may play lands and cast spells from your graveyard.\nIf a card would be put into your graveyard from anywhere, exile it instead."
Witch Engine,6.0,['B'],['B'],None,['Creature'],['Horror'],Rare,PLIST,4,4,None,Swampwalk (This creature can't be blocked as long as defending player controls a Swamp.)\n{T}: Add {B}{B}{B}{B}. Target opponent gains control of Witch Engine. (Activate only as an instant.)
"Tevesh Szat, Doom of Fools",5.0,['B'],['B'],['Legendary'],['Planeswalker'],['Szat'],Mythic,PLIST,None,None,4,"[+2]: Create two 0/1 black Thrull creature tokens.\n[+1]: You may sacrifice another creature or planeswalker. If you do, draw two cards, then draw another card if the sacrificed permanent was a commander.\n[−10]: Gain control of all commanders. Put all commanders from the command zone onto the battlefield under your control.\nTevesh Szat, Doom of Fools can be your commander.\nPartner"
Priest of Gix,3.0,['B'],['B'],None,['Creature'],"['Phyrexian', 'Human', 'Cleric', 'Minion']",Uncommon,PLIST,2,1,None,"When Priest of Gix enters the battlefield, add {B}{B}{B}."
Order of Yawgmoth,4.0,['B'],['B'],None,['Creature'],"['Phyrexian', 'Zombie', 'Knight']",Uncommon,PLIST,2,2,None,"Fear (This creature can't be blocked except by artifact creatures and/or black creatures.)\nWhenever Order of Yawgmoth deals damage to a player, that player discards a card."
"K'rrik, Son of Yawgmoth",7.0,['B'],['B'],['Legendary'],['Creature'],"['Phyrexian', 'Horror', 'Minion']",Rare,PLIST,2,2,None,"({B/P} can be paid with either {B} or 2 life.)\nLifelink\nFor each {B} in a cost, you may pay 2 life rather than pay that mana.\nWhenever you cast a black spell, put a +1/+1 counter on K'rrik, Son of Yawgmoth."
Grisly Transformation,3.0,['B'],['B'],None,['Enchantment'],['Aura'],Common,PLIST,None,None,None,"Enchant creature\nWhen Grisly Transformation enters the battlefield, draw a card.\nEnchanted creature has intimidate. (It can't be blocked except by artifact creatures and/or creatures that share a color with it.)"
Dark Suspicions,4.0,['B'],['B'],None,['Enchantment'],None,Rare,PLIST,None,None,None,"At the beginning of each opponent's upkeep, that player loses X life, where X is the number of cards in that player's hand minus the number of cards in your hand."
Beacon of Unrest,5.0,['B'],['B'],None,['Sorcery'],None,Rare,PLIST,None,None,None,Put target artifact or creature card from a graveyard onto the battlefield under your control. Shuffle Beacon of Unrest into its owner's library.
Opportunity,6.0,['U'],['U'],None,['Instant'],None,Uncommon,PLIST,None,None,None,Target player draws four cards.
Mechanized Production,4.0,['U'],['U'],None,['Enchantment'],['Aura'],Mythic,PLIST,None,None,None,"Enchant artifact you control\nAt the beginning of your upkeep, create a token that's a copy of enchanted artifact. Then if you control eight or more artifacts with the same name as one another, you win the game."
March of the Machines,4.0,['U'],['U'],None,['Enchantment'],None,Rare,PLIST,None,None,None,Each noncreature artifact is an artifact creature with power and toughness each equal to its mana value. (Equipment that's a creature can't equip a creature.)
Dromar's Cavern,0.0,None,"['B', 'U', 'W']",None,['Land'],['Lair'],Uncommon,PLIST,None,None,None,"When Dromar's Cavern enters the battlefield, sacrifice it unless you return a non-Lair land you control to its owner's hand.\n{T}: Add {W}, {U}, or {B}."
Argivian Restoration,4.0,['U'],['U'],None,['Sorcery'],None,Uncommon,PLIST,None,None,None,Return target artifact card from your graveyard to the battlefield.
"Glacian, Powerstone Engineer",6.0,['U'],['U'],['Legendary'],['Creature'],"['Human', 'Artificer']",Uncommon,PLIST,3,6,None,"{T}, Tap X untapped artifacts you control: Look at the top X cards of your library. Put one of those cards into your hand and the rest into your graveyard.\nPartner (You can have two commanders if both have partner.)"
Hurkyl's Recall,2.0,['U'],['U'],None,['Instant'],None,Rare,PLIST,None,None,None,Return all artifacts target player owns to their hand.
Energy Flux,3.0,['U'],['U'],None,['Enchantment'],None,Uncommon,PLIST,None,None,None,"All artifacts have ""At the beginning of your upkeep, sacrifice this artifact unless you pay {2}."""
The Antiquities War,4.0,['U'],['U'],None,['Enchantment'],['Saga'],Rare,PLIST,None,None,None,"(As this Saga enters and after your draw step, add a lore counter. Sacrifice after III.)\nI, II — Look at the top five cards of your library. You may reveal an artifact card from among them and put it into your hand. Put the rest on the bottom of your library in a random order.\nIII — Artifacts you control become artifact creatures with base power and toughness 5/5 until end of turn."
Pledge of Loyalty,2.0,['W'],['W'],None,['Enchantment'],['Aura'],Uncommon,PLIST,None,None,None,Enchant creature\nEnchanted creature has protection from the colors of permanents you control. This effect doesn't remove Pledge of Loyalty.
"Kataki, War's Wage",2.0,['W'],['W'],['Legendary'],['Creature'],['Spirit'],Rare,PLIST,2,1,None,"All artifacts have ""At the beginning of your upkeep, sacrifice this artifact unless you pay {1}."""
Fall of the Thran,6.0,['W'],['W'],None,['Enchantment'],['Saga'],Rare,PLIST,None,None,None,"(As this Saga enters and after your draw step, add a lore counter. Sacrifice after III.)\nI — Destroy all lands.\nII, III — Each player returns two land cards from their graveyard to the battlefield."
Death or Glory,5.0,['W'],['W'],None,['Sorcery'],None,Rare,PLIST,None,None,None,Separate all creature cards in your graveyard into two piles. Exile the pile of an opponent's choice and return the other to the battlefield.
Archaeomancer's Map,3.0,['W'],['W'],None,['Artifact'],None,Rare,PLIST,None,None,None,"When Archaeomancer's Map enters the battlefield, search your library for up to two basic Plains cards, reveal them, put them into your hand, then shuffle.\nWhenever a land enters the battlefield under an opponent's control, if that player controls more lands than you, you may put a land card from your hand onto the battlefield."
Crescendo of War,4.0,['W'],['W'],None,['Enchantment'],None,Rare,PLIST,None,None,None,"At the beginning of each upkeep, put a strife counter on Crescendo of War.\nAttacking creatures get +1/+0 for each strife counter on Crescendo of War.\nBlocking creatures you control get +1/+0 for each strife counter on Crescendo of War."
Desert,0.0,None,None,None,['Land'],['Desert'],Uncommon,PLIST,None,None,None,{T}: Add {C}.\n{T}: Desert deals 1 damage to target attacking creature. Activate only during the end of combat step.
Catastrophe,6.0,['W'],['W'],None,['Sorcery'],None,Rare,PLIST,None,None,None,Destroy all lands or all creatures. Creatures destroyed this way can't be regenerated.
Blessed Reversal,2.0,['W'],['W'],None,['Instant'],None,Rare,PLIST,None,None,None,You gain 3 life for each creature attacking you.
Argivian Find,1.0,['W'],['W'],None,['Instant'],None,Uncommon,PLIST,None,None,None,Return target artifact or enchantment card from your graveyard to your hand.
Shifting Wall,0.0,None,None,None,"['Artifact', 'Creature']",['Wall'],Uncommon,PLIST,0,0,None,Defender (This creature can't attack.)\nShifting Wall enters the battlefield with X +1/+1 counters on it.
Scion of Draco,12.0,None,None,None,"['Artifact', 'Creature']",['Dragon'],Mythic,PLIST,4,4,None,"Domain — This spell costs {2} less to cast for each basic land type among lands you control.\nFlying\nEach creature you control has vigilance if it's white, hexproof if it's blue, lifelink if it's black, first strike if it's red, and trample if it's green."
Phyrexian Walker,0.0,None,None,None,"['Artifact', 'Creature']","['Phyrexian', 'Construct']",Common,PLIST,0,3,None,None
Phyrexian Furnace,1.0,None,None,None,['Artifact'],None,Uncommon,PLIST,None,None,None,"{T}: Exile the bottom card of target player's graveyard.\n{1}, Sacrifice Phyrexian Furnace: Exile target card from a graveyard. Draw a card."
Legacy Weapon,7.0,None,"['B', 'G', 'R', 'U', 'W']",['Legendary'],['Artifact'],None,Rare,PLIST,None,None,None,"{W}{U}{B}{R}{G}: Exile target permanent.\nIf Legacy Weapon would be put into a graveyard from anywhere, reveal Legacy Weapon and shuffle it into its owner's library instead."
Helm of the Host,4.0,None,None,['Legendary'],['Artifact'],['Equipment'],Rare,PLIST,None,None,None,"At the beginning of combat on your turn, create a token that's a copy of equipped creature, except the token isn't legendary. That token gains haste.\nEquip {5}"
Coalition Relic,3.0,None,None,None,['Artifact'],None,Rare,PLIST,None,None,None,"{T}: Add one mana of any color.\n{T}: Put a charge counter on Coalition Relic.\nAt the beginning of your precombat main phase, remove all charge counters from Coalition Relic. Add one mana of any color for each charge counter removed this way."
Amber Prison,4.0,None,None,None,['Artifact'],None,Rare,PLIST,None,None,None,"You may choose not to untap Amber Prison during your untap step.\n{4}, {T}: Tap target artifact, creature, or land. That permanent doesn't untap during its controller's untap step for as long as Amber Prison remains tapped."
Wall of Denial,3.0,"['U', 'W']","['U', 'W']",None,['Creature'],['Wall'],Uncommon,PLIST,0,8,None,"Defender, flying\nShroud (This creature can't be the target of spells or abilities.)"
"Vaevictis Asmadi, the Dire",6.0,"['B', 'G', 'R']","['B', 'G', 'R']",['Legendary'],['Creature'],"['Elder', 'Dragon']",Mythic,PLIST,6,6,None,"Flying\nWhenever Vaevictis Asmadi, the Dire attacks, for each player, choose target permanent that player controls. Those players sacrifice those permanents. Each player who sacrificed a permanent this way reveals the top card of their library, then puts it onto the battlefield if it's a permanent card."
Tsabo Tavoc,7.0,"['B', 'R']","['B', 'R']",['Legendary'],['Creature'],"['Phyrexian', 'Horror']",Rare,PLIST,7,4,None,"First strike, protection from legendary creatures\n{B}{B}, {T}: Destroy target legendary creature. It can't be regenerated."
"Prossh, Skyraider of Kher",6.0,"['B', 'G', 'R']","['B', 'G', 'R']",['Legendary'],['Creature'],['Dragon'],Mythic,PLIST,5,5,None,"When you cast this spell, create X 0/1 red Kobold creature tokens named Kobolds of Kher Keep, where X is the amount of mana spent to cast it.\nFlying\nSacrifice another creature: Prossh, Skyraider of Kher gets +1/+0 until end of turn."
"Kangee, Aerie Keeper",4.0,"['U', 'W']","['U', 'W']",['Legendary'],['Creature'],"['Bird', 'Wizard']",Rare,PLIST,2,2,None,"Kicker {X}{2} (You may pay an additional {X}{2} as you cast this spell.)\nFlying\nWhen Kangee, Aerie Keeper enters the battlefield, if it was kicked, put X feather counters on it.\nOther Bird creatures get +1/+1 for each feather counter on Kangee, Aerie Keeper."
Wastes,0.0,None,None,['Basic'],['Land'],None,Common,PLIST,None,None,None,{T}: Add {C}.
Jhoira of the Ghitu,3.0,"['R', 'U']","['R', 'U']",['Legendary'],['Creature'],"['Human', 'Wizard']",Rare,PLIST,2,2,None,"{2}, Exile a nonland card from your hand: Put four time counters on the exiled card. If it doesn't have suspend, it gains suspend. (At the beginning of your upkeep, remove a time counter from that card. When the last is removed, cast it without paying its mana cost. If it's a creature, it has haste.)"
Vesuva,0.0,None,None,None,['Land'],None,Rare,PLIST,None,None,None,You may have Vesuva enter the battlefield tapped as a copy of any land on the battlefield.
"Ertai, the Corrupted",5.0,"['B', 'U', 'W']","['B', 'U', 'W']",['Legendary'],['Creature'],"['Phyrexian', 'Human', 'Wizard']",Rare,PLIST,3,4,None,"{U}, {T}, Sacrifice a creature or enchantment: Counter target spell."
Coalition Victory,8.0,"['B', 'G', 'R', 'U', 'W']","['B', 'G', 'R', 'U', 'W']",None,['Sorcery'],None,Special,PLIST,None,None,None,You win the game if you control a land of each basic land type and a creature of each color.
Cavern Harpy,2.0,"['B', 'U']","['B', 'U']",None,['Creature'],"['Harpy', 'Beast']",Common,PLIST,2,1,None,"Flying\nWhen Cavern Harpy enters the battlefield, return a blue or black creature you control to its owner's hand.\nPay 1 life: Return Cavern Harpy to its owner's hand."
Riftsweeper,2.0,['G'],['G'],None,['Creature'],"['Elf', 'Shaman']",Uncommon,PLIST,2,2,None,"When Riftsweeper enters the battlefield, choose target face-up exiled card. Its owner shuffles it into their library."
The Mending of Dominaria,5.0,['G'],['G'],None,['Enchantment'],['Saga'],Rare,PLIST,None,None,None,"(As this Saga enters and after your draw step, add a lore counter. Sacrifice after III.)\nI, II — Mill two cards, then you may return a creature card from your graveyard to your hand.\nIII — Return all land cards from your graveyard to the battlefield, then shuffle your graveyard into your library."
Magnigoth Treefolk,5.0,['G'],['G'],None,['Creature'],['Treefolk'],Rare,PLIST,2,6,None,"Domain — For each basic land type among lands you control, Magnigoth Treefolk has landwalk of that type. (It can't be blocked as long as defending player controls a land of that type.)"
Jedit Ojanen of Efrava,6.0,['G'],['G'],['Legendary'],['Creature'],"['Cat', 'Warrior']",Rare,PLIST,5,5,None,"Forestwalk (This creature can't be blocked as long as defending player controls a Forest.)\nWhenever Jedit Ojanen of Efrava attacks or blocks, create a 2/2 green Cat Warrior creature token with forestwalk."
Elvish Champion,3.0,['G'],['G'],None,['Creature'],['Elf'],Rare,PLIST,2,2,None,Other Elf creatures get +1/+1 and have forestwalk. (They can't be blocked as long as defending player controls a Forest.)
Elephant Grass,1.0,['G'],['G'],None,['Enchantment'],None,Uncommon,PLIST,None,None,None,"Cumulative upkeep {1} (At the beginning of your upkeep, put an age counter on this permanent, then sacrifice it unless you pay its upkeep cost for each age counter on it.)\nBlack creatures can't attack you.\nNonblack creatures can't attack you unless their controller pays {2} for each creature they control that's attacking you."
Wall of Granite,3.0,['R'],['R'],None,['Creature'],['Wall'],Uncommon,PLIST,0,7,None,Defender (This creature can't attack.)
Wake of Destruction,6.0,['R'],['R'],None,['Sorcery'],None,Rare,PLIST,None,None,None,Destroy target land and all other lands with the same name as that land.
Viashino Heretic,3.0,['R'],['R'],None,['Creature'],['Viashino'],Uncommon,PLIST,1,3,None,"{1}{R}, {T}: Destroy target artifact. Viashino Heretic deals damage to that artifact's controller equal to the artifact's mana value."
Skirk Fire Marshal,5.0,['R'],['R'],None,['Creature'],['Goblin'],Rare,PLIST,2,2,None,Protection from red\nTap five untapped Goblins you control: Skirk Fire Marshal deals 10 damage to each creature and each player.
Pandemonium,4.0,['R'],['R'],None,['Enchantment'],None,Rare,PLIST,None,None,None,"Whenever a creature enters the battlefield, that creature's controller may have it deal damage equal to its power to any target of their choice."
Obliterate,8.0,['R'],['R'],None,['Sorcery'],None,Rare,PLIST,None,None,None,"This spell can't be countered.\nDestroy all artifacts, creatures, and lands. They can't be regenerated."
Lovisa Coldeyes,5.0,['R'],['R'],['Legendary'],['Creature'],['Human'],Rare,PLIST,3,3,None,"Each creature that's a Barbarian, a Warrior, or a Berserker gets +2/+2 and has haste."
"Jaya Ballard, Task Mage",3.0,['R'],['R'],['Legendary'],['Creature'],"['Human', 'Spellshaper']",Rare,PLIST,2,2,None,"{R}, {T}, Discard a card: Destroy target blue permanent.\n{1}{R}, {T}, Discard a card: Jaya Ballard, Task Mage deals 3 damage to any target. A creature dealt damage this way can't be regenerated this turn.\n{5}{R}{R}, {T}, Discard a card: Jaya Ballard deals 6 damage to each creature and each player."
Mishra's Factory,0.0,None,None,None,['Land'],None,Uncommon,PLIST,None,None,None,{T}: Add {C}.\n{1}: Mishra's Factory becomes a 2/2 Assembly-Worker artifact creature until end of turn. It's still a land.\n{T}: Target Assembly-Worker creature gets +1/+1 until end of turn.
Invasion Plans,3.0,['R'],['R'],None,['Enchantment'],None,Rare,PLIST,None,None,None,All creatures block each combat if able.\nThe attacking player chooses how each creature blocks each combat.
Ghitu Fire,1.0,['R'],['R'],None,['Sorcery'],None,Rare,PLIST,None,None,None,You may cast Ghitu Fire as though it had flash if you pay {2} more to cast it. (You may cast it any time you could cast an instant.)\nGhitu Fire deals X damage to any target.
Burning Inquiry,1.0,['R'],['R'],None,['Sorcery'],None,Common,PLIST,None,None,None,"Each player draws three cards, then discards three cards at random."
Brightstone Ritual,1.0,['R'],['R'],None,['Instant'],None,Common,PLIST,None,None,None,Add {R} for each Goblin on the battlefield.
Alpine Moon,1.0,['R'],['R'],None,['Enchantment'],None,Rare,PLIST,None,None,None,"As Alpine Moon enters the battlefield, choose a nonbasic land card name.\nLands your opponents control with the chosen name lose all land types and abilities, and they gain ""{T}: Add one mana of any color."""
"Tourach, Dread Cantor",2.0,['B'],['B'],['Legendary'],['Creature'],"['Human', 'Cleric']",Mythic,PLIST,2,1,None,"Kicker {B}{B} (You may pay an additional {B}{B} as you cast this spell.)\nProtection from white\nWhenever an opponent discards a card, put a +1/+1 counter on Tourach, Dread Cantor.\nWhen Tourach enters the battlefield, if it was kicked, target opponent discards two cards at random."
Stitch Together,2.0,['B'],['B'],None,['Sorcery'],None,Uncommon,PLIST,None,None,None,Return target creature card from your graveyard to your hand.\nThreshold — Return that card from your graveyard to the battlefield instead if seven or more cards are in your graveyard.
Sleeper Agent,1.0,['B'],['B'],None,['Creature'],"['Phyrexian', 'Minion']",Rare,PLIST,3,3,None,"When Sleeper Agent enters the battlefield, target opponent gains control of it.\nAt the beginning of your upkeep, Sleeper Agent deals 2 damage to you."
"Sheoldred, Whispering One",7.0,['B'],['B'],['Legendary'],['Creature'],"['Phyrexian', 'Praetor']",Mythic,PLIST,6,6,None,"Swampwalk (This creature can't be blocked as long as defending player controls a Swamp.)\nAt the beginning of your upkeep, return target creature card from your graveyard to the battlefield.\nAt the beginning of each opponent's upkeep, that player sacrifices a creature."
Phyrexian Scriptures,4.0,['B'],['B'],None,['Enchantment'],['Saga'],Mythic,PLIST,None,None,None,"(As this Saga enters and after your draw step, add a lore counter. Sacrifice after III.)\nI — Put a +1/+1 counter on up to one target creature. That creature becomes an artifact in addition to its other types.\nII — Destroy all nonartifact creatures.\nIII — Exile all opponents' graveyards."
Phyrexian Battleflies,1.0,['B'],['B'],None,['Creature'],"['Phyrexian', 'Insect']",Common,PLIST,0,1,None,Flying\n{B}: Phyrexian Battleflies gets +1/+0 until end of turn. Activate no more than twice each turn.
Leonin Arbiter,2.0,['W'],['W'],None,['Creature'],"['Cat', 'Cleric']",Rare,PLIST,2,2,None,Players can't search libraries. Any player may pay {2} for that player to ignore this effect until end of turn.
Phyresis,2.0,['B'],['B'],None,['Enchantment'],['Aura'],Common,PLIST,None,None,None,Enchant creature\nEnchanted creature has infect. (It deals damage to creatures in the form of -1/-1 counters and to players in the form of poison counters.)
Imps' Taunt,2.0,['B'],['B'],None,['Instant'],None,Uncommon,PLIST,None,None,None,"Buyback {3} (You may pay an additional {3} as you cast this spell. If you do, put this card into your hand as it resolves.)\nTarget creature attacks this turn if able."
Hymn to Tourach,2.0,['B'],['B'],None,['Sorcery'],None,Uncommon,PLIST,None,None,None,Target player discards two cards at random.
Doomsday,3.0,['B'],['B'],None,['Sorcery'],None,Rare,PLIST,None,None,None,"Search your library and graveyard for five cards and exile the rest. Put the chosen cards on top of your library in any order. You lose half your life, rounded up."
Dash Hopes,2.0,['B'],['B'],None,['Instant'],None,Common,PLIST,None,None,None,"When you cast this spell, any player may pay 5 life. If a player does, counter Dash Hopes.\nCounter target spell."
Dark Ritual,1.0,['B'],['B'],None,['Instant'],None,Common,PLIST,None,None,None,Add {B}{B}{B}.
Crypt Rats,3.0,['B'],['B'],None,['Creature'],['Rat'],Common,PLIST,1,1,None,{X}: Crypt Rats deals X damage to each creature and each player. Spend only black mana on X.
Contamination,3.0,['B'],['B'],None,['Enchantment'],None,Rare,PLIST,None,None,None,"At the beginning of your upkeep, sacrifice Contamination unless you sacrifice a creature.\nIf a land is tapped for mana, it produces {B} instead of any other type and amount."
Chain of Smog,2.0,['B'],['B'],None,['Sorcery'],None,Uncommon,PLIST,None,None,None,Target player discards two cards. That player may copy this spell and may choose a new target for that copy.
Cast Down,2.0,['B'],['B'],None,['Instant'],None,Uncommon,PLIST,None,None,None,Destroy target nonlegendary creature.
Whirlpool Warrior,3.0,['U'],"['R', 'U']",None,['Creature'],"['Merfolk', 'Warrior']",Rare,PLIST,2,2,None,"When Whirlpool Warrior enters the battlefield, shuffle the cards from your hand into your library, then draw that many cards.\n{R}, Sacrifice Whirlpool Warrior: Each player shuffles the cards from their hand into their library, then draws that many cards."
Teferi's Veil,2.0,['U'],['U'],None,['Enchantment'],None,Uncommon,PLIST,None,None,None,"Whenever a creature you control attacks, it phases out at end of combat. (While it's phased out, it's treated as though it doesn't exist. It phases in before you untap during your next untap step.)"
Seahunter,4.0,['U'],['U'],None,['Creature'],"['Human', 'Mercenary']",Rare,PLIST,2,2,None,"{3}, {T}: Search your library for a Merfolk permanent card, put it onto the battlefield, then shuffle."
Probe,3.0,['U'],"['B', 'U']",None,['Sorcery'],None,Common,PLIST,None,None,None,"Kicker {1}{B} (You may pay an additional {1}{B} as you cast this spell.)\nDraw three cards, then discard two cards. If this spell was kicked, target player discards two cards."
Metathran Elite,3.0,['U'],['U'],None,['Creature'],"['Metathran', 'Soldier']",Uncommon,PLIST,2,3,None,Metathran Elite can't be blocked as long as it's enchanted.
Jodah's Avenger,6.0,['U'],['U'],None,['Creature'],['Shapeshifter'],Uncommon,PLIST,4,4,None,"{0}: Until end of turn, Jodah's Avenger gets -1/-1 and gains your choice of double strike, protection from red, vigilance, or shadow. (A creature with shadow can block or be blocked by only creatures with shadow.)"
Ghost of Ramirez DePietro,3.0,['U'],['U'],['Legendary'],['Creature'],"['Spirit', 'Pirate']",Uncommon,PLIST,2,3,None,"Ghost of Ramirez DePietro can't be blocked by creatures with toughness 3 or greater.\nWhenever Ghost of Ramirez DePietro deals combat damage to a player, choose up to one target card in a graveyard that was discarded or put there from a library this turn. Put that card into its owner's hand.\nPartner (You can have two commanders if both have partner.)"
Ertai's Meddling,1.0,['U'],['U'],None,['Instant'],None,Rare,PLIST,None,None,None,"X can't be 0.\nTarget spell's controller exiles it with X delay counters on it.\nAt the beginning of each of that player's upkeeps, if that card is exiled, remove a delay counter from it. If the card has no delay counters on it, the player puts it onto the stack as a copy of the original spell."
Empress Galina,5.0,['U'],['U'],['Legendary'],['Creature'],"['Merfolk', 'Noble']",Rare,PLIST,1,3,None,"{U}{U}, {T}: Gain control of target legendary permanent. (This effect lasts indefinitely.)"
Collective Restraint,4.0,['U'],['U'],None,['Enchantment'],None,Rare,PLIST,None,None,None,"Domain — Creatures can't attack you unless their controller pays {X} for each creature they control that's attacking you, where X is the number of basic land types among lands you control."
"Braids, Conjurer Adept",4.0,['U'],['U'],['Legendary'],['Creature'],"['Human', 'Wizard']",Rare,PLIST,2,2,None,"At the beginning of each player's upkeep, that player may put an artifact, creature, or land card from their hand onto the battlefield."
Teremko Griffin,4.0,['W'],['W'],None,['Creature'],['Griffin'],Common,PLIST,2,2,None,"Flying; banding (Any creatures with banding, and up to one without, can attack in a band. Bands are blocked as a group. If any creatures with banding you control are blocking or being blocked by a creature, you divide that creature's combat damage, not its controller, among any of the creatures it's being blocked by or is blocking.)"
Rout,5.0,['W'],['W'],None,['Sorcery'],None,Rare,PLIST,None,None,None,You may cast Rout as though it had flash if you pay {2} more to cast it. (You may cast it any time you could cast an instant.)\nDestroy all creatures. They can't be regenerated.
Planar Collapse,2.0,['W'],['W'],None,['Enchantment'],None,Rare,PLIST,None,None,None,"At the beginning of your upkeep, if there are four or more creatures on the battlefield, sacrifice Planar Collapse and destroy all creatures. They can't be regenerated."
Orim's Chant,1.0,['W'],['W'],None,['Instant'],None,Rare,PLIST,None,None,None,"Kicker {W} (You may pay an additional {W} as you cast this spell.)\nTarget player can't cast spells this turn. If this spell was kicked, creatures can't attack this turn."
Sabertooth Cobra,3.0,['G'],['G'],None,['Creature'],['Snake'],Common,PLIST,2,2,None,"Whenever Sabertooth Cobra deals damage to a player, that player gets a poison counter. The player gets another poison counter at the beginning of their next upkeep unless they pay {2} before that step. (A player with ten or more poison counters loses the game.)"
Graceful Antelope,4.0,['W'],['W'],None,['Creature'],['Antelope'],Rare,PLIST,1,4,None,"Plainswalk (This creature can't be blocked as long as defending player controls a Plains.)\nWhenever Graceful Antelope deals combat damage to a player, you may have target land become a Plains until Graceful Antelope leaves the battlefield."
Dominaria's Judgment,3.0,['W'],['W'],None,['Instant'],None,Rare,PLIST,None,None,None,"Until end of turn, creatures you control gain protection from white if you control a Plains, from blue if you control an Island, from black if you control a Swamp, from red if you control a Mountain, and from green if you control a Forest."
Benalish Infantry,3.0,['W'],['W'],None,['Creature'],"['Human', 'Soldier']",Common,PLIST,1,3,None,"Banding (Any creatures with banding, and up to one without, can attack in a band. Bands are blocked as a group. If any creatures with banding you control are blocking or being blocked by a creature, you divide that creature's combat damage, not its controller, among any of the creatures it's being blocked by or is blocking.)"
"Ajani, Strength of the Pride",4.0,['W'],['W'],['Legendary'],['Planeswalker'],['Ajani'],Mythic,PLIST,None,None,5,"[+1]: You gain life equal to the number of creatures you control plus the number of planeswalkers you control.\n[−2]: Create a 2/2 white Cat Soldier creature token named Ajani's Pridemate with ""Whenever you gain life, put a +1/+1 counter on Ajani's Pridemate.""\n[0]: If you have at least 15 life more than your starting life total, exile Ajani, Strength of the Pride and each artifact and creature your opponents control."
Ajani's Last Stand,4.0,['W'],['W'],None,['Enchantment'],None,Rare,PLIST,None,None,None,"Whenever a creature or planeswalker you control dies, you may sacrifice Ajani's Last Stand. If you do, create a 4/4 white Avatar creature token with flying.\nWhen a spell or ability an opponent controls causes you to discard this card, if you control a Plains, create a 4/4 white Avatar creature token with flying."
"Ezuri, Renegade Leader",3.0,['G'],['G'],['Legendary'],['Creature'],"['Elf', 'Warrior']",Rare,PLIST,2,2,None,{G}: Regenerate another target Elf.\n{2}{G}{G}{G}: Elf creatures you control get +3/+3 and gain trample until end of turn.
Karn Liberated,7.0,None,None,['Legendary'],['Planeswalker'],['Karn'],Mythic,PLIST,None,None,6,"[+4]: Target player exiles a card from their hand.\n[−3]: Exile target permanent.\n[−14]: Restart the game, leaving in exile all non-Aura permanent cards exiled with Karn Liberated. Then put those cards onto the battlefield under your control."
Toxic Iguanar,1.0,['R'],['R'],None,['Creature'],['Lizard'],Common,PLIST,1,1,None,Toxic Iguanar has deathtouch as long as you control a green permanent. (Any amount of damage a creature with deathtouch deals to a creature is enough to destroy it.)
Underdark Rift,0.0,None,None,None,['Land'],None,Uncommon,PLIST,None,None,None,"{T}: Add {C}.\n{5}, {T}, Exile Underdark Rift: Roll a d10. Put target artifact, creature, or planeswalker into its owner's library just beneath the top X cards of that library, where X is the result. Activate only as a sorcery."
"Slobad, Goblin Tinkerer",2.0,['R'],['R'],['Legendary'],['Creature'],"['Goblin', 'Artificer']",Rare,PLIST,1,2,None,Sacrifice an artifact: Target artifact gains indestructible until end of turn.
Maze's End,0.0,None,None,None,['Land'],None,Mythic,PLIST,None,None,None,"Maze's End enters the battlefield tapped.\n{T}: Add {C}.\n{3}, {T}, Return Maze's End to its owner's hand: Search your library for a Gate card, put it onto the battlefield, then shuffle. If you control ten or more Gates with different names, you win the game."
Mana Geyser,5.0,['R'],['R'],None,['Sorcery'],None,Common,PLIST,None,None,None,Add {R} for each tapped land your opponents control.
Forsaken City,0.0,None,None,None,['Land'],None,Rare,PLIST,None,None,None,"Forsaken City doesn't untap during your untap step.\nAt the beginning of your upkeep, you may exile a card from your hand. If you do, untap Forsaken City.\n{T}: Add one mana of any color."
Implode,5.0,['R'],['R'],None,['Sorcery'],None,Uncommon,PLIST,None,None,None,Destroy target land.\nDraw a card.
Barbarian Ring,0.0,None,['R'],None,['Land'],None,Uncommon,PLIST,None,None,None,"{T}: Add {R}. Barbarian Ring deals 1 damage to you.\nThreshold — {R}, {T}, Sacrifice Barbarian Ring: It deals 2 damage to any target. Activate only if seven or more cards are in your graveyard."
Sword of the Chosen,2.0,None,None,['Legendary'],['Artifact'],None,Rare,PLIST,None,None,None,{T}: Target legendary creature gets +2/+2 until end of turn.
Pariah's Shield,5.0,None,None,None,['Artifact'],['Equipment'],Rare,PLIST,None,None,None,All damage that would be dealt to you is dealt to equipped creature instead.\nEquip {3}
Mimic,2.0,None,None,None,['Artifact'],['Treasure'],Common,PLIST,None,None,None,"{T}, Sacrifice Mimic: Add one mana of any color.\n{2}: Mimic becomes a Shapeshifter artifact creature with base power and toughness 3/3 until end of turn."
Lucky Clover,2.0,None,None,None,['Artifact'],None,Uncommon,PLIST,None,None,None,"Whenever you cast an Adventure instant or sorcery spell, copy it. You may choose new targets for the copy."
Leather Armor,1.0,None,None,None,['Artifact'],['Equipment'],Common,PLIST,None,None,None,"Equipped creature gets +0/+1 and has ward {1}. (Whenever equipped creature becomes the target of a spell or ability an opponent controls, counter it unless that player pays {1}.)\nEquip {0}. Activate only once each turn."
Kite Shield,0.0,None,None,None,['Artifact'],['Equipment'],Uncommon,PLIST,None,None,None,Equipped creature gets +0/+3.\nEquip {3} ({3}: Attach to target creature you control. Equip only as a sorcery.)
Fifty Feet of Rope,1.0,None,None,None,['Artifact'],None,Uncommon,PLIST,None,None,None,"Climb Over — {T}: Target Wall can't block this turn.\nTie Up — {3}, {T}: Target creature doesn't untap during its controller's next untap step.\nRappel Down — {4}, {T}: Venture into the dungeon. Activate only as a sorcery. (Enter the first room or advance to the next room.)"
Tireless Provisioner,3.0,['G'],['G'],None,['Creature'],"['Elf', 'Scout']",Uncommon,PLIST,3,2,None,"Landfall — Whenever a land enters the battlefield under your control, create a Food token or a Treasure token. (Food is an artifact with ""{2}, {T}, Sacrifice this artifact: You gain 3 life."" Treasure is an artifact with ""{T}, Sacrifice this artifact: Add one mana of any color."")"
Shield of the Oversoul,3.0,"['G', 'W']","['G', 'W']",None,['Enchantment'],['Aura'],Common,PLIST,None,None,None,"Enchant creature\nAs long as enchanted creature is green, it gets +1/+1 and has indestructible. (Damage and effects that say ""destroy"" don't destroy it. If its toughness is 0 or less, it's still put into its owner's graveyard.)\nAs long as enchanted creature is white, it gets +1/+1 and has flying."
Clockwork Dragon,7.0,None,None,None,"['Artifact', 'Creature']",['Dragon'],Rare,PLIST,0,0,None,"Flying\nClockwork Dragon enters the battlefield with six +1/+1 counters on it.\nWhenever Clockwork Dragon attacks or blocks, remove a +1/+1 counter from it at end of combat.\n{3}: Put a +1/+1 counter on Clockwork Dragon."
Component Pouch,3.0,None,None,None,['Artifact'],None,Uncommon,PLIST,None,None,None,"{T}, Remove a component counter from Component Pouch: Add two mana of different colors.\n{T}: Roll a d20.\n1—9 | Put a component counter on Component Pouch.\n10—20 | Put two component counters on Component Pouch."
Bucknard's Everfull Purse,2.0,None,None,None,['Artifact'],None,Uncommon,PLIST,None,None,None,"{1}, {T}: Roll a d4 and create a number of Treasure tokens equal to the result. The player to your right gains control of Bucknard's Everfull Purse."
Yavimaya Barbarian,2.0,"['G', 'R']","['G', 'R']",None,['Creature'],"['Elf', 'Barbarian']",Common,PLIST,2,2,None,Protection from blue
Tiamat,7.0,"['B', 'G', 'R', 'U', 'W']","['B', 'G', 'R', 'U', 'W']",['Legendary'],['Creature'],"['Dragon', 'God']",Mythic,PLIST,7,7,None,"Flying\nWhen Tiamat enters the battlefield, if you cast it, search your library for up to five Dragon cards not named Tiamat that each have different names, reveal them, put them into your hand, then shuffle."
Spoils of Adventure,6.0,"['U', 'W']","['U', 'W']",None,['Instant'],None,Uncommon,PLIST,None,None,None,"This spell costs {1} less to cast for each creature in your party. (Your party consists of up to one each of Cleric, Rogue, Warrior, and Wizard.)\nYou gain 3 life and draw three cards."
Risen Reef,3.0,"['G', 'U']","['G', 'U']",None,['Creature'],['Elemental'],Uncommon,PLIST,1,1,None,"Whenever Risen Reef or another Elemental enters the battlefield under your control, look at the top card of your library. If it's a land card, you may put it onto the battlefield tapped. If you don't put the card onto the battlefield, put it into your hand."
Memorial to Genius,0.0,None,['U'],None,['Land'],None,Uncommon,PLIST,None,None,None,"Memorial to Genius enters the battlefield tapped.\n{T}: Add {U}.\n{4}{U}, {T}, Sacrifice Memorial to Genius: Draw two cards."
"Minsc, Beloved Ranger",3.0,"['G', 'R', 'W']","['G', 'R', 'W']",['Legendary'],['Creature'],"['Human', 'Ranger']",Mythic,PLIST,3,3,None,"When Minsc, Beloved Ranger enters the battlefield, create Boo, a legendary 1/1 red Hamster creature token with trample and haste.\n{X}: Until end of turn, target creature you control has base power and toughness X/X and becomes a Giant in addition to its other types. Activate only as a sorcery."
Clutch of the Undercity,4.0,"['B', 'U']","['B', 'U']",None,['Instant'],None,Uncommon,PLIST,None,None,None,"Return target permanent to its owner's hand. Its controller loses 3 life.\nTransmute {1}{U}{B} ({1}{U}{B}, Discard this card: Search your library for a card with the same mana value as this card, reveal it, put it into your hand, then shuffle. Transmute only as a sorcery.)"
"Linvala, Shield of Sea Gate",3.0,"['U', 'W']","['U', 'W']",['Legendary'],['Creature'],"['Angel', 'Wizard']",Rare,PLIST,3,3,None,"Flying\nAt the beginning of combat on your turn, if you have a full party, choose target nonland permanent an opponent controls. Until your next turn, it can't attack or block, and its activated abilities can't be activated.\nSacrifice Linvala: Choose hexproof or indestructible. Creatures you control gain that ability until end of turn."
"Silvos, Rogue Elemental",6.0,['G'],['G'],['Legendary'],['Creature'],['Elemental'],Rare,PLIST,8,5,None,"Trample\n{G}: Regenerate Silvos, Rogue Elemental."
Krydle of Baldur's Gate,2.0,"['B', 'U']","['B', 'U']",['Legendary'],['Creature'],"['Human', 'Elf', 'Rogue']",Uncommon,PLIST,1,3,None,"Whenever Krydle of Baldur's Gate deals combat damage to a player, that player loses 1 life and mills a card, then you gain 1 life and scry 1.\nWhenever you attack, you may pay {2}. If you do, target creature can't be blocked this turn."
Invade the City,3.0,"['R', 'U']","['R', 'U']",None,['Sorcery'],None,Uncommon,PLIST,None,None,None,"Amass Zombies X, where X is the number of instant and sorcery cards in your graveyard. (Put X +1/+1 counters on an Army you control. It's also a Zombie. If you don't control an Army, create a 0/0 black Zombie Army creature token first.)"
Forging the Tyrite Sword,3.0,"['R', 'W']","['R', 'W']",None,['Enchantment'],['Saga'],Uncommon,PLIST,None,None,None,"(As this Saga enters and after your draw step, add a lore counter. Sacrifice after III.)\nI, II — Create a Treasure token.\nIII — Search your library for a card named Halvar, God of Battle or an Equipment card, reveal it, put it into your hand, then shuffle."
Scryb Ranger,2.0,['G'],['G'],None,['Creature'],"['Faerie', 'Ranger']",Uncommon,PLIST,1,1,None,"Flash\nFlying, protection from blue\nReturn a Forest you control to its owner's hand: Untap target creature. Activate only once each turn."
Old Gnawbone,7.0,['G'],['G'],['Legendary'],['Creature'],['Dragon'],Mythic,PLIST,7,7,None,"Flying\nWhenever a creature you control deals combat damage to a player, create that many Treasure tokens."
Gilt-Leaf Archdruid,5.0,['G'],['G'],None,['Creature'],"['Elf', 'Druid']",Rare,PLIST,3,3,None,"Whenever you cast a Druid spell, you may draw a card.\nTap seven untapped Druids you control: Gain control of all lands target player controls."
Edgewall Innkeeper,1.0,['G'],['G'],None,['Creature'],"['Human', 'Peasant']",Uncommon,PLIST,1,1,None,"Whenever you cast a creature spell that has an Adventure, draw a card. (It doesn't need to have gone on the adventure first.)"
Druid's Call,2.0,['G'],['G'],None,['Enchantment'],['Aura'],Uncommon,PLIST,None,None,None,"Enchant creature\nWhenever enchanted creature is dealt damage, its controller creates that many 1/1 green Squirrel creature tokens."
Devoted Druid,2.0,['G'],['G'],None,['Creature'],"['Elf', 'Druid']",Uncommon,PLIST,0,2,None,{T}: Add {G}.\nPut a -1/-1 counter on Devoted Druid: Untap Devoted Druid.
Worldgorger Dragon,6.0,['R'],['R'],None,['Creature'],"['Nightmare', 'Dragon']",Rare,PLIST,7,7,None,"Flying, trample\nWhen Worldgorger Dragon enters the battlefield, exile all other permanents you control.\nWhen Worldgorger Dragon leaves the battlefield, return the exiled cards to the battlefield under their owners' control."
Thundering Sparkmage,4.0,['R'],['R'],None,['Creature'],"['Human', 'Wizard']",Uncommon,PLIST,2,2,None,"When Thundering Sparkmage enters the battlefield, it deals X damage to target creature or planeswalker, where X is the number of creatures in your party. (Your party consists of up to one each of Cleric, Rogue, Warrior, and Wizard.)"
Magic Missile,3.0,['R'],['R'],None,['Sorcery'],None,Uncommon,PLIST,None,None,None,"This spell can't be countered.\nMagic Missile deals 3 damage divided as you choose among one, two, or three targets."
"Lathliss, Dragon Queen",6.0,['R'],['R'],['Legendary'],['Creature'],['Dragon'],Rare,PLIST,6,6,None,"Flying\nWhenever another nontoken Dragon enters the battlefield under your control, create a 5/5 red Dragon creature token with flying.\n{1}{R}: Dragons you control get +1/+0 until end of turn."
Goldspan Dragon,5.0,['R'],['R'],None,['Creature'],['Dragon'],Mythic,PLIST,4,4,None,"Flying, haste\nWhenever Goldspan Dragon attacks or becomes the target of a spell, create a Treasure token.\nTreasures you control have ""{T}, Sacrifice this artifact: Add two mana of any one color."""
Dragon's Rage Channeler,1.0,['R'],['R'],None,['Creature'],"['Human', 'Shaman']",Uncommon,PLIST,1,1,None,"Whenever you cast a noncreature spell, surveil 1. (Look at the top card of your library. You may put that card into your graveyard.)\nDelirium — As long as there are four or more card types among cards in your graveyard, Dragon's Rage Channeler gets +2/+2, has flying, and attacks each combat if able."
Dragon's Approach,3.0,['R'],['R'],None,['Sorcery'],None,Common,PLIST,None,None,None,"Dragon's Approach deals 3 damage to each opponent. You may exile Dragon's Approach and four cards named Dragon's Approach from your graveyard. If you do, search your library for a Dragon creature card, put it onto the battlefield, then shuffle.\nA deck can have any number of cards named Dragon's Approach."
Volrath's Dungeon,4.0,['B'],['B'],None,['Enchantment'],None,Rare,PLIST,None,None,None,Pay 5 life: Destroy Volrath's Dungeon. Any player may activate this ability but only during their turn.\nDiscard a card: Target player puts a card from their hand on top of their library. Activate only as a sorcery.
Repay in Kind,7.0,['B'],['B'],None,['Sorcery'],None,Rare,PLIST,None,None,None,Each player's life total becomes the lowest life total among all players.
Quest for the Nihil Stone,1.0,['B'],['B'],None,['Enchantment'],None,Rare,PLIST,None,None,None,"Whenever an opponent discards a card, you may put a quest counter on Quest for the Nihil Stone.\nAt the beginning of each opponent's upkeep, if that player has no cards in hand and Quest for the Nihil Stone has two or more quest counters on it, you may have that player lose 5 life."
Pitiless Plunderer,4.0,['B'],['B'],None,['Creature'],"['Human', 'Pirate']",Uncommon,PLIST,1,4,None,"Whenever another creature you control dies, create a Treasure token. (It's an artifact with ""{T}, Sacrifice this artifact: Add one mana of any color."")"
"Lolth, Spider Queen",5.0,['B'],['B'],['Legendary'],['Planeswalker'],['Lolth'],Mythic,PLIST,None,None,4,"Whenever a creature you control dies, put a loyalty counter on Lolth, Spider Queen.\n[0]: You draw a card and you lose 1 life.\n[−3]: Create two 2/1 black Spider creature tokens with menace and reach.\n[−8]: You get an emblem with ""Whenever an opponent is dealt combat damage by one or more creatures you control, if that player lost less than 8 life this turn, they lose life equal to the difference."""
Kederekt Parasite,1.0,['B'],['B'],None,['Creature'],['Horror'],Rare,PLIST,1,1,None,"Whenever an opponent draws a card, if you control a red permanent, you may have Kederekt Parasite deal 1 damage to that player."
Thran Quarry,0.0,None,None,None,['Land'],None,Rare,PLIST,None,None,None,"At the beginning of the end step, if you control no creatures, sacrifice Thran Quarry.\n{T}: Add one mana of any color."
"Endrek Sahr, Master Breeder",5.0,['B'],['B'],['Legendary'],['Creature'],"['Human', 'Wizard']",Rare,PLIST,2,2,None,"Whenever you cast a creature spell, create X 1/1 black Thrull creature tokens, where X is that spell's mana value.\nWhen you control seven or more Thrulls, sacrifice Endrek Sahr, Master Breeder."
Demon of Death's Gate,9.0,['B'],['B'],None,['Creature'],['Demon'],Mythic,PLIST,9,9,None,"You may pay 6 life and sacrifice three black creatures rather than pay this spell's mana cost.\nFlying, trample"
Wizard's Retort,3.0,['U'],['U'],None,['Instant'],None,Uncommon,PLIST,None,None,None,This spell costs {1} less to cast if you control a Wizard.\nCounter target spell.
Wizard Class,1.0,['U'],['U'],None,['Enchantment'],['Class'],Uncommon,PLIST,None,None,None,"(Gain the next level as a sorcery to add its ability.)\nYou have no maximum hand size.\n{2}{U}: Level 2\nWhen this Class becomes level 2, draw two cards.\n{4}{U}: Level 3\nWhenever you draw a card, put a +1/+1 counter on target creature you control."
Due Respect,2.0,['W'],['W'],None,['Instant'],None,Uncommon,PLIST,None,None,None,Permanents enter the battlefield tapped this turn.\nDraw a card.
Sunder,5.0,['U'],['U'],None,['Instant'],None,Rare,PLIST,None,None,None,Return all lands to their owners' hands.
Serendib Sorcerer,3.0,['U'],['U'],None,['Creature'],"['Human', 'Wizard']",Rare,PLIST,1,1,None,{T}: Target creature other than Serendib Sorcerer has base power and toughness 0/2 until end of turn.
Search the City,5.0,['U'],['U'],None,['Enchantment'],None,Rare,PLIST,None,None,None,"When Search the City enters the battlefield, exile the top five cards of your library.\nWhenever you play a card with the same name as one of the exiled cards, you may put one of those cards with that name into its owner's hand. Then if there are no cards exiled with Search the City, sacrifice it. If you do, take an extra turn after this one."
Sea Gate Oracle,3.0,['U'],['U'],None,['Creature'],"['Human', 'Wizard']",Common,PLIST,1,3,None,"When Sea Gate Oracle enters the battlefield, look at the top two cards of your library. Put one of them into your hand and the other on the bottom of your library."
Quicksilver Dragon,6.0,['U'],['U'],None,['Creature'],['Dragon'],Rare,PLIST,5,5,None,"Flying\n{U}: If target spell has only one target and that target is Quicksilver Dragon, change that spell's target to another creature.\nMorph {4}{U} (You may cast this card face down as a 2/2 creature for {3}. Turn it face up any time for its morph cost.)"
Plea for Power,4.0,['U'],['U'],None,['Sorcery'],None,Rare,PLIST,None,None,None,"Will of the council — Starting with you, each player votes for time or knowledge. If time gets more votes, take an extra turn after this one. If knowledge gets more votes or the vote is tied, draw three cards."
Opal Lake Gatekeepers,4.0,['U'],['U'],None,['Creature'],"['Vedalken', 'Soldier']",Common,PLIST,2,4,None,"When Opal Lake Gatekeepers enters the battlefield, if you control two or more Gates, you may draw a card."
Ominous Seas,2.0,['U'],['U'],None,['Enchantment'],None,Uncommon,PLIST,None,None,None,"Whenever you draw a card, put a foreshadow counter on Ominous Seas.\nRemove eight foreshadow counters from Ominous Seas: Create an 8/8 blue Kraken creature token.\nCycling {2} ({2}, Discard this card: Draw a card.)"
Urza's Saga,0.0,None,None,None,"['Enchantment', 'Land']","[""Urza's"", 'Saga']",Rare,PLIST,None,None,None,"(As this Saga enters and after your draw step, add a lore counter. Sacrifice after III.)\nI — Urza's Saga gains ""{T}: Add {C}.""\nII — Urza's Saga gains ""{2}, {T}: Create a 0/0 colorless Construct artifact creature token with 'This creature gets +1/+1 for each artifact you control.'""\nIII — Search your library for an artifact card with mana cost {0} or {1}, put it onto the battlefield, then shuffle."
Curse of Echoes,5.0,['U'],['U'],None,['Enchantment'],"['Aura', 'Curse']",Rare,PLIST,None,None,None,"Enchant player\nWhenever enchanted player casts an instant or sorcery spell, each other player may copy that spell and may choose new targets for the copy they control."
Sea of Clouds,0.0,None,"['U', 'W']",None,['Land'],None,Rare,PLIST,None,None,None,Sea of Clouds enters the battlefield tapped unless you have two or more opponents.\n{T}: Add {W} or {U}.
Cloud Dragon,6.0,['U'],['U'],None,['Creature'],"['Illusion', 'Dragon']",Rare,PLIST,5,4,None,Flying\nCloud Dragon can block only creatures with flying.
Broodbirth Viper,5.0,['U'],['U'],None,['Creature'],['Snake'],Uncommon,PLIST,3,3,None,"Myriad (Whenever this creature attacks, for each opponent other than defending player, you may create a token that's a copy of this creature that's tapped and attacking that player or a planeswalker they control. Exile the tokens at end of combat.)\nWhenever Broodbirth Viper deals combat damage to a player, you may draw a card."
Aura Thief,4.0,['U'],['U'],None,['Creature'],['Illusion'],Rare,PLIST,2,2,None,"Flying\nWhen Aura Thief dies, you gain control of all enchantments. (You don't get to move Auras.)"
Treasure Hunter,3.0,['W'],['W'],None,['Creature'],['Human'],Uncommon,PLIST,2,2,None,"When Treasure Hunter enters the battlefield, you may return target artifact card from your graveyard to your hand."
Ranger of Eos,4.0,['W'],['W'],None,['Creature'],"['Human', 'Soldier', 'Ranger']",Rare,PLIST,3,2,None,"When Ranger of Eos enters the battlefield, you may search your library for up to two creature cards with mana value 1 or less, reveal them, put them into your hand, then shuffle."
Puresteel Paladin,2.0,['W'],['W'],None,['Creature'],"['Human', 'Knight']",Rare,PLIST,2,2,None,"Whenever an Equipment enters the battlefield under your control, you may draw a card.\nMetalcraft — Equipment you control have equip {0} as long as you control three or more artifacts."
Pentarch Paladin,5.0,['W'],['W'],None,['Creature'],"['Human', 'Knight']",Rare,PLIST,3,3,None,"Flanking (Whenever a creature without flanking blocks this creature, the blocking creature gets -1/-1 until end of turn.)\nAs Pentarch Paladin enters the battlefield, choose a color.\n{W}{W}, {T}: Destroy target permanent of the chosen color."
Paladin en-Vec,3.0,['W'],['W'],None,['Creature'],"['Human', 'Knight']",Rare,PLIST,2,2,None,"First strike, protection from black and from red (This creature deals combat damage before creatures without first strike. It can't be blocked, targeted, dealt damage, or enchanted by anything black or red.)"
Nova Cleric,1.0,['W'],['W'],None,['Creature'],"['Human', 'Cleric']",Uncommon,PLIST,1,2,None,"{2}{W}, {T}, Sacrifice Nova Cleric: Destroy all enchantments."
Loxodon Gatekeeper,4.0,['W'],['W'],None,['Creature'],"['Elephant', 'Soldier']",Rare,PLIST,2,3,None,"Artifacts, creatures, and lands your opponents control enter the battlefield tapped."
The World Tree,0.0,None,"['B', 'G', 'R', 'U', 'W']",None,['Land'],None,Rare,PLIST,None,None,None,"The World Tree enters the battlefield tapped.\n{T}: Add {G}.\nAs long as you control six or more lands, lands you control have ""{T}: Add one mana of any color.""\n{W}{W}{U}{U}{B}{B}{R}{R}{G}{G}, {T}, Sacrifice The World Tree: Search your library for any number of God cards, put them onto the battlefield, then shuffle."
Ghostway,3.0,['W'],['W'],None,['Instant'],None,Rare,PLIST,None,None,None,Exile each creature you control. Return those cards to the battlefield under their owner's control at the beginning of the next end step.
Fountain Watch,5.0,['W'],['W'],None,['Creature'],"['Human', 'Cleric']",Rare,PLIST,2,4,None,Artifacts and enchantments you control have shroud. (They can't be the targets of spells or abilities.)
"Okina, Temple to the Grandfathers",0.0,None,['G'],['Legendary'],['Land'],None,Rare,PLIST,None,None,None,"{T}: Add {G}.\n{G}, {T}: Target legendary creature gets +1/+1 until end of turn."
Archway Angel,6.0,['W'],['W'],None,['Creature'],['Angel'],Uncommon,PLIST,3,4,None,"Flying\nWhen Archway Angel enters the battlefield, you gain 2 life for each Gate you control."
Alabaster Dragon,6.0,['W'],['W'],None,['Creature'],['Dragon'],Rare,PLIST,4,4,None,"Flying\nWhen Alabaster Dragon dies, shuffle it into its owner's library."
"Zacama, Primal Calamity",9.0,"['G', 'R', 'W']","['G', 'R', 'W']",['Legendary'],['Creature'],"['Elder', 'Dinosaur']",Mythic,PLIST,9,9,None,"Vigilance, reach, trample\nWhen Zacama, Primal Calamity enters the battlefield, if you cast it, untap all lands you control.\n{2}{R}: Zacama deals 3 damage to target creature.\n{2}{G}: Destroy target artifact or enchantment.\n{2}{W}: You gain 3 life."
Zhalfirin Void,0.0,None,None,None,['Land'],None,Uncommon,PLIST,None,None,None,"When Zhalfirin Void enters the battlefield, scry 1. (Look at the top card of your library. You may put that card on the bottom of your library.)\n{T}: Add {C}."
"Wasitora, Nekoru Queen",5.0,"['B', 'G', 'R']","['B', 'G', 'R']",['Legendary'],['Creature'],"['Cat', 'Dragon']",Rare,PLIST,5,4,None,"Flying, trample\nWhenever Wasitora, Nekoru Queen deals combat damage to a player, that player sacrifices a creature. If the player can't, you create a 3/3 black, red, and green Cat Dragon creature token with flying."
Ketria Triome,0.0,None,"['G', 'R', 'U']",None,['Land'],"['Forest', 'Island', 'Mountain']",Rare,PLIST,None,None,None,"({T}: Add {G}, {U}, or {R}.)\nKetria Triome enters the battlefield tapped.\nCycling {3} ({3}, Discard this card: Draw a card.)"
Treasury Thrull,6.0,"['B', 'W']","['B', 'W']",None,['Creature'],['Thrull'],Rare,PLIST,4,4,None,"Extort (Whenever you cast a spell, you may pay {W/B}. If you do, each opponent loses 1 life and you gain that much life.)\nWhenever Treasury Thrull attacks, you may return target artifact, creature, or enchantment card from your graveyard to your hand."
High Market,0.0,None,None,None,['Land'],None,Rare,PLIST,None,None,None,"{T}: Add {C}.\n{T}, Sacrifice a creature: You gain 1 life."
Outlaws' Merriment,4.0,"['R', 'W']","['R', 'W']",None,['Enchantment'],None,Mythic,PLIST,None,None,None,"At the beginning of your upkeep, choose one at random. Create a red and white creature token with those characteristics.\n• 3/1 Human Warrior with trample and haste.\n• 2/1 Human Cleric with lifelink and haste.\n• 1/2 Human Rogue with haste and ""When this creature enters the battlefield, it deals 1 damage to any target."""
Planar Portal,6.0,None,None,None,['Artifact'],None,Rare,PLIST,None,None,None,"{6}, {T}: Search your library for a card, put that card into your hand, then shuffle."
"Crosis, the Purger",6.0,"['B', 'R', 'U']","['B', 'R', 'U']",['Legendary'],['Creature'],['Dragon'],Rare,PLIST,6,6,None,"Flying\nWhenever Crosis, the Purger deals combat damage to a player, you may pay {2}{B}. If you do, choose a color, then that player reveals their hand and discards all cards of that color."
Hope of Ghirapur,1.0,None,None,['Legendary'],"['Artifact', 'Creature']",['Thopter'],Rare,PLIST,1,1,None,"Flying\nSacrifice Hope of Ghirapur: Until your next turn, target player who was dealt combat damage by Hope of Ghirapur this turn can't cast noncreature spells."
Asmoranomardicadaistinaculdacar,0.0,"['B', 'R']","['B', 'R']",['Legendary'],['Creature'],"['Human', 'Wizard']",Rare,PLIST,3,3,None,"As long as you've discarded a card this turn, you may pay {B/R} to cast this spell.\nWhen Asmoranomardicadaistinaculdacar enters the battlefield, you may search your library for a card named The Underworld Cookbook, reveal it, put it into your hand, then shuffle.\nSacrifice two Foods: Target creature deals 6 damage to itself."
Dragon Throne of Tarkir,4.0,None,None,['Legendary'],['Artifact'],['Equipment'],Rare,PLIST,None,None,None,"Equipped creature has defender and ""{2}, {T}: Other creatures you control gain trample and get +X/+X until end of turn, where X is this creature's power.""\nEquip {3}"
Admiral Beckett Brass,4.0,"['B', 'R', 'U']","['B', 'R', 'U']",['Legendary'],['Creature'],"['Human', 'Pirate']",Mythic,PLIST,3,3,None,"Other Pirates you control get +1/+1.\nAt the beginning of your end step, gain control of target nonland permanent controlled by a player who was dealt combat damage by three or more Pirates this turn."
"Sarulf, Realm Eater",3.0,"['B', 'G']","['B', 'G']",['Legendary'],['Creature'],['Wolf'],Rare,PLIST,3,3,None,"Whenever a permanent an opponent controls is put into a graveyard from the battlefield, put a +1/+1 counter on Sarulf, Realm Eater.\nAt the beginning of your upkeep, if Sarulf has one or more +1/+1 counters on it, you may remove all of them. If you do, exile each other nonland permanent with mana value less than or equal to the number of counters removed this way."
Vivien Reid,5.0,['G'],['G'],['Legendary'],['Planeswalker'],['Vivien'],Mythic,PLIST,None,None,5,"[+1]: Look at the top four cards of your library. You may reveal a creature or land card from among them and put it into your hand. Put the rest on the bottom of your library in a random order.\n[−3]: Destroy target artifact, enchantment, or creature with flying.\n[−8]: You get an emblem with ""Creatures you control get +2/+2 and have vigilance, trample, and indestructible."""
Urabrask the Hidden,5.0,['R'],['R'],['Legendary'],['Creature'],"['Phyrexian', 'Praetor']",Mythic,PLIST,4,4,None,Creatures you control have haste.\nCreatures your opponents control enter the battlefield tapped.
Reduce // Rubble,6.0,['U'],"['R', 'U']",None,['Instant'],None,Uncommon,PLIST,None,None,None,Counter target spell unless its controller pays {3}.
"Krenko, Tin Street Kingpin",3.0,['R'],['R'],['Legendary'],['Creature'],['Goblin'],Rare,PLIST,1,2,None,"Whenever Krenko, Tin Street Kingpin attacks, put a +1/+1 counter on it, then create a number of 1/1 red Goblin creature tokens equal to Krenko's power."
The Great Aurora,9.0,['G'],['G'],None,['Sorcery'],None,Mythic,PLIST,None,None,None,"Each player shuffles all cards from their hand and all permanents they own into their library, then draws that many cards. Each player may put any number of land cards from their hand onto the battlefield. Exile The Great Aurora."
Remorseless Punishment,5.0,['B'],['B'],None,['Sorcery'],None,Rare,PLIST,None,None,None,Target opponent loses 5 life unless that player discards two cards or sacrifices a creature or planeswalker. Repeat this process once.
Incubation // Incongruity,4.0,"['U', 'G']","['G', 'U']",None,['Sorcery'],None,Uncommon,PLIST,None,None,None,Look at the top five cards of your library. You may reveal a creature card from among them and put it into your hand. Put the rest on the bottom of your library in a random order.
"Ob Nixilis, the Fallen",5.0,['B'],['B'],['Legendary'],['Creature'],['Demon'],Mythic,PLIST,3,3,None,"Landfall — Whenever a land enters the battlefield under your control, you may have target player lose 3 life. If you do, put three +1/+1 counters on Ob Nixilis, the Fallen."
"Kalamax, the Stormsire",4.0,"['G', 'R', 'U']","['G', 'R', 'U']",['Legendary'],['Creature'],"['Elemental', 'Dinosaur']",Mythic,PLIST,4,4,None,"Whenever you cast your first instant spell each turn, if Kalamax, the Stormsire is tapped, copy that spell. You may choose new targets for the copy.\nWhenever you copy an instant spell, put a +1/+1 counter on Kalamax."
Runed Halo,2.0,['W'],['W'],None,['Enchantment'],None,Rare,PLIST,None,None,None,"As Runed Halo enters the battlefield, choose a card name.\nYou have protection from the chosen card name. (You can't be targeted, dealt damage, or enchanted by anything with that name.)"
"Mina and Denn, Wildborn",4.0,"['G', 'R']","['G', 'R']",['Legendary'],['Creature'],"['Elf', 'Ally']",Rare,PLIST,4,4,None,"You may play an additional land on each of your turns.\n{R}{G}, Return a land you control to its owner's hand: Target creature gains trample until end of turn."
"Elspeth, Undaunted Hero",5.0,['W'],['W'],['Legendary'],['Planeswalker'],['Elspeth'],Mythic,PLIST,None,None,5,"[+2]: Put a +1/+1 counter on each of up to two target creatures.\n[−2]: Search your library and/or graveyard for a card named Sunlit Hoplite and put it onto the battlefield. If you search your library this way, shuffle.\n[−8]: Until end of turn, creatures you control gain flying and get +X/+X, where X is your devotion to white."
Tendo Ice Bridge,0.0,None,None,None,['Land'],None,Rare,PLIST,None,None,None,"Tendo Ice Bridge enters the battlefield with a charge counter on it.\n{T}: Add {C}.\n{T}, Remove a charge counter from Tendo Ice Bridge: Add one mana of any color."
"Xantcha, Sleeper Agent",3.0,"['B', 'R']","['B', 'R']",['Legendary'],['Creature'],"['Phyrexian', 'Minion']",Rare,PLIST,5,5,None,"Xantcha, Sleeper Agent enters the battlefield under the control of an opponent of your choice.\nXantcha attacks each combat if able and can't attack its owner or planeswalkers its owner controls.\n{3}: Xantcha's controller loses 2 life and you draw a card. Any player may activate this ability."
Hall of the Bandit Lord,0.0,None,None,['Legendary'],['Land'],None,Rare,PLIST,None,None,None,"Hall of the Bandit Lord enters the battlefield tapped.\n{T}, Pay 3 life: Add {C}. If that mana is spent on a creature spell, it gains haste."
Dragonlord Ojutai,5.0,"['U', 'W']","['U', 'W']",['Legendary'],['Creature'],"['Elder', 'Dragon']",Mythic,PLIST,5,4,None,"Flying\nDragonlord Ojutai has hexproof as long as it's untapped.\nWhenever Dragonlord Ojutai deals combat damage to a player, look at the top three cards of your library. Put one of them into your hand and the rest on the bottom of your library in any order."
Umezawa's Jitte,2.0,None,None,['Legendary'],['Artifact'],['Equipment'],Rare,PLIST,None,None,None,"Whenever equipped creature deals combat damage, put two charge counters on Umezawa's Jitte.\nRemove a charge counter from Umezawa's Jitte: Choose one —\n• Equipped creature gets +2/+2 until end of turn.\n• Target creature gets -1/-1 until end of turn.\n• You gain 2 life.\nEquip {2}"
Borborygmos Enraged,8.0,"['G', 'R']","['G', 'R']",['Legendary'],['Creature'],['Cyclops'],Mythic,PLIST,7,6,None,"Trample\nWhenever Borborygmos Enraged deals combat damage to a player, reveal the top three cards of your library. Put all land cards revealed this way into your hand and the rest into your graveyard.\nDiscard a land card: Borborygmos Enraged deals 3 damage to any target."
Thousand-Year Elixir,3.0,None,None,None,['Artifact'],None,Rare,PLIST,None,None,None,"You may activate abilities of creatures you control as though those creatures had haste.\n{1}, {T}: Untap target creature."
Anax and Cymede,3.0,"['R', 'W']","['R', 'W']",['Legendary'],['Creature'],"['Human', 'Soldier']",Rare,PLIST,3,2,None,"First strike, vigilance\nHeroic — Whenever you cast a spell that targets Anax and Cymede, creatures you control get +1/+1 and gain trample until end of turn."
That Which Was Taken,5.0,None,None,['Legendary'],['Artifact'],None,Rare,PLIST,None,None,None,"{4}, {T}: Put a divinity counter on target permanent other than That Which Was Taken.\nEach permanent with a divinity counter on it has indestructible."
Sprout Swarm,2.0,['G'],['G'],None,['Instant'],None,Common,PLIST,None,None,None,"Convoke (Your creatures can help cast this spell. Each creature you tap while casting this spell pays for {1} or one mana of that creature's color.)\nBuyback {3} (You may pay an additional {3} as you cast this spell. If you do, put this card into your hand as it resolves.)\nCreate a 1/1 green Saproling creature token."
Tapestry of the Ages,4.0,None,None,None,['Artifact'],None,Uncommon,PLIST,None,None,None,"{2}, {T}: Draw a card. Activate only if you've cast a noncreature spell this turn."
Muraganda Petroglyphs,4.0,['G'],['G'],None,['Enchantment'],None,Rare,PLIST,None,None,None,Creatures with no abilities get +2/+2.
Tyvar Kell,4.0,['G'],"['B', 'G']",['Legendary'],['Planeswalker'],['Tyvar'],Mythic,PLIST,None,None,3,"Elves you control have ""{T}: Add {B}.""\n[+1]: Put a +1/+1 counter on up to one target Elf. Untap it. It gains deathtouch until end of turn.\n[0]: Create a 1/1 green Elf Warrior creature token.\n[−6]: You get an emblem with ""Whenever you cast an Elf spell, it gains haste until end of turn and you draw two cards."""
Sensei's Divining Top,1.0,None,None,None,['Artifact'],None,Rare,PLIST,None,None,None,"{1}: Look at the top three cards of your library, then put them back in any order.\n{T}: Draw a card, then put Sensei's Divining Top on top of its owner's library."
Primal Cocoon,1.0,['G'],['G'],None,['Enchantment'],['Aura'],Common,PLIST,None,None,None,"Enchant creature\nAt the beginning of your upkeep, put a +1/+1 counter on enchanted creature.\nWhen enchanted creature attacks or blocks, sacrifice Primal Cocoon."
O-Naginata,1.0,None,None,None,['Artifact'],['Equipment'],Uncommon,PLIST,None,None,None,O-Naginata can be attached only to a creature with power 3 or greater.\nEquipped creature gets +3/+0 and has trample.\nEquip {2} ({2}: Attach to target creature you control. Equip only as a sorcery.)
Kaito Shizuki,3.0,"['B', 'U']","['B', 'U']",['Legendary'],['Planeswalker'],['Kaito'],Mythic,PLIST,None,None,3,"At the beginning of your end step, if Kaito Shizuki entered the battlefield this turn, he phases out.\n[+1]: Draw a card. Then discard a card unless you attacked this turn.\n[−2]: Create a 1/1 blue Ninja creature token with ""This creature can't be blocked.""\n[−7]: You get an emblem with ""Whenever a creature you control deals combat damage to a player, search your library for a blue or black creature card, put it onto the battlefield, then shuffle."""
Mirror Gallery,5.0,None,None,None,['Artifact'],None,Rare,PLIST,None,None,None,"The ""legend rule"" doesn't apply."
"Ghalta, Primal Hunger",12.0,['G'],['G'],['Legendary'],['Creature'],"['Elder', 'Dinosaur']",Rare,PLIST,12,12,None,"This spell costs {X} less to cast, where X is the total power of creatures you control.\nTrample"
Illusionist's Bracers,2.0,None,None,None,['Artifact'],['Equipment'],Rare,PLIST,None,None,None,"Whenever an ability of equipped creature is activated, if it isn't a mana ability, copy that ability. You may choose new targets for the copy.\nEquip {3}"
"Polukranos, World Eater",4.0,['G'],['G'],['Legendary'],['Creature'],['Hydra'],Mythic,PLIST,5,5,None,"{X}{X}{G}: Monstrosity X. (If this creature isn't monstrous, put X +1/+1 counters on it and it becomes monstrous.)\nWhen Polukranos, World Eater becomes monstrous, it deals X damage divided as you choose among any number of target creatures your opponents control. Each of those creatures deals damage equal to its power to Polukranos."
Batterskull,5.0,None,None,None,['Artifact'],['Equipment'],Mythic,PLIST,None,None,None,"Living weapon (When this Equipment enters the battlefield, create a 0/0 black Phyrexian Germ creature token, then attach this to it.)\nEquipped creature gets +4/+4 and has vigilance and lifelink.\n{3}: Return Batterskull to its owner's hand.\nEquip {5}"
Path to the World Tree,2.0,['G'],"['B', 'G', 'R', 'U', 'W']",None,['Enchantment'],None,Uncommon,PLIST,None,None,None,"When Path to the World Tree enters the battlefield, search your library for a basic land card, reveal it, put it into your hand, then shuffle.\n{2}{W}{U}{B}{R}{G}, Sacrifice Path to the World Tree: You gain 2 life and draw two cards. Target opponent loses 2 life. Path to the World Tree deals 2 damage to up to one target creature. You create a 2/2 green Bear creature token."
Dig Up,1.0,['G'],"['B', 'G']",None,['Sorcery'],None,Rare,PLIST,None,None,None,"Cleave {1}{B}{B}{G} (You may cast this spell for its cleave cost. If you do, remove the words in square brackets.)\nSearch your library for a [basic land] card, [reveal it,] put it into your hand, then shuffle."
Illusion // Reality,4.0,['U'],"['G', 'U']",None,['Instant'],None,Uncommon,PLIST,None,None,None,Target spell or permanent becomes the color of your choice until end of turn.
Praetor's Counsel,8.0,['G'],['G'],None,['Sorcery'],None,Mythic,PLIST,None,None,None,Return all cards from your graveyard to your hand. Exile Praetor's Counsel. You have no maximum hand size for the rest of the game.
Veteran Motorist,2.0,"['R', 'W']","['R', 'W']",None,['Creature'],"['Dwarf', 'Pilot']",Uncommon,PLIST,3,1,None,"When Veteran Motorist enters the battlefield, scry 2.\nWhenever Veteran Motorist crews a Vehicle, that Vehicle gets +1/+1 until end of turn."
"Kaya, Orzhov Usurper",3.0,"['B', 'W']","['B', 'W']",['Legendary'],['Planeswalker'],['Kaya'],Mythic,PLIST,None,None,3,"[+1]: Exile up to two target cards from a single graveyard. You gain 2 life if at least one creature card was exiled this way.\n[−1]: Exile target nonland permanent with mana value 1 or less.\n[−5]: Kaya, Orzhov Usurper deals damage to target player equal to the number of cards that player owns in exile and you gain that much life."
Tezzeret's Betrayal,5.0,"['B', 'U']","['B', 'U']",None,['Sorcery'],None,Rare,PLIST,None,None,None,"Destroy target creature. You may search your library and/or graveyard for a card named Tezzeret, Master of Metal, reveal it, and put it into your hand. If you search your library this way, shuffle."
Priests of Norn,3.0,['W'],['W'],None,['Creature'],"['Phyrexian', 'Cleric']",Common,PLIST,1,4,None,Vigilance\nInfect (This creature deals damage to creatures in the form of -1/-1 counters and to players in the form of poison counters.)
"Tamiyo, Collector of Tales",4.0,"['G', 'U']","['G', 'U']",['Legendary'],['Planeswalker'],['Tamiyo'],Rare,PLIST,None,None,5,"Spells and abilities your opponents control can't cause you to discard cards or sacrifice permanents.\n[+1]: Choose a nonland card name, then reveal the top four cards of your library. Put all cards with the chosen name from among them into your hand and the rest into your graveyard.\n[−3]: Return target card from your graveyard to your hand."
Capenna Express,4.0,['G'],['G'],None,['Artifact'],['Vehicle'],Common,PLIST,6,6,None,Sacrifice a Treasure: Capenna Express becomes an artifact creature until end of turn.\nCrew 3 (Tap any number of creatures you control with total power 3 or more: This Vehicle becomes an artifact creature until end of turn.)
Roon of the Hidden Realm,5.0,"['G', 'U', 'W']","['G', 'U', 'W']",['Legendary'],['Creature'],"['Rhino', 'Soldier']",Mythic,PLIST,4,4,None,"Vigilance, trample\n{2}, {T}: Exile another target creature. Return that card to the battlefield under its owner's control at the beginning of the next end step."
Avenger of Zendikar,7.0,['G'],['G'],None,['Creature'],['Elemental'],Mythic,PLIST,5,5,None,"When Avenger of Zendikar enters the battlefield, create a 0/1 green Plant creature token for each land you control.\nLandfall — Whenever a land enters the battlefield under your control, you may put a +1/+1 counter on each Plant creature you control."
"Reyav, Master Smith",2.0,"['R', 'W']","['R', 'W']",['Legendary'],['Creature'],"['Dwarf', 'Artificer']",Uncommon,PLIST,2,2,None,"Whenever a creature you control that's enchanted or equipped attacks, that creature gains double strike until end of turn."
Soul of Shandalar,6.0,['R'],['R'],None,['Creature'],['Avatar'],Mythic,PLIST,6,6,None,"First strike\n{3}{R}{R}: Soul of Shandalar deals 3 damage to target player or planeswalker and 3 damage to up to one target creature that player or that planeswalker's controller controls.\n{3}{R}{R}, Exile Soul of Shandalar from your graveyard: Soul of Shandalar deals 3 damage to target player or planeswalker and 3 damage to up to one target creature that player or that planeswalker's controller controls."
"Kaseto, Orochi Archmage",3.0,"['G', 'U']","['G', 'U']",['Legendary'],['Creature'],"['Snake', 'Wizard']",Mythic,PLIST,2,2,None,"{G}{U}: Target creature can't be blocked this turn. If that creature is a Snake, it gets +2/+2 until end of turn."
Slag Fiend,1.0,['R'],['R'],None,['Creature'],"['Phyrexian', 'Construct']",Rare,PLIST,*,*,None,Slag Fiend's power and toughness are each equal to the number of artifact cards in all graveyards.
Deny Reality,5.0,"['B', 'U']","['B', 'U']",None,['Sorcery'],None,Common,PLIST,None,None,None,"Cascade (When you cast this spell, exile cards from the top of your library until you exile a nonland card that costs less. You may cast it without paying its mana cost. Put the exiled cards on the bottom of your library in a random order.)\nReturn target permanent to its owner's hand."
Siege of Towers,2.0,['R'],['R'],None,['Sorcery'],None,Rare,PLIST,None,None,None,"Replicate {1}{R} (When you cast this spell, copy it for each time you paid its replicate cost. You may choose new targets for the copies.)\nTarget Mountain becomes a 3/1 creature. It's still a land."
"Brago, King Eternal",4.0,"['U', 'W']","['U', 'W']",['Legendary'],['Creature'],"['Spirit', 'Noble']",Rare,PLIST,2,4,None,"Flying\nWhenever Brago, King Eternal deals combat damage to a player, exile any number of target nonland permanents you control, then return those cards to the battlefield under their owner's control."
Scorched Earth,1.0,['R'],['R'],None,['Sorcery'],None,Rare,PLIST,None,None,None,"As an additional cost to cast this spell, discard X land cards.\nDestroy X target lands."
Architects of Will,4.0,"['B', 'U']","['B', 'U']",None,"['Artifact', 'Creature']","['Human', 'Wizard']",Common,PLIST,3,3,None,"When Architects of Will enters the battlefield, look at the top three cards of target player's library, then put them back in any order.\nCycling {U/B} ({U/B}, Discard this card: Draw a card.)"
Ruthless Invasion,4.0,['R'],['R'],None,['Sorcery'],None,Common,PLIST,None,None,None,({R/P} can be paid with either {R} or 2 life.)\nNonartifact creatures can't block this turn.
Vulpine Goliath,6.0,['G'],['G'],None,['Creature'],['Fox'],Common,PLIST,6,5,None,Trample
Regathan Firecat,3.0,['R'],['R'],None,['Creature'],"['Elemental', 'Cat']",Common,PLIST,4,1,None,None
Vintara Snapper,2.0,['G'],['G'],None,['Creature'],['Turtle'],Uncommon,PLIST,2,2,None,Vintara Snapper has shroud as long as you control no untapped lands. (It can't be the target of spells or abilities.)
Planeswalker's Fury,3.0,['R'],['R'],None,['Enchantment'],None,Rare,PLIST,None,None,None,{3}{R}: Target opponent reveals a card at random from their hand. Planeswalker's Fury deals damage equal to that card's mana value to that player. Activate only as a sorcery.
Ruin Grinder,6.0,['R'],['R'],None,"['Artifact', 'Creature']",['Construct'],Rare,PLIST,7,4,None,"Menace\nWhen Ruin Grinder dies, each player may discard their hand and draw seven cards.\nMountaincycling {2} ({2}, Discard this card: Search your library for a Mountain card, reveal it, put it into your hand, then shuffle.)"
Pia and Kiran Nalaar,4.0,['R'],['R'],['Legendary'],['Creature'],"['Human', 'Artificer']",Rare,PLIST,2,2,None,"When Pia and Kiran Nalaar enters the battlefield, create two 1/1 colorless Thopter artifact creature tokens with flying.\n{2}{R}, Sacrifice an artifact: Pia and Kiran Nalaar deals 2 damage to any target."
Seshiro the Anointed,6.0,['G'],['G'],['Legendary'],['Creature'],"['Snake', 'Monk']",Rare,PLIST,3,4,None,"Other Snake creatures you control get +2/+2.\nWhenever a Snake you control deals combat damage to a player, you may draw a card."
Mercadia's Downfall,3.0,['R'],['R'],None,['Instant'],None,Uncommon,PLIST,None,None,None,Each attacking creature gets +1/+0 until end of turn for each nonbasic land defending player controls.
Sosuke's Summons,3.0,['G'],['G'],None,['Sorcery'],None,Uncommon,PLIST,None,None,None,"Create two 1/1 green Snake creature tokens.\nWhenever a nontoken Snake enters the battlefield under your control, you may return Sosuke's Summons from your graveyard to your hand."
Five-Alarm Fire,3.0,['R'],['R'],None,['Enchantment'],None,Rare,PLIST,None,None,None,"Whenever a creature you control deals combat damage, put a blaze counter on Five-Alarm Fire.\nRemove five blaze counters from Five-Alarm Fire: It deals 5 damage to any target."
Spectral Force,5.0,['G'],['G'],None,['Creature'],"['Elemental', 'Spirit']",Rare,PLIST,8,8,None,"Trample\nWhenever Spectral Force attacks, if defending player controls no black permanents, it doesn't untap during your next untap step."
"Etali, Primal Storm",6.0,['R'],['R'],['Legendary'],['Creature'],"['Elder', 'Dinosaur']",Rare,PLIST,6,6,None,"Whenever Etali, Primal Storm attacks, exile the top card of each player's library, then you may cast any number of spells from among those cards without paying their mana costs."
Skullwinder,3.0,['G'],['G'],None,['Creature'],['Snake'],Uncommon,PLIST,1,3,None,"Deathtouch\nWhen Skullwinder enters the battlefield, return target card from your graveyard to your hand, then choose an opponent. That player returns a card from their graveyard to their hand."
Eidolon of the Great Revel,2.0,['R'],['R'],None,"['Enchantment', 'Creature']",['Spirit'],Rare,PLIST,2,2,None,"Whenever a player casts a spell with mana value 3 or less, Eidolon of the Great Revel deals 2 damage to that player."
Reclamation Sage,3.0,['G'],['G'],None,['Creature'],"['Elf', 'Shaman']",Special,PLIST,2,1,None,"When Reclamation Sage enters the battlefield, you may destroy target artifact or enchantment."
Unmask,4.0,['B'],['B'],None,['Sorcery'],None,Rare,PLIST,None,None,None,You may exile a black card from your hand rather than pay this spell's mana cost.\nTarget player reveals their hand. You choose a nonland card from it. That player discards that card.
Oxidize,1.0,['G'],['G'],None,['Instant'],None,Rare,PLIST,None,None,None,Destroy target artifact. It can't be regenerated.
Siege Zombie,2.0,['B'],['B'],None,['Creature'],['Zombie'],Common,PLIST,2,2,None,Tap three untapped creatures you control: Each opponent loses 1 life.
"Jugan, the Rising Star",6.0,['G'],['G'],['Legendary'],['Creature'],"['Dragon', 'Spirit']",Rare,PLIST,5,5,None,"Flying\nWhen Jugan, the Rising Star dies, you may distribute five +1/+1 counters among any number of target creatures."
Rain of Daggers,6.0,['B'],['B'],None,['Sorcery'],None,Rare,PLIST,None,None,None,Destroy all creatures target opponent controls. You lose 2 life for each creature destroyed this way.
Jade Avenger,2.0,['G'],['G'],None,['Creature'],"['Frog', 'Samurai']",Common,PLIST,2,2,None,"Bushido 2 (Whenever this creature blocks or becomes blocked, it gets +2/+2 until end of turn.)"
Phyrexian Vatmother,4.0,['B'],['B'],None,['Creature'],"['Phyrexian', 'Horror']",Rare,PLIST,4,5,None,"Infect (This creature deals damage to creatures in the form of -1/-1 counters and to players in the form of poison counters.)\nAt the beginning of your upkeep, you get a poison counter."
Haru-Onna,4.0,['G'],['G'],None,['Creature'],['Spirit'],Uncommon,PLIST,2,1,None,"When Haru-Onna enters the battlefield, draw a card.\nWhenever you cast a Spirit or Arcane spell, you may return Haru-Onna to its owner's hand."
Phyrexian Infiltrator,3.0,['B'],"['B', 'U']",None,['Creature'],"['Phyrexian', 'Minion']",Rare,PLIST,2,2,None,{2}{U}{U}: Exchange control of Phyrexian Infiltrator and target creature. (This effect lasts indefinitely.)
Siege Modification,3.0,['R'],['R'],None,['Enchantment'],['Aura'],Uncommon,PLIST,None,None,None,"Enchant creature or Vehicle\nAs long as enchanted permanent is a Vehicle, it's a creature in addition to its other types.\nEnchanted creature gets +3/+0 and has first strike."
Phyrexian Etchings,3.0,['B'],['B'],None,['Enchantment'],None,Rare,PLIST,None,None,None,"Cumulative upkeep {B} (At the beginning of your upkeep, put an age counter on this permanent, then sacrifice it unless you pay its upkeep cost for each age counter on it.)\nAt the beginning of your end step, draw a card for each age counter on Phyrexian Etchings.\nWhen Phyrexian Etchings is put into a graveyard from the battlefield, you lose 2 life for each age counter on it."
Force of Savagery,3.0,['G'],['G'],None,['Creature'],['Elemental'],Rare,PLIST,8,0,None,Trample
Phyrexian Delver,5.0,['B'],['B'],None,['Creature'],"['Phyrexian', 'Zombie']",Rare,PLIST,3,2,None,"When Phyrexian Delver enters the battlefield, return target creature card from your graveyard to the battlefield. You lose life equal to that card's mana value."
Reality Hemorrhage,2.0,None,['R'],None,['Instant'],None,Common,PLIST,None,None,None,Devoid (This card has no color.)\nReality Hemorrhage deals 2 damage to any target.
Phyrexian Crusader,3.0,['B'],['B'],None,['Creature'],"['Phyrexian', 'Zombie', 'Knight']",Rare,PLIST,2,2,None,"First strike, protection from red and from white\nInfect (This creature deals damage to creatures in the form of -1/-1 counters and to players in the form of poison counters.)"
Endless Wurm,5.0,['G'],['G'],None,['Creature'],['Wurm'],Rare,PLIST,9,9,None,"Trample\nAt the beginning of your upkeep, sacrifice Endless Wurm unless you sacrifice an enchantment."
Needle Specter,3.0,['B'],['B'],None,['Creature'],['Specter'],Rare,PLIST,1,1,None,"Flying\nWither (This deals damage to creatures in the form of -1/-1 counters.)\nWhenever Needle Specter deals combat damage to a player, that player discards that many cards."
Eidolon of Blossoms,4.0,['G'],['G'],None,"['Enchantment', 'Creature']",['Spirit'],Rare,PLIST,2,2,None,"Constellation — Whenever Eidolon of Blossoms or another enchantment enters the battlefield under your control, draw a card."
Artillerize,4.0,['R'],['R'],None,['Instant'],None,Common,PLIST,None,None,None,"As an additional cost to cast this spell, sacrifice an artifact or creature.\nArtillerize deals 5 damage to any target."
Plains,0.0,None,['W'],['Basic'],['Land'],['Plains'],Common,PLIST,None,None,None,({T}: Add {W}.)
Starke of Rath,3.0,['R'],['R'],['Legendary'],['Creature'],"['Human', 'Rogue']",Rare,PLIST,2,2,None,{T}: Destroy target artifact or creature. That permanent's controller gains control of Starke of Rath. (This effect lasts indefinitely.)
Vile Requiem,4.0,['B'],['B'],None,['Enchantment'],None,Uncommon,PLIST,None,None,None,"At the beginning of your upkeep, you may put a verse counter on Vile Requiem.\n{1}{B}, Sacrifice Vile Requiem: Destroy up to X target nonblack creatures, where X is the number of verse counters on Vile Requiem. They can't be regenerated."
"Morophon, the Boundless",7.0,None,"['B', 'G', 'R', 'U', 'W']",['Legendary'],['Creature'],['Shapeshifter'],Mythic,PLIST,6,6,None,"Changeling (This card is every creature type.)\nAs Morophon, the Boundless enters the battlefield, choose a creature type.\nSpells of the chosen type you cast cost {W}{U}{B}{R}{G} less to cast. This effect reduces only the amount of colored mana you pay.\nOther creatures you control of the chosen type get +1/+1."
Pyroclasm,2.0,['R'],['R'],None,['Sorcery'],None,Rare,PLIST,None,None,None,Pyroclasm deals 2 damage to each creature.
Reaper of Sheoldred,5.0,['B'],['B'],None,['Creature'],"['Phyrexian', 'Horror']",Uncommon,PLIST,2,5,None,"Infect (This creature deals damage to creatures in the form of -1/-1 counters and to players in the form of poison counters.)\nWhenever a source deals damage to Reaper of Sheoldred, that source's controller gets a poison counter."
Pillaging Horde,4.0,['R'],['R'],None,['Creature'],"['Human', 'Barbarian']",Rare,PLIST,5,5,None,"When Pillaging Horde enters the battlefield, sacrifice it unless you discard a card at random."
Phyrexian Prowler,4.0,['B'],['B'],None,['Creature'],"['Phyrexian', 'Zombie', 'Mercenary']",Uncommon,PLIST,3,3,None,"Fading 3 (This creature enters the battlefield with three fade counters on it. At the beginning of your upkeep, remove a fade counter from it. If you can't, sacrifice it.)\nRemove a fade counter from Phyrexian Prowler: Phyrexian Prowler gets +1/+1 until end of turn."
Mizzium Tank,3.0,['R'],['R'],None,['Artifact'],['Vehicle'],Rare,PLIST,3,2,None,"Trample\nWhenever you cast a noncreature spell, Mizzium Tank becomes an artifact creature and gets +1/+1 until end of turn.\nCrew 1 (Tap any number of creatures you control with total power 1 or more: This Vehicle becomes an artifact creature until end of turn.)"
Phyrexian Monitor,4.0,['B'],['B'],None,['Creature'],"['Phyrexian', 'Skeleton']",Common,PLIST,2,2,None,{B}: Regenerate Phyrexian Monitor.
Yotian Soldier,3.0,None,None,None,"['Artifact', 'Creature']",['Soldier'],Common,PLIST,1,4,None,Vigilance
Lose Hope,1.0,['B'],['B'],None,['Instant'],None,Common,PLIST,None,None,None,"Target creature gets -1/-1 until end of turn. Scry 2. (Look at the top two cards of your library, then put any number of them on the bottom of your library and the rest on top in any order.)"
Lavaborn Muse,4.0,['R'],['R'],None,['Creature'],['Spirit'],Rare,PLIST,3,3,None,"At the beginning of each opponent's upkeep, if that player has two or fewer cards in hand, Lavaborn Muse deals 3 damage to that player."
Geth's Verdict,2.0,['B'],['B'],None,['Instant'],None,Common,PLIST,None,None,None,Target player sacrifices a creature and loses 1 life.
"Kiki-Jiki, Mirror Breaker",5.0,['R'],['R'],['Legendary'],['Creature'],"['Goblin', 'Shaman']",Rare,PLIST,2,2,None,"Haste\n{T}: Create a token that's a copy of target nonlegendary creature you control, except it has haste. Sacrifice it at the beginning of the next end step."
"Venser, Shaper Savant",4.0,['U'],['U'],['Legendary'],['Creature'],"['Human', 'Wizard']",Rare,PLIST,2,2,None,"Flash\nWhen Venser, Shaper Savant enters the battlefield, return target spell or permanent to its owner's hand."
Heartless Hidetsugu,5.0,['R'],['R'],['Legendary'],['Creature'],"['Ogre', 'Shaman']",Rare,PLIST,4,3,None,"{T}: Heartless Hidetsugu deals damage to each player equal to half that player's life total, rounded down."
Mirrodin Besieged,3.0,['U'],['U'],None,['Enchantment'],None,Rare,PLIST,None,None,None,"As Mirrodin Besieged enters the battlefield, choose Mirran or Phyrexian.\n• Mirran — Whenever you cast an artifact spell, create a 1/1 colorless Myr artifact creature token.\n• Phyrexian — At the beginning of your end step, draw a card, then discard a card. Then if there are fifteen or more artifact cards in your graveyard, target opponent loses the game."
Blazing Shoal,2.0,['R'],['R'],None,['Instant'],['Arcane'],Rare,PLIST,None,None,None,You may exile a red card with mana value X from your hand rather than pay this spell's mana cost.\nTarget creature gets +X/+0 until end of turn.
Mass Polymorph,6.0,['U'],['U'],None,['Sorcery'],None,Rare,PLIST,None,None,None,"Exile all creatures you control, then reveal cards from the top of your library until you reveal that many creature cards. Put all creature cards revealed this way onto the battlefield, then shuffle the rest of the revealed cards into your library."
Bedlam,4.0,['R'],['R'],None,['Enchantment'],None,Rare,PLIST,None,None,None,Creatures can't block.
Endless Obedience,6.0,['B'],['B'],None,['Sorcery'],None,Uncommon,PLIST,None,None,None,Convoke (Your creatures can help cast this spell. Each creature you tap while casting this spell pays for {1} or one mana of that creature's color.)\nPut target creature card from a graveyard onto the battlefield under your control.
Akki Coalflinger,3.0,['R'],['R'],None,['Creature'],"['Goblin', 'Shaman']",Uncommon,PLIST,2,2,None,"First strike\n{R}, {T}: Attacking creatures gain first strike until end of turn."
"Nashi, Moon Sage's Scion",3.0,['B'],['B'],['Legendary'],['Creature'],"['Rat', 'Ninja']",Mythic,PLIST,3,2,None,"Ninjutsu {3}{B} ({3}{B}, Return an unblocked attacker you control to hand: Put this card onto the battlefield from your hand tapped and attacking.)\nWhenever Nashi, Moon Sage's Scion deals combat damage to a player, exile the top card of each player's library. Until end of turn, you may play one of those cards. If you cast a spell this way, pay life equal to its mana value rather than paying its mana cost."
Whispersteel Dagger,3.0,['B'],['B'],None,['Artifact'],['Equipment'],Rare,PLIST,None,None,None,"Equipped creature gets +2/+0.\nWhenever equipped creature deals combat damage to a player, you may cast a creature spell from that player's graveyard this turn, and you may spend mana as though it were mana of any color to cast that spell.\nEquip {3}"
Gitaxian Probe,1.0,['U'],['U'],None,['Sorcery'],None,Common,PLIST,None,None,None,({U/P} can be paid with either {U} or 2 life.)\nLook at target player's hand.\nDraw a card.
Sink into Takenuma,4.0,['B'],['B'],None,['Sorcery'],['Arcane'],Common,PLIST,None,None,None,Sweep — Return any number of Swamps you control to their owner's hand. Target player discards a card for each Swamp returned this way.
Ihsan's Shade,6.0,['B'],['B'],['Legendary'],['Creature'],"['Shade', 'Knight']",Uncommon,PLIST,5,5,None,Protection from white
Rat Colony,2.0,['B'],['B'],None,['Creature'],['Rat'],Common,PLIST,2,1,None,Rat Colony gets +1/+0 for each other Rat you control.\nA deck can have any number of cards named Rat Colony.
Drinker of Sorrow,3.0,['B'],['B'],None,['Creature'],['Horror'],Rare,PLIST,5,3,None,"Drinker of Sorrow can't block.\nWhenever Drinker of Sorrow deals combat damage, sacrifice a permanent."
Aether Snap,5.0,['B'],['B'],None,['Sorcery'],None,Rare,PLIST,None,None,None,Remove all counters from all permanents and exile all tokens.
Noxious Toad,3.0,['B'],['B'],None,['Creature'],['Frog'],Uncommon,PLIST,1,1,None,"When Noxious Toad dies, each opponent discards a card."
True-Name Nemesis,3.0,['U'],['U'],None,['Creature'],"['Merfolk', 'Rogue']",Rare,PLIST,3,1,None,"As True-Name Nemesis enters the battlefield, choose a player.\nTrue-Name Nemesis has protection from the chosen player."
"Ink-Eyes, Servant of Oni",6.0,['B'],['B'],['Legendary'],['Creature'],"['Rat', 'Ninja']",Rare,PLIST,5,4,None,"Ninjutsu {3}{B}{B} ({3}{B}{B}, Return an unblocked attacker you control to hand: Put this card onto the battlefield from your hand tapped and attacking.)\nWhenever Ink-Eyes, Servant of Oni deals combat damage to a player, you may put target creature card from that player's graveyard onto the battlefield under your control.\n{1}{B}: Regenerate Ink-Eyes."
Time Stretch,10.0,['U'],['U'],None,['Sorcery'],None,Rare,PLIST,None,None,None,Target player takes two extra turns after this one.
Confront the Past,1.0,['B'],['B'],None,['Sorcery'],['Lesson'],Rare,PLIST,None,None,None,Choose one —\n• Return target planeswalker card with mana value X or less from your graveyard to the battlefield.\n• Remove twice X loyalty counters from target planeswalker an opponent controls.
Stormscape Battlemage,3.0,['U'],"['B', 'U', 'W']",None,['Creature'],"['Metathran', 'Wizard']",Uncommon,PLIST,2,2,None,"Kicker {W} and/or {2}{B} (You may pay an additional {W} and/or {2}{B} as you cast this spell.)\nWhen Stormscape Battlemage enters the battlefield, if it was kicked with its {W} kicker, you gain 3 life.\nWhen Stormscape Battlemage enters the battlefield, if it was kicked with its {2}{B} kicker, destroy target nonblack creature. That creature can't be regenerated."
The Unspeakable,9.0,['U'],['U'],['Legendary'],['Creature'],['Spirit'],Rare,PLIST,6,7,None,"Flying, trample\nWhenever The Unspeakable deals combat damage to a player, you may return target Arcane card from your graveyard to your hand."
Pulse of the Grid,3.0,['U'],['U'],None,['Instant'],None,Rare,PLIST,None,None,None,"Draw two cards, then discard a card. Then if an opponent has more cards in hand than you, return Pulse of the Grid to its owner's hand."
Thousand Winds,6.0,['U'],['U'],None,['Creature'],['Elemental'],Rare,PLIST,5,6,None,"Flying\nMorph {5}{U}{U} (You may cast this card face down as a 2/2 creature for {3}. Turn it face up any time for its morph cost.)\nWhen Thousand Winds is turned face up, return all other tapped creatures to their owners' hands."
Shared Fate,5.0,['U'],['U'],None,['Enchantment'],None,Rare,PLIST,None,None,None,"If a player would draw a card, that player exiles the top card of one of their opponents' libraries face down instead.\nEach player may look at cards they exiled with Shared Fate, and they may play lands and cast spells from among those cards."
Witch-Maw Nephilim,4.0,"['B', 'G', 'U', 'W']","['B', 'G', 'U', 'W']",None,['Creature'],['Nephilim'],Rare,PLIST,1,1,None,"Whenever you cast a spell, you may put two +1/+1 counters on Witch-Maw Nephilim.\nWhenever Witch-Maw Nephilim attacks, it gains trample until end of turn if its power is 10 or greater."
"Tezzeret, Artifice Master",5.0,['U'],['U'],['Legendary'],['Planeswalker'],['Tezzeret'],Mythic,PLIST,None,None,5,"[+1]: Create a 1/1 colorless Thopter artifact creature token with flying.\n[0]: Draw a card. If you control three or more artifacts, draw two cards instead.\n[−9]: You get an emblem with ""At the beginning of your end step, search your library for a permanent card, put it onto the battlefield, then shuffle."""
Dryad Militant,1.0,"['G', 'W']","['G', 'W']",None,['Creature'],"['Dryad', 'Soldier']",Uncommon,PLIST,2,1,None,"If an instant or sorcery card would be put into a graveyard from anywhere, exile it instead."
Soratami Savant,4.0,['U'],['U'],None,['Creature'],"['Moonfolk', 'Wizard']",Uncommon,PLIST,2,2,None,"Flying\n{3}, Return a land you control to its owner's hand: Counter target spell unless its controller pays {3}."
Laboratory Maniac,3.0,['U'],['U'],None,['Creature'],"['Human', 'Wizard']",Rare,PLIST,2,2,None,"If you would draw a card while your library has no cards in it, you win the game instead."
Sakashima's Student,4.0,['U'],['U'],None,['Creature'],"['Human', 'Ninja']",Rare,PLIST,0,0,None,"Ninjutsu {1}{U} ({1}{U}, Return an unblocked attacker you control to hand: Put this card onto the battlefield from your hand tapped and attacking.)\nYou may have Sakashima's Student enter the battlefield as a copy of any creature on the battlefield, except it's a Ninja in addition to its other creature types."
Rooftop Storm,6.0,['U'],['U'],None,['Enchantment'],None,Rare,PLIST,None,None,None,You may pay {0} rather than pay the mana cost for Zombie creature spells you cast.
"Jin-Gitaxias, Core Augur",10.0,['U'],['U'],['Legendary'],['Creature'],"['Phyrexian', 'Praetor']",Mythic,PLIST,5,4,None,"Flash\nAt the beginning of your end step, draw seven cards.\nEach opponent's maximum hand size is reduced by seven."
Rite of Replication,4.0,['U'],['U'],None,['Sorcery'],None,Rare,PLIST,None,None,None,"Kicker {5} (You may pay an additional {5} as you cast this spell.)\nCreate a token that's a copy of target creature. If this spell was kicked, create five of those tokens instead."
Honden of Seeing Winds,5.0,['U'],['U'],['Legendary'],['Enchantment'],['Shrine'],Uncommon,PLIST,None,None,None,"At the beginning of your upkeep, draw a card for each Shrine you control."
Reshape,2.0,['U'],['U'],None,['Sorcery'],None,Rare,PLIST,None,None,None,"As an additional cost to cast this spell, sacrifice an artifact.\nSearch your library for an artifact card with mana value X or less, put it onto the battlefield, then shuffle."
Dispersal Technician,5.0,['U'],['U'],None,['Creature'],"['Vedalken', 'Artificer']",Common,PLIST,3,2,None,"When Dispersal Technician enters the battlefield, you may return target artifact to its owner's hand."
Survival Cache,3.0,['W'],['W'],None,['Sorcery'],None,Common,PLIST,None,None,None,"You gain 2 life. Then if you have more life than an opponent, draw a card.\nRebound (If you cast this spell from your hand, exile it as it resolves. At the beginning of your next upkeep, you may cast this card from exile without paying its mana cost.)"
"Aboshan, Cephalid Emperor",6.0,['U'],['U'],['Legendary'],['Creature'],"['Cephalid', 'Noble']",Rare,PLIST,3,3,None,Tap an untapped Cephalid you control: Tap target permanent.\n{U}{U}{U}: Tap all creatures without flying.
Game Plan,6.0,['U'],['U'],None,['Sorcery'],None,Rare,PLIST,None,None,None,"Assist (Another player can pay up to {5} of this spell's cost.)\nEach player shuffles their hand and graveyard into their library, then draws seven cards. Exile Game Plan."
Warchanter Skald,3.0,['W'],['W'],None,['Creature'],"['Dwarf', 'Cleric']",Uncommon,PLIST,2,3,None,"Whenever Warchanter Skald becomes tapped, if it's enchanted or equipped, create a 2/1 red Dwarf Berserker creature token."
Invasive Surgery,1.0,['U'],['U'],None,['Instant'],None,Uncommon,PLIST,None,None,None,"Counter target sorcery spell.\nDelirium — If there are four or more card types among cards in your graveyard, search the graveyard, hand, and library of that spell's controller for any number of cards with the same name as that spell, exile those cards, then that player shuffles."
The Wanderer,4.0,['W'],['W'],['Legendary'],['Planeswalker'],None,Uncommon,PLIST,None,None,5,Prevent all noncombat damage that would be dealt to you and other permanents you control.\n[−2]: Exile target creature with power 4 or greater.
Balance of Power,5.0,['U'],['U'],None,['Sorcery'],None,Rare,PLIST,None,None,None,"If target opponent has more cards in hand than you, draw cards equal to the difference."
Stone Haven Pilgrim,2.0,['W'],['W'],None,['Creature'],"['Kor', 'Cleric']",Uncommon,PLIST,2,2,None,"Whenever Stone Haven Pilgrim attacks, if you control an artifact or enchantment, Stone Haven Pilgrim gets +1/+1 and gains lifelink until end of turn."
Archmage Emeritus,4.0,['U'],['U'],None,['Creature'],"['Human', 'Wizard']",Rare,PLIST,2,2,None,"Magecraft — Whenever you cast or copy an instant or sorcery spell, draw a card."
Spirit of the Labyrinth,2.0,['W'],['W'],None,"['Enchantment', 'Creature']",['Spirit'],Rare,PLIST,3,1,None,Each player can't draw more than one card each turn.
Vryn Wingmare,3.0,['W'],['W'],None,['Creature'],['Pegasus'],Uncommon,PLIST,2,1,None,Flying\nNoncreature spells cost {1} more to cast.
Segovian Angel,1.0,['W'],['W'],None,['Creature'],['Angel'],Common,PLIST,1,1,None,"Flying, vigilance"
"Rune-Tail, Kitsune Ascendant // Rune-Tail's Essence",3.0,['W'],['W'],['Legendary'],['Creature'],"['Fox', 'Monk']",Rare,PLIST,2,2,None,"When you have 30 or more life, flip Rune-Tail, Kitsune Ascendant."
Ravnica at War,4.0,['W'],['W'],None,['Sorcery'],None,Rare,PLIST,None,None,None,Exile all multicolored permanents.
Novice Knight,1.0,['W'],['W'],None,['Creature'],"['Human', 'Knight']",Uncommon,PLIST,2,3,None,"Defender (This creature can't attack.)\nAs long as Novice Knight is enchanted or equipped, it can attack as though it didn't have defender."
"Linden, the Steadfast Queen",3.0,['W'],['W'],['Legendary'],['Creature'],"['Human', 'Noble']",Rare,PLIST,3,3,None,"Vigilance\nWhenever a white creature you control attacks, you gain 1 life."
"Nagao, Bound by Honor",4.0,['W'],['W'],['Legendary'],['Creature'],"['Human', 'Samurai']",Uncommon,PLIST,3,3,None,"Bushido 1 (Whenever this creature blocks or becomes blocked, it gets +1/+1 until end of turn.)\nWhenever Nagao, Bound by Honor attacks, Samurai creatures you control get +1/+1 until end of turn."
Ixalan's Binding,4.0,['W'],['W'],None,['Enchantment'],None,Uncommon,PLIST,None,None,None,"When Ixalan's Binding enters the battlefield, exile target nonland permanent an opponent controls until Ixalan's Binding leaves the battlefield.\nYour opponents can't cast spells with the same name as the exiled card."
"Michiko Konda, Truth Seeker",4.0,['W'],['W'],['Legendary'],['Creature'],"['Human', 'Advisor']",Rare,PLIST,2,2,None,"Whenever a source an opponent controls deals damage to you, that player sacrifices a permanent."
"Heliod, God of the Sun",4.0,['W'],['W'],['Legendary'],"['Enchantment', 'Creature']",['God'],Mythic,PLIST,5,6,None,"Indestructible\nAs long as your devotion to white is less than five, Heliod isn't a creature. (Each {W} in the mana costs of permanents you control counts toward your devotion to white.)\nOther creatures you control have vigilance.\n{2}{W}{W}: Create a 2/1 white Cleric enchantment creature token."
Flutterfox,2.0,['W'],['W'],None,['Creature'],['Fox'],Common,PLIST,2,2,None,"As long as you control an artifact or enchantment, Flutterfox has flying."
Brago's Representative,3.0,['W'],['W'],None,['Creature'],"['Human', 'Advisor']",Common,PLIST,1,4,None,"While voting, you get an additional vote. (The votes can be for different choices or for the same choice.)"
Final Judgment,6.0,['W'],['W'],None,['Sorcery'],None,Rare,PLIST,None,None,None,Exile all creatures.
Austere Command,6.0,['W'],['W'],None,['Sorcery'],None,Rare,PLIST,None,None,None,Choose two —\n• Destroy all artifacts.\n• Destroy all enchantments.\n• Destroy all creatures with mana value 3 or less.\n• Destroy all creatures with mana value 4 or greater.
Anointed Procession,4.0,['W'],['W'],None,['Enchantment'],None,Rare,PLIST,None,None,None,"If an effect would create one or more tokens under your control, it creates twice that many of those tokens instead."
Interplanar Beacon,0.0,None,None,None,['Land'],None,Uncommon,PLIST,None,None,None,"Whenever you cast a planeswalker spell, you gain 1 life.\n{T}: Add {C}.\n{1}, {T}: Add two mana of different colors. Spend this mana only to cast planeswalker spells."
Scion of Ugin,6.0,None,None,None,['Creature'],"['Dragon', 'Spirit']",Uncommon,PLIST,4,4,None,Flying
Great Furnace,0.0,None,['R'],None,"['Artifact', 'Land']",None,Common,PLIST,None,None,None,{T}: Add {R}.
Shivan Gorge,0.0,None,['R'],['Legendary'],['Land'],None,Rare,PLIST,None,None,None,"{T}: Add {C}.\n{2}{R}, {T}: Shivan Gorge deals 1 damage to each opponent."
Sword of War and Peace,3.0,None,None,None,['Artifact'],['Equipment'],Mythic,PLIST,None,None,None,"Equipped creature gets +2/+2 and has protection from red and from white.\nWhenever equipped creature deals combat damage to a player, Sword of War and Peace deals damage to that player equal to the number of cards in their hand and you gain 1 life for each card in your hand.\nEquip {2}"
"Shinka, the Bloodsoaked Keep",0.0,None,['R'],['Legendary'],['Land'],None,Rare,PLIST,None,None,None,"{T}: Add {R}.\n{R}, {T}: Target legendary creature gains first strike until end of turn."
Sword of Feast and Famine,3.0,None,None,None,['Artifact'],['Equipment'],Mythic,PLIST,None,None,None,"Equipped creature gets +2/+2 and has protection from black and from green.\nWhenever equipped creature deals combat damage to a player, that player discards a card and you untap all lands you control.\nEquip {2}"
Blood Crypt,0.0,None,"['B', 'R']",None,['Land'],"['Swamp', 'Mountain']",Rare,PLIST,None,None,None,"({T}: Add {B} or {R}.)\nAs Blood Crypt enters the battlefield, you may pay 2 life. If you don't, it enters the battlefield tapped."
Soul of New Phyrexia,6.0,None,None,None,"['Artifact', 'Creature']","['Phyrexian', 'Avatar']",Mythic,PLIST,6,6,None,"Trample\n{5}: Permanents you control gain indestructible until end of turn.\n{5}, Exile Soul of New Phyrexia from your graveyard: Permanents you control gain indestructible until end of turn."
Wooden Stake,2.0,None,None,None,['Artifact'],['Equipment'],Common,PLIST,None,None,None,"Equipped creature gets +1/+0.\nWhenever equipped creature blocks or becomes blocked by a Vampire, destroy that creature. It can't be regenerated.\nEquip {1} ({1}: Attach to target creature you control. Equip only as a sorcery.)"
Phyrexian Vault,3.0,None,None,None,['Artifact'],None,Uncommon,PLIST,None,None,None,"{2}, {T}, Sacrifice a creature: Draw a card."
Witches' Eye,1.0,None,None,None,['Artifact'],['Equipment'],Uncommon,PLIST,None,None,None,"Equipped creature has ""{1}, {T}: Scry 1."" (To scry 1, look at the top card of your library, then you may put that card on the bottom of your library.)\nEquip {1}"
Phyrexian Triniform,9.0,None,None,None,"['Artifact', 'Creature']","['Phyrexian', 'Golem']",Mythic,PLIST,9,9,None,"When Phyrexian Triniform dies, create three 3/3 colorless Phyrexian Golem artifact creature tokens.\nEncore {12} ({12}, Exile this card from your graveyard: For each opponent, create a token copy that attacks that opponent this turn if able. They gain haste. Sacrifice them at the beginning of the next end step. Activate only as a sorcery.)"
Unwinding Clock,4.0,None,None,None,['Artifact'],None,Rare,PLIST,None,None,None,Untap all artifacts you control during each other player's untap step.
Phyrexian Splicer,2.0,None,None,None,['Artifact'],None,Uncommon,PLIST,None,None,None,"{2}, {T}, Choose flying, first strike, trample, or shadow: Until end of turn, target creature with the chosen ability loses it and another target creature gains it."
Training Drone,3.0,None,None,None,"['Artifact', 'Creature']",['Drone'],Common,PLIST,4,4,None,Training Drone can't attack or block unless it's equipped.
Phyrexian Snowcrusher,6.0,None,None,['Snow'],"['Artifact', 'Creature']","['Phyrexian', 'Juggernaut']",Uncommon,PLIST,6,5,None,Phyrexian Snowcrusher attacks each combat if able.\n{1}{S}: Phyrexian Snowcrusher gets +1/+0 until end of turn. ({S} can be paid with one mana from a snow source.)
Perpetual Timepiece,2.0,None,None,None,['Artifact'],None,Uncommon,PLIST,None,None,None,"{T}: Mill two cards.\n{2}, Exile Perpetual Timepiece: Shuffle any number of target cards from your graveyard into your library."
Phyrexian Altar,3.0,None,None,None,['Artifact'],None,Rare,PLIST,None,None,None,Sacrifice a creature: Add one mana of any color.
Lunar Avenger,7.0,None,None,None,"['Artifact', 'Creature']",['Golem'],Uncommon,PLIST,2,2,None,"Sunburst (This enters the battlefield with a +1/+1 counter on it for each color of mana spent to cast it.)\nRemove a +1/+1 counter from Lunar Avenger: Lunar Avenger gains your choice of flying, first strike, or haste until end of turn."
Virulent Sliver,1.0,['G'],['G'],None,['Creature'],['Sliver'],Common,PLIST,1,1,None,"All Sliver creatures have poisonous 1. (Whenever a Sliver deals combat damage to a player, that player gets a poison counter. A player with ten or more poison counters loses the game.)"
Juntu Stakes,2.0,None,None,None,['Artifact'],None,Rare,PLIST,None,None,None,Creatures with power 1 or less don't untap during their controllers' untap steps.
Lantern of Insight,1.0,None,None,None,['Artifact'],None,Uncommon,PLIST,None,None,None,"Players play with the top card of their libraries revealed.\n{T}, Sacrifice Lantern of Insight: Target player shuffles."
Jet Medallion,2.0,None,None,None,['Artifact'],None,Rare,PLIST,None,None,None,Black spells you cast cost {1} less to cast.
Melira's Keepers,5.0,['G'],['G'],None,['Creature'],"['Human', 'Warrior']",Uncommon,PLIST,4,4,None,Melira's Keepers can't have counters put on it.
Howling Mine,2.0,None,None,None,['Artifact'],None,Rare,PLIST,None,None,None,"At the beginning of each player's draw step, if Howling Mine is untapped, that player draws an additional card."
Nihil Spellbomb,1.0,None,['B'],None,['Artifact'],None,Common,PLIST,None,None,None,"{T}, Sacrifice Nihil Spellbomb: Exile target player's graveyard.\nWhen Nihil Spellbomb is put into a graveyard from the battlefield, you may pay {B}. If you do, draw a card."
Blood Clock,4.0,None,None,None,['Artifact'],None,Rare,PLIST,None,None,None,"At the beginning of each player's upkeep, that player returns a permanent they control to its owner's hand unless they pay 2 life."
Geth's Grimoire,4.0,None,None,None,['Artifact'],None,Uncommon,PLIST,None,None,None,"Whenever an opponent discards a card, you may draw a card."
Mycosynth Lattice,6.0,None,None,None,['Artifact'],None,Mythic,PLIST,None,None,None,"All permanents are artifacts in addition to their other types.\nAll cards that aren't on the battlefield, spells, and permanents are colorless.\nPlayers may spend mana as though it were mana of any color."
Flesh // Blood,7.0,"['B', 'G']","['B', 'G', 'R']",None,['Sorcery'],None,Rare,PLIST,None,None,None,"Exile target creature card from a graveyard. Put X +1/+1 counters on target creature, where X is the power of the card you exiled.\nFuse (You may cast one or both halves of this card from your hand.)"
Kaldra Compleat,7.0,None,None,['Legendary'],['Artifact'],['Equipment'],Mythic,PLIST,None,None,None,"Living weapon\nIndestructible\nEquipped creature gets +5/+5 and has first strike, trample, indestructible, haste, and ""Whenever this creature deals combat damage to a creature, exile that creature.""\nEquip {7}"
Wheel of Sun and Moon,2.0,"['G', 'W']","['G', 'W']",None,['Enchantment'],['Aura'],Rare,PLIST,None,None,None,"Enchant player\nIf a card would be put into enchanted player's graveyard from anywhere, instead that card is revealed and put on the bottom of that player's library."
Fist of Suns,3.0,None,"['B', 'G', 'R', 'U', 'W']",None,['Artifact'],None,Rare,PLIST,None,None,None,You may pay {W}{U}{B}{R}{G} rather than pay the mana cost for spells that you cast.
Murkfiend Liege,5.0,"['G', 'U']","['G', 'U']",None,['Creature'],['Horror'],Rare,PLIST,4,4,None,Other green creatures you control get +1/+1.\nOther blue creatures you control get +1/+1.\nUntap all green and/or blue creatures you control during each other player's untap step.
Blightsteel Colossus,12.0,None,None,None,"['Artifact', 'Creature']","['Phyrexian', 'Golem']",Mythic,PLIST,11,11,None,"Trample, infect, indestructible\nIf Blightsteel Colossus would be put into a graveyard from anywhere, reveal Blightsteel Colossus and shuffle it into its owner's library instead."
Moonhold,3.0,"['R', 'W']","['R', 'W']",None,['Instant'],None,Uncommon,PLIST,None,None,None,Target player can't play lands this turn if {R} was spent to cast this spell and can't cast creature spells this turn if {W} was spent to cast this spell. (Do both if {R}{W} was spent.)
Argentum Armor,6.0,None,None,None,['Artifact'],['Equipment'],Rare,PLIST,None,None,None,"Equipped creature gets +6/+6.\nWhenever equipped creature attacks, destroy target permanent.\nEquip {6}"
Urza's Factory,0.0,None,None,None,['Land'],"[""Urza's""]",Uncommon,PLIST,None,None,None,"{T}: Add {C}.\n{7}, {T}: Create a 2/2 colorless Assembly-Worker artifact creature token."
Glissa's Courier,3.0,['G'],['G'],None,['Creature'],"['Phyrexian', 'Horror']",Common,PLIST,2,3,None,Mountainwalk (This creature can't be blocked as long as defending player controls a Mountain.)
Mistmeadow Witch,2.0,"['U', 'W']","['U', 'W']",None,['Creature'],"['Kithkin', 'Wizard']",Uncommon,PLIST,1,1,None,{2}{W}{U}: Exile target creature. Return that card to the battlefield under its owner's control at the beginning of the next end step.
High Ground,1.0,['W'],['W'],None,['Enchantment'],None,Uncommon,PLIST,None,None,None,Each creature you control can block an additional creature each combat.
Kemba's Legion,7.0,['W'],['W'],None,['Creature'],"['Cat', 'Soldier']",Uncommon,PLIST,4,6,None,Vigilance\nKemba's Legion can block an additional creature each combat for each Equipment attached to Kemba's Legion.
