Name,CMC,Colors,Color identity,Supertypes,Types,Subtypes,Rarity,Set,Power,Toughness,Loyalty,Text
Murktide Regent,7.0,['U'],['U'],None,['Creature'],['Dragon'],Mythic,PLST,3,3,None,"Delve (Each card you exile from your graveyard while casting this spell pays for {1}.)\nFlying\nMurktide Regent enters the battlefield with a +1/+1 counter on it for each instant and sorcery card exiled with it.\nWhenever an instant or sorcery card leaves your graveyard, put a +1/+1 counter on Murktide Regent."
Blightstep Pathway // Searstep Pathway,0.0,None,"['B', 'R']",None,['Land'],None,Rare,PLST,None,None,None,{T}: Add {B}.
Cave of the Frost Dragon,0.0,None,['W'],None,['Land'],None,Rare,PLST,None,None,None,"If you control two or more other lands, Cave of the Frost Dragon enters the battlefield tapped.\n{T}: Add {W}.\n{4}{W}: Cave of the Frost Dragon becomes a 3/4 white Dragon creature with flying until end of turn. It's still a land."
Mountain,0.0,None,['R'],['Basic'],['Land'],['Mountain'],Common,PLST,None,None,None,({T}: Add {R}.)
"Kangee, Aerie Keeper",4.0,"['U', 'W']","['U', 'W']",['Legendary'],['Creature'],"['Bird', 'Wizard']",Rare,PLST,2,2,None,"Kicker {X}{2} (You may pay an additional {X}{2} as you cast this spell.)\nFlying\nWhen Kangee, Aerie Keeper enters the battlefield, if it was kicked, put X feather counters on it.\nOther Bird creatures get +1/+1 for each feather counter on Kangee, Aerie Keeper."
"Urborg, Tomb of Yawgmoth",0.0,None,None,['Legendary'],['Land'],None,Rare,PLST,None,None,None,Each land is a Swamp in addition to its other land types.
Field of Ruin,0.0,None,None,None,['Land'],None,Uncommon,PLST,None,None,None,"{T}: Add {C}.\n{2}, {T}, Sacrifice Field of Ruin: Destroy target nonbasic land an opponent controls. Each player searches their library for a basic land card, puts it onto the battlefield, then shuffles."
Darkbore Pathway // Slitherbore Pathway,0.0,None,"['B', 'G']",None,['Land'],None,Rare,PLST,None,None,None,{T}: Add {B}.
Gauntlet of Power,5.0,None,None,None,['Artifact'],None,Rare,PLST,None,None,None,"As Gauntlet of Power enters the battlefield, choose a color.\nCreatures of the chosen color get +1/+1.\nWhenever a basic land is tapped for mana of the chosen color, its controller adds an additional one mana of that color."
Gaea's Embrace,4.0,['G'],['G'],None,['Enchantment'],['Aura'],Uncommon,PLST,None,None,None,Enchant creature\nEnchanted creature gets +3/+3 and has trample.\n{G}: Regenerate enchanted creature.
Plains,0.0,None,['W'],['Basic'],['Land'],['Plains'],Common,PLST,None,None,None,({T}: Add {W}.)
Dolmen Gate,2.0,None,None,None,['Artifact'],None,Rare,PLST,None,None,None,Prevent all combat damage that would be dealt to attacking creatures you control.
Cloudshift,1.0,['W'],['W'],None,['Instant'],None,Common,PLST,None,None,None,"Exile target creature you control, then return that card to the battlefield under your control."
Somber Hoverguard,6.0,['U'],['U'],None,['Creature'],['Drone'],Common,PLST,3,2,None,Affinity for artifacts (This spell costs {1} less to cast for each artifact you control.)\nFlying
Island,0.0,None,['U'],['Basic'],['Land'],['Island'],Common,PLST,None,None,None,({T}: Add {U}.)
Steady Progress,3.0,['U'],['U'],None,['Instant'],None,Common,PLST,None,None,None,"Proliferate. (Choose any number of permanents and/or players, then give each another counter of each kind already there.)\nDraw a card."
Pili-Pala,2.0,None,None,None,"['Artifact', 'Creature']",['Scarecrow'],Common,PLST,1,1,None,"Flying\n{2}, {Q}: Add one mana of any color. ({Q} is the untap symbol.)"
"Daxos, Blessed by the Sun",2.0,['W'],['W'],['Legendary'],"['Enchantment', 'Creature']",['Demigod'],Uncommon,PLST,2,*,None,"Daxos's toughness is equal to your devotion to white. (Each {W} in the mana costs of permanents you control counts toward your devotion to white.)\nWhenever another creature you control enters the battlefield or dies, you gain 1 life."
Unclaimed Territory,0.0,None,None,None,['Land'],None,Uncommon,PLST,None,None,None,"As Unclaimed Territory enters the battlefield, choose a creature type.\n{T}: Add {C}.\n{T}: Add one mana of any color. Spend this mana only to cast a creature spell of the chosen type."
Branchloft Pathway // Boulderloft Pathway,0.0,None,"['G', 'W']",None,['Land'],None,Rare,PLST,None,None,None,{T}: Add {G}.
Nut Collector,6.0,['G'],['G'],None,['Creature'],"['Human', 'Druid']",Rare,PLST,1,1,None,"At the beginning of your upkeep, you may create a 1/1 green Squirrel creature token.\nThreshold — Squirrel creatures get +2/+2 as long as seven or more cards are in your graveyard."
Lotus Bloom,0.0,None,None,None,['Artifact'],None,Rare,PLST,None,None,None,"Suspend 3—{0} (Rather than cast this card from your hand, pay {0} and exile it with three time counters on it. At the beginning of your upkeep, remove a time counter. When the last is removed, you may cast it without paying its mana cost.)\n{T}, Sacrifice Lotus Bloom: Add three mana of any one color."
Brightclimb Pathway // Grimclimb Pathway,0.0,None,"['B', 'W']",None,['Land'],None,Rare,PLST,None,None,None,{T}: Add {W}.
Skullclamp,1.0,None,None,None,['Artifact'],['Equipment'],Uncommon,PLST,None,None,None,"Equipped creature gets +1/-1.\nWhenever equipped creature dies, draw two cards.\nEquip {1}"
Runed Stalactite,1.0,None,None,None,['Artifact'],['Equipment'],Common,PLST,None,None,None,Equipped creature gets +1/+1 and is every creature type.\nEquip {2}
Reaper King,10.0,"['B', 'G', 'R', 'U', 'W']","['B', 'G', 'R', 'U', 'W']",['Legendary'],"['Artifact', 'Creature']",['Scarecrow'],Rare,PLST,6,6,None,"({2/W} can be paid with any two mana or with {W}. This card's mana value is 10.)\nOther Scarecrow creatures you control get +1/+1.\nWhenever another Scarecrow enters the battlefield under your control, destroy target permanent."
"Callaphe, Beloved of the Sea",3.0,['U'],['U'],['Legendary'],"['Enchantment', 'Creature']",['Demigod'],Uncommon,PLST,*,3,None,"Callaphe's power is equal to your devotion to blue. (Each {U} in the mana costs of permanents you control counts toward your devotion to blue.)\nCreatures and enchantments you control have ""Spells your opponents cast that target this permanent cost {1} more to cast."""
Clearwater Pathway // Murkwater Pathway,0.0,None,"['B', 'U']",None,['Land'],None,Rare,PLST,None,None,None,{T}: Add {U}.
Hengegate Pathway // Mistgate Pathway,0.0,None,"['U', 'W']",None,['Land'],None,Rare,PLST,None,None,None,{T}: Add {W}.
Treasure Vault,0.0,None,None,None,"['Artifact', 'Land']",None,Rare,PLST,None,None,None,"{T}: Add {C}.\n{X}{X}, {T}, Sacrifice Treasure Vault: Create X Treasure tokens."
Sol Ring,1.0,None,None,None,['Artifact'],None,Uncommon,PLST,None,None,None,{T}: Add {C}{C}.
Three Visits,2.0,['G'],['G'],None,['Sorcery'],None,Uncommon,PLST,None,None,None,"Search your library for a Forest card, put it onto the battlefield, then shuffle."
Cragcrown Pathway // Timbercrown Pathway,0.0,None,"['G', 'R']",None,['Land'],None,Rare,PLST,None,None,None,{T}: Add {R}.
Shard of Broken Glass,1.0,None,None,None,['Artifact'],['Equipment'],Common,PLST,None,None,None,"Equipped creature gets +1/+0.\nWhenever equipped creature attacks, you may mill two cards.\nEquip {1} ({1}: Attach to target creature you control. Equip only as a sorcery.)"
Hidden Herd,1.0,['G'],['G'],None,['Enchantment'],None,Rare,PLST,None,None,None,"When an opponent plays a nonbasic land, if Hidden Herd is an enchantment, Hidden Herd becomes a 3/3 Beast creature."
Ancient Craving,4.0,['B'],['B'],None,['Sorcery'],None,Rare,PLST,None,None,None,You draw three cards and you lose 3 life.
Festercreep,2.0,['B'],['B'],None,['Creature'],['Elemental'],Common,PLST,0,0,None,"Festercreep enters the battlefield with a +1/+1 counter on it.\n{1}{B}, Remove a +1/+1 counter from Festercreep: All other creatures get -1/-1 until end of turn."
Domesticated Hydra,4.0,['G'],['G'],None,['Creature'],['Hydra'],Uncommon,PLST,3,3,None,"{X}{G}{G}{G}: Monstrosity X. (If this creature isn't monstrous, put X +1/+1 counters on it and it becomes monstrous.)\nAs long as Domesticated Hydra is monstrous, it has trample."
Thousand-Year Elixir,3.0,None,None,None,['Artifact'],None,Rare,PLST,None,None,None,"You may activate abilities of creatures you control as though those creatures had haste.\n{1}, {T}: Untap target creature."
"Tymaret, Chosen from Death",2.0,['B'],['B'],['Legendary'],"['Enchantment', 'Creature']",['Demigod'],Uncommon,PLST,2,*,None,Tymaret's toughness is equal to your devotion to black. (Each {B} in the mana costs of permanents you control counts toward your devotion to black.)\n{1}{B}: Exile up to two target cards from graveyards. You gain 1 life for each creature card exiled this way.
Needleverge Pathway // Pillarverge Pathway,0.0,None,"['R', 'W']",None,['Land'],None,Rare,PLST,None,None,None,{T}: Add {R}.
Mountain,0.0,None,['R'],['Basic'],['Land'],['Mountain'],Common,PLST,None,None,None,({T}: Add {R}.)
Thoughtcast,5.0,['U'],['U'],None,['Sorcery'],None,Common,PLST,None,None,None,Affinity for artifacts (This spell costs {1} less to cast for each artifact you control.)\nDraw two cards.
"Anax, Hardened in the Forge",3.0,['R'],['R'],['Legendary'],"['Enchantment', 'Creature']",['Demigod'],Uncommon,PLST,*,3,None,"Anax's power is equal to your devotion to red. (Each {R} in the mana costs of permanents you control counts toward your devotion to red.)\nWhenever Anax or another nontoken creature you control dies, create a 1/1 red Satyr creature token with ""This creature can't block."" If the creature had power 4 or greater, create two of those tokens instead."
Riverglide Pathway // Lavaglide Pathway,0.0,None,"['R', 'U']",None,['Land'],None,Rare,PLST,None,None,None,{T}: Add {U}.
Tamiyo's Journal,5.0,None,None,['Legendary'],['Artifact'],None,Rare,PLST,None,None,None,"At the beginning of your upkeep, investigate. (Create a Clue token. It's an artifact with ""{2}, Sacrifice this artifact: Draw a card."")\n{T}, Sacrifice three Clues: Search your library for a card, put that card into your hand, then shuffle."
Gravedigger,4.0,['B'],['B'],None,['Creature'],['Zombie'],Common,PLST,2,2,None,"When Gravedigger enters the battlefield, you may return target creature card from your graveyard to your hand."
Rimewood Falls,0.0,None,"['G', 'U']",['Snow'],['Land'],"['Forest', 'Island']",Common,PLST,None,None,None,({T}: Add {G} or {U}.)\nRimewood Falls enters the battlefield tapped.
Vapor Snag,1.0,['U'],['U'],None,['Instant'],None,Common,PLST,None,None,None,Return target creature to its owner's hand. Its controller loses 1 life.
Tower of Eons,4.0,None,None,None,['Artifact'],None,Rare,PLST,None,None,None,"{8}, {T}: You gain 10 life."
Rakdos Cackler,1.0,"['B', 'R']","['B', 'R']",None,['Creature'],['Devil'],Uncommon,PLST,1,1,None,Unleash (You may have this creature enter the battlefield with a +1/+1 counter on it. It can't block as long as it has a +1/+1 counter on it.)
Saber Ants,4.0,['G'],['G'],None,['Creature'],['Insect'],Uncommon,PLST,2,3,None,"Whenever Saber Ants is dealt damage, you may create that many 1/1 green Insect creature tokens."
Tower of Fortunes,4.0,None,None,None,['Artifact'],None,Rare,PLST,None,None,None,"{8}, {T}: Draw four cards."
Forest,0.0,None,['G'],['Basic'],['Land'],['Forest'],Common,PLST,None,None,None,({T}: Add {G}.)
Gilt-Leaf Palace,0.0,None,"['B', 'G']",None,['Land'],None,Rare,PLST,None,None,None,"As Gilt-Leaf Palace enters the battlefield, you may reveal an Elf card from your hand. If you don't, Gilt-Leaf Palace enters the battlefield tapped.\n{T}: Add {B} or {G}."
Vigean Graftmage,3.0,['U'],['U'],None,['Creature'],"['Vedalken', 'Wizard', 'Mutant']",Common,PLST,0,0,None,"Graft 2 (This creature enters the battlefield with two +1/+1 counters on it. Whenever another creature enters the battlefield, you may move a +1/+1 counter from this creature onto it.)\n{1}{U}: Untap target creature with a +1/+1 counter on it."
Pariah's Shield,5.0,None,None,None,['Artifact'],['Equipment'],Rare,PLST,None,None,None,All damage that would be dealt to you is dealt to equipped creature instead.\nEquip {3}
"Renata, Called to the Hunt",4.0,['G'],['G'],['Legendary'],"['Enchantment', 'Creature']",['Demigod'],Uncommon,PLST,*,3,None,Renata's power is equal to your devotion to green. (Each {G} in the mana costs of permanents you control counts toward your devotion to green.)\nEach other creature you control enters the battlefield with an additional +1/+1 counter on it.
Pouncing Jaguar,1.0,['G'],['G'],None,['Creature'],['Cat'],Common,PLST,2,2,None,"Echo {G} (At the beginning of your upkeep, if this came under your control since the beginning of your last upkeep, sacrifice it unless you pay its echo cost.)"
"Selvala, Heart of the Wilds",3.0,['G'],['G'],['Legendary'],['Creature'],"['Elf', 'Scout']",Mythic,PLST,2,3,None,"Whenever another creature enters the battlefield, its controller may draw a card if its power is greater than each other creature's power.\n{G}, {T}: Add X mana in any combination of colors, where X is the greatest power among creatures you control."
"Elspeth, Undaunted Hero",5.0,['W'],['W'],['Legendary'],['Planeswalker'],['Elspeth'],Mythic,PLST,None,None,5,"[+2]: Put a +1/+1 counter on each of up to two target creatures.\n[−2]: Search your library and/or graveyard for a card named Sunlit Hoplite and put it onto the battlefield. If you search your library this way, shuffle.\n[−8]: Until end of turn, creatures you control gain flying and get +X/+X, where X is your devotion to white."
Terrain Elemental,2.0,['G'],['G'],None,['Creature'],['Elemental'],Common,PLST,3,2,None,None
Shelldock Isle,0.0,None,['U'],None,['Land'],None,Rare,PLST,None,None,None,"Hideaway 4 (When this land enters the battlefield, look at the top four cards of your library, exile one face down, then put the rest on the bottom in a random order.)\nShelldock Isle enters the battlefield tapped.\n{T}: Add {U}.\n{U}, {T}: You may play the exiled card without paying its mana cost if a library has twenty or fewer cards in it."
Retaliation,3.0,['G'],['G'],None,['Enchantment'],None,Uncommon,PLST,None,None,None,"Creatures you control have ""Whenever this creature becomes blocked by a creature, this creature gets +1/+1 until end of turn."""
Woodland Chasm,0.0,None,"['B', 'G']",['Snow'],['Land'],"['Swamp', 'Forest']",Common,PLST,None,None,None,({T}: Add {B} or {G}.)\nWoodland Chasm enters the battlefield tapped.
Squirrel Mob,3.0,['G'],['G'],None,['Creature'],['Squirrel'],Rare,PLST,2,2,None,Squirrel Mob gets +1/+1 for each other Squirrel on the battlefield.
Umbral Mantle,3.0,None,None,None,['Artifact'],['Equipment'],Uncommon,PLST,None,None,None,"Equipped creature has ""{3}, {Q}: This creature gets +2/+2 until end of turn."" ({Q} is the untap symbol.)\nEquip {0}"
Gemstone Caverns,0.0,None,None,['Legendary'],['Land'],None,Rare,PLST,None,None,None,"If Gemstone Caverns is in your opening hand and you're not the starting player, you may begin the game with Gemstone Caverns on the battlefield with a luck counter on it. If you do, exile a card from your hand.\n{T}: Add {C}. If Gemstone Caverns has a luck counter on it, instead add one mana of any color."
Eiganjo Castle,0.0,None,['W'],['Legendary'],['Land'],None,Rare,PLST,None,None,None,"{T}: Add {W}.\n{W}, {T}: Prevent the next 2 damage that would be dealt to target legendary creature this turn."
Sewer Nemesis,4.0,['B'],['B'],None,['Creature'],['Horror'],Rare,PLST,*,*,None,"As Sewer Nemesis enters the battlefield, choose a player.\nSewer Nemesis's power and toughness are each equal to the number of cards in the chosen player's graveyard.\nWhenever the chosen player casts a spell, that player mills a card."
"Kaya, Ghost Assassin",4.0,"['B', 'W']","['B', 'W']",['Legendary'],['Planeswalker'],['Kaya'],Mythic,PLST,None,None,5,"[0]: Exile Kaya, Ghost Assassin or up to one target creature. Return that card to the battlefield under its owner's control at the beginning of your next upkeep. You lose 2 life.\n[−1]: Each opponent loses 2 life and you gain 2 life.\n[−2]: Each opponent discards a card and you draw a card."
The World Tree,0.0,None,"['B', 'G', 'R', 'U', 'W']",None,['Land'],None,Rare,PLST,None,None,None,"The World Tree enters the battlefield tapped.\n{T}: Add {G}.\nAs long as you control six or more lands, lands you control have ""{T}: Add one mana of any color.""\n{W}{W}{U}{U}{B}{B}{R}{R}{G}{G}, {T}, Sacrifice The World Tree: Search your library for any number of God cards, put them onto the battlefield, then shuffle."
Kher Keep,0.0,None,['R'],['Legendary'],['Land'],None,Rare,PLST,None,None,None,"{T}: Add {C}.\n{1}{R}, {T}: Create a 0/1 red Kobold creature token named Kobolds of Kher Keep."
Death Denied,2.0,['B'],['B'],None,['Instant'],['Arcane'],Common,PLST,None,None,None,Return X target creature cards from your graveyard to your hand.
Beacon of Unrest,5.0,['B'],['B'],None,['Sorcery'],None,Rare,PLST,None,None,None,Put target artifact or creature card from a graveyard onto the battlefield under your control. Shuffle Beacon of Unrest into its owner's library.
Hall of the Bandit Lord,0.0,None,None,['Legendary'],['Land'],None,Rare,PLST,None,None,None,"Hall of the Bandit Lord enters the battlefield tapped.\n{T}, Pay 3 life: Add {C}. If that mana is spent on a creature spell, it gains haste."
Vivid Grove,0.0,None,['G'],None,['Land'],None,Uncommon,PLST,None,None,None,"Vivid Grove enters the battlefield tapped with two charge counters on it.\n{T}: Add {G}.\n{T}, Remove a charge counter from Vivid Grove: Add one mana of any color."
"Duskmantle, House of Shadow",0.0,None,"['B', 'U']",None,['Land'],None,Uncommon,PLST,None,None,None,"{T}: Add {C}.\n{U}{B}, {T}: Target player mills a card."
Queen Marchesa,4.0,"['B', 'R', 'W']","['B', 'R', 'W']",['Legendary'],['Creature'],"['Human', 'Assassin']",Mythic,PLST,3,3,None,"Deathtouch, haste\nWhen Queen Marchesa enters the battlefield, you become the monarch.\nAt the beginning of your upkeep, if an opponent is the monarch, create a 1/1 black Assassin creature token with deathtouch and haste."
Ancient Den,0.0,None,['W'],None,"['Artifact', 'Land']",None,Common,PLST,None,None,None,{T}: Add {W}.
Bottle Gnomes,3.0,None,None,None,"['Artifact', 'Creature']",['Gnome'],Uncommon,PLST,1,3,None,Sacrifice Bottle Gnomes: You gain 3 life.
"Minamo, School at Water's Edge",0.0,None,['U'],['Legendary'],['Land'],None,Rare,PLST,None,None,None,"{T}: Add {U}.\n{U}, {T}: Untap target legendary permanent."
Hans Eriksson,4.0,"['G', 'R']","['G', 'R']",['Legendary'],['Creature'],"['Human', 'Scout']",Rare,PLST,1,4,None,"Whenever Hans Eriksson attacks, reveal the top card of your library. If it's a creature card, put it onto the battlefield tapped and attacking defending player or a planeswalker they control. Otherwise, put that card into your hand. When you put a creature card onto the battlefield this way, it fights Hans Eriksson."
Spy Kit,2.0,None,None,None,['Artifact'],['Equipment'],Uncommon,PLST,None,None,None,Equipped creature gets +1/+1 and has all names of nonlegendary creature cards in addition to its name.\nEquip {2}
Dismember,3.0,['B'],['B'],None,['Instant'],None,Uncommon,PLST,None,None,None,({B/P} can be paid with either {B} or 2 life.)\nTarget creature gets -5/-5 until end of turn.
Terramorphic Expanse,0.0,None,None,None,['Land'],None,Common,PLST,None,None,None,"{T}, Sacrifice Terramorphic Expanse: Search your library for a basic land card, put it onto the battlefield tapped, then shuffle."
"Okina, Temple to the Grandfathers",0.0,None,['G'],['Legendary'],['Land'],None,Rare,PLST,None,None,None,"{T}: Add {G}.\n{G}, {T}: Target legendary creature gets +1/+1 until end of turn."
Dread Drone,5.0,['B'],['B'],None,['Creature'],"['Eldrazi', 'Drone']",Common,PLST,4,1,None,"When Dread Drone enters the battlefield, create two 0/1 colorless Eldrazi Spawn creature tokens. They have ""Sacrifice this creature: Add {C}."""
Flesh to Dust,5.0,['B'],['B'],None,['Instant'],None,Common,PLST,None,None,None,Destroy target creature. It can't be regenerated.
Cold Storage,4.0,None,None,None,['Artifact'],None,Rare,PLST,None,None,None,{3}: Exile target creature you control.\nSacrifice Cold Storage: Return each creature card exiled with Cold Storage to the battlefield under your control.
"Jared Carthalion, True Heir",3.0,"['G', 'R', 'W']","['G', 'R', 'W']",['Legendary'],['Creature'],"['Human', 'Warrior']",Rare,PLST,3,3,None,"When Jared Carthalion, True Heir enters the battlefield, target opponent becomes the monarch. You can't become the monarch this turn.\nIf damage would be dealt to Jared Carthalion while you're the monarch, prevent that damage and put that many +1/+1 counters on it."
Tsabo Tavoc,7.0,"['B', 'R']","['B', 'R']",['Legendary'],['Creature'],"['Phyrexian', 'Horror']",Rare,PLST,7,4,None,"First strike, protection from legendary creatures\n{B}{B}, {T}: Destroy target legendary creature. It can't be regenerated."
Vesuva,0.0,None,None,None,['Land'],None,Rare,PLST,None,None,None,You may have Vesuva enter the battlefield tapped as a copy of any land on the battlefield.
Vernal Bloom,4.0,['G'],['G'],None,['Enchantment'],None,Rare,PLST,None,None,None,"Whenever a Forest is tapped for mana, its controller adds an additional {G}."
Castaway's Despair,4.0,['U'],['U'],None,['Enchantment'],['Aura'],Common,PLST,None,None,None,"Enchant creature\nWhen Castaway's Despair enters the battlefield, tap enchanted creature.\nEnchanted creature doesn't untap during its controller's untap step."
Brazen Borrower // Petty Theft,3.0,['U'],['U'],None,['Creature'],"['Faerie', 'Rogue']",Mythic,PLST,3,1,None,Flash\nFlying\nBrazen Borrower can block only creatures with flying.
"Shinka, the Bloodsoaked Keep",0.0,None,['R'],['Legendary'],['Land'],None,Rare,PLST,None,None,None,"{T}: Add {R}.\n{R}, {T}: Target legendary creature gains first strike until end of turn."
Great Furnace,0.0,None,['R'],None,"['Artifact', 'Land']",None,Common,PLST,None,None,None,{T}: Add {R}.
"Silvos, Rogue Elemental",6.0,['G'],['G'],['Legendary'],['Creature'],['Elemental'],Rare,PLST,8,5,None,"Trample\n{G}: Regenerate Silvos, Rogue Elemental."
"Shizo, Death's Storehouse",0.0,None,['B'],['Legendary'],['Land'],None,Rare,PLST,None,None,None,"{T}: Add {B}.\n{B}, {T}: Target legendary creature gains fear until end of turn. (It can't be blocked except by artifact creatures and/or black creatures.)"
Ghostly Changeling,3.0,['B'],['B'],None,['Creature'],['Shapeshifter'],Common,PLST,2,2,None,Changeling (This card is every creature type.)\n{1}{B}: Ghostly Changeling gets +1/+1 until end of turn.
Vernal Equinox,4.0,['G'],['G'],None,['Enchantment'],None,Rare,PLST,None,None,None,Any player may cast creature and enchantment spells as though they had flash.
Grim Affliction,3.0,['B'],['B'],None,['Instant'],None,Common,PLST,None,None,None,"Put a -1/-1 counter on target creature, then proliferate. (Choose any number of permanents and/or players, then give each another counter of each kind already there.)"
Stalking Stones,0.0,None,None,None,['Land'],None,Uncommon,PLST,None,None,None,{T}: Add {C}.\n{6}: Stalking Stones becomes a 3/3 Elemental artifact creature that's still a land. (This effect lasts indefinitely.)
Fiery Hellhound,3.0,['R'],['R'],None,['Creature'],"['Elemental', 'Dog']",Common,PLST,2,2,None,{R}: Fiery Hellhound gets +1/+0 until end of turn.
"Minsc & Boo, Timeless Heroes",4.0,"['G', 'R']","['G', 'R']",['Legendary'],['Planeswalker'],['Minsc'],Mythic,PLST,None,None,3,"When Minsc & Boo, Timeless Heroes enters the battlefield and at the beginning of your upkeep, you may create Boo, a legendary 1/1 red Hamster creature token with trample and haste.\n[+1]: Put three +1/+1 counters on up to one target creature with trample or haste.\n[−2]: Sacrifice a creature. When you do, Minsc & Boo, Timeless Heroes deals X damage to any target, where X is that creature's power. If the sacrificed creature was a Hamster, draw X cards.\nMinsc & Boo, Timeless Heroes can be your commander."
Pouncing Shoreshark,5.0,['U'],['U'],None,['Creature'],"['Shark', 'Beast']",Uncommon,PLST,4,3,None,"Mutate {3}{U} (If you cast this spell for its mutate cost, put it over or under target non-Human creature you own. They mutate into the creature on top plus all abilities from under it.)\nFlash\nWhenever this creature mutates, you may return target creature an opponent controls to its owner's hand."
Instill Infection,4.0,['B'],['B'],None,['Instant'],None,Common,PLST,None,None,None,Put a -1/-1 counter on target creature.\nDraw a card.
Tree of Tales,0.0,None,['G'],None,"['Artifact', 'Land']",None,Common,PLST,None,None,None,{T}: Add {G}.
Cultivate,3.0,['G'],['G'],None,['Sorcery'],None,Common,PLST,None,None,None,"Search your library for up to two basic land cards, reveal those cards, put one onto the battlefield tapped and the other into your hand, then shuffle."
Rain of Daggers,6.0,['B'],['B'],None,['Sorcery'],None,Rare,PLST,None,None,None,Destroy all creatures target opponent controls. You lose 2 life for each creature destroyed this way.
Tolaria West,0.0,None,['U'],None,['Land'],None,Rare,PLST,None,None,None,"Tolaria West enters the battlefield tapped.\n{T}: Add {U}.\nTransmute {1}{U}{U} ({1}{U}{U}, Discard this card: Search your library for a card with mana value 0, reveal it, put it into your hand, then shuffle. Transmute only as a sorcery.)"
Gleam of Resistance,5.0,['W'],['W'],None,['Instant'],None,Common,PLST,None,None,None,"Creatures you control get +1/+2 until end of turn. Untap those creatures.\nBasic landcycling {1}{W} ({1}{W}, Discard this card: Search your library for a basic land card, reveal it, put it into your hand, then shuffle.)"
Nameless Inversion,2.0,['B'],['B'],None,"['Tribal', 'Instant']",['Shapeshifter'],Common,PLST,None,None,None,Changeling (This card is every creature type.)\nTarget creature gets +3/-3 and loses all creature types until end of turn.
Urza's Factory,0.0,None,None,None,['Land'],"[""Urza's""]",Uncommon,PLST,None,None,None,"{T}: Add {C}.\n{7}, {T}: Create a 2/2 colorless Assembly-Worker artifact creature token."
Plagued Rusalka,1.0,['B'],['B'],None,['Creature'],['Spirit'],Common,PLST,1,1,None,"{B}, Sacrifice a creature: Target creature gets -1/-1 until end of turn."
Fool's Tome,4.0,None,None,None,['Artifact'],None,Rare,PLST,None,None,None,"{2}, {T}: Draw a card. Activate only if you have no cards in hand."
Curse of the Nightly Hunt,3.0,['R'],['R'],None,['Enchantment'],"['Aura', 'Curse']",Uncommon,PLST,None,None,None,Enchant player\nCreatures enchanted player controls attack each combat if able.
"Reyav, Master Smith",2.0,"['R', 'W']","['R', 'W']",['Legendary'],['Creature'],"['Dwarf', 'Artificer']",Uncommon,PLST,2,2,None,"Whenever a creature you control that's enchanted or equipped attacks, that creature gains double strike until end of turn."
Yavimaya Barbarian,2.0,"['G', 'R']","['G', 'R']",None,['Creature'],"['Elf', 'Barbarian']",Common,PLST,2,2,None,Protection from blue
Zebra Unicorn,4.0,"['G', 'W']","['G', 'W']",None,['Creature'],['Unicorn'],Uncommon,PLST,2,2,None,"Whenever Zebra Unicorn deals damage, you gain that much life."
Crenellated Wall,4.0,None,None,None,"['Artifact', 'Creature']",['Wall'],Uncommon,PLST,0,4,None,Defender (This creature can't attack.)\n{T}: Target creature gets +0/+4 until end of turn.
Canyon Jerboa,3.0,['W'],['W'],None,['Creature'],['Mouse'],Uncommon,PLST,1,2,None,"Landfall — Whenever a land enters the battlefield under your control, creatures you control get +1/+1 until end of turn."
Crooked Scales,4.0,None,None,None,['Artifact'],None,Rare,PLST,None,None,None,"{4}, {T}: Flip a coin. If you win the flip, destroy target creature an opponent controls. If you lose the flip, destroy target creature you control unless you pay {3} and repeat this process."
Tempting Wurm,2.0,['G'],['G'],None,['Creature'],['Wurm'],Rare,PLST,5,5,None,"When Tempting Wurm enters the battlefield, each opponent may put any number of artifact, creature, enchantment, and/or land cards from their hand onto the battlefield."
Etherium-Horn Sorcerer,6.0,"['R', 'U']","['R', 'U']",None,"['Artifact', 'Creature']","['Minotaur', 'Wizard']",Rare,PLST,3,6,None,"{1}{U}{R}: Return Etherium-Horn Sorcerer to its owner's hand.\nCascade (When you cast this spell, exile cards from the top of your library until you exile a nonland card that costs less. You may cast it without paying its mana cost. Put the exiled cards on the bottom of your library in a random order.)"
Bonecrusher Giant // Stomp,3.0,['R'],['R'],None,['Creature'],['Giant'],Rare,PLST,4,3,None,"Whenever Bonecrusher Giant becomes the target of a spell, Bonecrusher Giant deals 2 damage to that spell's controller."
Amber Prison,4.0,None,None,None,['Artifact'],None,Rare,PLST,None,None,None,"You may choose not to untap Amber Prison during your untap step.\n{4}, {T}: Tap target artifact, creature, or land. That permanent doesn't untap during its controller's untap step for as long as Amber Prison remains tapped."
Jet Medallion,2.0,None,None,None,['Artifact'],None,Rare,PLST,None,None,None,Black spells you cast cost {1} less to cast.
Brimstone Dragon,8.0,['R'],['R'],None,['Creature'],['Dragon'],Rare,PLST,6,6,None,"Flying, haste"
Scuttling Death,5.0,['B'],['B'],None,['Creature'],['Spirit'],Common,PLST,4,2,None,"Sacrifice Scuttling Death: Target creature gets -1/-1 until end of turn.\nSoulshift 4 (When this creature dies, you may return target Spirit card with mana value 4 or less from your graveyard to your hand.)"
Lotus Petal,0.0,None,None,None,['Artifact'],None,Common,PLST,None,None,None,"{T}, Sacrifice Lotus Petal: Add one mana of any color."
Endoskeleton,2.0,None,None,None,['Artifact'],None,Uncommon,PLST,None,None,None,"You may choose not to untap Endoskeleton during your untap step.\n{2}, {T}: Target creature gets +0/+3 for as long as Endoskeleton remains tapped."
Beanstalk Giant // Fertile Footsteps,7.0,['G'],['G'],None,['Creature'],['Giant'],Uncommon,PLST,*,*,None,Beanstalk Giant's power and toughness are each equal to the number of lands you control.
Curious Pair // Treats to Share,2.0,['G'],['G'],None,['Creature'],"['Human', 'Peasant']",Common,PLST,1,3,None,None
Humble,2.0,['W'],['W'],None,['Instant'],None,Common,PLST,None,None,None,"Until end of turn, target creature loses all abilities and has base power and toughness 0/1."
Fall of the Hammer,2.0,['R'],['R'],None,['Instant'],None,Common,PLST,None,None,None,Target creature you control deals damage equal to its power to another target creature.
Reviving Dose,3.0,['W'],['W'],None,['Instant'],None,Common,PLST,None,None,None,You gain 3 life.\nDraw a card.
Skyclave Shade,2.0,['B'],['B'],None,['Creature'],['Shade'],Rare,PLST,3,1,None,"Kicker {2}{B}\nSkyclave Shade can't block.\nIf Skyclave Shade was kicked, it enters the battlefield with two +1/+1 counters on it.\nLandfall — Whenever a land enters the battlefield under your control, if Skyclave Shade is in your graveyard and it's your turn, you may cast it from your graveyard this turn."
Wild Griffin,3.0,['W'],['W'],None,['Creature'],['Griffin'],Common,PLST,2,2,None,Flying
Goblin Lore,2.0,['R'],['R'],None,['Sorcery'],None,Uncommon,PLST,None,None,None,"Draw four cards, then discard three cards at random."
Krosan Tusker,7.0,['G'],['G'],None,['Creature'],"['Boar', 'Beast']",Common,PLST,6,5,None,"Cycling {2}{G} ({2}{G}, Discard this card: Draw a card.)\nWhen you cycle Krosan Tusker, you may search your library for a basic land card, reveal that card, put it into your hand, then shuffle. (Do this before you draw.)"
Pearl Medallion,2.0,None,None,None,['Artifact'],None,Rare,PLST,None,None,None,White spells you cast cost {1} less to cast.
Ersatz Gnomes,3.0,None,None,None,"['Artifact', 'Creature']",['Gnome'],Uncommon,PLST,1,1,None,{T}: Target spell becomes colorless.\n{T}: Target permanent becomes colorless until end of turn.
Cloister Gargoyle,3.0,['W'],['W'],None,"['Artifact', 'Creature']",['Gargoyle'],Uncommon,PLST,0,4,None,"When Cloister Gargoyle enters the battlefield, venture into the dungeon. (Enter the first room or advance to the next room.)\nAs long as you've completed a dungeon, Cloister Gargoyle gets +3/+0 and has flying."
Silence,1.0,['W'],['W'],None,['Instant'],None,Special,PLST,None,None,None,Your opponents can't cast spells this turn.
Parcelbeast,4.0,"['G', 'U']","['G', 'U']",None,['Creature'],"['Elemental', 'Beast']",Uncommon,PLST,2,4,None,"Mutate {G}{U} (If you cast this spell for its mutate cost, put it over or under target non-Human creature you own. They mutate into the creature on top plus all abilities from under it.)\n{1}, {T}: Look at the top card of your library. If it's a land card, you may put it onto the battlefield. If you don't put the card onto the battlefield, put it into your hand."
Mind Spring,2.0,['U'],['U'],None,['Sorcery'],None,Rare,PLST,None,None,None,Draw X cards.
Juntu Stakes,2.0,None,None,None,['Artifact'],None,Rare,PLST,None,None,None,Creatures with power 1 or less don't untap during their controllers' untap steps.
Cinder Elemental,4.0,['R'],['R'],None,['Creature'],['Elemental'],Uncommon,PLST,2,2,None,"{X}{R}, {T}, Sacrifice Cinder Elemental: It deals X damage to any target."
Mishra's Helix,5.0,None,None,None,['Artifact'],None,Rare,PLST,None,None,None,"{X}, {T}: Tap X target lands."
Commander's Plate,1.0,None,None,None,['Artifact'],['Equipment'],Mythic,PLST,None,None,None,Equipped creature gets +3/+3 and has protection from each color that's not in your commander's color identity.\nEquip commander {3}\nEquip {5}
Phyrexian Splicer,2.0,None,None,None,['Artifact'],None,Uncommon,PLST,None,None,None,"{2}, {T}, Choose flying, first strike, trample, or shadow: Until end of turn, target creature with the chosen ability loses it and another target creature gains it."
"Orvar, the All-Form",4.0,['U'],['U'],['Legendary'],['Creature'],['Shapeshifter'],Mythic,PLST,3,3,None,"Changeling\nWhenever you cast an instant or sorcery spell, if it targets one or more other permanents you control, create a token that's a copy of one of those permanents.\nWhen a spell or ability an opponent controls causes you to discard this card, create a token that's a copy of target permanent."
Phyrexian Colossus,7.0,None,None,None,"['Artifact', 'Creature']","['Phyrexian', 'Golem']",Rare,PLST,8,8,None,Phyrexian Colossus doesn't untap during your untap step.\nPay 8 life: Untap Phyrexian Colossus.\nPhyrexian Colossus can't be blocked except by three or more creatures.
Sapphire Medallion,2.0,None,None,None,['Artifact'],None,Rare,PLST,None,None,None,Blue spells you cast cost {1} less to cast.
"Baral, Chief of Compliance",2.0,['U'],['U'],['Legendary'],['Creature'],"['Human', 'Wizard']",Special,PLST,1,3,None,"Instant and sorcery spells you cast cost {1} less to cast.\nWhenever a spell or ability you control counters a spell, you may draw a card. If you do, discard a card."
Doom Cannon,6.0,None,None,None,['Artifact'],None,Rare,PLST,None,None,None,"As Doom Cannon enters the battlefield, choose a creature type.\n{3}, {T}, Sacrifice a creature of the chosen type: Doom Cannon deals 3 damage to any target."
Scroll Rack,2.0,None,None,None,['Artifact'],None,Rare,PLST,None,None,None,"{1}, {T}: Exile any number of cards from your hand face down. Put that many cards from the top of your library into your hand. Then look at the exiled cards and put them on top of your library in any order."
Power Armor,4.0,None,None,None,['Artifact'],None,Uncommon,PLST,None,None,None,"Domain — {3}, {T}: Target creature gets +1/+1 until end of turn for each basic land type among lands you control."
"Oko, the Trickster",6.0,"['G', 'U']","['G', 'U']",['Legendary'],['Planeswalker'],['Oko'],Mythic,PLST,None,None,4,"[+1]: Put two +1/+1 counters on up to one target creature you control.\n[0]: Until end of turn, Oko, the Trickster becomes a copy of target creature you control. Prevent all damage that would be dealt to him this turn.\n[−7]: Until end of turn, each creature you control has base power and toughness 10/10 and gains trample."
Planar Portal,6.0,None,None,None,['Artifact'],None,Rare,PLST,None,None,None,"{6}, {T}: Search your library for a card, put that card into your hand, then shuffle."
"Kenrith, the Returned King",5.0,['W'],"['B', 'G', 'R', 'U', 'W']",['Legendary'],['Creature'],"['Human', 'Noble']",Mythic,PLST,5,5,None,{R}: All creatures gain trample and haste until end of turn.\n{1}{G}: Put a +1/+1 counter on target creature.\n{2}{W}: Target player gains 5 life.\n{3}{U}: Target player draws a card.\n{4}{B}: Put target creature card from a graveyard onto the battlefield under its owner's control.
Smokestack,4.0,None,None,None,['Artifact'],None,Rare,PLST,None,None,None,"At the beginning of your upkeep, you may put a soot counter on Smokestack.\nAt the beginning of each player's upkeep, that player sacrifices a permanent for each soot counter on Smokestack."
Marble Diamond,2.0,None,['W'],None,['Artifact'],None,Uncommon,PLST,None,None,None,Marble Diamond enters the battlefield tapped.\n{T}: Add {W}.
Lingering Souls,3.0,['W'],"['B', 'W']",None,['Sorcery'],None,Uncommon,PLST,None,None,None,Create two 1/1 white Spirit creature tokens with flying.\nFlashback {1}{B} (You may cast this card from your graveyard for its flashback cost. Then exile it.)
Tek,5.0,None,None,None,"['Artifact', 'Creature']",['Dragon'],Rare,PLST,2,2,None,"Tek gets +0/+2 as long as you control a Plains, has flying as long as you control an Island, gets +2/+0 as long as you control a Swamp, has first strike as long as you control a Mountain, and has trample as long as you control a Forest."
Barbarian Ring,0.0,None,['R'],None,['Land'],None,Uncommon,PLST,None,None,None,"{T}: Add {R}. Barbarian Ring deals 1 damage to you.\nThreshold — {R}, {T}, Sacrifice Barbarian Ring: It deals 2 damage to any target. Activate only if seven or more cards are in your graveyard."
Urza's Armor,6.0,None,None,None,['Artifact'],None,Uncommon,PLST,None,None,None,"If a source would deal damage to you, prevent 1 of that damage."
Toymaker,2.0,None,None,None,"['Artifact', 'Creature']",['Spellshaper'],Uncommon,PLST,1,1,None,"{1}, {T}, Discard a card: Target noncreature artifact becomes an artifact creature with power and toughness each equal to its mana value until end of turn. (It retains its abilities.)"
Ancient Tomb,0.0,None,None,None,['Land'],None,Uncommon,PLST,None,None,None,{T}: Add {C}{C}. Ancient Tomb deals 2 damage to you.
Phyrexian Vault,3.0,None,None,None,['Artifact'],None,Uncommon,PLST,None,None,None,"{2}, {T}, Sacrifice a creature: Draw a card."
Momentary Blink,2.0,['W'],"['U', 'W']",None,['Instant'],None,Common,PLST,None,None,None,"Exile target creature you control, then return it to the battlefield under its owner's control.\nFlashback {3}{U} (You may cast this card from your graveyard for its flashback cost. Then exile it.)"
Pitfall Trap,3.0,['W'],['W'],None,['Instant'],['Trap'],Common,PLST,None,None,None,"If exactly one creature is attacking, you may pay {W} rather than pay this spell's mana cost.\nDestroy target attacking creature without flying."
Worn Powerstone,3.0,None,None,None,['Artifact'],None,Uncommon,PLST,None,None,None,Worn Powerstone enters the battlefield tapped.\n{T}: Add {C}{C}.
High Market,0.0,None,None,None,['Land'],None,Rare,PLST,None,None,None,"{T}: Add {C}.\n{T}, Sacrifice a creature: You gain 1 life."
Rootborn Defenses,3.0,['W'],['W'],None,['Instant'],None,Common,PLST,None,None,None,"Populate. Creatures you control gain indestructible until end of turn. (To populate, create a token that's a copy of a creature token you control.)"
Riptide Laboratory,0.0,None,['U'],None,['Land'],None,Rare,PLST,None,None,None,"{T}: Add {C}.\n{1}{U}, {T}: Return target Wizard you control to its owner's hand."
Phyrexian Tower,0.0,None,['B'],['Legendary'],['Land'],None,Rare,PLST,None,None,None,"{T}: Add {C}.\n{T}, Sacrifice a creature: Add {B}{B}."
Sensor Splicer,5.0,['W'],['W'],None,['Creature'],"['Phyrexian', 'Artificer']",Common,PLST,1,1,None,"When Sensor Splicer enters the battlefield, create a 3/3 colorless Phyrexian Golem artifact creature token.\nGolem creatures you control have vigilance."
Petrified Field,0.0,None,None,None,['Land'],None,Rare,PLST,None,None,None,"{T}: Add {C}.\n{T}, Sacrifice Petrified Field: Return target land card from your graveyard to your hand."
Rootwater Depths,0.0,None,"['B', 'U']",None,['Land'],None,Uncommon,PLST,None,None,None,{T}: Add {C}.\n{T}: Add {U} or {B}. Rootwater Depths doesn't untap during your next untap step.
Soul Warden,1.0,['W'],['W'],None,['Creature'],"['Human', 'Cleric']",Common,PLST,1,1,None,"Whenever another creature enters the battlefield, you gain 1 life."
Dire Wolf Prowler,3.0,['G'],['G'],None,['Creature'],['Wolf'],Common,PLST,2,2,None,{1}{G}: Dire Wolf Prowler gets +2/+2 and gains haste until end of turn. Activate only once each turn.
"Chulane, Teller of Tales",5.0,"['G', 'U', 'W']","['G', 'U', 'W']",['Legendary'],['Creature'],"['Human', 'Druid']",Mythic,PLST,2,4,None,"Vigilance\nWhenever you cast a creature spell, draw a card, then you may put a land card from your hand onto the battlefield.\n{3}, {T}: Return target creature you control to its owner's hand."
Shivan Gorge,0.0,None,['R'],['Legendary'],['Land'],None,Rare,PLST,None,None,None,"{T}: Add {C}.\n{2}{R}, {T}: Shivan Gorge deals 1 damage to each opponent."
Unholy Grotto,0.0,None,['B'],None,['Land'],None,Rare,PLST,None,None,None,"{T}: Add {C}.\n{B}, {T}: Put target Zombie card from your graveyard on top of your library."
Wake the Reflections,1.0,['W'],['W'],None,['Sorcery'],None,Common,PLST,None,None,None,Populate. (Create a token that's a copy of a creature token you control.)
"Korvold, Fae-Cursed King",5.0,"['B', 'G', 'R']","['B', 'G', 'R']",['Legendary'],['Creature'],"['Dragon', 'Noble']",Mythic,PLST,4,4,None,"Flying\nWhenever Korvold, Fae-Cursed King enters the battlefield or attacks, sacrifice another permanent.\nWhenever you sacrifice a permanent, put a +1/+1 counter on Korvold and draw a card."
Youthful Knight,2.0,['W'],['W'],None,['Creature'],"['Human', 'Knight']",Common,PLST,2,1,None,First strike
Thran Quarry,0.0,None,None,None,['Land'],None,Rare,PLST,None,None,None,"At the beginning of the end step, if you control no creatures, sacrifice Thran Quarry.\n{T}: Add one mana of any color."
Augur of Bolas,2.0,['U'],['U'],None,['Creature'],"['Merfolk', 'Wizard']",Common,PLST,1,3,None,"When Augur of Bolas enters the battlefield, look at the top three cards of your library. You may reveal an instant or sorcery card from among them and put it into your hand. Put the rest on the bottom of your library in any order."
Phyrexian Triniform,9.0,None,None,None,"['Artifact', 'Creature']","['Phyrexian', 'Golem']",Mythic,PLST,9,9,None,"When Phyrexian Triniform dies, create three 3/3 colorless Phyrexian Golem artifact creature tokens.\nEncore {12} ({12}, Exile this card from your graveyard: For each opponent, create a token copy that attacks that opponent this turn if able. They gain haste. Sacrifice them at the beginning of the next end step. Activate only as a sorcery.)"
Tome of Legends,2.0,None,None,None,['Artifact'],None,Rare,PLST,None,None,None,"Tome of Legends enters the battlefield with a page counter on it.\nWhenever your commander enters the battlefield or attacks, put a page counter on Tome of Legends.\n{1}, {T}, Remove a page counter from Tome of Legends: Draw a card."
Forbidden Alchemy,3.0,['U'],"['B', 'U']",None,['Instant'],None,Common,PLST,None,None,None,Look at the top four cards of your library. Put one of them into your hand and the rest into your graveyard.\nFlashback {6}{B} (You may cast this card from your graveyard for its flashback cost. Then exile it.)
Grasp of Phantoms,4.0,['U'],['U'],None,['Sorcery'],None,Common,PLST,None,None,None,Put target creature on top of its owner's library.\nFlashback {7}{U} (You may cast this card from your graveyard for its flashback cost. Then exile it.)
Krydle of Baldur's Gate,2.0,"['B', 'U']","['B', 'U']",['Legendary'],['Creature'],"['Human', 'Elf', 'Rogue']",Uncommon,PLST,1,3,None,"Whenever Krydle of Baldur's Gate deals combat damage to a player, that player loses 1 life and mills a card, then you gain 1 life and scry 1.\nWhenever you attack, you may pay {2}. If you do, target creature can't be blocked this turn."
Mystical Teachings,4.0,['U'],"['B', 'U']",None,['Instant'],None,Common,PLST,None,None,None,"Search your library for an instant card or a card with flash, reveal it, put it into your hand, then shuffle.\nFlashback {5}{B} (You may cast this card from your graveyard for its flashback cost. Then exile it.)"
Thought Vessel,2.0,None,None,None,['Artifact'],None,Uncommon,PLST,None,None,None,You have no maximum hand size.\n{T}: Add {C}.
Mimic,2.0,None,None,None,['Artifact'],['Treasure'],Common,PLST,None,None,None,"{T}, Sacrifice Mimic: Add one mana of any color.\n{2}: Mimic becomes a Shapeshifter artifact creature with base power and toughness 3/3 until end of turn."
Spire Monitor,5.0,['U'],['U'],None,['Creature'],"['Phyrexian', 'Drake']",Common,PLST,3,3,None,Flash (You may cast this spell any time you could cast an instant.)\nFlying
Path of Ancestry,0.0,None,None,None,['Land'],None,Common,PLST,None,None,None,"Path of Ancestry enters the battlefield tapped.\n{T}: Add one mana of any color in your commander's color identity. When that mana is spent to cast a creature spell that shares a creature type with your commander, scry 1. (Look at the top card of your library. You may put that card on the bottom.)"
Tandem Lookout,3.0,['U'],['U'],None,['Creature'],"['Human', 'Scout']",Common,PLST,2,1,None,"Soulbond (You may pair this creature with another unpaired creature when either enters the battlefield. They remain paired for as long as you control both of them.)\nAs long as Tandem Lookout is paired with another creature, each of those creatures has ""Whenever this creature deals damage to an opponent, draw a card."""
Temporal Mastery,7.0,['U'],['U'],None,['Sorcery'],None,Mythic,PLST,None,None,None,Take an extra turn after this one. Exile Temporal Mastery.\nMiracle {1}{U} (You may cast this card for its miracle cost when you draw it if it's the first card you drew this turn.)
Wall of Frost,3.0,['U'],['U'],None,['Creature'],['Wall'],Uncommon,PLST,0,7,None,"Defender\nWhenever Wall of Frost blocks a creature, that creature doesn't untap during its controller's next untap step."
Training Center,0.0,None,"['R', 'U']",None,['Land'],None,Rare,PLST,None,None,None,Training Center enters the battlefield tapped unless you have two or more opponents.\n{T}: Add {U} or {R}.
War Room,0.0,None,None,None,['Land'],None,Rare,PLST,None,None,None,"{T}: Add {C}.\n{3}, {T}, Pay life equal to the number of colors in your commanders' color identity: Draw a card."
Cower in Fear,3.0,['B'],['B'],None,['Instant'],None,Common,PLST,None,None,None,Creatures your opponents control get -1/-1 until end of turn.
Reclamation Sage,3.0,['G'],['G'],None,['Creature'],"['Elf', 'Shaman']",Special,PLST,2,1,None,"When Reclamation Sage enters the battlefield, you may destroy target artifact or enchantment."
Grixis Slavedriver,6.0,['B'],['B'],None,['Creature'],"['Zombie', 'Giant']",Common,PLST,4,4,None,"When Grixis Slavedriver leaves the battlefield, create a 2/2 black Zombie creature token.\nUnearth {3}{B} ({3}{B}: Return this card from your graveyard to the battlefield. It gains haste. Exile it at the beginning of the next end step or if it would leave the battlefield. Unearth only as a sorcery.)"
Inquisition of Kozilek,1.0,['B'],['B'],None,['Sorcery'],None,Uncommon,PLST,None,None,None,Target player reveals their hand. You choose a nonland card from it with mana value 3 or less. That player discards that card.
Mind Shatter,2.0,['B'],['B'],None,['Sorcery'],None,Rare,PLST,None,None,None,Target player discards X cards at random.
Starnheim Aspirant,3.0,['W'],['W'],None,['Creature'],"['Human', 'Cleric']",Uncommon,PLST,2,2,None,Angel spells you cast cost {2} less to cast.
Warchanter Skald,3.0,['W'],['W'],None,['Creature'],"['Dwarf', 'Cleric']",Uncommon,PLST,2,3,None,"Whenever Warchanter Skald becomes tapped, if it's enchanted or equipped, create a 2/1 red Dwarf Berserker creature token."
Pit Keeper,2.0,['B'],['B'],None,['Creature'],"['Human', 'Wizard']",Common,PLST,2,1,None,"When Pit Keeper enters the battlefield, if you have four or more creature cards in your graveyard, you may return target creature card from your graveyard to your hand."
Recover,3.0,['B'],['B'],None,['Sorcery'],None,Common,PLST,None,None,None,Return target creature card from your graveyard to your hand.\nDraw a card.
Ancient Grudge,2.0,['R'],"['G', 'R']",None,['Instant'],None,Uncommon,PLST,None,None,None,Destroy target artifact.\nFlashback {G} (You may cast this card from your graveyard for its flashback cost. Then exile it.)
Cranial Plating,2.0,None,['B'],None,['Artifact'],['Equipment'],Common,PLST,None,None,None,Equipped creature gets +1/+0 for each artifact you control.\n{B}{B}: Attach Cranial Plating to target creature you control.\nEquip {1}
Dynacharge,1.0,['R'],['R'],None,['Instant'],None,Common,PLST,None,None,None,"Target creature you control gets +2/+0 until end of turn.\nOverload {2}{R} (You may cast this spell for its overload cost. If you do, change ""target"" in its text to ""each."")"
Counterspell,2.0,['U'],['U'],None,['Instant'],None,Common,PLST,None,None,None,Counter target spell.
Goblin Assault,3.0,['R'],['R'],None,['Enchantment'],None,Uncommon,PLST,None,None,None,"At the beginning of your upkeep, create a 1/1 red Goblin creature token with haste.\nGoblin creatures attack each combat if able."
Hanweir Lancer,3.0,['R'],['R'],None,['Creature'],"['Human', 'Knight']",Common,PLST,2,2,None,"Soulbond (You may pair this creature with another unpaired creature when either enters the battlefield. They remain paired for as long as you control both of them.)\nAs long as Hanweir Lancer is paired with another creature, both creatures have first strike."
Madcap Skills,2.0,['R'],['R'],None,['Enchantment'],['Aura'],Common,PLST,None,None,None,Enchant creature\nEnchanted creature gets +3/+0 and has menace.
Fortified Village,0.0,None,"['G', 'W']",None,['Land'],None,Rare,PLST,None,None,None,"As Fortified Village enters the battlefield, you may reveal a Forest or Plains card from your hand. If you don't, Fortified Village enters the battlefield tapped.\n{T}: Add {G} or {W}."
Game Trail,0.0,None,"['G', 'R']",None,['Land'],None,Rare,PLST,None,None,None,"As Game Trail enters the battlefield, you may reveal a Mountain or Forest card from your hand. If you don't, Game Trail enters the battlefield tapped.\n{T}: Add {R} or {G}."
Bringer of the Black Dawn,9.0,['B'],"['B', 'G', 'R', 'U', 'W']",None,['Creature'],['Bringer'],Rare,PLST,5,5,None,"You may pay {W}{U}{B}{R}{G} rather than pay this spell's mana cost.\nTrample\nAt the beginning of your upkeep, you may pay 2 life. If you do, search your library for a card, then shuffle and put that card on top."
Lose Hope,1.0,['B'],['B'],None,['Instant'],None,Common,PLST,None,None,None,"Target creature gets -1/-1 until end of turn. Scry 2. (Look at the top two cards of your library, then put any number of them on the bottom of your library and the rest on top in any order.)"
Mana Geyser,5.0,['R'],['R'],None,['Sorcery'],None,Common,PLST,None,None,None,Add {R} for each tapped land your opponents control.
Vulshok Sorcerer,3.0,['R'],['R'],None,['Creature'],"['Human', 'Shaman']",Common,PLST,1,1,None,Haste\n{T}: Vulshok Sorcerer deals 1 damage to any target.
All Suns' Dawn,5.0,['G'],['G'],None,['Sorcery'],None,Rare,PLST,None,None,None,"For each color, return up to one target card of that color from your graveyard to your hand. Exile All Suns' Dawn."
Tornado Elemental,7.0,['G'],['G'],None,['Creature'],['Elemental'],Rare,PLST,6,6,None,"When Tornado Elemental enters the battlefield, it deals 6 damage to each creature with flying.\nYou may have Tornado Elemental assign its combat damage as though it weren't blocked."
Deep Gnome Terramancer,2.0,['W'],['W'],None,['Creature'],"['Gnome', 'Wizard']",Rare,PLST,2,2,None,"Flash\nMold Earth — Whenever one or more lands enter the battlefield under an opponent's control without being played, you may search your library for a Plains card, put it onto the battlefield tapped, then shuffle. Do this only once each turn."
Dusk // Dawn,9.0,['W'],['W'],None,['Sorcery'],None,Rare,PLST,None,None,None,Destroy all creatures with power 3 or greater.
Intruder Alarm,3.0,['U'],['U'],None,['Enchantment'],None,Rare,PLST,None,None,None,"Creatures don't untap during their controllers' untap steps.\nWhenever a creature enters the battlefield, untap all creatures."
High Ground,1.0,['W'],['W'],None,['Enchantment'],None,Uncommon,PLST,None,None,None,Each creature you control can block an additional creature each combat.
Nomad Mythmaker,3.0,['W'],['W'],None,['Creature'],"['Human', 'Nomad', 'Cleric']",Rare,PLST,2,2,None,"{W}, {T}: Put target Aura card from a graveyard onto the battlefield under your control attached to a creature you control."
Paladin en-Vec,3.0,['W'],['W'],None,['Creature'],"['Human', 'Knight']",Rare,PLST,2,2,None,"First strike, protection from black and from red (This creature deals combat damage before creatures without first strike. It can't be blocked, targeted, dealt damage, or enchanted by anything black or red.)"
Pariah,3.0,['W'],['W'],None,['Enchantment'],['Aura'],Rare,PLST,None,None,None,Enchant creature\nAll damage that would be dealt to you is dealt to enchanted creature instead.
Undead Slayer,3.0,['W'],['W'],None,['Creature'],"['Human', 'Cleric']",Uncommon,PLST,2,2,None,"{W}, {T}: Exile target Skeleton, Vampire, or Zombie."
White Knight,2.0,['W'],['W'],None,['Creature'],"['Human', 'Knight']",Uncommon,PLST,2,2,None,"First strike (This creature deals combat damage before creatures without first strike.)\nProtection from black (This creature can't be blocked, targeted, dealt damage, or enchanted by anything black.)"
Treasure Hunter,3.0,['W'],['W'],None,['Creature'],['Human'],Uncommon,PLST,2,2,None,"When Treasure Hunter enters the battlefield, you may return target artifact card from your graveyard to your hand."
Fabricate,3.0,['U'],['U'],None,['Sorcery'],None,Uncommon,PLST,None,None,None,"Search your library for an artifact card, reveal it, put it into your hand, then shuffle."
Jump,1.0,['U'],['U'],None,['Instant'],None,Common,PLST,None,None,None,Target creature gains flying until end of turn.
Scatter the Seeds,5.0,['G'],['G'],None,['Instant'],None,Common,PLST,None,None,None,Convoke (Your creatures can help cast this spell. Each creature you tap while casting this spell pays for {1} or one mana of that creature's color.)\nCreate three 1/1 green Saproling creature tokens.
Smiting Helix,4.0,['B'],"['B', 'R', 'W']",None,['Sorcery'],None,Uncommon,PLST,None,None,None,Smiting Helix deals 3 damage to any target and you gain 3 life.\nFlashback {R}{W} (You may cast this card from your graveyard for its flashback cost. Then exile it.)
Pollenbright Wings,6.0,"['G', 'W']","['G', 'W']",None,['Enchantment'],['Aura'],Uncommon,PLST,None,None,None,"Enchant creature\nEnchanted creature has flying.\nWhenever enchanted creature deals combat damage to a player, create that many 1/1 green Saproling creature tokens."
Polymorph,4.0,['U'],['U'],None,['Sorcery'],None,Rare,PLST,None,None,None,"Destroy target creature. It can't be regenerated. Its controller reveals cards from the top of their library until they reveal a creature card. The player puts that card onto the battlefield, then shuffles all other cards revealed this way into their library."
Warteye Witch,3.0,['B'],['B'],None,['Creature'],"['Goblin', 'Shaman']",Common,PLST,3,2,None,"Whenever Warteye Witch or another creature you control dies, scry 1."
Bog Wraith,4.0,['B'],['B'],None,['Creature'],['Wraith'],Uncommon,PLST,3,3,None,Swampwalk (This creature can't be blocked as long as defending player controls a Swamp.)
Selesnya Guildmage,2.0,"['G', 'W']","['G', 'W']",None,['Creature'],"['Elf', 'Wizard']",Uncommon,PLST,2,2,None,{3}{G}: Create a 1/1 green Saproling creature token.\n{3}{W}: Creatures you control get +1/+1 until end of turn.
Geomancer's Gambit,3.0,['R'],['R'],None,['Sorcery'],None,Common,PLST,None,None,None,"Destroy target land. Its controller may search their library for a basic land card, put it onto the battlefield, then shuffle.\nDraw a card."
Serra Ascendant,1.0,['W'],['W'],None,['Creature'],"['Human', 'Monk']",Rare,PLST,1,1,None,"Lifelink (Damage dealt by this creature also causes you to gain that much life.)\nAs long as you have 30 or more life, Serra Ascendant gets +5/+5 and has flying."
Goblin Engineer,2.0,['R'],['R'],None,['Creature'],"['Goblin', 'Artificer']",Rare,PLST,1,2,None,"When Goblin Engineer enters the battlefield, you may search your library for an artifact card, put it into your graveyard, then shuffle.\n{R}, {T}, Sacrifice an artifact: Return target artifact card with mana value 3 or less from your graveyard to the battlefield."
Goblin Oriflamme,2.0,['R'],['R'],None,['Enchantment'],None,Uncommon,PLST,None,None,None,Attacking creatures you control get +1/+0.
Shenanigans,2.0,['R'],['R'],None,['Sorcery'],None,Common,PLST,None,None,None,"Destroy target artifact.\nDredge 1 (If you would draw a card, you may mill a card instead. If you do, return this card from your graveyard to your hand.)"
Quakefoot Cyclops,5.0,['R'],['R'],None,['Creature'],['Cyclops'],Common,PLST,4,4,None,"When Quakefoot Cyclops enters the battlefield, up to two target creatures can't block this turn.\nCycling {1}{R} ({1}{R}, Discard this card: Draw a card.)\nWhen you cycle Quakefoot Cyclops, target creature can't block this turn."
Goblin Matron,3.0,['R'],['R'],None,['Creature'],['Goblin'],Uncommon,PLST,1,1,None,"When Goblin Matron enters the battlefield, you may search your library for a Goblin card, reveal that card, put it into your hand, then shuffle."
Black Knight,2.0,['B'],['B'],None,['Creature'],"['Human', 'Knight']",Uncommon,PLST,2,2,None,"First strike (This creature deals combat damage before creatures without first strike.)\nProtection from white (This creature can't be blocked, targeted, dealt damage, or enchanted by anything white.)"
Frost Titan,6.0,['U'],['U'],None,['Creature'],['Giant'],Mythic,PLST,6,6,None,"Whenever Frost Titan becomes the target of a spell or ability an opponent controls, counter that spell or ability unless its controller pays {2}.\nWhenever Frost Titan enters the battlefield or attacks, tap target permanent. It doesn't untap during its controller's next untap step."
Collector Ouphe,2.0,['G'],['G'],None,['Creature'],['Ouphe'],Rare,PLST,2,2,None,Activated abilities of artifacts can't be activated.
Elvish Fury,1.0,['G'],['G'],None,['Instant'],None,Common,PLST,None,None,None,"Buyback {4} (You may pay an additional {4} as you cast this spell. If you do, put this card into your hand as it resolves.)\nTarget creature gets +2/+2 until end of turn."
Mass Polymorph,6.0,['U'],['U'],None,['Sorcery'],None,Rare,PLST,None,None,None,"Exile all creatures you control, then reveal cards from the top of your library until you reveal that many creature cards. Put all creature cards revealed this way onto the battlefield, then shuffle the rest of the revealed cards into your library."
Force of Vigor,4.0,['G'],['G'],None,['Instant'],None,Rare,PLST,None,None,None,"If it's not your turn, you may exile a green card from your hand rather than pay this spell's mana cost.\nDestroy up to two target artifacts and/or enchantments."
Captivating Vampire,3.0,['B'],['B'],None,['Creature'],['Vampire'],Rare,PLST,2,2,None,Other Vampire creatures you control get +1/+1.\nTap five untapped Vampires you control: Gain control of target creature. It becomes a Vampire in addition to its other types.
Unbound Flourishing,3.0,['G'],['G'],None,['Enchantment'],None,Mythic,PLST,None,None,None,"Whenever you cast a permanent spell with a mana cost that contains {X}, double the value of X.\nWhenever you cast an instant or sorcery spell or activate an ability, if that spell's mana cost or that ability's activation cost contains {X}, copy that spell or ability. You may choose new targets for the copy."
Demon of Death's Gate,9.0,['B'],['B'],None,['Creature'],['Demon'],Mythic,PLST,9,9,None,"You may pay 6 life and sacrifice three black creatures rather than pay this spell's mana cost.\nFlying, trample"
Ice-Fang Coatl,2.0,"['G', 'U']","['G', 'U']",['Snow'],['Creature'],['Snake'],Rare,PLST,1,1,None,"Flash\nFlying\nWhen Ice-Fang Coatl enters the battlefield, draw a card.\nIce-Fang Coatl has deathtouch as long as you control at least three other snow permanents."
Wrenn and Six,2.0,"['G', 'R']","['G', 'R']",['Legendary'],['Planeswalker'],['Wrenn'],Mythic,PLST,None,None,3,"[+1]: Return up to one target land card from your graveyard to your hand.\n[−1]: Wrenn and Six deals 1 damage to any target.\n[−7]: You get an emblem with ""Instant and sorcery cards in your graveyard have retrace."" (You may cast instant and sorcery cards from your graveyard by discarding a land card in addition to paying their other costs.)"
Arcum's Astrolabe,1.0,None,None,['Snow'],['Artifact'],None,Common,PLST,None,None,None,"({S} can be paid with one mana from a snow source.)\nWhen Arcum's Astrolabe enters the battlefield, draw a card.\n{1}, {T}: Add one mana of any color."
Birthing Boughs,3.0,None,None,None,['Artifact'],None,Uncommon,PLST,None,None,None,"{4}, {T}: Create a 2/2 colorless Shapeshifter creature token with changeling. (It has every creature type.)"
Farmstead Gleaner,3.0,None,None,None,"['Artifact', 'Creature']",['Scarecrow'],Uncommon,PLST,2,2,None,"Farmstead Gleaner doesn't untap during your untap step.\n{2}, {Q}: Put a +1/+1 counter on Farmstead Gleaner. ({Q} is the untap symbol.)"
Universal Automaton,1.0,None,None,None,"['Artifact', 'Creature']",['Shapeshifter'],Common,PLST,1,1,None,Changeling (This card is every creature type.)
Timely Reinforcements,3.0,['W'],['W'],None,['Sorcery'],None,Uncommon,PLST,None,None,None,"If you have less life than an opponent, you gain 6 life. If you control fewer creatures than an opponent, create three 1/1 white Soldier creature tokens."
Jace's Archivist,3.0,['U'],['U'],None,['Creature'],"['Vedalken', 'Wizard']",Rare,PLST,2,2,None,"{U}, {T}: Each player discards their hand, then draws cards equal to the greatest number of cards a player discarded this way."
Bloodlord of Vaasgoth,5.0,['B'],['B'],None,['Creature'],"['Vampire', 'Warrior']",Mythic,PLST,3,3,None,"Bloodthirst 3 (If an opponent was dealt damage this turn, this creature enters the battlefield with three +1/+1 counters on it.)\nFlying\nWhenever you cast a Vampire creature spell, it gains bloodthirst 3."
"Odric, Master Tactician",4.0,['W'],['W'],['Legendary'],['Creature'],"['Human', 'Soldier']",Rare,PLST,3,4,None,"First strike (This creature deals combat damage before creatures without first strike.)\nWhenever Odric, Master Tactician and at least three other creatures attack, you choose which creatures block this combat and how those creatures block."
Arcane Melee,5.0,['U'],['U'],None,['Enchantment'],None,Rare,PLST,None,None,None,Instant and sorcery spells cost {2} less to cast.
Echo Mage,3.0,['U'],['U'],None,['Creature'],"['Human', 'Wizard']",Rare,PLST,2,3,None,"Level up {1}{U} ({1}{U}: Put a level counter on this. Level up only as a sorcery.)\nLEVEL 2-3\n2/4\n{U}{U}, {T}: Copy target instant or sorcery spell. You may choose new targets for the copy.\nLEVEL 4+\n2/5\n{U}{U}, {T}: Copy target instant or sorcery spell twice. You may choose new targets for the copies."
Battle of Wits,5.0,['U'],['U'],None,['Enchantment'],None,Rare,PLST,None,None,None,"At the beginning of your upkeep, if you have 200 or more cards in your library, you win the game."
Raven Familiar,3.0,['U'],['U'],None,['Creature'],['Bird'],Uncommon,PLST,1,2,None,"Flying\nEcho {2}{U} (At the beginning of your upkeep, if this came under your control since the beginning of your last upkeep, sacrifice it unless you pay its echo cost.)\nWhen Raven Familiar enters the battlefield, look at the top three cards of your library. Put one of them into your hand and the rest on the bottom of your library in any order."
True-Name Nemesis,3.0,['U'],['U'],None,['Creature'],"['Merfolk', 'Rogue']",Rare,PLST,3,1,None,"As True-Name Nemesis enters the battlefield, choose a player.\nTrue-Name Nemesis has protection from the chosen player."
Phyrexian Delver,5.0,['B'],['B'],None,['Creature'],"['Phyrexian', 'Zombie']",Rare,PLST,3,2,None,"When Phyrexian Delver enters the battlefield, return target creature card from your graveyard to the battlefield. You lose life equal to that card's mana value."
Vile Requiem,4.0,['B'],['B'],None,['Enchantment'],None,Uncommon,PLST,None,None,None,"At the beginning of your upkeep, you may put a verse counter on Vile Requiem.\n{1}{B}, Sacrifice Vile Requiem: Destroy up to X target nonblack creatures, where X is the number of verse counters on Vile Requiem. They can't be regenerated."
"Nahiri, the Lithomancer",5.0,['W'],['W'],['Legendary'],['Planeswalker'],['Nahiri'],Mythic,PLST,None,None,3,"[+2]: Create a 1/1 white Kor Soldier creature token. You may attach an Equipment you control to it.\n[−2]: You may put an Equipment card from your hand or graveyard onto the battlefield.\n[−10]: Create a colorless Equipment artifact token named Stoneforged Blade. It has indestructible, ""Equipped creature gets +5/+5 and has double strike,"" and equip {0}.\nNahiri, the Lithomancer can be your commander."
Fiendslayer Paladin,3.0,['W'],['W'],None,['Creature'],"['Human', 'Knight']",Rare,PLST,2,2,None,First strike (This creature deals combat damage before creatures without first strike.)\nLifelink (Damage dealt by this creature also causes you to gain that much life.)\nFiendslayer Paladin can't be the target of black or red spells your opponents control.
"Teferi, Temporal Archmage",6.0,['U'],['U'],['Legendary'],['Planeswalker'],['Teferi'],Mythic,PLST,None,None,5,"[+1]: Look at the top two cards of your library. Put one of them into your hand and the other on the bottom of your library.\n[−1]: Untap up to four target permanents.\n[−10]: You get an emblem with ""You may activate loyalty abilities of planeswalkers you control on any player's turn any time you could cast an instant.""\nTeferi, Temporal Archmage can be your commander."
"Freyalise, Llanowar's Fury",5.0,['G'],['G'],['Legendary'],['Planeswalker'],['Freyalise'],Mythic,PLST,None,None,3,"[+2]: Create a 1/1 green Elf Druid creature token with ""{T}: Add {G}.""\n[−2]: Destroy target artifact or enchantment.\n[−6]: Draw a card for each green creature you control.\nFreyalise, Llanowar's Fury can be your commander."
Song of the Dryads,3.0,['G'],['G'],None,['Enchantment'],['Aura'],Rare,PLST,None,None,None,Enchant permanent\nEnchanted permanent is a colorless Forest land.
Wolfcaller's Howl,4.0,['G'],['G'],None,['Enchantment'],None,Rare,PLST,None,None,None,"At the beginning of your upkeep, create X 2/2 green Wolf creature tokens, where X is the number of your opponents with four or more cards in hand."
Commander's Sphere,3.0,None,None,None,['Artifact'],None,Common,PLST,None,None,None,{T}: Add one mana of any color in your commander's color identity.\nSacrifice Commander's Sphere: Draw a card.
Flamekin Village,0.0,None,['R'],None,['Land'],None,Rare,PLST,None,None,None,"As Flamekin Village enters the battlefield, you may reveal an Elemental card from your hand. If you don't, Flamekin Village enters the battlefield tapped.\n{T}: Add {R}.\n{R}, {T}: Target creature gains haste until end of turn."
Myriad Landscape,0.0,None,None,None,['Land'],None,Uncommon,PLST,None,None,None,"Myriad Landscape enters the battlefield tapped.\n{T}: Add {C}.\n{2}, {T}, Sacrifice Myriad Landscape: Search your library for up to two basic land cards that share a land type, put them onto the battlefield tapped, then shuffle."
Celestial Crusader,4.0,['W'],['W'],None,['Creature'],['Spirit'],Uncommon,PLST,2,2,None,"Flash\nSplit second (As long as this spell is on the stack, players can't cast spells or activate abilities that aren't mana abilities.)\nFlying\nOther white creatures get +1/+1."
Gift of Estates,2.0,['W'],['W'],None,['Sorcery'],None,Uncommon,PLST,None,None,None,"If an opponent controls more lands than you, search your library for up to three Plains cards, reveal them, put them into your hand, then shuffle."
Bogbrew Witch,4.0,['B'],['B'],None,['Creature'],"['Human', 'Wizard']",Rare,PLST,1,3,None,"{2}, {T}: Search your library for a card named Festering Newt or Bubbling Cauldron, put it onto the battlefield tapped, then shuffle."
Broodbirth Viper,5.0,['U'],['U'],None,['Creature'],['Snake'],Uncommon,PLST,3,3,None,"Myriad (Whenever this creature attacks, for each opponent other than defending player, you may create a token that's a copy of this creature that's tapped and attacking that player or a planeswalker they control. Exile the tokens at end of combat.)\nWhenever Broodbirth Viper deals combat damage to a player, you may draw a card."
Divine Favor,2.0,['W'],['W'],None,['Enchantment'],['Aura'],Common,PLST,None,None,None,"Enchant creature\nWhen Divine Favor enters the battlefield, you gain 3 life.\nEnchanted creature gets +1/+3."
Ephemeral Shields,2.0,['W'],['W'],None,['Instant'],None,Common,PLST,None,None,None,"Convoke (Your creatures can help cast this spell. Each creature you tap while casting this spell pays for {1} or one mana of that creature's color.)\nTarget creature gains indestructible until end of turn. (Damage and effects that say ""destroy"" don't destroy it.)"
Marked by Honor,4.0,['W'],['W'],None,['Enchantment'],['Aura'],Common,PLST,None,None,None,Enchant creature\nEnchanted creature gets +2/+2 and has vigilance. (Attacking doesn't cause it to tap.)
Deadly Tempest,6.0,['B'],['B'],None,['Sorcery'],None,Rare,PLST,None,None,None,Destroy all creatures. Each player loses life equal to the number of creatures they controlled that were destroyed this way.
Meditation Puzzle,5.0,['W'],['W'],None,['Instant'],None,Common,PLST,None,None,None,Convoke (Your creatures can help cast this spell. Each creature you tap while casting this spell pays for {1} or one mana of that creature's color.)\nYou gain 8 life.
Oreskos Swiftclaw,2.0,['W'],['W'],None,['Creature'],"['Cat', 'Warrior']",Common,PLST,3,1,None,None
Mizzix's Mastery,4.0,['R'],['R'],None,['Sorcery'],None,Rare,PLST,None,None,None,"Exile target card that's an instant or sorcery from your graveyard. For each card exiled this way, copy it, and you may cast the copy without paying its mana cost. Exile Mizzix's Mastery.\nOverload {5}{R}{R}{R} (You may cast this spell for its overload cost. If you do, change ""target"" in its text to ""each."")"
Warchief Giant,5.0,['R'],['R'],None,['Creature'],"['Giant', 'Warrior']",Uncommon,PLST,5,3,None,"Haste\nMyriad (Whenever this creature attacks, for each opponent other than defending player, you may create a token that's a copy of this creature that's tapped and attacking that player or a planeswalker they control. Exile the tokens at end of combat.)"
Soulmender,1.0,['W'],['W'],None,['Creature'],"['Human', 'Cleric']",Common,PLST,1,1,None,{T}: You gain 1 life.
Triplicate Spirits,6.0,['W'],['W'],None,['Sorcery'],None,Common,PLST,None,None,None,Convoke (Your creatures can help cast this spell. Each creature you tap while casting this spell pays for {1} or one mana of that creature's color.)\nCreate three 1/1 white Spirit creature tokens with flying. (They can't be blocked except by creatures with flying or reach.)
Daxos the Returned,3.0,"['B', 'W']","['B', 'W']",['Legendary'],['Creature'],"['Zombie', 'Soldier']",Mythic,PLST,2,2,None,"Whenever you cast an enchantment spell, you get an experience counter.\n{1}{W}{B}: Create a white and black Spirit enchantment creature token. It has ""This creature's power and toughness are each equal to the number of experience counters you have."""
"Ezuri, Claw of Progress",4.0,"['G', 'U']","['G', 'U']",['Legendary'],['Creature'],"['Phyrexian', 'Elf', 'Warrior']",Mythic,PLST,3,3,None,"Whenever a creature with power 2 or less enters the battlefield under your control, you get an experience counter.\nAt the beginning of combat on your turn, put X +1/+1 counters on another target creature you control, where X is the number of experience counters you have."
Amphin Pathmage,4.0,['U'],['U'],None,['Creature'],"['Salamander', 'Wizard']",Common,PLST,3,2,None,{2}{U}: Target creature can't be blocked this turn.
Chasm Skulker,3.0,['U'],['U'],None,['Creature'],"['Squid', 'Horror']",Rare,PLST,1,1,None,"Whenever you draw a card, put a +1/+1 counter on Chasm Skulker.\nWhen Chasm Skulker dies, create X 1/1 blue Squid creature tokens with islandwalk, where X is the number of +1/+1 counters on Chasm Skulker. (They can't be blocked as long as defending player controls an Island.)"
Chronostutter,6.0,['U'],['U'],None,['Instant'],None,Common,PLST,None,None,None,Put target creature into its owner's library second from the top.
Meren of Clan Nel Toth,4.0,"['B', 'G']","['B', 'G']",['Legendary'],['Creature'],"['Human', 'Shaman']",Mythic,PLST,3,4,None,"Whenever another creature you control dies, you get an experience counter.\nAt the beginning of your end step, choose target creature card in your graveyard. If that card's mana value is less than or equal to the number of experience counters you have, return it to the battlefield. Otherwise, put it into your hand."
Mizzix of the Izmagnus,4.0,"['R', 'U']","['R', 'U']",['Legendary'],['Creature'],"['Goblin', 'Wizard']",Mythic,PLST,2,2,None,"Whenever you cast an instant or sorcery spell with mana value greater than the number of experience counters you have, you get an experience counter.\nInstant and sorcery spells you cast cost {1} less to cast for each experience counter you have."
Sandstone Oracle,7.0,None,None,None,"['Artifact', 'Creature']",['Sphinx'],Uncommon,PLST,4,4,None,"Flying\nWhen Sandstone Oracle enters the battlefield, choose an opponent. If that player has more cards in hand than you, draw cards equal to the difference."
Ensoul Artifact,2.0,['U'],['U'],None,['Enchantment'],['Aura'],Uncommon,PLST,None,None,None,Enchant artifact\nEnchanted artifact is a creature with base power and toughness 5/5 in addition to its other types.
Tragic Slip,1.0,['B'],['B'],None,['Instant'],None,Common,PLST,None,None,None,Target creature gets -1/-1 until end of turn.\nMorbid — That creature gets -13/-13 until end of turn instead if a creature died this turn.
Vampire Hexmage,2.0,['B'],['B'],None,['Creature'],"['Vampire', 'Shaman']",Uncommon,PLST,2,1,None,First strike\nSacrifice Vampire Hexmage: Remove all counters from target permanent.
Kalonian Hydra,5.0,['G'],['G'],None,['Creature'],['Hydra'],Mythic,PLST,0,0,None,"Trample\nKalonian Hydra enters the battlefield with four +1/+1 counters on it.\nWhenever Kalonian Hydra attacks, double the number of +1/+1 counters on each creature you control."
Manaweft Sliver,2.0,['G'],['G'],None,['Creature'],['Sliver'],Uncommon,PLST,1,1,None,"Sliver creatures you control have ""{T}: Add one mana of any color."""
Primeval Bounty,6.0,['G'],['G'],None,['Enchantment'],None,Mythic,PLST,None,None,None,"Whenever you cast a creature spell, create a 3/3 green Beast creature token.\nWhenever you cast a noncreature spell, put three +1/+1 counters on target creature you control.\nLandfall — Whenever a land enters the battlefield under your control, you gain 3 life."
"Ezuri, Renegade Leader",3.0,['G'],['G'],['Legendary'],['Creature'],"['Elf', 'Warrior']",Rare,PLST,2,2,None,{G}: Regenerate another target Elf.\n{2}{G}{G}{G}: Elf creatures you control get +3/+3 and gain trample until end of turn.
Witchstalker,3.0,['G'],['G'],None,['Creature'],['Wolf'],Rare,PLST,3,3,None,"Hexproof (This creature can't be the target of spells or abilities your opponents control.)\nWhenever an opponent casts a blue or black spell during your turn, put a +1/+1 counter on Witchstalker."
Praetor's Counsel,8.0,['G'],['G'],None,['Sorcery'],None,Mythic,PLST,None,None,None,Return all cards from your graveyard to your hand. Exile Praetor's Counsel. You have no maximum hand size for the rest of the game.
Priest of Titania,2.0,['G'],['G'],None,['Creature'],"['Elf', 'Druid']",Common,PLST,1,1,None,{T}: Add {G} for each Elf on the battlefield.
Haunted Plate Mail,4.0,None,None,None,['Artifact'],['Equipment'],Rare,PLST,None,None,None,"Equipped creature gets +4/+4.\n{0}: Until end of turn, Haunted Plate Mail becomes a 4/4 Spirit artifact creature that's no longer an Equipment. Activate only if you control no creatures.\nEquip {4} ({4}: Attach to target creature you control. Equip only as a sorcery.)"
Millstone,2.0,None,None,None,['Artifact'],None,Uncommon,PLST,None,None,None,"{2}, {T}: Target player mills two cards."
Ring of Three Wishes,5.0,None,None,None,['Artifact'],None,Mythic,PLST,None,None,None,"Ring of Three Wishes enters the battlefield with three wish counters on it.\n{5}, {T}, Remove a wish counter from Ring of Three Wishes: Search your library for a card, put that card into your hand, then shuffle."
Mask of Memory,2.0,None,None,None,['Artifact'],['Equipment'],Uncommon,PLST,None,None,None,"Whenever equipped creature deals combat damage to a player, you may draw two cards. If you do, discard a card.\nEquip {1} ({1}: Attach to target creature you control. Equip only as a sorcery.)"
Pentavus,7.0,None,None,None,"['Artifact', 'Creature']",['Construct'],Rare,PLST,0,0,None,"Pentavus enters the battlefield with five +1/+1 counters on it.\n{1}, Remove a +1/+1 counter from Pentavus: Create a 1/1 colorless Pentavite artifact creature token with flying.\n{1}, Sacrifice a Pentavite: Put a +1/+1 counter on Pentavus."
Tormod's Crypt,0.0,None,None,None,['Artifact'],None,Uncommon,PLST,None,None,None,"{T}, Sacrifice Tormod's Crypt: Exile target player's graveyard."
Tectonic Edge,0.0,None,None,None,['Land'],None,Uncommon,PLST,None,None,None,"{T}: Add {C}.\n{1}, {T}, Sacrifice Tectonic Edge: Destroy target nonbasic land. Activate only if an opponent controls four or more lands."
Rotfeaster Maggot,5.0,['B'],['B'],None,['Creature'],['Insect'],Common,PLST,3,5,None,"When Rotfeaster Maggot enters the battlefield, exile target creature card from a graveyard. You gain life equal to that card's toughness."
Shadowcloak Vampire,5.0,['B'],['B'],None,['Creature'],['Vampire'],Common,PLST,4,3,None,Pay 2 life: Shadowcloak Vampire gains flying until end of turn. (It can't be blocked except by creatures with flying or reach.)
Stab Wound,3.0,['B'],['B'],None,['Enchantment'],['Aura'],Uncommon,PLST,None,None,None,"Enchant creature\nEnchanted creature gets -2/-2.\nAt the beginning of the upkeep of enchanted creature's controller, that player loses 2 life."
Typhoid Rats,1.0,['B'],['B'],None,['Creature'],['Rat'],Common,PLST,1,1,None,Deathtouch (Any amount of damage this deals to a creature is enough to destroy it.)
Dreadbringer Lampads,5.0,['B'],['B'],None,"['Enchantment', 'Creature']",['Nymph'],Common,PLST,4,2,None,"Constellation — Whenever Dreadbringer Lampads or another enchantment enters the battlefield under your control, target creature gains intimidate until end of turn. (It can't be blocked except by artifact creatures and/or creatures that share a color with it.)"
Fallen Ideal,3.0,['B'],['B'],None,['Enchantment'],['Aura'],Uncommon,PLST,None,None,None,"Enchant creature\nEnchanted creature has flying and ""Sacrifice a creature: This creature gets +2/+1 until end of turn.""\nWhen Fallen Ideal is put into a graveyard from the battlefield, return Fallen Ideal to its owner's hand."
Act on Impulse,3.0,['R'],['R'],None,['Sorcery'],None,Uncommon,PLST,None,None,None,"Exile the top three cards of your library. Until end of turn, you may play cards exiled this way. (If you cast a spell this way, you still pay its costs. You can play a land this way only if you have an available land play remaining.)"
Nighthowler,3.0,['B'],['B'],None,"['Enchantment', 'Creature']",['Horror'],Rare,PLST,0,0,None,"Bestow {2}{B}{B} (If you cast this card for its bestow cost, it's an Aura spell with enchant creature. It becomes a creature again if it's not attached to a creature.)\nNighthowler and enchanted creature each get +X/+X, where X is the number of creature cards in all graveyards."
Blastfire Bolt,6.0,['R'],['R'],None,['Instant'],None,Common,PLST,None,None,None,Blastfire Bolt deals 5 damage to target creature. Destroy all Equipment attached to that creature.
Phyrexian Reclamation,1.0,['B'],['B'],None,['Enchantment'],None,Uncommon,PLST,None,None,None,"{1}{B}, Pay 2 life: Return target creature card from your graveyard to your hand."
Seal of Doom,3.0,['B'],['B'],None,['Enchantment'],None,Common,PLST,None,None,None,Sacrifice Seal of Doom: Destroy target nonblack creature. It can't be regenerated.
Crowd's Favor,1.0,['R'],['R'],None,['Instant'],None,Common,PLST,None,None,None,Convoke (Your creatures can help cast this spell. Each creature you tap while casting this spell pays for {1} or one mana of that creature's color.)\nTarget creature gets +1/+0 and gains first strike until end of turn. (It deals combat damage before creatures without first strike.)
Forge Devil,1.0,['R'],['R'],None,['Creature'],['Devil'],Common,PLST,1,1,None,"When Forge Devil enters the battlefield, it deals 1 damage to target creature and 1 damage to you."
Foundry Street Denizen,1.0,['R'],['R'],None,['Creature'],"['Goblin', 'Warrior']",Common,PLST,1,1,None,"Whenever another red creature enters the battlefield under your control, Foundry Street Denizen gets +1/+0 until end of turn."
Generator Servant,2.0,['R'],['R'],None,['Creature'],['Elemental'],Common,PLST,2,1,None,"{T}, Sacrifice Generator Servant: Add {C}{C}. If that mana is spent on a creature spell, it gains haste until end of turn. (That creature can attack and {T} as soon as it comes under your control.)"
Goblin Kaboomist,2.0,['R'],['R'],None,['Creature'],"['Goblin', 'Warrior']",Rare,PLST,1,2,None,"At the beginning of your upkeep, create a colorless artifact token named Land Mine with ""{R}, Sacrifice this artifact: This artifact deals 2 damage to target attacking creature without flying."" Then flip a coin. If you lose the flip, Goblin Kaboomist deals 2 damage to itself."
Goblin Roughrider,3.0,['R'],['R'],None,['Creature'],"['Goblin', 'Knight']",Common,PLST,3,2,None,None
Desperate Ravings,2.0,['R'],"['R', 'U']",None,['Instant'],None,Uncommon,PLST,None,None,None,"Draw two cards, then discard a card at random.\nFlashback {2}{U} (You may cast this card from your graveyard for its flashback cost. Then exile it.)"
Inferno Fist,2.0,['R'],['R'],None,['Enchantment'],['Aura'],Common,PLST,None,None,None,"Enchant creature you control\nEnchanted creature gets +2/+0.\n{R}, Sacrifice Inferno Fist: Inferno Fist deals 2 damage to any target."
Krenko's Enforcer,3.0,['R'],['R'],None,['Creature'],"['Goblin', 'Warrior']",Common,PLST,2,2,None,Intimidate (This creature can't be blocked except by artifact creatures and/or creatures that share a color with it.)
Miner's Bane,6.0,['R'],['R'],None,['Creature'],['Elemental'],Common,PLST,6,3,None,{2}{R}: Miner's Bane gets +1/+0 and gains trample until end of turn. (It can deal excess combat damage to the player or planeswalker it's attacking.)
Soul of Shandalar,6.0,['R'],['R'],None,['Creature'],['Avatar'],Mythic,PLST,6,6,None,"First strike\n{3}{R}{R}: Soul of Shandalar deals 3 damage to target player or planeswalker and 3 damage to up to one target creature that player or that planeswalker's controller controls.\n{3}{R}{R}, Exile Soul of Shandalar from your graveyard: Soul of Shandalar deals 3 damage to target player or planeswalker and 3 damage to up to one target creature that player or that planeswalker's controller controls."
Wall of Fire,3.0,['R'],['R'],None,['Creature'],['Wall'],Common,PLST,0,5,None,Defender (This creature can't attack.)\n{R}: Wall of Fire gets +1/+0 until end of turn.
Urza's Rage,3.0,['R'],['R'],None,['Instant'],None,Rare,PLST,None,None,None,"Kicker {8}{R} (You may pay an additional {8}{R} as you cast this spell.)\nThis spell can't be countered.\nUrza's Rage deals 3 damage to any target. If this spell was kicked, instead it deals 10 damage to that permanent or player and the damage can't be prevented."
Vandalblast,1.0,['R'],['R'],None,['Sorcery'],None,Uncommon,PLST,None,None,None,"Destroy target artifact you don't control.\nOverload {4}{R} (You may cast this spell for its overload cost. If you do, change ""target"" in its text to ""each."")"
Carnivorous Moss-Beast,6.0,['G'],['G'],None,['Creature'],"['Plant', 'Elemental', 'Beast']",Common,PLST,4,5,None,{5}{G}{G}: Put a +1/+1 counter on Carnivorous Moss-Beast.
Bane of Progress,6.0,['G'],['G'],None,['Creature'],['Elemental'],Rare,PLST,2,2,None,"When Bane of Progress enters the battlefield, destroy all artifacts and enchantments. Put a +1/+1 counter on Bane of Progress for each permanent destroyed this way."
Gather Courage,1.0,['G'],['G'],None,['Instant'],None,Uncommon,PLST,None,None,None,Convoke (Your creatures can help cast this spell. Each creature you tap while casting this spell pays for {1} or one mana of that creature's color.)\nTarget creature gets +2/+2 until end of turn.
Genesis Hydra,2.0,['G'],['G'],None,['Creature'],"['Plant', 'Hydra']",Rare,PLST,0,0,None,"When you cast this spell, reveal the top X cards of your library. You may put a nonland permanent card with mana value X or less from among them onto the battlefield. Then shuffle the rest into your library.\nGenesis Hydra enters the battlefield with X +1/+1 counters on it."
Hornet Nest,3.0,['G'],['G'],None,['Creature'],['Insect'],Rare,PLST,0,2,None,"Defender (This creature can't attack.)\nWhenever Hornet Nest is dealt damage, create that many 1/1 green Insect creature tokens with flying and deathtouch. (Any amount of damage a creature with deathtouch deals to a creature is enough to destroy it.)"
Hunter's Ambush,3.0,['G'],['G'],None,['Instant'],None,Common,PLST,None,None,None,Prevent all combat damage that would be dealt by nongreen creatures this turn.
Experiment One,1.0,['G'],['G'],None,['Creature'],"['Human', 'Ooze']",Uncommon,PLST,1,1,None,"Evolve (Whenever a creature enters the battlefield under your control, if that creature has greater power or toughness than this creature, put a +1/+1 counter on this creature.)\nRemove two +1/+1 counters from Experiment One: Regenerate Experiment One. (The next time this creature would be destroyed, instead tap it, remove it from combat, and heal all damage on it.)"
Ranger's Guile,1.0,['G'],['G'],None,['Instant'],None,Common,PLST,None,None,None,Target creature you control gets +1/+1 and gains hexproof until end of turn. (It can't be the target of spells or abilities your opponents control.)
Runeclaw Bear,2.0,['G'],['G'],None,['Creature'],['Bear'],Common,PLST,2,2,None,None
Soul of Zendikar,6.0,['G'],['G'],None,['Creature'],['Avatar'],Mythic,PLST,6,6,None,"Reach\n{3}{G}{G}: Create a 3/3 green Beast creature token.\n{3}{G}{G}, Exile Soul of Zendikar from your graveyard: Create a 3/3 green Beast creature token."
Venom Sliver,2.0,['G'],['G'],None,['Creature'],['Sliver'],Uncommon,PLST,1,1,None,Sliver creatures you control have deathtouch. (Any amount of damage a creature with deathtouch deals to a creature is enough to destroy it.)
"Yisan, the Wanderer Bard",3.0,['G'],['G'],['Legendary'],['Creature'],"['Human', 'Rogue', 'Bard']",Rare,PLST,2,3,None,"{2}{G}, {T}, Put a verse counter on Yisan, the Wanderer Bard: Search your library for a creature card with mana value equal to the number of verse counters on Yisan, put it onto the battlefield, then shuffle."
Sliver Hivelord,5.0,"['B', 'G', 'R', 'U', 'W']","['B', 'G', 'R', 'U', 'W']",['Legendary'],['Creature'],['Sliver'],Mythic,PLST,5,5,None,"Sliver creatures you control have indestructible. (Damage and effects that say ""destroy"" don't destroy them.)"
The Chain Veil,4.0,None,None,['Legendary'],['Artifact'],None,Mythic,PLST,None,None,None,"At the beginning of your end step, if you didn't activate a loyalty ability of a planeswalker this turn, you lose 2 life.\n{4}, {T}: For each planeswalker you control, you may activate one of its loyalty abilities once this turn as though none of its loyalty abilities have been activated this turn."
Hot Soup,1.0,None,None,None,['Artifact'],['Equipment'],Uncommon,PLST,None,None,None,"Equipped creature can't be blocked.\nWhenever equipped creature is dealt damage, destroy it.\nEquip {3} ({3}: Attach to target creature you control. Equip only as a sorcery.)"
Ornithopter,0.0,None,None,None,"['Artifact', 'Creature']",['Thopter'],Common,PLST,0,2,None,Flying
Prophetic Bolt,5.0,"['R', 'U']","['R', 'U']",None,['Instant'],None,Rare,PLST,None,None,None,Prophetic Bolt deals 4 damage to any target. Look at the top four cards of your library. Put one of those cards into your hand and the rest on the bottom of your library in any order.
Soul of New Phyrexia,6.0,None,None,None,"['Artifact', 'Creature']","['Phyrexian', 'Avatar']",Mythic,PLST,6,6,None,"Trample\n{5}: Permanents you control gain indestructible until end of turn.\n{5}, Exile Soul of New Phyrexia from your graveyard: Permanents you control gain indestructible until end of turn."
Treasury Thrull,6.0,"['B', 'W']","['B', 'W']",None,['Creature'],['Thrull'],Rare,PLST,4,4,None,"Extort (Whenever you cast a spell, you may pay {W/B}. If you do, each opponent loses 1 life and you gain that much life.)\nWhenever Treasury Thrull attacks, you may return target artifact, creature, or enchantment card from your graveyard to your hand."
Underworld Coinsmith,2.0,"['B', 'W']","['B', 'W']",None,"['Enchantment', 'Creature']","['Human', 'Cleric']",Uncommon,PLST,2,2,None,"Constellation — Whenever Underworld Coinsmith or another enchantment enters the battlefield under your control, you gain 1 life.\n{W}{B}, Pay 1 life: Each opponent loses 1 life."
Burnished Hart,3.0,None,None,None,"['Artifact', 'Creature']",['Elk'],Uncommon,PLST,2,2,None,"{3}, Sacrifice Burnished Hart: Search your library for up to two basic land cards, put them onto the battlefield tapped, then shuffle."
Crystal Chimes,3.0,None,None,None,['Artifact'],None,Uncommon,PLST,None,None,None,"{3}, {T}, Sacrifice Crystal Chimes: Return all enchantment cards from your graveyard to your hand."
Urza's Incubator,3.0,None,None,None,['Artifact'],None,Rare,PLST,None,None,None,"As Urza's Incubator enters the battlefield, choose a creature type.\nCreature spells of the chosen type cost {2} less to cast."
Executioner's Capsule,1.0,['B'],['B'],None,['Artifact'],None,Common,PLST,None,None,None,"{1}{B}, {T}, Sacrifice Executioner's Capsule: Destroy target nonblack creature."
Barkchannel Pathway // Tidechannel Pathway,0.0,None,"['G', 'U']",None,['Land'],None,Rare,PLST,None,None,None,{T}: Add {G}.
Wight of Precinct Six,2.0,['B'],['B'],None,['Creature'],['Zombie'],Uncommon,PLST,1,1,None,Wight of Precinct Six gets +1/+1 for each creature card in your opponents' graveyards.
"Slobad, Goblin Tinkerer",2.0,['R'],['R'],['Legendary'],['Creature'],"['Goblin', 'Artificer']",Rare,PLST,1,2,None,Sacrifice an artifact: Target artifact gains indestructible until end of turn.
Wheel of Fate,0.0,['R'],['R'],None,['Sorcery'],None,Rare,PLST,None,None,None,"Suspend 4—{1}{R} (Rather than cast this card from your hand, pay {1}{R} and exile it with four time counters on it. At the beginning of your upkeep, remove a time counter. When the last is removed, you may cast it without paying its mana cost.)\nEach player discards their hand, then draws seven cards."
Tempt with Discovery,4.0,['G'],['G'],None,['Sorcery'],None,Rare,PLST,None,None,None,"Tempting offer — Search your library for a land card and put it onto the battlefield. Each opponent may search their library for a land card and put it onto the battlefield. For each opponent who searches a library this way, search your library for a land card and put it onto the battlefield. Then each player who searched a library this way shuffles."
Abzan Charm,3.0,"['B', 'G', 'W']","['B', 'G', 'W']",None,['Instant'],None,Uncommon,PLST,None,None,None,Choose one —\n• Exile target creature with power 3 or greater.\n• You draw two cards and you lose 2 life.\n• Distribute two +1/+1 counters among one or two target creatures.
"Ghave, Guru of Spores",5.0,"['B', 'G', 'W']","['B', 'G', 'W']",['Legendary'],['Creature'],"['Fungus', 'Shaman']",Mythic,PLST,0,0,None,"Ghave, Guru of Spores enters the battlefield with five +1/+1 counters on it.\n{1}, Remove a +1/+1 counter from a creature you control: Create a 1/1 green Saproling creature token.\n{1}, Sacrifice a creature: Put a +1/+1 counter on target creature."
Naya Charm,3.0,"['G', 'R', 'W']","['G', 'R', 'W']",None,['Instant'],None,Uncommon,PLST,None,None,None,Choose one —\n• Naya Charm deals 3 damage to target creature.\n• Return target card from a graveyard to its owner's hand.\n• Tap all creatures target player controls.
Zhur-Taa Druid,2.0,"['G', 'R']","['G', 'R']",None,['Creature'],"['Human', 'Druid']",Common,PLST,1,1,None,"{T}: Add {G}.\nWhenever you tap Zhur-Taa Druid for mana, it deals 1 damage to each opponent."
Akroan Horse,4.0,None,None,None,"['Artifact', 'Creature']",['Horse'],Rare,PLST,0,4,None,"Defender\nWhen Akroan Horse enters the battlefield, an opponent gains control of it.\nAt the beginning of your upkeep, each opponent creates a 1/1 white Soldier creature token."
Thrummingbird,2.0,['U'],['U'],None,['Creature'],"['Phyrexian', 'Bird', 'Horror']",Uncommon,PLST,1,1,None,"Flying\nWhenever Thrummingbird deals combat damage to a player, proliferate. (Choose any number of permanents and/or players, then give each another counter of each kind already there.)"
Etched Oracle,4.0,None,None,None,"['Artifact', 'Creature']",['Wizard'],Uncommon,PLST,0,0,None,"Sunburst (This enters the battlefield with a +1/+1 counter on it for each color of mana spent to cast it.)\n{1}, Remove four +1/+1 counters from Etched Oracle: Target player draws three cards."
Gruul Signet,2.0,None,"['G', 'R']",None,['Artifact'],None,Common,PLST,None,None,None,"{1}, {T}: Add {R}{G}."
"Drana, Kalastria Bloodchief",5.0,['B'],['B'],['Legendary'],['Creature'],"['Vampire', 'Shaman']",Rare,PLST,4,4,None,"Flying\n{X}{B}{B}: Target creature gets -0/-X until end of turn and Drana, Kalastria Bloodchief gets +X/+0 until end of turn."
Go for the Throat,2.0,['B'],['B'],None,['Instant'],None,Uncommon,PLST,None,None,None,Destroy target nonartifact creature.
Cauldron Dance,6.0,"['B', 'R']","['B', 'R']",None,['Instant'],None,Uncommon,PLST,None,None,None,Cast this spell only during combat.\nReturn target creature card from your graveyard to the battlefield. That creature gains haste. Return it to your hand at the beginning of the next end step.\nYou may put a creature card from your hand onto the battlefield. That creature gains haste. Its controller sacrifices it at the beginning of the next end step.
"Crosis, the Purger",6.0,"['B', 'R', 'U']","['B', 'R', 'U']",['Legendary'],['Creature'],['Dragon'],Rare,PLST,6,6,None,"Flying\nWhenever Crosis, the Purger deals combat damage to a player, you may pay {2}{B}. If you do, choose a color, then that player reveals their hand and discards all cards of that color."
Crosis's Charm,3.0,"['B', 'R', 'U']","['B', 'R', 'U']",None,['Instant'],None,Uncommon,PLST,None,None,None,Choose one —\n• Return target permanent to its owner's hand.\n• Destroy target nonblack creature. It can't be regenerated.\n• Destroy target artifact.
"Nin, the Pain Artist",2.0,"['R', 'U']","['R', 'U']",['Legendary'],['Creature'],"['Vedalken', 'Wizard']",Rare,PLST,1,1,None,"{X}{U}{R}, {T}: Nin, the Pain Artist deals X damage to target creature. That creature's controller draws X cards."
Rain of Thorns,6.0,['G'],['G'],None,['Sorcery'],None,Uncommon,PLST,None,None,None,Choose one or more —\n• Destroy target artifact.\n• Destroy target enchantment.\n• Destroy target land.
Qasali Pridemage,2.0,"['G', 'W']","['G', 'W']",None,['Creature'],"['Cat', 'Wizard']",Common,PLST,2,2,None,"Exalted (Whenever a creature you control attacks alone, that creature gets +1/+1 until end of turn.)\n{1}, Sacrifice Qasali Pridemage: Destroy target artifact or enchantment."
Tithe Drinker,2.0,"['B', 'W']","['B', 'W']",None,['Creature'],['Vampire'],Common,PLST,2,1,None,"Lifelink (Damage dealt by this creature also causes you to gain that much life.)\nExtort (Whenever you cast a spell, you may pay {W/B}. If you do, each opponent loses 1 life and you gain that much life.)"
Armillary Sphere,2.0,None,None,None,['Artifact'],None,Common,PLST,None,None,None,"{2}, {T}, Sacrifice Armillary Sphere: Search your library for up to two basic land cards, reveal them, put them into your hand, then shuffle."
Fist of Suns,3.0,None,"['B', 'G', 'R', 'U', 'W']",None,['Artifact'],None,Rare,PLST,None,None,None,You may pay {W}{U}{B}{R}{G} rather than pay the mana cost for spells you cast.
Loxodon Warhammer,3.0,None,None,None,['Artifact'],['Equipment'],Uncommon,PLST,None,None,None,Equipped creature gets +3/+0 and has trample and lifelink.\nEquip {3}
Crumbling Necropolis,0.0,None,"['B', 'R', 'U']",None,['Land'],None,Uncommon,PLST,None,None,None,"Crumbling Necropolis enters the battlefield tapped.\n{T}: Add {U}, {B}, or {R}."
Graypelt Refuge,0.0,None,"['G', 'W']",None,['Land'],None,Uncommon,PLST,None,None,None,"Graypelt Refuge enters the battlefield tapped.\nWhen Graypelt Refuge enters the battlefield, you gain 1 life.\n{T}: Add {G} or {W}."
Orzhov Basilica,0.0,None,"['B', 'W']",None,['Land'],None,Common,PLST,None,None,None,"Orzhov Basilica enters the battlefield tapped.\nWhen Orzhov Basilica enters the battlefield, return a land you control to its owner's hand.\n{T}: Add {W}{B}."
Treasure Hunt,2.0,['U'],['U'],None,['Sorcery'],None,Common,PLST,None,None,None,"Reveal cards from the top of your library until you reveal a nonland card, then put all cards revealed this way into your hand."
Acidic Slime,5.0,['G'],['G'],None,['Creature'],['Ooze'],Uncommon,PLST,2,2,None,"Deathtouch (Any amount of damage this deals to a creature is enough to destroy it.)\nWhen Acidic Slime enters the battlefield, destroy target artifact, enchantment, or land."
Aura Gnarlid,3.0,['G'],['G'],None,['Creature'],['Beast'],Common,PLST,2,2,None,Creatures with power less than Aura Gnarlid's power can't block it.\nAura Gnarlid gets +1/+1 for each Aura on the battlefield.
Borderland Explorer,2.0,['G'],['G'],None,['Creature'],"['Elf', 'Scout']",Common,PLST,3,1,None,"When Borderland Explorer enters the battlefield, each player may discard a card. Each player who discarded a card this way may search their library for a basic land card, reveal it, put it into their hand, then shuffle."
Dawn's Reflection,4.0,['G'],['G'],None,['Enchantment'],['Aura'],Common,PLST,None,None,None,"Enchant land\nWhenever enchanted land is tapped for mana, its controller adds an additional two mana in any combination of colors."
Explosive Vegetation,4.0,['G'],['G'],None,['Sorcery'],None,Uncommon,PLST,None,None,None,"Search your library for up to two basic land cards, put them onto the battlefield tapped, then shuffle."
Fertile Ground,2.0,['G'],['G'],None,['Enchantment'],['Aura'],Common,PLST,None,None,None,"Enchant land\nWhenever enchanted land is tapped for mana, its controller adds an additional one mana of any color."
Grapple with the Past,2.0,['G'],['G'],None,['Instant'],None,Common,PLST,None,None,None,"Mill three cards, then you may return a creature or land card from your graveyard to your hand."
Harrow,3.0,['G'],['G'],None,['Instant'],None,Common,PLST,None,None,None,"As an additional cost to cast this spell, sacrifice a land.\nSearch your library for up to two basic land cards, put them onto the battlefield, then shuffle."
Khalni Heart Expedition,2.0,['G'],['G'],None,['Enchantment'],None,Common,PLST,None,None,None,"Landfall — Whenever a land enters the battlefield under your control, you may put a quest counter on Khalni Heart Expedition.\nRemove three quest counters from Khalni Heart Expedition and sacrifice it: Search your library for up to two basic land cards, put them onto the battlefield tapped, then shuffle."
Sakura-Tribe Elder,2.0,['G'],['G'],None,['Creature'],"['Snake', 'Shaman']",Common,PLST,1,1,None,"Sacrifice Sakura-Tribe Elder: Search your library for a basic land card, put that card onto the battlefield tapped, then shuffle."
Snake Umbra,3.0,['G'],['G'],None,['Enchantment'],['Aura'],Common,PLST,None,None,None,"Enchant creature\nEnchanted creature gets +1/+1 and has ""Whenever this creature deals damage to an opponent, you may draw a card.""\nTotem armor (If enchanted creature would be destroyed, instead remove all damage from it and destroy this Aura.)"
Spawning Grounds,8.0,['G'],['G'],None,['Enchantment'],['Aura'],Rare,PLST,None,None,None,"Enchant land\nEnchanted land has ""{T}: Create a 5/5 green Beast creature token with trample."""
Wild Growth,1.0,['G'],['G'],None,['Enchantment'],['Aura'],Common,PLST,None,None,None,"Enchant land\nWhenever enchanted land is tapped for mana, its controller adds an additional {G}."
Yavimaya Elder,3.0,['G'],['G'],None,['Creature'],"['Human', 'Druid']",Common,PLST,2,1,None,"When Yavimaya Elder dies, you may search your library for up to two basic land cards, reveal them, put them into your hand, then shuffle.\n{2}, Sacrifice Yavimaya Elder: Draw a card."
Deathreap Ritual,4.0,"['B', 'G']","['B', 'G']",None,['Enchantment'],None,Uncommon,PLST,None,None,None,"Morbid — At the beginning of each end step, if a creature died this turn, you may draw a card."
Esper Charm,3.0,"['B', 'U', 'W']","['B', 'U', 'W']",None,['Instant'],None,Uncommon,PLST,None,None,None,Choose one —\n• Destroy target enchantment.\n• Draw two cards.\n• Target player discards two cards.
Savage Twister,2.0,"['G', 'R']","['G', 'R']",None,['Sorcery'],None,Uncommon,PLST,None,None,None,Savage Twister deals X damage to each creature.
Unflinching Courage,3.0,"['G', 'W']","['G', 'W']",None,['Enchantment'],['Aura'],Uncommon,PLST,None,None,None,Enchant creature\nEnchanted creature gets +2/+2 and has trample and lifelink. (Damage dealt by a creature with lifelink also causes its controller to gain that much life.)
Crystal Ball,3.0,None,None,None,['Artifact'],None,Uncommon,PLST,None,None,None,"{1}, {T}: Scry 2. (Look at the top two cards of your library, then put any number of them on the bottom of your library and the rest on top in any order.)"
Arcane Sanctum,0.0,None,"['B', 'U', 'W']",None,['Land'],None,Uncommon,PLST,None,None,None,"Arcane Sanctum enters the battlefield tapped.\n{T}: Add {W}, {U}, or {B}."
Blossoming Sands,0.0,None,"['G', 'W']",None,['Land'],None,Common,PLST,None,None,None,"Blossoming Sands enters the battlefield tapped.\nWhen Blossoming Sands enters the battlefield, you gain 1 life.\n{T}: Add {G} or {W}."
Forgotten Cave,0.0,None,['R'],None,['Land'],None,Common,PLST,None,None,None,"Forgotten Cave enters the battlefield tapped.\n{T}: Add {R}.\nCycling {R} ({R}, Discard this card: Draw a card.)"
Kazandu Refuge,0.0,None,"['G', 'R']",None,['Land'],None,Uncommon,PLST,None,None,None,"Kazandu Refuge enters the battlefield tapped.\nWhen Kazandu Refuge enters the battlefield, you gain 1 life.\n{T}: Add {R} or {G}."
New Benalia,0.0,None,['W'],None,['Land'],None,Uncommon,PLST,None,None,None,"New Benalia enters the battlefield tapped.\nWhen New Benalia enters the battlefield, scry 1. (Look at the top card of your library. You may put that card on the bottom of your library.)\n{T}: Add {W}."
Scoured Barrens,0.0,None,"['B', 'W']",None,['Land'],None,Common,PLST,None,None,None,"Scoured Barrens enters the battlefield tapped.\nWhen Scoured Barrens enters the battlefield, you gain 1 life.\n{T}: Add {W} or {B}."
Sejiri Refuge,0.0,None,"['U', 'W']",None,['Land'],None,Uncommon,PLST,None,None,None,"Sejiri Refuge enters the battlefield tapped.\nWhen Sejiri Refuge enters the battlefield, you gain 1 life.\n{T}: Add {W} or {U}."
Swiftwater Cliffs,0.0,None,"['R', 'U']",None,['Land'],None,Common,PLST,None,None,None,"Swiftwater Cliffs enters the battlefield tapped.\nWhen Swiftwater Cliffs enters the battlefield, you gain 1 life.\n{T}: Add {U} or {R}."
Temple of the False God,0.0,None,None,None,['Land'],None,Uncommon,PLST,None,None,None,{T}: Add {C}{C}. Activate only if you control five or more lands.
Thornwood Falls,0.0,None,"['G', 'U']",None,['Land'],None,Common,PLST,None,None,None,"Thornwood Falls enters the battlefield tapped.\nWhen Thornwood Falls enters the battlefield, you gain 1 life.\n{T}: Add {G} or {U}."
Warped Landscape,0.0,None,None,None,['Land'],None,Common,PLST,None,None,None,"{T}: Add {C}.\n{2}, {T}, Sacrifice Warped Landscape: Search your library for a basic land card, put it onto the battlefield tapped, then shuffle."
Hired Blade,3.0,['B'],['B'],None,['Creature'],"['Human', 'Assassin']",Common,PLST,3,2,None,Flash (You may cast this spell any time you could cast an instant.)
Dark Withering,6.0,['B'],['B'],None,['Instant'],None,Common,PLST,None,None,None,"Destroy target nonblack creature.\nMadness {B} (If you discard this card, discard it into exile. When you do, cast it for its madness cost or put it into your graveyard.)"
Reassembling Skeleton,2.0,['B'],['B'],None,['Creature'],"['Skeleton', 'Warrior']",Uncommon,PLST,1,1,None,{1}{B}: Return Reassembling Skeleton from your graveyard to the battlefield tapped.
Skeleton Archer,4.0,['B'],['B'],None,['Creature'],"['Skeleton', 'Archer']",Common,PLST,3,3,None,"When Skeleton Archer enters the battlefield, it deals 1 damage to any target."
Stitcher's Supplier,1.0,['B'],['B'],None,['Creature'],['Zombie'],Uncommon,PLST,1,1,None,"When Stitcher's Supplier enters the battlefield or dies, mill three cards."
Walking Corpse,2.0,['B'],['B'],None,['Creature'],['Zombie'],Common,PLST,2,2,None,None
Alpine Moon,1.0,['R'],['R'],None,['Enchantment'],None,Rare,PLST,None,None,None,"As Alpine Moon enters the battlefield, choose a nonbasic land card name.\nLands your opponents control with the chosen name lose all land types and abilities, and they gain ""{T}: Add one mana of any color."""
Crash Through,1.0,['R'],['R'],None,['Sorcery'],None,Common,PLST,None,None,None,Creatures you control gain trample until end of turn. (A creature with trample can deal excess combat damage to the player or planeswalker it's attacking.)\nDraw a card.
Fire Elemental,5.0,['R'],['R'],None,['Creature'],['Elemental'],Common,PLST,5,4,None,None
Goblin Motivator,1.0,['R'],['R'],None,['Creature'],"['Goblin', 'Warrior']",Common,PLST,1,1,None,{T}: Target creature gains haste until end of turn. (It can attack and {T} this turn.)
Shock,1.0,['R'],['R'],None,['Instant'],None,Common,PLST,None,None,None,Shock deals 2 damage to any target.
Smelt,1.0,['R'],['R'],None,['Instant'],None,Common,PLST,None,None,None,Destroy target artifact.
Sparktongue Dragon,5.0,['R'],['R'],None,['Creature'],['Dragon'],Common,PLST,3,3,None,"Flying\nWhen Sparktongue Dragon enters the battlefield, you may pay {2}{R}. When you do, it deals 3 damage to any target."
Tectonic Rift,4.0,['R'],['R'],None,['Sorcery'],None,Uncommon,PLST,None,None,None,Destroy target land. Creatures without flying can't block this turn.
Volcanic Dragon,6.0,['R'],['R'],None,['Creature'],['Dragon'],Uncommon,PLST,4,4,None,"Flying, haste"
Blanchwood Armor,3.0,['G'],['G'],None,['Enchantment'],['Aura'],Uncommon,PLST,None,None,None,Enchant creature\nEnchanted creature gets +1/+1 for each Forest you control.
Bristling Boar,4.0,['G'],['G'],None,['Creature'],['Boar'],Common,PLST,4,3,None,Bristling Boar can't be blocked by more than one creature.
Centaur Courser,3.0,['G'],['G'],None,['Creature'],"['Centaur', 'Warrior']",Common,PLST,3,3,None,None
Daggerback Basilisk,3.0,['G'],['G'],None,['Creature'],['Basilisk'],Common,PLST,2,2,None,Deathtouch (Any amount of damage this deals to a creature is enough to destroy it.)
Gigantosaurus,5.0,['G'],['G'],None,['Creature'],['Dinosaur'],Rare,PLST,10,10,None,None
Greenwood Sentinel,2.0,['G'],['G'],None,['Creature'],"['Elf', 'Scout']",Common,PLST,2,2,None,Vigilance (Attacking doesn't cause this creature to tap.)
Naturalize,2.0,['G'],['G'],None,['Instant'],None,Common,PLST,None,None,None,Destroy target artifact or enchantment.
Talons of Wildwood,2.0,['G'],['G'],None,['Enchantment'],['Aura'],Common,PLST,None,None,None,Enchant creature\nEnchanted creature gets +1/+1 and has trample. (It can deal excess combat damage to the player or planeswalker it's attacking.)\n{2}{G}: Return Talons of Wildwood from your graveyard to your hand.
Thornhide Wolves,5.0,['G'],['G'],None,['Creature'],['Wolf'],Common,PLST,4,5,None,None
Titanic Growth,2.0,['G'],['G'],None,['Instant'],None,Common,PLST,None,None,None,Target creature gets +4/+4 until end of turn.
Vivien Reid,5.0,['G'],['G'],['Legendary'],['Planeswalker'],['Vivien'],Mythic,PLST,None,None,5,"[+1]: Look at the top four cards of your library. You may reveal a creature or land card from among them and put it into your hand. Put the rest on the bottom of your library in a random order.\n[−3]: Destroy target artifact, enchantment, or creature with flying.\n[−8]: You get an emblem with ""Creatures you control get +2/+2 and have vigilance, trample, and indestructible."""
"Arcades, the Strategist",4.0,"['G', 'U', 'W']","['G', 'U', 'W']",['Legendary'],['Creature'],"['Elder', 'Dragon']",Mythic,PLST,3,5,None,"Flying, vigilance\nWhenever a creature with defender enters the battlefield under your control, draw a card.\nEach creature you control with defender assigns combat damage equal to its toughness rather than its power and can attack as though it didn't have defender."
Draconic Disciple,3.0,"['G', 'R']","['G', 'R']",None,['Creature'],"['Human', 'Shaman']",Uncommon,PLST,2,2,None,"{T}: Add one mana of any color.\n{7}, {T}, Sacrifice Draconic Disciple: Create a 5/5 red Dragon creature token with flying."
Mimic Vat,3.0,None,None,None,['Artifact'],None,Rare,PLST,None,None,None,"Imprint — Whenever a nontoken creature dies, you may exile that card. If you do, return each other card exiled with Mimic Vat to its owner's graveyard.\n{3}, {T}: Create a token that's a copy of a card exiled with Mimic Vat. It gains haste. Exile it at the beginning of the next end step."
Satyr Enchanter,3.0,"['G', 'W']","['G', 'W']",None,['Creature'],"['Satyr', 'Druid']",Uncommon,PLST,2,2,None,"Whenever you cast an enchantment spell, draw a card."
"Vaevictis Asmadi, the Dire",6.0,"['B', 'G', 'R']","['B', 'G', 'R']",['Legendary'],['Creature'],"['Elder', 'Dragon']",Mythic,PLST,6,6,None,"Flying\nWhenever Vaevictis Asmadi, the Dire attacks, for each player, choose target permanent that player controls. Those players sacrifice those permanents. Each player who sacrificed a permanent this way reveals the top card of their library, then puts it onto the battlefield if it's a permanent card."
Diamond Mare,2.0,None,None,None,"['Artifact', 'Creature']",['Horse'],Uncommon,PLST,1,3,None,"As Diamond Mare enters the battlefield, choose a color.\nWhenever you cast a spell of the chosen color, you gain 1 life."
Fountain of Renewal,1.0,None,None,None,['Artifact'],None,Uncommon,PLST,None,None,None,"At the beginning of your upkeep, you gain 1 life.\n{3}, Sacrifice Fountain of Renewal: Draw a card."
Meteor Golem,7.0,None,None,None,"['Artifact', 'Creature']",['Golem'],Uncommon,PLST,3,3,None,"When Meteor Golem enters the battlefield, destroy target nonland permanent an opponent controls."
Skyscanner,3.0,None,None,None,"['Artifact', 'Creature']",['Thopter'],Common,PLST,1,1,None,"Flying\nWhen Skyscanner enters the battlefield, draw a card."
Suspicious Bookcase,2.0,None,None,None,"['Artifact', 'Creature']",['Wall'],Uncommon,PLST,0,4,None,"Defender\n{3}, {T}: Target creature can't be blocked this turn."
Transmogrifying Wand,3.0,None,None,None,['Artifact'],None,Rare,PLST,None,None,None,"Transmogrifying Wand enters the battlefield with three charge counters on it.\n{1}, {T}, Remove a charge counter from Transmogrifying Wand: Destroy target creature. Its controller creates a 2/4 white Ox creature token. Activate only as a sorcery."
Reliquary Tower,0.0,None,None,None,['Land'],None,Uncommon,PLST,None,None,None,You have no maximum hand size.\n{T}: Add {C}.
"Rix Maadi, Dungeon Palace",0.0,None,"['B', 'R']",None,['Land'],None,Uncommon,PLST,None,None,None,"{T}: Add {C}.\n{1}{B}{R}, {T}: Each player discards a card. Activate only as a sorcery."
Rotting Regisaur,3.0,['B'],['B'],None,['Creature'],"['Zombie', 'Dinosaur']",Rare,PLST,7,6,None,"At the beginning of your upkeep, discard a card."
Marauding Raptor,2.0,['R'],['R'],None,['Creature'],['Dinosaur'],Rare,PLST,2,3,None,"Creature spells you cast cost {1} less to cast.\nWhenever another creature enters the battlefield under your control, Marauding Raptor deals 2 damage to it. If a Dinosaur is dealt damage this way, Marauding Raptor gets +2/+0 until end of turn."
Befuddle,3.0,['U'],['U'],None,['Instant'],None,Common,PLST,None,None,None,Target creature gets -4/-0 until end of turn.\nDraw a card.
Cavalier of Thorns,5.0,['G'],['G'],None,['Creature'],"['Elemental', 'Knight']",Mythic,PLST,5,6,None,"Reach\nWhen Cavalier of Thorns enters the battlefield, reveal the top five cards of your library. Put a land card from among them onto the battlefield and the rest into your graveyard.\nWhen Cavalier of Thorns dies, you may exile it. If you do, put another target card from your graveyard on top of your library."
Murder,3.0,['B'],['B'],None,['Instant'],None,Common,PLST,None,None,None,Destroy target creature.
Skullwinder,3.0,['G'],['G'],None,['Creature'],['Snake'],Uncommon,PLST,1,3,None,"Deathtouch\nWhen Skullwinder enters the battlefield, return target card from your graveyard to your hand, then choose an opponent. That player returns a card from their graveyard to their hand."
Veil of Summer,1.0,['G'],['G'],None,['Instant'],None,Uncommon,PLST,None,None,None,Draw a card if an opponent has cast a blue or black spell this turn. Spells you control can't be countered this turn. You and permanents you control gain hexproof from blue and from black until end of turn. (You and they can't be the targets of blue or black spells or abilities your opponents control.)
Empyrean Eagle,3.0,"['U', 'W']","['U', 'W']",None,['Creature'],"['Bird', 'Spirit']",Uncommon,PLST,2,3,None,Flying\nOther creatures you control with flying get +1/+1.
Moldervine Reclamation,5.0,"['B', 'G']","['B', 'G']",None,['Enchantment'],None,Uncommon,PLST,None,None,None,"Whenever a creature you control dies, you gain 1 life and draw a card."
The Locust God,6.0,"['R', 'U']","['R', 'U']",['Legendary'],['Creature'],['God'],Mythic,PLST,4,4,None,"Flying\nWhenever you draw a card, create a 1/1 blue and red Insect creature token with flying and haste.\n{2}{U}{R}: Draw a card, then discard a card.\nWhen The Locust God dies, return it to its owner's hand at the beginning of the next end step."
Desolate Lighthouse,0.0,None,"['R', 'U']",None,['Land'],None,Rare,PLST,None,None,None,"{T}: Add {C}.\n{1}{U}{R}, {T}: Draw a card, then discard a card."
Risen Reef,3.0,"['G', 'U']","['G', 'U']",None,['Creature'],['Elemental'],Uncommon,PLST,1,1,None,"Whenever Risen Reef or another Elemental enters the battlefield under your control, look at the top card of your library. If it's a land card, you may put it onto the battlefield tapped. If you don't put the card onto the battlefield, put it into your hand."
Llanowar Elves,1.0,['G'],['G'],None,['Creature'],"['Elf', 'Druid']",Common,PLST,1,1,None,{T}: Add {G}.
Twinblade Paladin,4.0,['W'],['W'],None,['Creature'],"['Human', 'Knight']",Uncommon,PLST,3,3,None,"Whenever you gain life, put a +1/+1 counter on Twinblade Paladin.\nAs long as you have 25 or more life, Twinblade Paladin has double strike. (It deals both first-strike and regular combat damage.)"
Spinerock Knoll,0.0,None,['R'],None,['Land'],None,Rare,PLST,None,None,None,"Hideaway 4 (When this land enters the battlefield, look at the top four cards of your library, exile one face down, then put the rest on the bottom in a random order.)\nSpinerock Knoll enters the battlefield tapped.\n{T}: Add {R}.\n{R}, {T}: You may play the exiled card without paying its mana cost if an opponent was dealt 7 or more damage this turn."
Ponder,1.0,['U'],['U'],None,['Sorcery'],None,Common,PLST,None,None,None,"Look at the top three cards of your library, then put them back in any order. You may shuffle.\nDraw a card."
Serum Visions,1.0,['U'],['U'],None,['Sorcery'],None,Uncommon,PLST,None,None,None,Draw a card. Scry 2.
Feldon of the Third Path,3.0,['R'],['R'],['Legendary'],['Creature'],"['Human', 'Artificer']",Mythic,PLST,2,3,None,"{2}{R}, {T}: Create a token that's a copy of target creature card in your graveyard, except it's an artifact in addition to its other types. It gains haste. Sacrifice it at the beginning of the next end step."
Feline Sovereign,3.0,['G'],['G'],None,['Creature'],['Cat'],Rare,PLST,2,3,None,"Other Cats you control get +1/+1 and have protection from Dogs.\nWhenever one or more Cats you control deal combat damage to a player, destroy up to one target artifact or enchantment that player controls."
"Jolrael, Mwonvuli Recluse",2.0,['G'],['G'],['Legendary'],['Creature'],"['Human', 'Druid']",Rare,PLST,1,2,None,"Whenever you draw your second card each turn, create a 2/2 green Cat creature token.\n{4}{G}{G}: Until end of turn, creatures you control have base power and toughness X/X, where X is the number of cards in your hand."
Gluttonous Troll,4.0,"['B', 'G']","['B', 'G']",None,['Creature'],['Troll'],Rare,PLST,3,3,None,"Trample\nWhen Gluttonous Troll enters the battlefield, create a number of Food tokens equal to the number of opponents you have. (Food tokens are artifacts with ""{2}, {T}, Sacrifice this artifact: You gain 3 life."")\n{1}{G}, Sacrifice another nonland permanent: Gluttonous Troll gets +2/+2 until end of turn."
"Kaseto, Orochi Archmage",3.0,"['G', 'U']","['G', 'U']",['Legendary'],['Creature'],"['Snake', 'Wizard']",Mythic,PLST,2,2,None,"{G}{U}: Target creature can't be blocked this turn. If that creature is a Snake, it gets +2/+2 until end of turn."
Obsessive Stitcher,3.0,"['B', 'U']","['B', 'U']",None,['Creature'],"['Human', 'Wizard']",Uncommon,PLST,0,3,None,"{T}: Draw a card, then discard a card.\n{2}{U}{B}, {T}, Sacrifice Obsessive Stitcher: Return target creature card from your graveyard to the battlefield."
Mazemind Tome,2.0,None,None,None,['Artifact'],None,Rare,PLST,None,None,None,"{T}, Put a page counter on Mazemind Tome: Scry 1.\n{2}, {T}, Put a page counter on Mazemind Tome: Draw a card.\nWhen there are four or more page counters on Mazemind Tome, exile it. If you do, you gain 4 life."
Animal Sanctuary,0.0,None,None,None,['Land'],None,Rare,PLST,None,None,None,"{T}: Add {C}.\n{2}, {T}: Put a +1/+1 counter on target Bird, Cat, Dog, Goat, Ox, or Snake."
Temple of Epiphany,0.0,None,"['R', 'U']",None,['Land'],None,Rare,PLST,None,None,None,"Temple of Epiphany enters the battlefield tapped.\nWhen Temple of Epiphany enters the battlefield, scry 1.\n{T}: Add {U} or {R}."
Talisman of Creativity,2.0,None,"['R', 'U']",None,['Artifact'],None,Uncommon,PLST,None,None,None,{T}: Add {C}.\n{T}: Add {U} or {R}. Talisman of Creativity deals 1 damage to you.
Liliana's Devotee,3.0,['B'],['B'],None,['Creature'],"['Human', 'Warlock']",Uncommon,PLST,2,3,None,"Zombies you control get +1/+0.\nAt the beginning of your end step, if a creature died this turn, you may pay {1}{B}. If you do, create a 2/2 black Zombie creature token."
Shivan Reef,0.0,None,"['R', 'U']",None,['Land'],None,Rare,PLST,None,None,None,{T}: Add {C}.\n{T}: Add {U} or {R}. Shivan Reef deals 1 damage to you.
Dockside Extortionist,2.0,['R'],['R'],None,['Creature'],"['Goblin', 'Pirate']",Mythic,PLST,1,2,None,"When Dockside Extortionist enters the battlefield, create X Treasure tokens, where X is the number of artifacts and enchantments your opponents control. (Treasure tokens are artifacts with ""{T}, Sacrifice this artifact: Add one mana of any color."")"
"Aminatou, the Fateshifter",3.0,"['B', 'U', 'W']","['B', 'U', 'W']",['Legendary'],['Planeswalker'],['Aminatou'],Mythic,PLST,None,None,3,"[+1]: Draw a card, then put a card from your hand on top of your library.\n[−1]: Exile another target permanent you own, then return it to the battlefield under your control.\n[−6]: Choose left or right. Each player gains control of all nonland permanents other than Aminatou, the Fateshifter controlled by the next player in the chosen direction.\nAminatou, the Fateshifter can be your commander."
Phyrexian Obliterator,4.0,['B'],['B'],None,['Creature'],"['Phyrexian', 'Horror']",Mythic,PLST,5,5,None,"Trample\nWhenever a source deals damage to Phyrexian Obliterator, that source's controller sacrifices that many permanents."
Street Wraith,5.0,['B'],['B'],None,['Creature'],['Wraith'],Uncommon,PLST,3,4,None,"Swampwalk (This creature can't be blocked as long as defending player controls a Swamp.)\nCycling—Pay 2 life. (Pay 2 life, Discard this card: Draw a card.)"
Vampire Lacerator,1.0,['B'],['B'],None,['Creature'],"['Vampire', 'Warrior']",Common,PLST,2,2,None,"At the beginning of your upkeep, you lose 1 life unless an opponent has 10 or less life."
Will-o'-the-Wisp,1.0,['B'],['B'],None,['Creature'],['Spirit'],Uncommon,PLST,0,1,None,"Flying (This creature can't be blocked except by creatures with flying or reach.)\n{B}: Regenerate Will-o'-the-Wisp. (The next time this creature would be destroyed this turn, it isn't. Instead tap it, remove all damage from it, and remove it from combat.)"
Balduvian Horde,4.0,['R'],['R'],None,['Creature'],"['Human', 'Barbarian']",Common,PLST,5,5,None,"When Balduvian Horde enters the battlefield, sacrifice it unless you discard a card at random."
Blood Moon,3.0,['R'],['R'],None,['Enchantment'],None,Rare,PLST,None,None,None,Nonbasic lands are Mountains.
Browbeat,3.0,['R'],['R'],None,['Sorcery'],None,Uncommon,PLST,None,None,None,"Any player may have Browbeat deal 5 damage to them. If no one does, target player draws three cards."
Chartooth Cougar,6.0,['R'],['R'],None,['Creature'],"['Cat', 'Beast']",Common,PLST,4,4,None,"{R}: Chartooth Cougar gets +1/+0 until end of turn.\nMountaincycling {2} ({2}, Discard this card: Search your library for a Mountain card, reveal it, put it into your hand, then shuffle.)"
Genju of the Spires,1.0,['R'],['R'],None,['Enchantment'],['Aura'],Uncommon,PLST,None,None,None,"Enchant Mountain\n{2}: Enchanted Mountain becomes a 6/1 red Spirit creature until end of turn. It's still a land.\nWhen enchanted Mountain is put into a graveyard, you may return Genju of the Spires from your graveyard to your hand."
Jackal Pup,1.0,['R'],['R'],None,['Creature'],['Jackal'],Common,PLST,2,1,None,"Whenever Jackal Pup is dealt damage, it deals that much damage to you."
Pillage,3.0,['R'],['R'],None,['Sorcery'],None,Common,PLST,None,None,None,Destroy target artifact or land. It can't be regenerated.
Skirk Commando,3.0,['R'],['R'],None,['Creature'],['Goblin'],Common,PLST,2,1,None,"Whenever Skirk Commando deals combat damage to a player, you may have it deal 2 damage to target creature that player controls.\nMorph {2}{R} (You may cast this card face down as a 2/2 creature for {3}. Turn it face up any time for its morph cost.)"
Spikeshot Goblin,3.0,['R'],['R'],None,['Creature'],"['Goblin', 'Shaman']",Uncommon,PLST,1,2,None,"{R}, {T}: Spikeshot Goblin deals damage equal to its power to any target."
Uncaged Fury,3.0,['R'],['R'],None,['Instant'],None,Common,PLST,None,None,None,Target creature gets +1/+1 and gains double strike until end of turn. (It deals both first-strike and regular combat damage.)
Ambassador Oak,4.0,['G'],['G'],None,['Creature'],"['Treefolk', 'Warrior']",Common,PLST,3,3,None,"When Ambassador Oak enters the battlefield, create a 1/1 green Elf Warrior creature token."
Ancient Stirrings,1.0,['G'],['G'],None,['Sorcery'],None,Uncommon,PLST,None,None,None,Look at the top five cards of your library. You may reveal a colorless card from among them and put it into your hand. Then put the rest on the bottom of your library in any order.
Arbor Elf,1.0,['G'],['G'],None,['Creature'],"['Elf', 'Druid']",Common,PLST,1,1,None,{T}: Untap target Forest.
Courser of Kruphix,3.0,['G'],['G'],None,"['Enchantment', 'Creature']",['Centaur'],Rare,PLST,2,4,None,"Play with the top card of your library revealed.\nYou may play lands from the top of your library.\nLandfall — Whenever a land enters the battlefield under your control, you gain 1 life."
Ember Weaver,3.0,['G'],['G'],None,['Creature'],['Spider'],Common,PLST,2,3,None,"Reach (This creature can block creatures with flying.)\nAs long as you control a red permanent, Ember Weaver gets +1/+0 and has first strike."
Invigorate,3.0,['G'],['G'],None,['Instant'],None,Uncommon,PLST,None,None,None,"If you control a Forest, rather than pay this spell's mana cost, you may have an opponent gain 3 life.\nTarget creature gets +4/+4 until end of turn."
Kavu Climber,5.0,['G'],['G'],None,['Creature'],['Kavu'],Common,PLST,3,3,None,"When Kavu Climber enters the battlefield, draw a card."
Master of the Wild Hunt,4.0,['G'],['G'],None,['Creature'],"['Human', 'Shaman']",Mythic,PLST,3,3,None,"At the beginning of your upkeep, create a 2/2 green Wolf creature token.\n{T}: Tap all untapped Wolf creatures you control. Each Wolf tapped this way deals damage equal to its power to target creature. That creature deals damage equal to its power divided as its controller chooses among any number of those Wolves."
Nettle Sentinel,1.0,['G'],['G'],None,['Creature'],"['Elf', 'Warrior']",Common,PLST,2,2,None,"Nettle Sentinel doesn't untap during your untap step.\nWhenever you cast a green spell, you may untap Nettle Sentinel."
Rancor,1.0,['G'],['G'],None,['Enchantment'],['Aura'],Uncommon,PLST,None,None,None,"Enchant creature\nEnchanted creature gets +2/+0 and has trample.\nWhen Rancor is put into a graveyard from the battlefield, return Rancor to its owner's hand."
Regrowth,2.0,['G'],['G'],None,['Sorcery'],None,Uncommon,PLST,None,None,None,Return target card from your graveyard to your hand.
"Animar, Soul of Elements",3.0,"['G', 'R', 'U']","['G', 'R', 'U']",['Legendary'],['Creature'],['Elemental'],Mythic,PLST,1,1,None,"Protection from white and from black\nWhenever you cast a creature spell, put a +1/+1 counter on Animar, Soul of Elements.\nCreature spells you cast cost {1} less to cast for each +1/+1 counter on Animar."
Baloth Null,6.0,"['B', 'G']","['B', 'G']",None,['Creature'],"['Zombie', 'Beast']",Uncommon,PLST,4,5,None,"When Baloth Null enters the battlefield, return up to two target creature cards from your graveyard to your hand."
Blightning,3.0,"['B', 'R']","['B', 'R']",None,['Sorcery'],None,Uncommon,PLST,None,None,None,Blightning deals 3 damage to target player or planeswalker. That player or that planeswalker's controller discards two cards.
"Grenzo, Dungeon Warden",2.0,"['B', 'R']","['B', 'R']",['Legendary'],['Creature'],"['Goblin', 'Rogue']",Rare,PLST,2,2,None,"Grenzo, Dungeon Warden enters the battlefield with X +1/+1 counters on it.\n{2}: Put the bottom card of your library into your graveyard. If it's a creature card with power less than or equal to Grenzo's power, put it onto the battlefield."
Nicol Bolas,8.0,"['B', 'R', 'U']","['B', 'R', 'U']",['Legendary'],['Creature'],"['Elder', 'Dragon']",Rare,PLST,7,7,None,"Flying\nAt the beginning of your upkeep, sacrifice Nicol Bolas unless you pay {U}{B}{R}.\nWhenever Nicol Bolas deals damage to an opponent, that player discards their hand."
Pillory of the Sleepless,3.0,"['B', 'W']","['B', 'W']",None,['Enchantment'],['Aura'],Uncommon,PLST,None,None,None,"Enchant creature\nEnchanted creature can't attack or block.\nEnchanted creature has ""At the beginning of your upkeep, you lose 1 life."""
"Prossh, Skyraider of Kher",6.0,"['B', 'G', 'R']","['B', 'G', 'R']",['Legendary'],['Creature'],['Dragon'],Mythic,PLST,5,5,None,"When you cast this spell, create X 0/1 red Kobold creature tokens named Kobolds of Kher Keep, where X is the amount of mana spent to cast it.\nFlying\nSacrifice another creature: Prossh, Skyraider of Kher gets +1/+0 until end of turn."
Heavy Arbalest,3.0,None,None,None,['Artifact'],['Equipment'],Uncommon,PLST,None,None,None,"Equipped creature doesn't untap during its controller's untap step.\nEquipped creature has ""{T}: This creature deals 2 damage to any target.""\nEquip {4}"
Perilous Myr,2.0,None,None,None,"['Artifact', 'Creature']","['Phyrexian', 'Myr']",Uncommon,PLST,1,1,None,"When Perilous Myr dies, it deals 2 damage to any target."
Prophetic Prism,2.0,None,None,None,['Artifact'],None,Common,PLST,None,None,None,"When Prophetic Prism enters the battlefield, draw a card.\n{1}, {T}: Add one mana of any color."
Zoetic Cavern,0.0,None,None,None,['Land'],None,Uncommon,PLST,None,None,None,{T}: Add {C}.\nMorph {2} (You may cast this card face down as a 2/2 creature for {3}. Turn it face up any time for its morph cost.)
Riftsweeper,2.0,['G'],['G'],None,['Creature'],"['Elf', 'Shaman']",Uncommon,PLST,2,2,None,"When Riftsweeper enters the battlefield, choose target face-up exiled card. Its owner shuffles it into their library."
Command Beacon,0.0,None,None,None,['Land'],None,Rare,PLST,None,None,None,"{T}: Add {C}.\n{T}, Sacrifice Command Beacon: Put your commander into your hand from the command zone."
Crystal Shard,3.0,None,['U'],None,['Artifact'],None,Uncommon,PLST,None,None,None,"{3}, {T} or {U}, {T}: Return target creature to its owner's hand unless its controller pays {1}."
Glacial Crasher,6.0,['U'],['U'],None,['Creature'],['Elemental'],Common,PLST,5,5,None,Trample (This creature can deal excess combat damage to the player or planeswalker it's attacking.)\nGlacial Crasher can't attack unless there is a Mountain on the battlefield.
Sadistic Hypnotist,5.0,['B'],['B'],None,['Creature'],"['Human', 'Minion']",Uncommon,PLST,2,2,None,Sacrifice a creature: Target player discards two cards. Activate only as a sorcery.
Necrotic Sliver,3.0,"['B', 'W']","['B', 'W']",None,['Creature'],['Sliver'],Uncommon,PLST,2,2,None,"All Slivers have ""{3}, Sacrifice this permanent: Destroy target permanent."""
Aura of Silence,3.0,['W'],['W'],None,['Enchantment'],None,Uncommon,PLST,None,None,None,Artifact and enchantment spells your opponents cast cost {2} more to cast.\nSacrifice Aura of Silence: Destroy target artifact or enchantment.
Thran Forge,3.0,None,None,None,['Artifact'],None,Uncommon,PLST,None,None,None,"{2}: Until end of turn, target nonartifact creature gets +1/+0 and becomes an artifact in addition to its other types."
Invisibility,2.0,['U'],['U'],None,['Enchantment'],['Aura'],Common,PLST,None,None,None,Enchant creature\nEnchanted creature can't be blocked except by Walls.
Dawnglare Invoker,3.0,['W'],['W'],None,['Creature'],"['Kor', 'Wizard']",Common,PLST,2,1,None,Flying\n{8}: Tap all creatures target player controls.
Sudden Demise,1.0,['R'],['R'],None,['Sorcery'],None,Rare,PLST,None,None,None,Choose a color. Sudden Demise deals X damage to each creature of the chosen color.
Ghostblade Eidolon,3.0,['W'],['W'],None,"['Enchantment', 'Creature']",['Spirit'],Uncommon,PLST,1,1,None,"Bestow {5}{W} (If you cast this card for its bestow cost, it's an Aura spell with enchant creature. It becomes a creature again if it's not attached to a creature.)\nDouble strike (This creature deals both first-strike and regular combat damage.)\nEnchanted creature gets +1/+1 and has double strike."
Valakut Predator,3.0,['R'],['R'],None,['Creature'],['Elemental'],Common,PLST,2,2,None,"Landfall — Whenever a land enters the battlefield under your control, Valakut Predator gets +2/+2 until end of turn."
Mind Sculpt,2.0,['U'],['U'],None,['Sorcery'],None,Common,PLST,None,None,None,Target opponent mills seven cards.
Shuriken,1.0,None,None,None,['Artifact'],['Equipment'],Uncommon,PLST,None,None,None,"Equipped creature has ""{T}, Unattach Shuriken: Shuriken deals 2 damage to target creature. That creature's controller gains control of Shuriken unless it was unattached from a Ninja.""\nEquip {2} ({2}: Attach to target creature you control. Equip only as a sorcery.)"
Accursed Spirit,4.0,['B'],['B'],None,['Creature'],['Spirit'],Common,PLST,3,2,None,Intimidate (This creature can't be blocked except by artifact creatures and/or creatures that share a color with it.)
Brothers Yamazaki,3.0,['R'],['R'],['Legendary'],['Creature'],"['Human', 'Samurai']",Uncommon,PLST,2,1,None,"Bushido 1 (Whenever this creature blocks or becomes blocked, it gets +1/+1 until end of turn.)\nIf there are exactly two permanents named Brothers Yamazaki on the battlefield, the ""legend rule"" doesn't apply to them.\nEach other creature named Brothers Yamazaki gets +2/+2 and has haste."
Black Cat,2.0,['B'],['B'],None,['Creature'],"['Zombie', 'Cat']",Common,PLST,1,1,None,"When Black Cat dies, target opponent discards a card at random."
Summit Prowler,4.0,['R'],['R'],None,['Creature'],['Yeti'],Common,PLST,4,3,None,None
Covenant of Blood,7.0,['B'],['B'],None,['Sorcery'],None,Common,PLST,None,None,None,Convoke (Your creatures can help cast this spell. Each creature you tap while casting this spell pays for {1} or one mana of that creature's color.)\nCovenant of Blood deals 4 damage to any target and you gain 4 life.
Cloud Key,3.0,None,None,None,['Artifact'],None,Rare,PLST,None,None,None,"As Cloud Key enters the battlefield, choose artifact, creature, enchantment, instant, or sorcery.\nSpells you cast of the chosen type cost {1} less to cast."
Crippling Blight,1.0,['B'],['B'],None,['Enchantment'],['Aura'],Common,PLST,None,None,None,Enchant creature\nEnchanted creature gets -1/-1 and can't block.
Durkwood Baloth,6.0,['G'],['G'],None,['Creature'],['Beast'],Common,PLST,5,5,None,"Suspend 5—{G} (Rather than cast this card from your hand, you may pay {G} and exile it with five time counters on it. At the beginning of your upkeep, remove a time counter. When the last is removed, you may cast it without paying its mana cost. It has haste.)"
Endless Obedience,6.0,['B'],['B'],None,['Sorcery'],None,Uncommon,PLST,None,None,None,Convoke (Your creatures can help cast this spell. Each creature you tap while casting this spell pays for {1} or one mana of that creature's color.)\nPut target creature card from a graveyard onto the battlefield under your control.
Larger Than Life,2.0,['G'],['G'],None,['Sorcery'],None,Common,PLST,None,None,None,Target creature gets +4/+4 and gains trample until end of turn.
Treacherous Terrain,8.0,"['G', 'R']","['G', 'R']",None,['Sorcery'],None,Uncommon,PLST,None,None,None,"Treacherous Terrain deals damage to each opponent equal to the number of lands that player controls.\nBasic landcycling {2} ({2}, Discard this card: Search your library for a basic land card, reveal it, put it into your hand, then shuffle.)"
Weapons Trainer,2.0,"['R', 'W']","['R', 'W']",None,['Creature'],"['Human', 'Soldier', 'Ally']",Uncommon,PLST,3,2,None,Other creatures you control get +1/+0 as long as you control an Equipment.
Boompile,4.0,None,None,None,['Artifact'],None,Rare,PLST,None,None,None,"{T}: Flip a coin. If you win the flip, destroy all nonland permanents."
Spined Fluke,3.0,['B'],['B'],None,['Creature'],"['Worm', 'Horror']",Uncommon,PLST,5,1,None,"When Spined Fluke enters the battlefield, sacrifice a creature.\n{B}: Regenerate Spined Fluke."
Crystalline Crawler,4.0,None,None,None,"['Artifact', 'Creature']",['Construct'],Rare,PLST,1,1,None,Converge — Crystalline Crawler enters the battlefield with a +1/+1 counter on it for each color of mana spent to cast it.\nRemove a +1/+1 counter from Crystalline Crawler: Add one mana of any color.\n{T}: Put a +1/+1 counter on Crystalline Crawler.
Rummaging Goblin,3.0,['R'],['R'],None,['Creature'],"['Goblin', 'Rogue']",Common,PLST,1,1,None,"{T}, Discard a card: Draw a card."
Prismatic Geoscope,5.0,None,None,None,['Artifact'],None,Rare,PLST,None,None,None,"Prismatic Geoscope enters the battlefield tapped.\nDomain — {T}: Add X mana in any combination of colors, where X is the number of basic land types among lands you control."
"Journey to Eternity // Atzal, Cave of Eternity",3.0,"['B', 'G']","['B', 'G']",['Legendary'],['Enchantment'],['Aura'],Rare,PLST,None,None,None,"Enchant creature you control\nWhen enchanted creature dies, return it to the battlefield under your control, then return Journey to Eternity to the battlefield transformed under your control."
Sanctum Gargoyle,4.0,['W'],['W'],None,"['Artifact', 'Creature']",['Gargoyle'],Common,PLST,2,3,None,"Flying\nWhen Sanctum Gargoyle enters the battlefield, you may return target artifact card from your graveyard to your hand."
Irontread Crusher,4.0,None,None,None,['Artifact'],['Vehicle'],Common,PLST,6,6,None,Crew 3 (Tap any number of creatures you control with total power 3 or more: This Vehicle becomes an artifact creature until end of turn.)
Propaganda,3.0,['U'],['U'],None,['Enchantment'],None,Uncommon,PLST,None,None,None,Creatures can't attack you unless their controller pays {2} for each creature they control that's attacking you.
Rust Monster,3.0,['R'],['R'],None,['Creature'],['Beast'],Uncommon,PLST,2,1,None,First strike\nSacrifice an artifact: Rust Monster gets +2/+0 until end of turn.
Kindred Discovery,5.0,['U'],['U'],None,['Enchantment'],None,Rare,PLST,None,None,None,"As Kindred Discovery enters the battlefield, choose a creature type.\nWhenever a creature you control of the chosen type enters the battlefield or attacks, draw a card."
Echoing Courage,2.0,['G'],['G'],None,['Instant'],None,Common,PLST,None,None,None,Target creature and all other creatures with the same name as that creature get +2/+2 until end of turn.
Nightmare,6.0,['B'],['B'],None,['Creature'],"['Nightmare', 'Horse']",Rare,PLST,*,*,None,Flying (This creature can't be blocked except by creatures with flying or reach.)\nNightmare's power and toughness are each equal to the number of Swamps you control.
Gaea's Blessing,2.0,['G'],['G'],None,['Sorcery'],None,Uncommon,PLST,None,None,None,"Target player shuffles up to three target cards from their graveyard into their library.\nDraw a card.\nWhen Gaea's Blessing is put into your graveyard from your library, shuffle your graveyard into your library."
Sengir Vampire,5.0,['B'],['B'],None,['Creature'],['Vampire'],Uncommon,PLST,4,4,None,"Flying (This creature can't be blocked except by creatures with flying or reach.)\nWhenever a creature dealt damage by Sengir Vampire this turn dies, put a +1/+1 counter on Sengir Vampire."
Hamlet Captain,2.0,['G'],['G'],None,['Creature'],"['Human', 'Warrior']",Uncommon,PLST,2,2,None,"Whenever Hamlet Captain attacks or blocks, other Humans you control get +1/+1 until end of turn."
Falkenrath Reaver,2.0,['R'],['R'],None,['Creature'],['Vampire'],Common,PLST,2,2,None,None
Coalition Relic,3.0,None,None,None,['Artifact'],None,Rare,PLST,None,None,None,"{T}: Add one mana of any color.\n{T}: Put a charge counter on Coalition Relic.\nAt the beginning of your precombat main phase, remove all charge counters from Coalition Relic. Add one mana of any color for each charge counter removed this way."
Hungry Lynx,2.0,['G'],['G'],None,['Creature'],['Cat'],Rare,PLST,2,2,None,"Cats you control have protection from Rats. (They can't be blocked, targeted, or dealt damage by Rats.)\nAt the beginning of your end step, target opponent creates a 1/1 black Rat creature token with deathtouch.\nWhenever a Rat dies, put a +1/+1 counter on each Cat you control."
Bone Saw,0.0,None,None,None,['Artifact'],['Equipment'],Common,PLST,None,None,None,Equipped creature gets +1/+0.\nEquip {1} ({1}: Attach to target creature you control. Equip only as a sorcery.)
Qasali Slingers,5.0,['G'],['G'],None,['Creature'],"['Cat', 'Warrior']",Rare,PLST,3,5,None,"Reach\nWhenever Qasali Slingers or another Cat enters the battlefield under your control, you may destroy target artifact or enchantment."
Golem's Heart,2.0,None,None,None,['Artifact'],None,Uncommon,PLST,None,None,None,"Whenever a player casts an artifact spell, you may gain 1 life."
Traverse the Outlands,5.0,['G'],['G'],None,['Sorcery'],None,Rare,PLST,None,None,None,"Search your library for up to X basic land cards, where X is the greatest power among creatures you control. Put those cards onto the battlefield tapped, then shuffle."
Star of Extinction,7.0,['R'],['R'],None,['Sorcery'],None,Mythic,PLST,None,None,None,Destroy target land. Star of Extinction deals 20 damage to each creature and each planeswalker.
Bloodsworn Steward,4.0,['R'],['R'],None,['Creature'],"['Vampire', 'Knight']",Rare,PLST,4,4,None,Flying\nCommander creatures you control get +2/+2 and have haste.
"Valentin, Dean of the Vein // Lisette, Dean of the Root",1.0,['B'],"['B', 'G']",['Legendary'],['Creature'],"['Vampire', 'Warlock']",Rare,PLST,1,1,None,"Menace, lifelink\nIf a nontoken creature an opponent controls would die, exile it instead. When you do, you may pay {2}. If you do, create a 1/1 black and green Pest creature token with ""When this creature dies, you gain 1 life."""
"Wasitora, Nekoru Queen",5.0,"['B', 'G', 'R']","['B', 'G', 'R']",['Legendary'],['Creature'],"['Cat', 'Dragon']",Rare,PLST,5,4,None,"Flying, trample\nWhenever Wasitora, Nekoru Queen deals combat damage to a player, that player sacrifices a creature. If the player can't, you create a 3/3 black, red, and green Cat Dragon creature token with flying."
Stalking Tiger,4.0,['G'],['G'],None,['Creature'],['Cat'],Common,PLST,3,3,None,Stalking Tiger can't be blocked by more than one creature.
Tavern Swindler,2.0,['B'],['B'],None,['Creature'],"['Human', 'Rogue']",Uncommon,PLST,2,2,None,"{T}, Pay 3 life: Flip a coin. If you win the flip, you gain 6 life."
Heirloom Blade,3.0,None,None,None,['Artifact'],['Equipment'],Uncommon,PLST,None,None,None,"Equipped creature gets +3/+1.\nWhenever equipped creature dies, you may reveal cards from the top of your library until you reveal a creature card that shares a creature type with it. Put that card into your hand and the rest on the bottom of your library in a random order.\nEquip {1}"
That Which Was Taken,5.0,None,None,['Legendary'],['Artifact'],None,Rare,PLST,None,None,None,"{4}, {T}: Put a divinity counter on target permanent other than That Which Was Taken.\nEach permanent with a divinity counter on it has indestructible."
Herald's Horn,3.0,None,None,None,['Artifact'],None,Uncommon,PLST,None,None,None,"As Herald's Horn enters the battlefield, choose a creature type.\nCreature spells you cast of the chosen type cost {1} less to cast.\nAt the beginning of your upkeep, look at the top card of your library. If it's a creature card of the chosen type, you may reveal it and put it into your hand."
Blasphemous Act,9.0,['R'],['R'],None,['Sorcery'],None,Rare,PLST,None,None,None,This spell costs {1} less to cast for each creature on the battlefield.\nBlasphemous Act deals 13 damage to each creature.
Magewright's Stone,2.0,None,None,None,['Artifact'],None,Uncommon,PLST,None,None,None,"{1}, {T}: Untap target creature that has an activated ability with {T} in its cost."
Leonin Arbiter,2.0,['W'],['W'],None,['Creature'],"['Cat', 'Cleric']",Rare,PLST,2,2,None,Players can't search libraries. Any player may pay {2} for that player to ignore this effect until end of turn.
Gaea's Protector,4.0,['G'],['G'],None,['Creature'],"['Elemental', 'Warrior']",Common,PLST,4,2,None,Gaea's Protector must be blocked if able.
Commune with the Gods,2.0,['G'],['G'],None,['Sorcery'],None,Common,PLST,None,None,None,Reveal the top five cards of your library. You may put a creature or enchantment card from among them into your hand. Put the rest into your graveyard.
"Ishkanah, Grafwidow",5.0,['G'],"['B', 'G']",['Legendary'],['Creature'],['Spider'],Mythic,PLST,3,5,None,"Reach\nDelirium — When Ishkanah, Grafwidow enters the battlefield, if there are four or more card types among cards in your graveyard, create three 1/2 green Spider creature tokens with reach.\n{6}{B}: Target opponent loses 1 life for each Spider you control."
Black Market,5.0,['B'],['B'],None,['Enchantment'],None,Rare,PLST,None,None,None,"Whenever a creature dies, put a charge counter on Black Market.\nAt the beginning of your precombat main phase, add {B} for each charge counter on Black Market."
"Orzhova, the Church of Deals",0.0,None,"['B', 'W']",None,['Land'],None,Uncommon,PLST,None,None,None,"{T}: Add {C}.\n{3}{W}{B}, {T}: Target player loses 1 life and you gain 1 life."
Abzan Guide,6.0,"['B', 'G', 'W']","['B', 'G', 'W']",None,['Creature'],"['Human', 'Warrior']",Common,PLST,4,4,None,Lifelink (Damage dealt by this creature also causes you to gain that much life.)\nMorph {2}{W}{B}{G} (You may cast this card face down as a 2/2 creature for {3}. Turn it face up any time for its morph cost.)
Archaeomancer,4.0,['U'],['U'],None,['Creature'],"['Human', 'Wizard']",Common,PLST,1,2,None,"When Archaeomancer enters the battlefield, return target instant or sorcery card from your graveyard to your hand."
Deep Wood,2.0,['G'],['G'],None,['Instant'],None,Uncommon,PLST,None,None,None,Cast this spell only during the declare attackers step and only if you've been attacked this step.\nPrevent all damage that would be dealt to you this turn by attacking creatures.
Curse of Opulence,1.0,['R'],['R'],None,['Enchantment'],"['Aura', 'Curse']",Uncommon,PLST,None,None,None,"Enchant player\nWhenever enchanted player is attacked, create a Gold token. Each opponent attacking that player does the same. (A Gold token is an artifact with ""Sacrifice this artifact: Add one mana of any color."")"
Ghastlord of Fugue,5.0,"['B', 'U']","['B', 'U']",None,['Creature'],"['Spirit', 'Avatar']",Rare,PLST,4,4,None,"Ghastlord of Fugue can't be blocked.\nWhenever Ghastlord of Fugue deals combat damage to a player, that player reveals their hand. You choose a card from it. That player exiles that card."
Blood Artist,2.0,['B'],['B'],None,['Creature'],['Vampire'],Uncommon,PLST,0,1,None,"Whenever Blood Artist or another creature dies, target player loses 1 life and you gain 1 life."
Octopus Umbra,5.0,['U'],['U'],None,['Enchantment'],['Aura'],Rare,PLST,None,None,None,"Enchant creature\nEnchanted creature has base power and toughness 8/8 and has ""Whenever this creature attacks, you may tap target creature with power 8 or less.""\nTotem armor (If enchanted creature would be destroyed, instead remove all damage from it and destroy this Aura.)"
Entreat the Dead,3.0,['B'],['B'],None,['Sorcery'],None,Rare,PLST,None,None,None,Return X target creature cards from your graveyard to the battlefield.\nMiracle {X}{B}{B} (You may cast this card for its miracle cost when you draw it if it's the first card you drew this turn.)
Keeper of Fables,5.0,['G'],['G'],None,['Creature'],['Cat'],Uncommon,PLST,4,5,None,"Whenever one or more non-Human creatures you control deal combat damage to a player, draw a card."
Loyal Apprentice,2.0,['R'],['R'],None,['Creature'],"['Human', 'Artificer']",Uncommon,PLST,2,1,None,"Haste\nLieutenant — At the beginning of combat on your turn, if you control your commander, create a 1/1 colorless Thopter artifact creature token with flying. That token gains haste until end of turn."
Elephant Guide,3.0,['G'],['G'],None,['Enchantment'],['Aura'],Common,PLST,None,None,None,"Enchant creature\nEnchanted creature gets +3/+3.\nWhen enchanted creature dies, create a 3/3 green Elephant creature token."
Reality Scramble,4.0,['R'],['R'],None,['Sorcery'],None,Rare,PLST,None,None,None,Put target permanent you own on the bottom of your library. Reveal cards from the top of your library until you reveal a card that shares a card type with that permanent. Put that card onto the battlefield and the rest on the bottom of your library in a random order.\nRetrace (You may cast this card from your graveyard by discarding a land card in addition to paying its other costs.)
Scroll of the Masters,2.0,None,None,None,['Artifact'],None,Rare,PLST,None,None,None,"Whenever you cast a noncreature spell, put a lore counter on Scroll of the Masters.\n{3}, {T}: Target creature you control gets +1/+1 until end of turn for each lore counter on Scroll of the Masters."
"Tawnos, Urza's Apprentice",2.0,"['R', 'U']","['R', 'U']",['Legendary'],['Creature'],"['Human', 'Artificer']",Mythic,PLST,1,3,None,"Haste\n{U}{R}, {T}: Copy target activated or triggered ability you control from an artifact source. You may choose new targets for the copy. (Mana abilities can't be targeted.)"
Devoted Druid,2.0,['G'],['G'],None,['Creature'],"['Elf', 'Druid']",Uncommon,PLST,0,2,None,{T}: Add {G}.\nPut a -1/-1 counter on Devoted Druid: Untap Devoted Druid.
"Xantcha, Sleeper Agent",3.0,"['B', 'R']","['B', 'R']",['Legendary'],['Creature'],"['Phyrexian', 'Minion']",Rare,PLST,5,5,None,"Xantcha, Sleeper Agent enters the battlefield under the control of an opponent of your choice.\nXantcha attacks each combat if able and can't attack its owner or planeswalkers its owner controls.\n{3}: Xantcha's controller loses 2 life and you draw a card. Any player may activate this ability."
"Yuriko, the Tiger's Shadow",3.0,"['B', 'U']","['B', 'U']",['Legendary'],['Creature'],"['Human', 'Ninja']",Rare,PLST,1,3,None,"Commander ninjutsu {U}{B} ({U}{B}, Return an unblocked attacker you control to hand: Put this card onto the battlefield from your hand or the command zone tapped and attacking.)\nWhenever a Ninja you control deals combat damage to a player, reveal the top card of your library and put that card into your hand. Each opponent loses life equal to that card's mana value."
Pondering Mage,5.0,['U'],['U'],None,['Creature'],"['Human', 'Wizard']",Common,PLST,3,4,None,"When Pondering Mage enters the battlefield, look at the top three cards of your library, then put them back in any order. You may shuffle. Draw a card."
Coveted Jewel,6.0,None,None,None,['Artifact'],None,Rare,PLST,None,None,None,"When Coveted Jewel enters the battlefield, draw three cards.\n{T}: Add three mana of any one color.\nWhenever one or more creatures an opponent controls attack you and aren't blocked, that player draws three cards and gains control of Coveted Jewel. Untap it."
Gift of Growth,2.0,['G'],['G'],None,['Instant'],None,Common,PLST,None,None,None,"Kicker {2} (You may pay an additional {2} as you cast this spell.)\nUntap target creature. It gets +2/+2 until end of turn. If this spell was kicked, that creature gets +4/+4 until end of turn instead."
Endless Atlas,2.0,None,None,None,['Artifact'],None,Rare,PLST,None,None,None,"{2}, {T}: Draw a card. Activate only if you control three or more lands with the same name."
Farseek,2.0,['G'],['G'],None,['Sorcery'],None,Common,PLST,None,None,None,"Search your library for a Plains, Island, Swamp, or Mountain card, put it onto the battlefield tapped, then shuffle."
"Ib Halfheart, Goblin Tactician",4.0,['R'],['R'],['Legendary'],['Creature'],"['Goblin', 'Advisor']",Rare,PLST,3,2,None,"Whenever another Goblin you control becomes blocked, sacrifice it. If you do, it deals 4 damage to each creature blocking it.\nSacrifice two Mountains: Create two 1/1 red Goblin creature tokens."
Lightform,3.0,['W'],['W'],None,['Enchantment'],None,Uncommon,PLST,None,None,None,"When Lightform enters the battlefield, it becomes an Aura with enchant creature. Manifest the top card of your library and attach Lightform to it. (To manifest a card, put it onto the battlefield face down as a 2/2 creature. Turn it face up any time for its mana cost if it's a creature card.)\nEnchanted creature has flying and lifelink."
Eternal Witness,3.0,['G'],['G'],None,['Creature'],"['Human', 'Shaman']",Uncommon,PLST,2,1,None,"When Eternal Witness enters the battlefield, you may return target card from your graveyard to your hand."
Archetype of Imagination,6.0,['U'],['U'],None,"['Enchantment', 'Creature']","['Human', 'Wizard']",Uncommon,PLST,3,2,None,Creatures you control have flying.\nCreatures your opponents control lose flying and can't have or gain flying.
Dissenter's Deliverance,2.0,['G'],['G'],None,['Instant'],None,Common,PLST,None,None,None,"Destroy target artifact.\nCycling {G} ({G}, Discard this card: Draw a card.)"
Djinn of Wishes,5.0,['U'],['U'],None,['Creature'],['Djinn'],Rare,PLST,4,4,None,"Flying\nDjinn of Wishes enters the battlefield with three wish counters on it.\n{2}{U}{U}, Remove a wish counter from Djinn of Wishes: Reveal the top card of your library. You may play that card without paying its mana cost. If you don't, exile it."
Rakdos Riteknife,2.0,None,"['B', 'R']",None,['Artifact'],['Equipment'],Rare,PLST,None,None,None,"Equipped creature gets +1/+0 for each blood counter on Rakdos Riteknife and has ""{T}, Sacrifice a creature: Put a blood counter on Rakdos Riteknife.""\n{B}{R}, Sacrifice Rakdos Riteknife: Target player sacrifices a permanent for each blood counter on Rakdos Riteknife.\nEquip {2}"
Dream Cache,3.0,['U'],['U'],None,['Sorcery'],None,Common,PLST,None,None,None,"Draw three cards, then put two cards from your hand both on top of your library or both on the bottom of your library."
Merfolk Mistbinder,2.0,"['G', 'U']","['G', 'U']",None,['Creature'],"['Merfolk', 'Shaman']",Uncommon,PLST,2,2,None,Other Merfolk you control get +1/+1.
Eel Umbra,2.0,['U'],['U'],None,['Enchantment'],['Aura'],Common,PLST,None,None,None,"Flash (You may cast this spell any time you could cast an instant.)\nEnchant creature\nEnchanted creature gets +1/+1.\nTotem armor (If enchanted creature would be destroyed, instead remove all damage from it and destroy this Aura.)"
Battle Rampart,3.0,['R'],['R'],None,['Creature'],['Wall'],Common,PLST,1,3,None,Defender\n{T}: Target creature gains haste until end of turn.
Ninja of the Deep Hours,4.0,['U'],['U'],None,['Creature'],"['Human', 'Ninja']",Common,PLST,2,2,None,"Ninjutsu {1}{U} ({1}{U}, Return an unblocked attacker you control to hand: Put this card onto the battlefield from your hand tapped and attacking.)\nWhenever Ninja of the Deep Hours deals combat damage to a player, you may draw a card."
Sun-Crowned Hunters,6.0,['R'],['R'],None,['Creature'],['Dinosaur'],Common,PLST,5,4,None,"Enrage — Whenever Sun-Crowned Hunters is dealt damage, it deals 3 damage to target opponent or planeswalker."
Portent,1.0,['U'],['U'],None,['Sorcery'],None,Common,PLST,None,None,None,"Look at the top three cards of target player's library, then put them back in any order. You may have that player shuffle.\nDraw a card at the beginning of the next turn's upkeep."
Unwinding Clock,4.0,None,None,None,['Artifact'],None,Rare,PLST,None,None,None,Untap all artifacts you control during each other player's untap step.
Predict,2.0,['U'],['U'],None,['Instant'],None,Uncommon,PLST,None,None,None,"Choose a card name, then target player mills a card. If a card with the chosen name was milled this way, you draw two cards. Otherwise, you draw a card."
Umezawa's Jitte,2.0,None,None,['Legendary'],['Artifact'],['Equipment'],Rare,PLST,None,None,None,"Whenever equipped creature deals combat damage, put two charge counters on Umezawa's Jitte.\nRemove a charge counter from Umezawa's Jitte: Choose one —\n• Equipped creature gets +2/+2 until end of turn.\n• Target creature gets -1/-1 until end of turn.\n• You gain 2 life.\nEquip {2}"
Bone Miser,5.0,['B'],['B'],None,['Creature'],"['Zombie', 'Wizard']",Rare,PLST,4,4,None,"Whenever you discard a creature card, create a 2/2 black Zombie creature token.\nWhenever you discard a land card, add {B}{B}.\nWhenever you discard a noncreature, nonland card, draw a card."
Call the Scions,3.0,None,['G'],None,['Sorcery'],None,Common,PLST,None,None,None,"Devoid (This card has no color.)\nCreate two 1/1 colorless Eldrazi Scion creature tokens. They have ""Sacrifice this creature: Add {C}."""
Inspired Charge,4.0,['W'],['W'],None,['Instant'],None,Common,PLST,None,None,None,Creatures you control get +2/+1 until end of turn.
Tendo Ice Bridge,0.0,None,None,None,['Land'],None,Rare,PLST,None,None,None,"Tendo Ice Bridge enters the battlefield with a charge counter on it.\n{T}: Add {C}.\n{T}, Remove a charge counter from Tendo Ice Bridge: Add one mana of any color."
"K'rrik, Son of Yawgmoth",7.0,['B'],['B'],['Legendary'],['Creature'],"['Phyrexian', 'Horror', 'Minion']",Rare,PLST,2,2,None,"({B/P} can be paid with either {B} or 2 life.)\nLifelink\nFor each {B} in a cost, you may pay 2 life rather than pay that mana.\nWhenever you cast a black spell, put a +1/+1 counter on K'rrik, Son of Yawgmoth."
Mirrodin's Core,0.0,None,None,None,['Land'],None,Uncommon,PLST,None,None,None,"{T}: Add {C}.\n{T}: Put a charge counter on Mirrodin's Core.\n{T}, Remove a charge counter from Mirrodin's Core: Add one mana of any color."
Knight of the Tusk,6.0,['W'],['W'],None,['Creature'],"['Human', 'Knight']",Common,PLST,3,7,None,Vigilance (Attacking doesn't cause this creature to tap.)
Vandalize,5.0,['R'],['R'],None,['Sorcery'],None,Common,PLST,None,None,None,Choose one or both —\n• Destroy target artifact.\n• Destroy target land.
Novice Knight,1.0,['W'],['W'],None,['Creature'],"['Human', 'Knight']",Uncommon,PLST,2,3,None,"Defender (This creature can't attack.)\nAs long as Novice Knight is enchanted or equipped, it can attack as though it didn't have defender."
Greater Basilisk,5.0,['G'],['G'],None,['Creature'],['Basilisk'],Common,PLST,3,5,None,Deathtouch (Any amount of damage this deals to a creature is enough to destroy it.)
Pegasus Courser,3.0,['W'],['W'],None,['Creature'],['Pegasus'],Common,PLST,1,3,None,"Flying\nWhenever Pegasus Courser attacks, another target attacking creature gains flying until end of turn."
Armament Corps,5.0,"['B', 'G', 'W']","['B', 'G', 'W']",None,['Creature'],"['Human', 'Soldier']",Uncommon,PLST,4,4,None,"When Armament Corps enters the battlefield, distribute two +1/+1 counters among one or two target creatures you control."
Ohran Frostfang,5.0,['G'],['G'],['Snow'],['Creature'],['Snake'],Rare,PLST,2,6,None,"Attacking creatures you control have deathtouch.\nWhenever a creature you control deals combat damage to a player, draw a card."
Splinter Twin,4.0,['R'],['R'],None,['Enchantment'],['Aura'],Rare,PLST,None,None,None,"Enchant creature\nEnchanted creature has ""{T}: Create a token that's a copy of this creature, except it has haste. Exile that token at the beginning of the next end step."""
Star-Crowned Stag,4.0,['W'],['W'],None,['Creature'],['Elk'],Common,PLST,3,3,None,"Whenever Star-Crowned Stag attacks, tap target creature defending player controls."
Hulking Devil,4.0,['R'],['R'],None,['Creature'],['Devil'],Common,PLST,5,2,None,None
Take Vengeance,2.0,['W'],['W'],None,['Sorcery'],None,Common,PLST,None,None,None,Destroy target tapped creature.
Karoo,0.0,None,['W'],None,['Land'],None,Uncommon,PLST,None,None,None,"Karoo enters the battlefield tapped.\nWhen Karoo enters the battlefield, sacrifice it unless you return an untapped Plains you control to its owner's hand.\n{T}: Add {C}{W}."
Anticipate,2.0,['U'],['U'],None,['Instant'],None,Common,PLST,None,None,None,Look at the top three cards of your library. Put one of them into your hand and the rest on the bottom of your library in any order.
Giant Spider,4.0,['G'],['G'],None,['Creature'],['Spider'],Common,PLST,2,4,None,Reach (This creature can block creatures with flying.)
"Marisi, Breaker of the Coil",4.0,"['G', 'R', 'W']","['G', 'R', 'W']",['Legendary'],['Creature'],"['Cat', 'Warrior']",Mythic,PLST,5,4,None,"Your opponents can't cast spells during combat.\nWhenever a creature you control deals combat damage to a player, goad each creature that player controls. (Until your next turn, those creatures attack each combat if able and attack a player other than you if able.)"
Wellwisher,2.0,['G'],['G'],None,['Creature'],['Elf'],Common,PLST,1,1,None,{T}: You gain 1 life for each Elf on the battlefield.
Divination,3.0,['U'],['U'],None,['Sorcery'],None,Common,PLST,None,None,None,Draw two cards.
Volcanic Rush,5.0,['R'],['R'],None,['Instant'],None,Common,PLST,None,None,None,Attacking creatures get +2/+0 and gain trample until end of turn.
Essence Scatter,2.0,['U'],['U'],None,['Instant'],None,Common,PLST,None,None,None,Counter target creature spell.
Sunset Pyramid,2.0,None,None,None,['Artifact'],None,Uncommon,PLST,None,None,None,"Sunset Pyramid enters the battlefield with three brick counters on it.\n{2}, {T}, Remove a brick counter from Sunset Pyramid: Draw a card.\n{2}, {T}: Scry 1."
Frilled Sea Serpent,6.0,['U'],['U'],None,['Creature'],['Serpent'],Common,PLST,4,6,None,{5}{U}{U}: Frilled Sea Serpent can't be blocked this turn.
Peema Outrider,4.0,['G'],['G'],None,['Creature'],"['Elf', 'Artificer']",Common,PLST,3,3,None,"Trample\nFabricate 1 (When this creature enters the battlefield, put a +1/+1 counter on it or create a 1/1 colorless Servo artifact creature token.)"
Sleep,4.0,['U'],['U'],None,['Sorcery'],None,Uncommon,PLST,None,None,None,Tap all creatures target player controls. Those creatures don't untap during that player's next untap step.
Incorrigible Youths,5.0,['R'],['R'],None,['Creature'],['Vampire'],Uncommon,PLST,4,3,None,"Haste\nMadness {2}{R} (If you discard this card, discard it into exile. When you do, cast it for its madness cost or put it into your graveyard.)"
Snapping Drake,4.0,['U'],['U'],None,['Creature'],['Drake'],Common,PLST,3,2,None,Flying (This creature can't be blocked except by creatures with flying or reach.)
"Nylea, God of the Hunt",4.0,['G'],['G'],['Legendary'],"['Enchantment', 'Creature']",['God'],Mythic,PLST,6,6,None,"Indestructible\nAs long as your devotion to green is less than five, Nylea isn't a creature. (Each {G} in the mana costs of permanents you control counts toward your devotion to green.)\nOther creatures you control have trample.\n{3}{G}: Target creature gets +2/+2 until end of turn."
"Tezzeret, Artifice Master",5.0,['U'],['U'],['Legendary'],['Planeswalker'],['Tezzeret'],Mythic,PLST,None,None,5,"[+1]: Create a 1/1 colorless Thopter artifact creature token with flying.\n[0]: Draw a card. If you control three or more artifacts, draw two cards instead.\n[−9]: You get an emblem with ""At the beginning of your end step, search your library for a permanent card, put it onto the battlefield, then shuffle."""
"Jaya Ballard, Task Mage",3.0,['R'],['R'],['Legendary'],['Creature'],"['Human', 'Spellshaper']",Rare,PLST,2,2,None,"{R}, {T}, Discard a card: Destroy target blue permanent.\n{1}{R}, {T}, Discard a card: Jaya Ballard, Task Mage deals 3 damage to any target. A creature dealt damage this way can't be regenerated this turn.\n{5}{R}{R}, {T}, Discard a card: Jaya Ballard deals 6 damage to each creature and each player."
Uncomfortable Chill,3.0,['U'],['U'],None,['Instant'],None,Common,PLST,None,None,None,Creatures your opponents control get -2/-0 until end of turn.\nDraw a card.
Xorn,3.0,['R'],['R'],None,['Creature'],['Elemental'],Rare,PLST,3,2,None,"If you would create one or more Treasure tokens, instead create those tokens plus an additional Treasure token."
Reality Shift,2.0,['U'],['U'],None,['Instant'],None,Uncommon,PLST,None,None,None,"Exile target creature. Its controller manifests the top card of their library. (That player puts the top card of their library onto the battlefield face down as a 2/2 creature. If it's a creature card, it can be turned face up any time for its mana cost.)"
Gift of Paradise,3.0,['G'],['G'],None,['Enchantment'],['Aura'],Common,PLST,None,None,None,"Enchant land\nWhen Gift of Paradise enters the battlefield, you gain 3 life.\nEnchanted land has ""{T}: Add two mana of any one color."""
Epicure of Blood,5.0,['B'],['B'],None,['Creature'],['Vampire'],Common,PLST,4,4,None,"Whenever you gain life, each opponent loses 1 life."
Krosan Druid,3.0,['G'],['G'],None,['Creature'],"['Centaur', 'Druid']",Common,PLST,2,3,None,"Kicker {4}{G} (You may pay an additional {4}{G} as you cast this spell.)\nWhen Krosan Druid enters the battlefield, if it was kicked, you gain 10 life."
"Shabraz, the Skyshark",5.0,"['U', 'W']","['U', 'W']",['Legendary'],['Creature'],"['Shark', 'Bird']",Mythic,PLST,3,3,None,"Partner with Brallin, Skyshark Rider\nFlying\nWhenever you draw a card, put a +1/+1 counter on Shabraz, the Skyshark and you gain 1 life.\n{W/U}: Target Human gains flying until end of turn."
Fog,1.0,['G'],['G'],None,['Instant'],None,Common,PLST,None,None,None,Prevent all combat damage that would be dealt this turn.
Darksteel Garrison,2.0,None,None,None,['Artifact'],['Fortification'],Rare,PLST,None,None,None,"Fortified land has indestructible.\nWhenever fortified land becomes tapped, target creature gets +1/+1 until end of turn.\nFortify {3} ({3}: Attach to target land you control. Fortify only as a sorcery. This card enters the battlefield unattached and stays on the battlefield if the land leaves.)"
Dismantling Wave,3.0,['W'],['W'],None,['Sorcery'],None,Rare,PLST,None,None,None,"For each opponent, destroy up to one target artifact or enchantment that player controls.\nCycling {6}{W}{W} ({6}{W}{W}, Discard this card: Draw a card.)\nWhen you cycle Dismantling Wave, destroy all artifacts and enchantments."
Shivan Harvest,2.0,['R'],['R'],None,['Enchantment'],None,Uncommon,PLST,None,None,None,"{1}{R}, Sacrifice a creature: Destroy target nonbasic land."
Pacifism,2.0,['W'],['W'],None,['Enchantment'],['Aura'],Common,PLST,None,None,None,Enchant creature\nEnchanted creature can't attack or block.
Riparian Tiger,5.0,['G'],['G'],None,['Creature'],['Cat'],Common,PLST,4,4,None,"Trample\nWhen Riparian Tiger enters the battlefield, you get {E}{E} (two energy counters).\nWhenever Riparian Tiger attacks, you may pay {E}{E}. If you do, it gets +2/+2 until end of turn."
"Sephara, Sky's Blade",7.0,['W'],['W'],['Legendary'],['Creature'],['Angel'],Rare,PLST,7,7,None,"You may pay {W} and tap four untapped creatures you control with flying rather than pay this spell's mana cost.\nFlying, lifelink\nOther creatures you control with flying have indestructible. (Damage and effects that say ""destroy"" don't destroy them.)"
Bear's Companion,5.0,"['G', 'R', 'U']","['G', 'R', 'U']",None,['Creature'],"['Human', 'Warrior']",Uncommon,PLST,2,2,None,"When Bear's Companion enters the battlefield, create a 4/4 green Bear creature token."
Netherborn Altar,2.0,['B'],['B'],None,['Artifact'],None,Rare,PLST,None,None,None,"{T}, Put a soul counter on Netherborn Altar: Put your commander into your hand from the command zone. Then you lose 3 life for each soul counter on Netherborn Altar."
Flamekin Harbinger,1.0,['R'],['R'],None,['Creature'],"['Elemental', 'Shaman']",Uncommon,PLST,1,1,None,"When Flamekin Harbinger enters the battlefield, you may search your library for an Elemental card, reveal it, then shuffle and put that card on top."
Cloudkin Seer,3.0,['U'],['U'],None,['Creature'],"['Elemental', 'Wizard']",Common,PLST,2,1,None,"Flying\nWhen Cloudkin Seer enters the battlefield, draw a card."
Inkfathom Infiltrator,2.0,"['B', 'U']","['B', 'U']",None,['Creature'],"['Merfolk', 'Rogue']",Uncommon,PLST,2,1,None,Inkfathom Infiltrator can't block and can't be blocked.
Bladebrand,2.0,['B'],['B'],None,['Instant'],None,Common,PLST,None,None,None,Target creature gains deathtouch until end of turn.\nDraw a card.
Mind Rot,3.0,['B'],['B'],None,['Sorcery'],None,Common,PLST,None,None,None,Target player discards two cards.
Bone Splinters,1.0,['B'],['B'],None,['Sorcery'],None,Common,PLST,None,None,None,"As an additional cost to cast this spell, sacrifice a creature.\nDestroy target creature."
Swashbuckling,2.0,['R'],['R'],None,['Enchantment'],['Aura'],Common,PLST,None,None,None,Enchant creature\nEnchanted creature gets +2/+2 and has haste.
Cavalier of Night,5.0,['B'],['B'],None,['Creature'],"['Elemental', 'Knight']",Mythic,PLST,4,5,None,"Lifelink\nWhen Cavalier of Night enters the battlefield, you may sacrifice another creature. When you do, destroy target creature an opponent controls.\nWhen Cavalier of Night dies, return target creature card with mana value 3 or less from your graveyard to the battlefield."
Greater Sandwurm,7.0,['G'],['G'],None,['Creature'],['Wurm'],Common,PLST,7,7,None,"Greater Sandwurm can't be blocked by creatures with power 2 or less.\nCycling {2} ({2}, Discard this card: Draw a card.)"
Oubliette,3.0,['B'],['B'],None,['Enchantment'],None,Uncommon,PLST,None,None,None,"When Oubliette enters the battlefield, target creature phases out until Oubliette leaves the battlefield. Tap that creature as it phases in this way. (Auras and Equipment phase out with it. While permanents are phased out, they're treated as though they don't exist.)"
Faerie Artisans,4.0,['U'],['U'],None,['Creature'],"['Faerie', 'Artificer']",Rare,PLST,2,2,None,"Flying\nWhenever a nontoken creature enters the battlefield under an opponent's control, create a token that's a copy of that creature except it's an artifact in addition to its other types. Then exile all other tokens created with Faerie Artisans."
Windborne Charge,4.0,['W'],['W'],None,['Sorcery'],None,Uncommon,PLST,None,None,None,Two target creatures you control each get +2/+2 and gain flying until end of turn.
Zealous Strike,2.0,['W'],['W'],None,['Instant'],None,Common,PLST,None,None,None,Target creature gets +2/+2 and gains first strike until end of turn.
"Emmara, Soul of the Accord",2.0,"['G', 'W']","['G', 'W']",['Legendary'],['Creature'],"['Elf', 'Cleric']",Rare,PLST,2,2,None,"Whenever Emmara, Soul of the Accord becomes tapped, create a 1/1 white Soldier creature token with lifelink."
Caller of Gales,1.0,['U'],['U'],None,['Creature'],"['Merfolk', 'Wizard']",Common,PLST,1,1,None,"{1}{U}, {T}: Target creature gains flying until end of turn."
Unmask,4.0,['B'],['B'],None,['Sorcery'],None,Rare,PLST,None,None,None,You may exile a black card from your hand rather than pay this spell's mana cost.\nTarget player reveals their hand. You choose a nonland card from it. That player discards that card.
Blades of Velis Vel,2.0,['R'],['R'],None,"['Tribal', 'Instant']",['Shapeshifter'],Common,PLST,None,None,None,Changeling (This card is every creature type.)\nUp to two target creatures each get +2/+0 and gain all creature types until end of turn.
Insolent Neonate,1.0,['R'],['R'],None,['Creature'],['Vampire'],Common,PLST,1,1,None,"Menace (This creature can't be blocked except by two or more creatures.)\nDiscard a card, Sacrifice Insolent Neonate: Draw a card."
Vela the Night-Clad,6.0,"['B', 'U']","['B', 'U']",['Legendary'],['Creature'],"['Human', 'Wizard']",Mythic,PLST,4,4,None,"Intimidate (This creature can't be blocked except by artifact creatures and/or creatures that share a color with it.)\nOther creatures you control have intimidate.\nWhenever Vela the Night-Clad or another creature you control leaves the battlefield, each opponent loses 1 life."
Iron Myr,2.0,None,['R'],None,"['Artifact', 'Creature']",['Myr'],Common,PLST,1,1,None,{T}: Add {R}.
Lightning Axe,1.0,['R'],['R'],None,['Instant'],None,Common,PLST,None,None,None,"As an additional cost to cast this spell, discard a card or pay {5}.\nLightning Axe deals 5 damage to target creature."
Ingot Chewer,5.0,['R'],['R'],None,['Creature'],['Elemental'],Common,PLST,3,3,None,"When Ingot Chewer enters the battlefield, destroy target artifact.\nEvoke {R} (You may cast this spell for its evoke cost. If you do, it's sacrificed when it enters the battlefield.)"
Walking Archive,3.0,None,"['U', 'W']",None,"['Artifact', 'Creature']",['Golem'],Rare,PLST,1,1,None,"Defender (This creature can't attack.)\nWalking Archive enters the battlefield with a +1/+1 counter on it.\nAt the beginning of each player's upkeep, that player draws a card for each +1/+1 counter on Walking Archive.\n{2}{W}{U}: Put a +1/+1 counter on Walking Archive."
Fleeting Distraction,1.0,['U'],['U'],None,['Instant'],None,Common,PLST,None,None,None,Target creature gets -1/-0 until end of turn.\nDraw a card.
Once Upon a Time,2.0,['G'],['G'],None,['Instant'],None,Rare,PLST,None,None,None,"If this spell is the first spell you've cast this game, you may cast it without paying its mana cost.\nLook at the top five cards of your library. You may reveal a creature or land card from among them and put it into your hand. Put the rest on the bottom of your library in a random order."
Fractured Powerstone,2.0,None,None,None,['Artifact'],None,Common,PLST,None,None,None,{T}: Add {C}.\n{T}: Roll the planar die. Activate only as a sorcery.
Dwarven Miner,2.0,['R'],['R'],None,['Creature'],['Dwarf'],Uncommon,PLST,1,2,None,"{2}{R}, {T}: Destroy target nonbasic land."
Archaeomancer's Map,3.0,['W'],['W'],None,['Artifact'],None,Rare,PLST,None,None,None,"When Archaeomancer's Map enters the battlefield, search your library for up to two basic Plains cards, reveal them, put them into your hand, then shuffle.\nWhenever a land enters the battlefield under an opponent's control, if that player controls more lands than you, you may put a land card from your hand onto the battlefield."
Witch Engine,6.0,['B'],['B'],None,['Creature'],['Horror'],Rare,PLST,4,4,None,Swampwalk (This creature can't be blocked as long as defending player controls a Swamp.)\n{T}: Add {B}{B}{B}{B}. Target opponent gains control of Witch Engine. (Activate only as an instant.)
Dragonsoul Knight,3.0,['R'],"['B', 'G', 'R', 'U', 'W']",None,['Creature'],"['Human', 'Knight']",Common,PLST,2,2,None,"First strike\n{W}{U}{B}{R}{G}: Until end of turn, Dragonsoul Knight becomes a Dragon, gets +5/+3, and gains flying and trample."
Godsire,8.0,"['G', 'R', 'W']","['G', 'R', 'W']",None,['Creature'],['Beast'],Mythic,PLST,8,8,None,"Vigilance\n{T}: Create an 8/8 Beast creature token that's red, green, and white."
Goblin Fireslinger,1.0,['R'],['R'],None,['Creature'],"['Goblin', 'Warrior']",Common,PLST,1,1,None,{T}: Goblin Fireslinger deals 1 damage to target player or planeswalker.
Scavenging Ooze,2.0,['G'],['G'],None,['Creature'],['Ooze'],Rare,PLST,2,2,None,"{G}: Exile target card from a graveyard. If it was a creature card, put a +1/+1 counter on Scavenging Ooze and you gain 1 life."
Gut Shot,1.0,['R'],['R'],None,['Instant'],None,Common,PLST,None,None,None,({R/P} can be paid with either {R} or 2 life.)\nGut Shot deals 1 damage to any target.
Fathom Mage,4.0,"['G', 'U']","['G', 'U']",None,['Creature'],"['Human', 'Wizard']",Rare,PLST,1,1,None,"Evolve (Whenever a creature enters the battlefield under your control, if that creature has greater power or toughness than this creature, put a +1/+1 counter on this creature.)\nWhenever a +1/+1 counter is put on Fathom Mage, you may draw a card."
Aerie Bowmasters,4.0,['G'],['G'],None,['Creature'],"['Dog', 'Archer']",Common,PLST,3,4,None,Reach (This creature can block creatures with flying.)\nMegamorph {5}{G} (You may cast this card face down as a 2/2 creature for {3}. Turn it face up any time for its megamorph cost and put a +1/+1 counter on it.)
Monologue Tax,3.0,['W'],['W'],None,['Enchantment'],None,Rare,PLST,None,None,None,"Whenever an opponent casts their second spell each turn, you create a Treasure token."
Take Down,1.0,['G'],['G'],None,['Sorcery'],None,Common,PLST,None,None,None,Choose one —\n• Take Down deals 4 damage to target creature with flying.\n• Take Down deals 1 damage to each creature with flying.
Repulse,3.0,['U'],['U'],None,['Instant'],None,Common,PLST,None,None,None,Return target creature to its owner's hand.\nDraw a card.
Giant's Ire,4.0,['R'],['R'],None,"['Tribal', 'Sorcery']",['Giant'],Common,PLST,None,None,None,"Giant's Ire deals 4 damage to target player or planeswalker. If you control a Giant, draw a card."
Dragon's Rage Channeler,1.0,['R'],['R'],None,['Creature'],"['Human', 'Shaman']",Uncommon,PLST,1,1,None,"Whenever you cast a noncreature spell, surveil 1. (Look at the top card of your library. You may put that card into your graveyard.)\nDelirium — As long as there are four or more card types among cards in your graveyard, Dragon's Rage Channeler gets +2/+2, has flying, and attacks each combat if able."
Command Tower,0.0,None,None,None,['Land'],None,Common,PLST,None,None,None,{T}: Add one mana of any color in your commander's color identity.
Caustic Caterpillar,1.0,['G'],['G'],None,['Creature'],['Insect'],Common,PLST,1,1,None,"{1}{G}, Sacrifice Caustic Caterpillar: Destroy target artifact or enchantment."
Nissa Revane,4.0,['G'],['G'],['Legendary'],['Planeswalker'],['Nissa'],Mythic,PLST,None,None,2,"[+1]: Search your library for a card named Nissa's Chosen, put it onto the battlefield, then shuffle.\n[+1]: You gain 2 life for each Elf you control.\n[−7]: Search your library for any number of Elf creature cards, put them onto the battlefield, then shuffle."
Griffin Aerie,2.0,['W'],['W'],None,['Enchantment'],None,Uncommon,PLST,None,None,None,"At the beginning of your end step, if you gained 3 or more life this turn, create a 2/2 white Griffin creature token with flying."
Broodhunter Wurm,4.0,['G'],['G'],None,['Creature'],['Wurm'],Common,PLST,4,3,None,None
Bear Cub,2.0,['G'],['G'],None,['Creature'],['Bear'],Common,PLST,2,2,None,None
Alms Collector,4.0,['W'],['W'],None,['Creature'],"['Cat', 'Cleric']",Rare,PLST,3,4,None,"Flash\nIf an opponent would draw two or more cards, instead you and that player each draw a card."
Curiosity Crafter,4.0,['U'],['U'],None,['Creature'],"['Bird', 'Wizard']",Rare,PLST,3,3,None,"Flying\nYou have no maximum hand size.\nWhenever a creature token you control deals combat damage to a player, draw a card."
Spawnwrithe,3.0,['G'],['G'],None,['Creature'],['Elemental'],Rare,PLST,2,2,None,"Trample\nWhenever Spawnwrithe deals combat damage to a player, create a token that's a copy of Spawnwrithe."
Tuktuk the Explorer,3.0,['R'],['R'],['Legendary'],['Creature'],['Goblin'],Rare,PLST,1,1,None,"Haste\nWhen Tuktuk the Explorer dies, create Tuktuk the Returned, a legendary 5/5 colorless Goblin Golem artifact creature token."
Blood Crypt,0.0,None,"['B', 'R']",None,['Land'],"['Swamp', 'Mountain']",Rare,PLST,None,None,None,"({T}: Add {B} or {R}.)\nAs Blood Crypt enters the battlefield, you may pay 2 life. If you don't, it enters the battlefield tapped."
Smash to Smithereens,2.0,['R'],['R'],None,['Instant'],None,Common,PLST,None,None,None,Destroy target artifact. Smash to Smithereens deals 3 damage to that artifact's controller.
Questing Beast,4.0,['G'],['G'],['Legendary'],['Creature'],['Beast'],Mythic,PLST,4,4,None,"Vigilance, deathtouch, haste\nQuesting Beast can't be blocked by creatures with power 2 or less.\nCombat damage that would be dealt by creatures you control can't be prevented.\nWhenever Questing Beast deals combat damage to an opponent, it deals that much damage to target planeswalker that player controls."
Deathcoil Wurm,8.0,['G'],['G'],None,['Creature'],['Wurm'],Rare,PLST,7,6,None,You may have Deathcoil Wurm assign its combat damage as though it weren't blocked.
Stream of Thought,1.0,['U'],['U'],None,['Sorcery'],None,Common,PLST,None,None,None,"Target player mills four cards. You shuffle up to four cards from your graveyard into your library.\nReplicate {2}{U}{U} (When you cast this spell, copy it for each time you paid its replicate cost. You may choose new targets for the copies.)"
Absorb Vis,7.0,['B'],['B'],None,['Sorcery'],None,Common,PLST,None,None,None,"Target player loses 4 life and you gain 4 life.\nBasic landcycling {1}{B} ({1}{B}, Discard this card: Search your library for a basic land card, reveal it, put it into your hand, then shuffle.)"
Norin the Wary,1.0,['R'],['R'],['Legendary'],['Creature'],"['Human', 'Warrior']",Rare,PLST,2,1,None,"When a player casts a spell or a creature attacks, exile Norin the Wary. Return it to the battlefield under its owner's control at the beginning of the next end step."
Harmony of Nature,3.0,['G'],['G'],None,['Sorcery'],None,Uncommon,PLST,None,None,None,Tap any number of untapped creatures you control. You gain 4 life for each creature tapped this way.
Thundering Sparkmage,4.0,['R'],['R'],None,['Creature'],"['Human', 'Wizard']",Uncommon,PLST,2,2,None,"When Thundering Sparkmage enters the battlefield, it deals X damage to target creature or planeswalker, where X is the number of creatures in your party. (Your party consists of up to one each of Cleric, Rogue, Warrior, and Wizard.)"
Pack Leader,2.0,['W'],['W'],None,['Creature'],['Dog'],Rare,PLST,2,2,None,"Other Dogs you control get +1/+1.\nWhenever Pack Leader attacks, prevent all combat damage that would be dealt this turn to Dogs you control."
Hellkite Overlord,8.0,"['B', 'G', 'R']","['B', 'G', 'R']",None,['Creature'],['Dragon'],Mythic,PLST,8,8,None,"Flying, trample, haste\n{R}: Hellkite Overlord gets +1/+0 until end of turn.\n{B}{G}: Regenerate Hellkite Overlord."
Runed Halo,2.0,['W'],['W'],None,['Enchantment'],None,Rare,PLST,None,None,None,"As Runed Halo enters the battlefield, choose a card name.\nYou have protection from the chosen card name. (You can't be targeted, dealt damage, or enchanted by anything with that name.)"
Dragon Breath,2.0,['R'],['R'],None,['Enchantment'],['Aura'],Uncommon,PLST,None,None,None,"Enchant creature\nEnchanted creature has haste.\n{R}: Enchanted creature gets +1/+0 until end of turn.\nWhen a creature with mana value 6 or greater enters the battlefield, you may return Dragon Breath from your graveyard to the battlefield attached to that creature."
Driver of the Dead,4.0,['B'],['B'],None,['Creature'],['Vampire'],Common,PLST,3,2,None,"When Driver of the Dead dies, return target creature card with mana value 2 or less from your graveyard to the battlefield."
Earthen Arms,2.0,['G'],['G'],None,['Sorcery'],None,Common,PLST,None,None,None,"Put two +1/+1 counters on target permanent.\nAwaken 4—{6}{G} (If you cast this spell for {6}{G}, also put four +1/+1 counters on target land you control and it becomes a 0/0 Elemental creature with haste. It's still a land.)"
Speaker of the Heavens,1.0,['W'],['W'],None,['Creature'],"['Human', 'Cleric']",Rare,PLST,1,1,None,"Vigilance, lifelink\n{T}: Create a 4/4 white Angel creature token with flying. Activate only if you have at least 7 life more than your starting life total and only as a sorcery."
Ainok Survivalist,2.0,['G'],['G'],None,['Creature'],"['Dog', 'Shaman']",Uncommon,PLST,2,1,None,"Megamorph {1}{G} (You may cast this card face down as a 2/2 creature for {3}. Turn it face up any time for its megamorph cost and put a +1/+1 counter on it.)\nWhen Ainok Survivalist is turned face up, destroy target artifact or enchantment an opponent controls."
Infest,3.0,['B'],['B'],None,['Sorcery'],None,Uncommon,PLST,None,None,None,All creatures get -2/-2 until end of turn.
Return of the Wildspeaker,5.0,['G'],['G'],None,['Instant'],None,Rare,PLST,None,None,None,Choose one —\n• Draw cards equal to the greatest power among non-Human creatures you control.\n• Non-Human creatures you control get +3/+3 until end of turn.
Bestial Menace,5.0,['G'],['G'],None,['Sorcery'],None,Uncommon,PLST,None,None,None,"Create a 1/1 green Snake creature token, a 2/2 green Wolf creature token, and a 3/3 green Elephant creature token."
Scarecrone,3.0,None,None,None,"['Artifact', 'Creature']",['Scarecrow'],Rare,PLST,1,2,None,"{1}, Sacrifice a Scarecrow: Draw a card.\n{4}, {T}: Return target artifact creature card from your graveyard to the battlefield."
Relic Crush,5.0,['G'],['G'],None,['Instant'],None,Common,PLST,None,None,None,Destroy target artifact or enchantment and up to one other target artifact or enchantment.
"Jugan, the Rising Star",6.0,['G'],['G'],['Legendary'],['Creature'],"['Dragon', 'Spirit']",Rare,PLST,5,5,None,"Flying\nWhen Jugan, the Rising Star dies, you may distribute five +1/+1 counters among any number of target creatures."
Tavern Scoundrel,2.0,['R'],['R'],None,['Creature'],"['Human', 'Rogue']",Common,PLST,1,3,None,"Whenever you win a coin flip, create two Treasure tokens. (They're artifacts with ""{T}, Sacrifice this artifact: Add one mana of any color."")\n{1}, {T}, Sacrifice another permanent: Flip a coin."
Verdurous Gearhulk,5.0,['G'],['G'],None,"['Artifact', 'Creature']",['Construct'],Mythic,PLST,4,4,None,"Trample\nWhen Verdurous Gearhulk enters the battlefield, distribute four +1/+1 counters among any number of target creatures you control."
Gnarlid Pack,2.0,['G'],['G'],None,['Creature'],['Beast'],Common,PLST,2,2,None,Multikicker {1}{G} (You may pay an additional {1}{G} any number of times as you cast this spell.)\nGnarlid Pack enters the battlefield with a +1/+1 counter on it for each time it was kicked.
World at War,5.0,['R'],['R'],None,['Sorcery'],None,Rare,PLST,None,None,None,"After the first postcombat main phase this turn, there's an additional combat phase followed by an additional main phase. At the beginning of that combat, untap all creatures that attacked this turn.\nRebound (If you cast this spell from your hand, exile it as it resolves. At the beginning of your next upkeep, you may cast this card from exile without paying its mana cost.)"
Kavu Primarch,4.0,['G'],['G'],None,['Creature'],['Kavu'],Common,PLST,3,3,None,"Kicker {4} (You may pay an additional {4} as you cast this spell.)\nConvoke (Your creatures can help cast this spell. Each creature you tap while casting this spell pays for {1} or one mana of that creature's color.)\nIf Kavu Primarch was kicked, it enters the battlefield with four +1/+1 counters on it."
"Polukranos, World Eater",4.0,['G'],['G'],['Legendary'],['Creature'],['Hydra'],Mythic,PLST,5,5,None,"{X}{X}{G}: Monstrosity X. (If this creature isn't monstrous, put X +1/+1 counters on it and it becomes monstrous.)\nWhen Polukranos, World Eater becomes monstrous, it deals X damage divided as you choose among any number of target creatures your opponents control. Each of those creatures deals damage equal to its power to Polukranos."
Commune with Nature,1.0,['G'],['G'],None,['Sorcery'],None,Common,PLST,None,None,None,Look at the top five cards of your library. You may reveal a creature card from among them and put it into your hand. Put the rest on the bottom of your library in any order.
Acidic Soil,3.0,['R'],['R'],None,['Sorcery'],None,Uncommon,PLST,None,None,None,Acidic Soil deals damage to each player equal to the number of lands they control.
Kozilek's Predator,4.0,['G'],['G'],None,['Creature'],"['Eldrazi', 'Drone']",Common,PLST,3,3,None,"When Kozilek's Predator enters the battlefield, create two 0/1 colorless Eldrazi Spawn creature tokens. They have ""Sacrifice this creature: Add {C}."""
Renegade Map,1.0,None,None,None,['Artifact'],None,Common,PLST,None,None,None,"Renegade Map enters the battlefield tapped.\n{T}, Sacrifice Renegade Map: Search your library for a basic land card, reveal it, put it into your hand, then shuffle."
Phyrexian Arena,3.0,['B'],['B'],None,['Enchantment'],None,Rare,PLST,None,None,None,"At the beginning of your upkeep, you draw a card and you lose 1 life."
Hooded Brawler,3.0,['G'],['G'],None,['Creature'],"['Naga', 'Warrior']",Common,PLST,3,2,None,"You may exert Hooded Brawler as it attacks. When you do, it gets +2/+2 until end of turn. (An exerted creature won't untap during your next untap step.)"
Stromkirk Patrol,5.0,['B'],['B'],None,['Creature'],"['Vampire', 'Soldier']",Common,PLST,4,3,None,"Whenever Stromkirk Patrol deals combat damage to a player, put a +1/+1 counter on it."
Ghost Quarter,0.0,None,None,None,['Land'],None,Uncommon,PLST,None,None,None,"{T}: Add {C}.\n{T}, Sacrifice Ghost Quarter: Destroy target land. Its controller may search their library for a basic land card, put it onto the battlefield, then shuffle."
Cursed Mirror,3.0,['R'],['R'],None,['Artifact'],None,Rare,PLST,None,None,None,"{T}: Add {R}.\nAs Cursed Mirror enters the battlefield, you may have it become a copy of any creature on the battlefield until end of turn, except it has haste."
The Mending of Dominaria,5.0,['G'],['G'],None,['Enchantment'],['Saga'],Rare,PLST,None,None,None,"(As this Saga enters and after your draw step, add a lore counter. Sacrifice after III.)\nI, II — Mill two cards, then you may return a creature card from your graveyard to your hand.\nIII — Return all land cards from your graveyard to the battlefield, then shuffle your graveyard into your library."
Pelakka Wurm,7.0,['G'],['G'],None,['Creature'],['Wurm'],Uncommon,PLST,7,7,None,"Trample\nWhen Pelakka Wurm enters the battlefield, you gain 7 life.\nWhen Pelakka Wurm dies, draw a card."
Kingpin's Pet,3.0,"['B', 'W']","['B', 'W']",None,['Creature'],['Thrull'],Common,PLST,2,2,None,"Flying\nExtort (Whenever you cast a spell, you may pay {W/B}. If you do, each opponent loses 1 life and you gain that much life.)"
Ruin Grinder,6.0,['R'],['R'],None,"['Artifact', 'Creature']",['Construct'],Rare,PLST,7,4,None,"Menace\nWhen Ruin Grinder dies, each player may discard their hand and draw seven cards.\nMountaincycling {2} ({2}, Discard this card: Search your library for a Mountain card, reveal it, put it into your hand, then shuffle.)"
Tribute Mage,3.0,['U'],['U'],None,['Creature'],"['Human', 'Wizard']",Uncommon,PLST,2,2,None,"When Tribute Mage enters the battlefield, you may search your library for an artifact card with mana value 2, reveal that card, put it into your hand, then shuffle."
Fae Offering,3.0,['G'],['G'],None,['Enchantment'],None,Uncommon,PLST,None,None,None,"At the beginning of each end step, if you've cast both a creature spell and a noncreature spell this turn, create a Clue token, a Food token, and a Treasure token."
Initiate of Blood // Goka the Unjust,4.0,['R'],['R'],None,['Creature'],"['Ogre', 'Shaman']",Uncommon,PLST,2,2,None,"{T}: Initiate of Blood deals 1 damage to target creature that was dealt damage this turn. When that creature dies this turn, flip Initiate of Blood."
Migratory Route,5.0,"['U', 'W']","['U', 'W']",None,['Sorcery'],None,Uncommon,PLST,None,None,None,"Create four 1/1 white Bird creature tokens with flying.\nBasic landcycling {2} ({2}, Discard this card: Search your library for a basic land card, reveal it, put it into your hand, then shuffle.)"
Thrive,1.0,['G'],['G'],None,['Sorcery'],None,Common,PLST,None,None,None,Put a +1/+1 counter on each of X target creatures.
Earth Elemental,5.0,['R'],['R'],None,['Creature'],['Elemental'],Common,PLST,4,5,None,None
Ill-Tempered Cyclops,4.0,['R'],['R'],None,['Creature'],['Cyclops'],Common,PLST,3,3,None,"Trample\n{5}{R}: Monstrosity 3. (If this creature isn't monstrous, put three +1/+1 counters on it and it becomes monstrous.)"
Dryad Arbor,0.0,['G'],['G'],None,"['Land', 'Creature']","['Forest', 'Dryad']",Uncommon,PLST,1,1,None,"(Dryad Arbor isn't a spell, it's affected by summoning sickness, and it has ""{T}: Add {G}."")"
Goblin Balloon Brigade,1.0,['R'],['R'],None,['Creature'],"['Goblin', 'Warrior']",Common,PLST,1,1,None,{R}: Goblin Balloon Brigade gains flying until end of turn.
Titanoth Rex,9.0,['G'],['G'],None,['Creature'],"['Dinosaur', 'Beast']",Uncommon,PLST,11,11,None,"Trample\nCycling {1}{G} ({1}{G}, Discard this card: Draw a card.)\nWhen you cycle Titanoth Rex, put a trample counter on target creature you control."
Vryn Wingmare,3.0,['W'],['W'],None,['Creature'],['Pegasus'],Uncommon,PLST,2,1,None,Flying\nNoncreature spells cost {1} more to cast.
Mirrorpool,0.0,None,None,None,['Land'],None,Mythic,PLST,None,None,None,"Mirrorpool enters the battlefield tapped.\n{T}: Add {C}.\n{2}{C}, {T}, Sacrifice Mirrorpool: Copy target instant or sorcery spell you control. You may choose new targets for the copy.\n{4}{C}, {T}, Sacrifice Mirrorpool: Create a token that's a copy of target creature you control."
Jade Avenger,2.0,['G'],['G'],None,['Creature'],"['Frog', 'Samurai']",Common,PLST,2,2,None,"Bushido 2 (Whenever this creature blocks or becomes blocked, it gets +2/+2 until end of turn.)"
"Zacama, Primal Calamity",9.0,"['G', 'R', 'W']","['G', 'R', 'W']",['Legendary'],['Creature'],"['Elder', 'Dinosaur']",Mythic,PLST,9,9,None,"Vigilance, reach, trample\nWhen Zacama, Primal Calamity enters the battlefield, if you cast it, untap all lands you control.\n{2}{R}: Zacama deals 3 damage to target creature.\n{2}{G}: Destroy target artifact or enchantment.\n{2}{W}: You gain 3 life."
Ethercaste Knight,2.0,"['U', 'W']","['U', 'W']",None,"['Artifact', 'Creature']","['Human', 'Knight']",Uncommon,PLST,1,3,None,"Exalted (Whenever a creature you control attacks alone, that creature gets +1/+1 until end of turn.)"
Memnite,0.0,None,None,None,"['Artifact', 'Creature']",['Construct'],Uncommon,PLST,1,1,None,None
Birds of Paradise,1.0,['G'],['G'],None,['Creature'],['Bird'],Rare,PLST,0,1,None,Flying\n{T}: Add one mana of any color.
Valakut Awakening // Valakut Stoneforge,3.0,['R'],['R'],None,['Instant'],None,Rare,PLST,None,None,None,"Put any number of cards from your hand on the bottom of your library, then draw that many cards plus one."
Kindred Boon,4.0,['W'],['W'],None,['Enchantment'],None,Rare,PLST,None,None,None,"As Kindred Boon enters the battlefield, choose a creature type.\n{1}{W}: Put a divinity counter on target creature you control of the chosen type.\nEach creature you control with a divinity counter on it has indestructible."
Caged Sun,6.0,None,None,None,['Artifact'],None,Rare,PLST,None,None,None,"As Caged Sun enters the battlefield, choose a color.\nCreatures you control of the chosen color get +1/+1.\nWhenever a land's ability causes you to add one or more mana of the chosen color, add one additional mana of that color."
"Kiki-Jiki, Mirror Breaker",5.0,['R'],['R'],['Legendary'],['Creature'],"['Goblin', 'Shaman']",Rare,PLST,2,2,None,"Haste\n{T}: Create a token that's a copy of target nonlegendary creature you control, except it has haste. Sacrifice it at the beginning of the next end step."
Triplicate Titan,9.0,None,None,None,"['Artifact', 'Creature']",['Golem'],Rare,PLST,9,9,None,"Flying, vigilance, trample\nWhen Triplicate Titan dies, create a 3/3 colorless Golem artifact creature token with flying, a 3/3 colorless Golem artifact creature token with vigilance, and a 3/3 colorless Golem artifact creature token with trample."
Rosethorn Halberd,1.0,['G'],['G'],None,['Artifact'],['Equipment'],Common,PLST,None,None,None,"When Rosethorn Halberd enters the battlefield, attach it to target non-Human creature you control.\nEquipped creature gets +2/+1.\nEquip {5} ({5}: Attach to target creature you control. Equip only as a sorcery.)"
Cathodion,3.0,None,None,None,"['Artifact', 'Creature']",['Construct'],Uncommon,PLST,3,3,None,"When Cathodion dies, add {C}{C}{C}."
Cauldron of Souls,5.0,None,None,None,['Artifact'],None,Rare,PLST,None,None,None,"{T}: Choose any number of target creatures. Each of those creatures gains persist until end of turn. (When it dies, if it had no -1/-1 counters on it, return it to the battlefield under its owner's control with a -1/-1 counter on it.)"
Lure,3.0,['G'],['G'],None,['Enchantment'],['Aura'],Uncommon,PLST,None,None,None,Enchant creature\nAll creatures able to block enchanted creature do so.
Tireless Provisioner,3.0,['G'],['G'],None,['Creature'],"['Elf', 'Scout']",Uncommon,PLST,3,2,None,"Landfall — Whenever a land enters the battlefield under your control, create a Food token or a Treasure token. (Food is an artifact with ""{2}, {T}, Sacrifice this artifact: You gain 3 life."" Treasure is an artifact with ""{T}, Sacrifice this artifact: Add one mana of any color."")"
Manglehorn,3.0,['G'],['G'],None,['Creature'],['Beast'],Uncommon,PLST,2,2,None,"When Manglehorn enters the battlefield, you may destroy target artifact.\nArtifacts your opponents control enter the battlefield tapped."
Coldsteel Heart,2.0,None,None,['Snow'],['Artifact'],None,Uncommon,PLST,None,None,None,"Coldsteel Heart enters the battlefield tapped.\nAs Coldsteel Heart enters the battlefield, choose a color.\n{T}: Add one mana of the chosen color."
Blossom Prancer,5.0,['G'],['G'],None,['Creature'],['Spirit'],Uncommon,PLST,4,4,None,"Reach\nWhen Blossom Prancer enters the battlefield, look at the top five cards of your library. You may reveal a creature or enchantment card from among them and put it into your hand. Put the rest on the bottom of your library in a random order. If you didn't put a card into your hand this way, you gain 4 life."
Fade into Antiquity,3.0,['G'],['G'],None,['Sorcery'],None,Common,PLST,None,None,None,Exile target artifact or enchantment.
Bedlam,4.0,['R'],['R'],None,['Enchantment'],None,Rare,PLST,None,None,None,Creatures can't block.
Plaxcaster Frogling,3.0,"['G', 'U']","['G', 'U']",None,['Creature'],"['Frog', 'Mutant']",Uncommon,PLST,0,0,None,"Graft 3 (This creature enters the battlefield with three +1/+1 counters on it. Whenever another creature enters the battlefield, you may move a +1/+1 counter from this creature onto it.)\n{2}: Target creature with a +1/+1 counter on it gains shroud until end of turn. (It can't be the target of spells or abilities.)"
Ancient Brontodon,8.0,['G'],['G'],None,['Creature'],['Dinosaur'],Common,PLST,9,9,None,None
Lay of the Land,1.0,['G'],['G'],None,['Sorcery'],None,Common,PLST,None,None,None,"Search your library for a basic land card, reveal it, put it into your hand, then shuffle."
Enthralling Victor,4.0,['R'],['R'],None,['Creature'],"['Human', 'Warrior']",Uncommon,PLST,3,2,None,"When Enthralling Victor enters the battlefield, gain control of target creature an opponent controls with power 2 or less until end of turn. Untap that creature. It gains haste until end of turn. (It can attack and {T} this turn.)"
Cleansing Nova,5.0,['W'],['W'],None,['Sorcery'],None,Rare,PLST,None,None,None,Choose one —\n• Destroy all creatures.\n• Destroy all artifacts and enchantments.
Pierce the Sky,2.0,['G'],['G'],None,['Instant'],None,Common,PLST,None,None,None,Pierce the Sky deals 7 damage to target creature with flying.
Asmoranomardicadaistinaculdacar,0.0,"['B', 'R']","['B', 'R']",['Legendary'],['Creature'],"['Human', 'Wizard']",Rare,PLST,3,3,None,"As long as you've discarded a card this turn, you may pay {B/R} to cast this spell.\nWhen Asmoranomardicadaistinaculdacar enters the battlefield, you may search your library for a card named The Underworld Cookbook, reveal it, put it into your hand, then shuffle.\nSacrifice two Foods: Target creature deals 6 damage to itself."
Grand Arbiter Augustin IV,4.0,"['U', 'W']","['U', 'W']",['Legendary'],['Creature'],"['Human', 'Advisor']",Rare,PLST,2,3,None,White spells you cast cost {1} less to cast.\nBlue spells you cast cost {1} less to cast.\nSpells your opponents cast cost {1} more to cast.
Vengeful Rebirth,6.0,"['G', 'R']","['G', 'R']",None,['Sorcery'],None,Uncommon,PLST,None,None,None,"Return target card from your graveyard to your hand. If you return a nonland card to your hand this way, Vengeful Rebirth deals damage equal to that card's mana value to any target.\nExile Vengeful Rebirth."
Brand,1.0,['R'],['R'],None,['Instant'],None,Rare,PLST,None,None,None,"Gain control of all permanents you own. (This effect lasts indefinitely.)\nCycling {2} ({2}, Discard this card: Draw a card.)"
Combine Chrysalis,2.0,"['G', 'U']","['G', 'U']",None,['Artifact'],None,Uncommon,PLST,None,None,None,"Creature tokens you control have flying.\n{2}{G}{U}, {T}, Sacrifice a token: Create a 4/4 green Beast creature token. Activate only as a sorcery."
Rift Bolt,3.0,['R'],['R'],None,['Sorcery'],None,Common,PLST,None,None,None,"Rift Bolt deals 3 damage to any target.\nSuspend 1—{R} (Rather than cast this card from your hand, you may pay {R} and exile it with a time counter on it. At the beginning of your upkeep, remove a time counter. When the last is removed, you may cast it without paying its mana cost.)"
Ravenous Leucrocota,4.0,['G'],['G'],None,['Creature'],['Beast'],Common,PLST,2,4,None,"Vigilance\n{6}{G}: Monstrosity 3. (If this creature isn't monstrous, put three +1/+1 counters on it and it becomes monstrous.)"
Hammer Dropper,4.0,"['R', 'W']","['R', 'W']",None,['Creature'],"['Giant', 'Soldier']",Common,PLST,5,2,None,"Mentor (Whenever this creature attacks, put a +1/+1 counter on target attacking creature with lesser power.)"
Akroan Hoplite,2.0,"['R', 'W']","['R', 'W']",None,['Creature'],"['Human', 'Soldier']",Uncommon,PLST,1,2,None,"Whenever Akroan Hoplite attacks, it gets +X/+0 until end of turn, where X is the number of attacking creatures you control."
Sylvan Bounty,6.0,['G'],['G'],None,['Instant'],None,Common,PLST,None,None,None,"Target player gains 8 life.\nBasic landcycling {1}{G} ({1}{G}, Discard this card: Search your library for a basic land card, reveal it, put it into your hand, then shuffle.)"
Oreskos Explorer,2.0,['W'],['W'],None,['Creature'],"['Cat', 'Scout']",Uncommon,PLST,2,2,None,"When Oreskos Explorer enters the battlefield, search your library for up to X Plains cards, where X is the number of players who control more lands than you. Reveal those cards, put them into your hand, then shuffle."
Azor's Gateway // Sanctum of the Sun,2.0,None,None,['Legendary'],['Artifact'],None,Mythic,PLST,None,None,None,"{1}, {T}: Draw a card, then exile a card from your hand. If cards with five or more different mana values are exiled with Azor's Gateway, you gain 5 life, untap Azor's Gateway, and transform it."
Shrewd Hatchling,4.0,"['R', 'U']","['R', 'U']",None,['Creature'],['Elemental'],Uncommon,PLST,6,6,None,"Shrewd Hatchling enters the battlefield with four -1/-1 counters on it.\n{U/R}: Target creature can't block Shrewd Hatchling this turn.\nWhenever you cast a blue spell, remove a -1/-1 counter from Shrewd Hatchling.\nWhenever you cast a red spell, remove a -1/-1 counter from Shrewd Hatchling."
Alloy Myr,3.0,None,None,None,"['Artifact', 'Creature']",['Myr'],Common,PLST,2,2,None,{T}: Add one mana of any color.
Turntimber Basilisk,3.0,['G'],['G'],None,['Creature'],['Basilisk'],Uncommon,PLST,2,1,None,"Deathtouch (Any amount of damage this deals to a creature is enough to destroy it.)\nLandfall — Whenever a land enters the battlefield under your control, you may have target creature block Turntimber Basilisk this turn if able."
Blinding Souleater,3.0,None,['W'],None,"['Artifact', 'Creature']","['Phyrexian', 'Cleric']",Common,PLST,1,3,None,"{W/P}, {T}: Tap target creature. ({W/P} can be paid with either {W} or 2 life.)"
Expedite,1.0,['R'],['R'],None,['Instant'],None,Common,PLST,None,None,None,Target creature gains haste until end of turn.\nDraw a card.
Myr Retriever,2.0,None,None,None,"['Artifact', 'Creature']",['Myr'],Uncommon,PLST,1,1,None,"When Myr Retriever dies, return another target artifact card from your graveyard to your hand."
Lifespring Druid,3.0,['G'],['G'],None,['Creature'],"['Elf', 'Druid']",Common,PLST,2,1,None,{T}: Add one mana of any color.
Myr Sire,2.0,None,None,None,"['Artifact', 'Creature']","['Phyrexian', 'Myr']",Common,PLST,1,1,None,"When Myr Sire dies, create a 1/1 colorless Phyrexian Myr artifact creature token."
Stalking Leonin,3.0,['W'],['W'],None,['Creature'],"['Cat', 'Archer']",Rare,PLST,3,3,None,"When Stalking Leonin enters the battlefield, secretly choose an opponent.\nReveal the player you chose: Exile target creature that's attacking you if it's controlled by the chosen player. Activate only once."
"Lonis, Cryptozoologist",2.0,"['G', 'U']","['G', 'U']",['Legendary'],['Creature'],"['Snake', 'Elf', 'Scout']",Rare,PLST,1,2,None,"Whenever another nontoken creature enters the battlefield under your control, investigate.\n{T}, Sacrifice X Clues: Target opponent reveals the top X cards of their library. You may put a nonland permanent card with mana value X or less from among them onto the battlefield under your control. That player puts the rest on the bottom of their library in a random order."
Hashep Oasis,0.0,None,['G'],None,['Land'],['Desert'],Uncommon,PLST,None,None,None,"{T}: Add {C}.\n{T}, Pay 1 life: Add {G}.\n{1}{G}{G}, {T}, Sacrifice a Desert: Target creature gets +3/+3 until end of turn. Activate only as a sorcery."
Copper Carapace,1.0,None,None,None,['Artifact'],['Equipment'],Common,PLST,None,None,None,Equipped creature gets +2/+2 and can't block.\nEquip {3} ({3}: Attach to target creature you control. Equip only as a sorcery.)
Nature's Claim,1.0,['G'],['G'],None,['Instant'],None,Common,PLST,None,None,None,Destroy target artifact or enchantment. Its controller gains 4 life.
Shipwreck Singer,2.0,"['B', 'U']","['B', 'U']",None,['Creature'],['Siren'],Uncommon,PLST,1,2,None,"Flying\n{1}{U}: Target creature an opponent controls attacks this turn if able.\n{1}{B}, {T}: Attacking creatures get -1/-1 until end of turn."
Contraband Kingpin,2.0,"['B', 'U']","['B', 'U']",None,['Creature'],"['Aetherborn', 'Rogue']",Uncommon,PLST,1,4,None,"Lifelink\nWhenever an artifact enters the battlefield under your control, scry 1."
Palladium Myr,3.0,None,None,None,"['Artifact', 'Creature']",['Myr'],Uncommon,PLST,2,2,None,{T}: Add {C}{C}.
Highspire Mantis,4.0,"['R', 'W']","['R', 'W']",None,['Creature'],['Insect'],Uncommon,PLST,3,3,None,"Flying, trample"
Stormchaser Chimera,4.0,"['R', 'U']","['R', 'U']",None,['Creature'],['Chimera'],Uncommon,PLST,2,3,None,"Flying\n{2}{U}{R}: Scry 1, then reveal the top card of your library. Stormchaser Chimera gets +X/+0 until end of turn, where X is that card's mana value. (To scry 1, look at the top card of your library, then you may put that card on the bottom of your library.)"
Windcaller Aven,6.0,['U'],['U'],None,['Creature'],"['Bird', 'Wizard']",Common,PLST,4,3,None,"Flying\nCycling {U} ({U}, Discard this card: Draw a card.)\nWhen you cycle Windcaller Aven, target creature gains flying until end of turn."
Gaea's Revenge,7.0,['G'],['G'],None,['Creature'],['Elemental'],Rare,PLST,8,5,None,This spell can't be countered.\nHaste\nGaea's Revenge can't be the target of nongreen spells or abilities from nongreen sources.
Platinum Angel,7.0,None,None,None,"['Artifact', 'Creature']",['Angel'],Mythic,PLST,4,4,None,Flying\nYou can't lose the game and your opponents can't win the game.
Rush of Adrenaline,1.0,['R'],['R'],None,['Instant'],None,Common,PLST,None,None,None,Target creature gets +2/+1 and gains trample until end of turn.
"Sythis, Harvest's Hand",2.0,"['G', 'W']","['G', 'W']",['Legendary'],"['Enchantment', 'Creature']",['Nymph'],Rare,PLST,1,2,None,"Whenever you cast an enchantment spell, you gain 1 life and draw a card."
Furnace of Rath,4.0,['R'],['R'],None,['Enchantment'],None,Rare,PLST,None,None,None,"If a source would deal damage to a permanent or player, it deals double that damage to that permanent or player instead."
Frogmite,4.0,None,None,None,"['Artifact', 'Creature']",['Frog'],Common,PLST,2,2,None,Affinity for artifacts (This spell costs {1} less to cast for each artifact you control.)
Sedge Sliver,3.0,['R'],"['B', 'R']",None,['Creature'],['Sliver'],Rare,PLST,2,2,None,"All Sliver creatures have ""This creature gets +1/+1 as long as you control a Swamp.""\nAll Slivers have ""{B}: Regenerate this permanent."" (The next time it would be destroyed, instead tap it, remove it from combat, and heal all damage on it.)"
Mentor of the Meek,3.0,['W'],['W'],None,['Creature'],"['Human', 'Soldier']",Uncommon,PLST,2,2,None,"Whenever another creature with power 2 or less enters the battlefield under your control, you may pay {1}. If you do, draw a card."
Universal Solvent,1.0,None,None,None,['Artifact'],None,Common,PLST,None,None,None,"{7}, {T}, Sacrifice Universal Solvent: Destroy target permanent."
"Yusri, Fortune's Flame",3.0,"['R', 'U']","['R', 'U']",['Legendary'],['Creature'],['Efreet'],Rare,PLST,2,3,None,"Flying\nWhenever Yusri, Fortune's Flame attacks, choose a number between 1 and 5. Flip that many coins. For each flip you win, draw a card. For each flip you lose, Yusri deals 2 damage to you. If you won five flips this way, you may cast spells from your hand this turn without paying their mana costs."
Flamewave Invoker,3.0,['R'],['R'],None,['Creature'],"['Goblin', 'Mutant']",Uncommon,PLST,2,2,None,{7}{R}: Flamewave Invoker deals 5 damage to target player or planeswalker.
Academy Manufactor,3.0,None,None,None,"['Artifact', 'Creature']",['Assembly-Worker'],Rare,PLST,1,3,None,"If you would create a Clue, Food, or Treasure token, instead create one of each."
Murasa Ranger,4.0,['G'],['G'],None,['Creature'],"['Human', 'Warrior', 'Ranger']",Uncommon,PLST,3,3,None,"Landfall — Whenever a land enters the battlefield under your control, you may pay {3}{G}. If you do, put two +1/+1 counters on Murasa Ranger."
Mortarpod,2.0,None,None,None,['Artifact'],['Equipment'],Uncommon,PLST,None,None,None,"Living weapon (When this Equipment enters the battlefield, create a 0/0 black Phyrexian Germ creature token, then attach this to it.)\nEquipped creature gets +0/+1 and has ""Sacrifice this creature: This creature deals 1 damage to any target.""\nEquip {2}"
Teferi's Protection,3.0,['W'],['W'],None,['Instant'],None,Rare,PLST,None,None,None,"Until your next turn, your life total can't change and you gain protection from everything. All permanents you control phase out. (While they're phased out, they're treated as though they don't exist. They phase in before you untap during your untap step.)\nExile Teferi's Protection."
Saproling Migration,2.0,['G'],['G'],None,['Sorcery'],None,Common,PLST,None,None,None,"Kicker {4} (You may pay an additional {4} as you cast this spell.)\nCreate two 1/1 green Saproling creature tokens. If this spell was kicked, create four of those tokens instead."
Trading Post,4.0,None,None,None,['Artifact'],None,Rare,PLST,None,None,None,"{1}, {T}, Discard a card: You gain 4 life.\n{1}, {T}, Pay 1 life: Create a 0/1 white Goat creature token.\n{1}, {T}, Sacrifice a creature: Return target artifact card from your graveyard to your hand.\n{1}, {T}, Sacrifice an artifact: Draw a card."
Wolfkin Bond,5.0,['G'],['G'],None,['Enchantment'],['Aura'],Common,PLST,None,None,None,"Enchant creature\nWhen Wolfkin Bond enters the battlefield, create a 2/2 green Wolf creature token.\nEnchanted creature gets +2/+2."
Precursor Golem,5.0,None,None,None,"['Artifact', 'Creature']",['Golem'],Rare,PLST,3,3,None,"When Precursor Golem enters the battlefield, create two 3/3 colorless Golem artifact creature tokens.\nWhenever a player casts an instant or sorcery spell that targets only a single Golem, that player copies that spell for each other Golem that spell could target. Each copy targets a different one of those Golems."
Hypothesizzle,5.0,"['R', 'U']","['R', 'U']",None,['Instant'],None,Common,PLST,None,None,None,"Draw two cards. Then you may discard a nonland card. When you do, Hypothesizzle deals 4 damage to target creature."
Kaldra Compleat,7.0,None,None,['Legendary'],['Artifact'],['Equipment'],Mythic,PLST,None,None,None,"Living weapon\nIndestructible\nEquipped creature gets +5/+5 and has first strike, trample, indestructible, haste, and ""Whenever this creature deals combat damage to a creature, exile that creature.""\nEquip {7}"
"Dina, Soul Steeper",2.0,"['B', 'G']","['B', 'G']",['Legendary'],['Creature'],"['Dryad', 'Druid']",Uncommon,PLST,1,3,None,"Whenever you gain life, each opponent loses 1 life.\n{1}, Sacrifice another creature: Dina, Soul Steeper gets +X/+0 until end of turn, where X is the sacrificed creature's power."
Basilisk Collar,1.0,None,None,None,['Artifact'],['Equipment'],Rare,PLST,None,None,None,Equipped creature has deathtouch and lifelink.\nEquip {2}
Blossom Dryad,3.0,['G'],['G'],None,['Creature'],['Dryad'],Common,PLST,2,2,None,{T}: Untap target land.
Scion of Draco,12.0,None,None,None,"['Artifact', 'Creature']",['Dragon'],Mythic,PLST,4,4,None,"Domain — This spell costs {2} less to cast for each basic land type among lands you control.\nFlying\nEach creature you control has vigilance if it's white, hexproof if it's blue, lifelink if it's black, first strike if it's red, and trample if it's green."
Pouncing Cheetah,3.0,['G'],['G'],None,['Creature'],['Cat'],Common,PLST,3,2,None,Flash
Blightsteel Colossus,12.0,None,None,None,"['Artifact', 'Creature']","['Phyrexian', 'Golem']",Mythic,PLST,11,11,None,"Trample, infect, indestructible\nIf Blightsteel Colossus would be put into a graveyard from anywhere, reveal Blightsteel Colossus and shuffle it into its owner's library instead."
Song of Freyalise,2.0,['G'],['G'],None,['Enchantment'],['Saga'],Uncommon,PLST,None,None,None,"(As this Saga enters and after your draw step, add a lore counter. Sacrifice after III.)\nI, II — Until your next turn, creatures you control gain ""{T}: Add one mana of any color.""\nIII — Put a +1/+1 counter on each creature you control. Those creatures gain vigilance, trample, and indestructible until end of turn."
Ash Barrens,0.0,None,None,None,['Land'],None,Common,PLST,None,None,None,"{T}: Add {C}.\nBasic landcycling {1} ({1}, Discard this card: Search your library for a basic land card, reveal it, put it into your hand, then shuffle.)"
Conifer Strider,4.0,['G'],['G'],None,['Creature'],['Elemental'],Common,PLST,5,1,None,Hexproof (This creature can't be the target of spells or abilities your opponents control.)
Blasted Landscape,0.0,None,None,None,['Land'],None,Uncommon,PLST,None,None,None,"{T}: Add {C}.\nCycling {2} ({2}, Discard this card: Draw a card.)"
Nimble Mongoose,1.0,['G'],['G'],None,['Creature'],['Mongoose'],Common,PLST,1,1,None,Shroud (This creature can't be the target of spells or abilities.)\nThreshold — Nimble Mongoose gets +2/+2 as long as seven or more cards are in your graveyard.
Darksteel Citadel,0.0,None,None,None,"['Artifact', 'Land']",None,Common,PLST,None,None,None,Indestructible\n{T}: Add {C}.
Daring Skyjek,2.0,['W'],['W'],None,['Creature'],"['Human', 'Knight']",Common,PLST,3,1,None,"Battalion — Whenever Daring Skyjek and at least two other creatures attack, Daring Skyjek gains flying until end of turn."
Dreadship Reef,0.0,None,"['B', 'U']",None,['Land'],None,Uncommon,PLST,None,None,None,"{T}: Add {C}.\n{1}, {T}: Put a storage counter on Dreadship Reef.\n{1}, Remove X storage counters from Dreadship Reef: Add X mana in any combination of {U} and/or {B}."
Cave Sense,2.0,['R'],['R'],None,['Enchantment'],['Aura'],Common,PLST,None,None,None,Enchant creature\nEnchanted creature gets +1/+1 and has mountainwalk. (It can't be blocked as long as defending player controls a Mountain.)
The Great Aurora,9.0,['G'],['G'],None,['Sorcery'],None,Mythic,PLST,None,None,None,"Each player shuffles all cards from their hand and all permanents they own into their library, then draws that many cards. Each player may put any number of land cards from their hand onto the battlefield. Exile The Great Aurora."
Drag Under,3.0,['U'],['U'],None,['Sorcery'],None,Common,PLST,None,None,None,Return target creature to its owner's hand.\nDraw a card.
Expedition Map,1.0,None,None,None,['Artifact'],None,Common,PLST,None,None,None,"{2}, {T}, Sacrifice Expedition Map: Search your library for a land card, reveal it, put it into your hand, then shuffle."
Woodborn Behemoth,5.0,['G'],['G'],None,['Creature'],['Elemental'],Uncommon,PLST,4,4,None,"As long as you control eight or more lands, Woodborn Behemoth gets +4/+4 and has trample. (It can deal excess combat damage to the player or planeswalker it's attacking.)"
Urza's Saga,0.0,None,None,None,"['Enchantment', 'Land']","[""Urza's"", 'Saga']",Rare,PLST,None,None,None,"(As this Saga enters and after your draw step, add a lore counter. Sacrifice after III.)\nI — Urza's Saga gains ""{T}: Add {C}.""\nII — Urza's Saga gains ""{2}, {T}: Create a 0/0 colorless Construct artifact creature token with 'This creature gets +1/+1 for each artifact you control.'""\nIII — Search your library for an artifact card with mana cost {0} or {1}, put it onto the battlefield, then shuffle."
Lightning Talons,3.0,['R'],['R'],None,['Enchantment'],['Aura'],Common,PLST,None,None,None,Enchant creature\nEnchanted creature gets +3/+0 and has first strike. (It deals combat damage before creatures without first strike.)
Bomber Corps,2.0,['R'],['R'],None,['Creature'],"['Human', 'Soldier']",Common,PLST,1,2,None,"Battalion — Whenever Bomber Corps and at least two other creatures attack, Bomber Corps deals 1 damage to any target."
Lightning Greaves,2.0,None,None,None,['Artifact'],['Equipment'],Uncommon,PLST,None,None,None,Equipped creature has haste and shroud. (It can't be the target of spells or abilities.)\nEquip {0}
Overgrown Battlement,2.0,['G'],['G'],None,['Creature'],['Wall'],Uncommon,PLST,0,4,None,Defender\n{T}: Add {G} for each creature you control with defender.
"Titania, Protector of Argoth",5.0,['G'],['G'],['Legendary'],['Creature'],['Elemental'],Mythic,PLST,5,3,None,"When Titania, Protector of Argoth enters the battlefield, return target land card from your graveyard to the battlefield.\nWhenever a land you control is put into a graveyard from the battlefield, create a 5/3 green Elemental creature token."
Mercurial Chemister,5.0,"['R', 'U']","['R', 'U']",None,['Creature'],"['Human', 'Wizard']",Rare,PLST,2,3,None,"{U}, {T}: Draw two cards.\n{R}, {T}, Discard a card: Mercurial Chemister deals damage to target creature equal to the discarded card's mana value."
Sword of Feast and Famine,3.0,None,None,None,['Artifact'],['Equipment'],Mythic,PLST,None,None,None,"Equipped creature gets +2/+2 and has protection from black and from green.\nWhenever equipped creature deals combat damage to a player, that player discards a card and you untap all lands you control.\nEquip {2}"
Colossal Dreadmaw,6.0,['G'],['G'],None,['Creature'],['Dinosaur'],Common,PLST,6,6,None,Trample (This creature can deal excess combat damage to the player or planeswalker it's attacking.)
Sword of War and Peace,3.0,None,None,None,['Artifact'],['Equipment'],Mythic,PLST,None,None,None,"Equipped creature gets +2/+2 and has protection from red and from white.\nWhenever equipped creature deals combat damage to a player, Sword of War and Peace deals damage to that player equal to the number of cards in their hand and you gain 1 life for each card in your hand.\nEquip {2}"
River Boa,2.0,['G'],['G'],None,['Creature'],['Snake'],Uncommon,PLST,2,1,None,Islandwalk (This creature can't be blocked as long as defending player controls an Island.)\n{G}: Regenerate River Boa.
Mishra's Factory,0.0,None,None,None,['Land'],None,Uncommon,PLST,None,None,None,{T}: Add {C}.\n{1}: Mishra's Factory becomes a 2/2 Assembly-Worker artifact creature until end of turn. It's still a land.\n{T}: Target Assembly-Worker creature gets +1/+1 until end of turn.
Bala Ged Recovery // Bala Ged Sanctuary,3.0,['G'],['G'],None,['Sorcery'],None,Uncommon,PLST,None,None,None,Return target card from your graveyard to your hand.
Academy Ruins,0.0,None,['U'],['Legendary'],['Land'],None,Rare,PLST,None,None,None,"{T}: Add {C}.\n{1}{U}, {T}: Put target artifact card from your graveyard on top of your library."
Buried Ruin,0.0,None,None,None,['Land'],None,Uncommon,PLST,None,None,None,"{T}: Add {C}.\n{2}, {T}, Sacrifice Buried Ruin: Return target artifact card from your graveyard to your hand."
Join Shields,5.0,"['G', 'W']","['G', 'W']",None,['Instant'],None,Uncommon,PLST,None,None,None,"Untap all creatures you control. They gain hexproof and indestructible until end of turn. (They can't be the targets of spells or abilities your opponents control. Damage and effects that say ""destroy"" don't destroy them.)"
Cascade Bluffs,0.0,None,"['R', 'U']",None,['Land'],None,Rare,PLST,None,None,None,"{T}: Add {C}.\n{U/R}, {T}: Add {U}{U}, {U}{R}, or {R}{R}."
Engineered Might,5.0,"['G', 'W']","['G', 'W']",None,['Sorcery'],None,Uncommon,PLST,None,None,None,Choose one —\n• Target creature gets +5/+5 and gains trample until end of turn.\n• Creatures you control get +2/+2 and gain vigilance until end of turn.
Late to Dinner,4.0,['W'],['W'],None,['Sorcery'],None,Common,PLST,None,None,None,"Return target creature card from your graveyard to the battlefield. Create a Food token. (It's an artifact with ""{2}, {T}, Sacrifice this artifact: You gain 3 life."")"
Carrion Feeder,1.0,['B'],['B'],None,['Creature'],['Zombie'],Uncommon,PLST,1,1,None,Carrion Feeder can't block.\nSacrifice a creature: Put a +1/+1 counter on Carrion Feeder.
"Tourach, Dread Cantor",2.0,['B'],['B'],['Legendary'],['Creature'],"['Human', 'Cleric']",Mythic,PLST,2,1,None,"Kicker {B}{B} (You may pay an additional {B}{B} as you cast this spell.)\nProtection from white\nWhenever an opponent discards a card, put a +1/+1 counter on Tourach, Dread Cantor.\nWhen Tourach enters the battlefield, if it was kicked, target opponent discards two cards at random."
Mind Funeral,3.0,"['B', 'U']","['B', 'U']",None,['Sorcery'],None,Uncommon,PLST,None,None,None,Target opponent reveals cards from the top of their library until four land cards are revealed. That player puts all cards revealed this way into their graveyard.
Gaea's Will,0.0,['G'],['G'],None,['Sorcery'],None,Rare,PLST,None,None,None,"Suspend 4—{G}\nUntil end of turn, you may play lands and cast spells from your graveyard.\nIf a card would be put into your graveyard from anywhere this turn, exile that card instead."
"Garruk Relentless // Garruk, the Veil-Cursed",4.0,['G'],"['B', 'G']",['Legendary'],['Planeswalker'],['Garruk'],Mythic,PLST,None,None,3,"When Garruk Relentless has two or fewer loyalty counters on him, transform him.\n[0]: Garruk Relentless deals 3 damage to target creature. That creature deals damage equal to its power to him.\n[0]: Create a 2/2 green Wolf creature token."
Fencing Ace,2.0,['W'],['W'],None,['Creature'],"['Human', 'Soldier']",Common,PLST,1,1,None,Double strike
"Kolvori, God of Kinship // The Ringhart Crest",4.0,['G'],['G'],['Legendary'],['Creature'],['God'],Rare,PLST,2,4,None,"As long as you control three or more legendary creatures, Kolvori gets +4/+2 and has vigilance.\n{1}{G}, {T}: Look at the top six cards of your library. You may reveal a legendary creature card from among them and put it into your hand. Put the rest on the bottom of your library in a random order."
Geist of the Moors,3.0,['W'],['W'],None,['Creature'],['Spirit'],Common,PLST,3,1,None,Flying
Knight of the Skyward Eye,2.0,['W'],"['G', 'W']",None,['Creature'],"['Human', 'Knight']",Common,PLST,2,2,None,{3}{G}: Knight of the Skyward Eye gets +3/+3 until end of turn. Activate only once each turn.
Kor Firewalker,2.0,['W'],['W'],None,['Creature'],"['Kor', 'Soldier']",Uncommon,PLST,2,2,None,"Protection from red\nWhenever a player casts a red spell, you may gain 1 life."
Aura Shards,3.0,"['G', 'W']","['G', 'W']",None,['Enchantment'],None,Uncommon,PLST,None,None,None,"Whenever a creature enters the battlefield under your control, you may destroy target artifact or enchantment."
Loyal Sentry,1.0,['W'],['W'],None,['Creature'],"['Human', 'Soldier']",Common,PLST,1,1,None,"When Loyal Sentry blocks a creature, destroy that creature and Loyal Sentry."
Campaign of Vengeance,5.0,"['B', 'W']","['B', 'W']",None,['Enchantment'],None,Uncommon,PLST,None,None,None,"Whenever a creature you control attacks, defending player loses 1 life and you gain 1 life."
Lunarch Mantle,2.0,['W'],['W'],None,['Enchantment'],['Aura'],Common,PLST,None,None,None,"Enchant creature\nEnchanted creature gets +2/+2 and has ""{1}, Sacrifice a permanent: This creature gains flying until end of turn."""
Prey's Vengeance,1.0,['G'],['G'],None,['Instant'],None,Common,PLST,None,None,None,"Target creature gets +2/+2 until end of turn.\nRebound (If you cast this spell from your hand, exile it as it resolves. At the beginning of your next upkeep, you may cast this card from exile without paying its mana cost.)"
Nyx-Fleece Ram,2.0,['W'],['W'],None,"['Enchantment', 'Creature']",['Sheep'],Uncommon,PLST,0,5,None,"At the beginning of your upkeep, you gain 1 life."
Ceremonial Guard,3.0,['R'],['R'],None,['Creature'],"['Human', 'Soldier']",Common,PLST,3,4,None,"When Ceremonial Guard attacks or blocks, destroy it at end of combat."
Path of Peace,4.0,['W'],['W'],None,['Sorcery'],None,Common,PLST,None,None,None,Destroy target creature. Its owner gains 4 life.
Chance Encounter,4.0,['R'],['R'],None,['Enchantment'],None,Rare,PLST,None,None,None,"Whenever you win a coin flip, put a luck counter on Chance Encounter.\nAt the beginning of your upkeep, if Chance Encounter has ten or more luck counters on it, you win the game."
Promise of Bunrei,3.0,['W'],['W'],None,['Enchantment'],None,Uncommon,PLST,None,None,None,"When a creature you control dies, sacrifice Promise of Bunrei. If you do, create four 1/1 colorless Spirit creature tokens."
Wandering Fumarole,0.0,None,"['R', 'U']",None,['Land'],None,Rare,PLST,None,None,None,"Wandering Fumarole enters the battlefield tapped.\n{T}: Add {U} or {R}.\n{2}{U}{R}: Until end of turn, Wandering Fumarole becomes a 1/4 blue and red Elemental creature with ""{0}: Switch this creature's power and toughness until end of turn."" It's still a land."
Renewed Faith,3.0,['W'],['W'],None,['Instant'],None,Common,PLST,None,None,None,"You gain 6 life.\nCycling {1}{W} ({1}{W}, Discard this card: Draw a card.)\nWhen you cycle Renewed Faith, you may gain 2 life."
High Alert,3.0,"['U', 'W']","['U', 'W']",None,['Enchantment'],None,Uncommon,PLST,None,None,None,Each creature you control assigns combat damage equal to its toughness rather than its power.\nCreatures you control can attack as though they didn't have defender.\n{2}{W}{U}: Untap target creature.
Savannah Lions,1.0,['W'],['W'],None,['Creature'],['Cat'],Common,PLST,2,1,None,None
Dragon-Scarred Bear,3.0,['G'],['G'],None,['Creature'],['Bear'],Common,PLST,3,2,None,Formidable — {1}{G}: Regenerate Dragon-Scarred Bear. Activate only if creatures you control have total power 8 or greater.
Blue Elemental Blast,1.0,['U'],['U'],None,['Instant'],None,Uncommon,PLST,None,None,None,Choose one —\n• Counter target red spell.\n• Destroy target red permanent.
Roots,4.0,['G'],['G'],None,['Enchantment'],['Aura'],Common,PLST,None,None,None,"Enchant creature without flying\nWhen Roots enters the battlefield, tap enchanted creature.\nEnchanted creature doesn't untap during its controller's untap step."
"Borrowing 100,000 Arrows",3.0,['U'],['U'],None,['Sorcery'],None,Common,PLST,None,None,None,Draw a card for each tapped creature target opponent controls.
Gisa and Geralf,4.0,"['B', 'U']","['B', 'U']",['Legendary'],['Creature'],"['Human', 'Wizard']",Mythic,PLST,4,4,None,"When Gisa and Geralf enters the battlefield, mill four cards.\nOnce during each of your turns, you may cast a Zombie creature spell from your graveyard."
Gnaw to the Bone,3.0,['G'],['G'],None,['Instant'],None,Common,PLST,None,None,None,You gain 2 life for each creature card in your graveyard.\nFlashback {2}{G} (You may cast this card from your graveyard for its flashback cost. Then exile it.)
Brine Elemental,6.0,['U'],['U'],None,['Creature'],['Elemental'],Uncommon,PLST,5,4,None,"Morph {5}{U}{U} (You may cast this card face down as a 2/2 creature for {3}. Turn it face up any time for its morph cost.)\nWhen Brine Elemental is turned face up, each opponent skips their next untap step."
Kin-Tree Invocation,2.0,"['B', 'G']","['B', 'G']",None,['Sorcery'],None,Uncommon,PLST,None,None,None,"Create an X/X black and green Spirit Warrior creature token, where X is the greatest toughness among creatures you control."
Choking Tethers,4.0,['U'],['U'],None,['Instant'],None,Common,PLST,None,None,None,"Tap up to four target creatures.\nCycling {1}{U} ({1}{U}, Discard this card: Draw a card.)\nWhen you cycle Choking Tethers, you may tap target creature."
Lash Out,2.0,['R'],['R'],None,['Instant'],None,Common,PLST,None,None,None,"Lash Out deals 3 damage to target creature. Clash with an opponent. If you win, Lash Out deals 3 damage to that creature's controller. (Each clashing player reveals the top card of their library, then puts that card on the top or bottom. A player wins if their card had a higher mana value.)"
Wastes,0.0,None,None,['Basic'],['Land'],None,Common,PLST,None,None,None,{T}: Add {C}.
Court Hussar,3.0,['U'],"['U', 'W']",None,['Creature'],"['Vedalken', 'Knight']",Common,PLST,1,3,None,"Vigilance\nWhen Court Hussar enters the battlefield, look at the top three cards of your library, then put one of them into your hand and the rest on the bottom of your library in any order.\nWhen Court Hussar enters the battlefield, sacrifice it unless {W} was spent to cast it."
Vulpine Goliath,6.0,['G'],['G'],None,['Creature'],['Fox'],Common,PLST,6,5,None,Trample
Curiosity,1.0,['U'],['U'],None,['Enchantment'],['Aura'],Uncommon,PLST,None,None,None,"Enchant creature\nWhenever enchanted creature deals damage to an opponent, you may draw a card."
Loyal Unicorn,4.0,['W'],['W'],None,['Creature'],['Unicorn'],Uncommon,PLST,3,4,None,"Vigilance\nLieutenant — At the beginning of combat on your turn, if you control your commander, prevent all combat damage that would be dealt to creatures you control this turn. Other creatures you control gain vigilance until end of turn."
Murder of Crows,5.0,['U'],['U'],None,['Creature'],['Bird'],Uncommon,PLST,4,4,None,"Flying\nWhenever another creature dies, you may draw a card. If you do, discard a card."
Seal of Strength,1.0,['G'],['G'],None,['Enchantment'],None,Common,PLST,None,None,None,Sacrifice Seal of Strength: Target creature gets +3/+3 until end of turn.
Mystic of the Hidden Way,5.0,['U'],['U'],None,['Creature'],"['Human', 'Monk']",Common,PLST,3,2,None,Mystic of the Hidden Way can't be blocked.\nMorph {2}{U} (You may cast this card face down as a 2/2 creature for {3}. Turn it face up any time for its morph cost.)
"Lazav, the Multifarious",2.0,"['B', 'U']","['B', 'U']",['Legendary'],['Creature'],['Shapeshifter'],Mythic,PLST,1,3,None,"When Lazav, the Multifarious enters the battlefield, surveil 1. (Look at the top card of your library. You may put it into your graveyard.)\n{X}: Lazav, the Multifarious becomes a copy of target creature card in your graveyard with mana value X, except its name is Lazav, the Multifarious, it's legendary in addition to its other types, and it has this ability."
Pact of Negation,0.0,['U'],['U'],None,['Instant'],None,Rare,PLST,None,None,None,"Counter target spell.\nAt the beginning of your next upkeep, pay {3}{U}{U}. If you don't, you lose the game."
Masked Vandal,2.0,['G'],['G'],None,['Creature'],['Shapeshifter'],Common,PLST,1,3,None,"Changeling (This card is every creature type.)\nWhen Masked Vandal enters the battlefield, you may exile a creature card from your graveyard. If you do, exile target artifact or enchantment an opponent controls."
Ghost Ship,4.0,['U'],['U'],None,['Creature'],['Spirit'],Common,PLST,2,4,None,Flying\n{U}{U}{U}: Regenerate Ghost Ship.
Warriors' Lesson,1.0,['G'],['G'],None,['Instant'],None,Uncommon,PLST,None,None,None,"Until end of turn, up to two target creatures you control each gain ""Whenever this creature deals combat damage to a player, draw a card."""
Phantasmal Bear,1.0,['U'],['U'],None,['Creature'],"['Bear', 'Illusion']",Common,PLST,2,2,None,"When Phantasmal Bear becomes the target of a spell or ability, sacrifice it."
Extract from Darkness,5.0,"['B', 'U']","['B', 'U']",None,['Sorcery'],None,Uncommon,PLST,None,None,None,Each player mills two cards. Then you put a creature card from a graveyard onto the battlefield under your control.
Reclaiming Vines,4.0,['G'],['G'],None,['Sorcery'],None,Common,PLST,None,None,None,"Destroy target artifact, enchantment, or land."
Retraction Helix,1.0,['U'],['U'],None,['Instant'],None,Common,PLST,None,None,None,"Until end of turn, target creature gains ""{T}: Return target nonland permanent to its owner's hand."""
Epic Confrontation,2.0,['G'],['G'],None,['Sorcery'],None,Common,PLST,None,None,None,Target creature you control gets +1/+2 until end of turn. It fights target creature you don't control. (Each deals damage equal to its power to the other.)
Caustic Tar,6.0,['B'],['B'],None,['Enchantment'],['Aura'],Uncommon,PLST,None,None,None,"Enchant land\nEnchanted land has ""{T}: Target player loses 3 life."""
Boros Reckoner,3.0,"['R', 'W']","['R', 'W']",None,['Creature'],"['Minotaur', 'Wizard']",Rare,PLST,3,3,None,"Whenever Boros Reckoner is dealt damage, it deals that much damage to any target.\n{R/W}: Boros Reckoner gains first strike until end of turn."
Search for Tomorrow,3.0,['G'],['G'],None,['Sorcery'],None,Common,PLST,None,None,None,"Search your library for a basic land card, put it onto the battlefield, then shuffle.\nSuspend 2—{G} (Rather than cast this card from your hand, you may pay {G} and exile it with two time counters on it. At the beginning of your upkeep, remove a time counter. When the last is removed, you may cast it without paying its mana cost.)"
Diabolic Edict,2.0,['B'],['B'],None,['Instant'],None,Common,PLST,None,None,None,Target player sacrifices a creature.
Kaervek's Torch,1.0,['R'],['R'],None,['Sorcery'],None,Common,PLST,None,None,None,"As long as Kaervek's Torch is on the stack, spells that target it cost {2} more to cast.\nKaervek's Torch deals X damage to any target."
Dirge of Dread,3.0,['B'],['B'],None,['Sorcery'],None,Common,PLST,None,None,None,"All creatures gain fear until end of turn. (They can't be blocked except by artifact creatures and/or black creatures.)\nCycling {1}{B} ({1}{B}, Discard this card: Draw a card.)\nWhen you cycle Dirge of Dread, you may have target creature gain fear until end of turn."
Dwarven Grunt,1.0,['R'],['R'],None,['Creature'],['Dwarf'],Common,PLST,1,1,None,Mountainwalk (This creature can't be blocked as long as defending player controls a Mountain.)
Fallen Angel,5.0,['B'],['B'],None,['Creature'],['Angel'],Uncommon,PLST,3,3,None,Flying\nSacrifice a creature: Fallen Angel gets +2/+1 until end of turn.
Arch of Orazca,0.0,None,None,None,['Land'],None,Rare,PLST,None,None,None,"Ascend (If you control ten or more permanents, you get the city's blessing for the rest of the game.)\n{T}: Add {C}.\n{5}, {T}: Draw a card. Activate only if you have the city's blessing."
Living Death,5.0,['B'],['B'],None,['Sorcery'],None,Rare,PLST,None,None,None,"Each player exiles all creature cards from their graveyard, then sacrifices all creatures they control, then puts all cards they exiled this way onto the battlefield."
Deeproot Champion,2.0,['G'],['G'],None,['Creature'],"['Merfolk', 'Shaman']",Rare,PLST,1,1,None,"Whenever you cast a noncreature spell, put a +1/+1 counter on Deeproot Champion."
Ihsan's Shade,6.0,['B'],['B'],['Legendary'],['Creature'],"['Shade', 'Knight']",Uncommon,PLST,5,5,None,Protection from white
Aminatou's Augury,8.0,['U'],['U'],None,['Sorcery'],None,Rare,PLST,None,None,None,"Exile the top eight cards of your library. You may put a land card from among them onto the battlefield. Until end of turn, for each nonland card type, you may cast a spell of that type from among the exiled cards without paying its mana cost."
Erg Raiders,2.0,['B'],['B'],None,['Creature'],"['Human', 'Warrior']",Common,PLST,2,3,None,"At the beginning of your end step, if Erg Raiders didn't attack this turn, Erg Raiders deals 2 damage to you unless it came under your control this turn."
Mercurial Geists,4.0,"['R', 'U']","['R', 'U']",None,['Creature'],['Spirit'],Uncommon,PLST,1,3,None,"Flying\nWhenever you cast an instant or sorcery spell, Mercurial Geists gets +3/+0 until end of turn."
Horseshoe Crab,3.0,['U'],['U'],None,['Creature'],['Crab'],Common,PLST,1,3,None,{U}: Untap Horseshoe Crab.
Elvish Champion,3.0,['G'],['G'],None,['Creature'],['Elf'],Rare,PLST,2,2,None,Other Elf creatures get +1/+1 and have forestwalk. (They can't be blocked as long as defending player controls a Forest.)
Mogg Flunkies,2.0,['R'],['R'],None,['Creature'],['Goblin'],Common,PLST,3,3,None,Mogg Flunkies can't attack or block alone.
Gutter Grime,5.0,['G'],['G'],None,['Enchantment'],None,Rare,PLST,None,None,None,"Whenever a nontoken creature you control dies, put a slime counter on Gutter Grime, then create a green Ooze creature token with ""This creature's power and toughness are each equal to the number of slime counters on Gutter Grime."""
Molten Rain,3.0,['R'],['R'],None,['Sorcery'],None,Uncommon,PLST,None,None,None,"Destroy target land. If that land was nonbasic, Molten Rain deals 2 damage to the land's controller."
Path to the World Tree,2.0,['G'],"['B', 'G', 'R', 'U', 'W']",None,['Enchantment'],None,Uncommon,PLST,None,None,None,"When Path to the World Tree enters the battlefield, search your library for a basic land card, reveal it, put it into your hand, then shuffle.\n{2}{W}{U}{B}{R}{G}, Sacrifice Path to the World Tree: You gain 2 life and draw two cards. Target opponent loses 2 life. Path to the World Tree deals 2 damage to up to one target creature. You create a 2/2 green Bear creature token."
Rubblebelt Maaka,4.0,['R'],['R'],None,['Creature'],['Cat'],Common,PLST,3,3,None,"Bloodrush — {R}, Discard Rubblebelt Maaka: Target attacking creature gets +3/+3 until end of turn."
Saheeli Rai,3.0,"['R', 'U']","['R', 'U']",['Legendary'],['Planeswalker'],['Saheeli'],Mythic,PLST,None,None,3,"[+1]: Scry 1. Saheeli Rai deals 1 damage to each opponent.\n[−2]: Create a token that's a copy of target artifact or creature you control, except it's an artifact in addition to its other types. That token gains haste. Exile it at the beginning of the next end step.\n[−7]: Search your library for up to three artifact cards with different names, put them onto the battlefield, then shuffle."
Arachnus Web,3.0,['G'],['G'],None,['Enchantment'],['Aura'],Common,PLST,None,None,None,"Enchant creature\nEnchanted creature can't attack or block, and its activated abilities can't be activated.\nAt the beginning of the end step, if enchanted creature's power is 4 or greater, destroy Arachnus Web."
Anax and Cymede,3.0,"['R', 'W']","['R', 'W']",['Legendary'],['Creature'],"['Human', 'Soldier']",Rare,PLST,3,2,None,"First strike, vigilance\nHeroic — Whenever you cast a spell that targets Anax and Cymede, creatures you control get +1/+1 and gain trample until end of turn."
Avacyn's Pilgrim,1.0,['G'],"['G', 'W']",None,['Creature'],"['Human', 'Monk']",Common,PLST,1,1,None,{T}: Add {W}.
Slave of Bolas,5.0,"['B', 'R', 'U']","['B', 'R', 'U']",None,['Sorcery'],None,Uncommon,PLST,None,None,None,Gain control of target creature. Untap that creature. It gains haste until end of turn. Sacrifice it at the beginning of the next end step.
Death-Hood Cobra,2.0,['G'],['G'],None,['Creature'],"['Phyrexian', 'Snake']",Common,PLST,2,2,None,{1}{G}: Death-Hood Cobra gains reach until end of turn.\n{1}{G}: Death-Hood Cobra gains deathtouch until end of turn.
Nightshade Peddler,2.0,['G'],['G'],None,['Creature'],"['Human', 'Druid']",Common,PLST,1,1,None,"Soulbond (You may pair this creature with another unpaired creature when either enters the battlefield. They remain paired for as long as you control both of them.)\nAs long as Nightshade Peddler is paired with another creature, both creatures have deathtouch."
Penumbra Spider,4.0,['G'],['G'],None,['Creature'],['Spider'],Common,PLST,2,4,None,"Reach\nWhen Penumbra Spider dies, create a 2/4 black Spider creature token with reach."
Dwarven Recruiter,3.0,['R'],['R'],None,['Creature'],['Dwarf'],Uncommon,PLST,2,2,None,"When Dwarven Recruiter enters the battlefield, search your library for any number of Dwarf cards, reveal them, then shuffle and put those cards on top in any order."
Revive,2.0,['G'],['G'],None,['Sorcery'],None,Common,PLST,None,None,None,Return target green card from your graveyard to your hand.
General Kudro of Drannith,3.0,"['B', 'W']","['B', 'W']",['Legendary'],['Creature'],"['Human', 'Soldier']",Mythic,PLST,3,3,None,"Other Humans you control get +1/+1.\nWhenever General Kudro of Drannith or another Human enters the battlefield under your control, exile target card from an opponent's graveyard.\n{2}, Sacrifice two Humans: Destroy target creature with power 4 or greater."
Strength in Numbers,2.0,['G'],['G'],None,['Instant'],None,Common,PLST,None,None,None,"Until end of turn, target creature gains trample and gets +X/+X, where X is the number of attacking creatures."
"Kaya, Orzhov Usurper",3.0,"['B', 'W']","['B', 'W']",['Legendary'],['Planeswalker'],['Kaya'],Mythic,PLST,None,None,3,"[+1]: Exile up to two target cards from a single graveyard. You gain 2 life if at least one creature card was exiled this way.\n[−1]: Exile target nonland permanent with mana value 1 or less.\n[−5]: Kaya, Orzhov Usurper deals damage to target player equal to the number of cards that player owns in exile and you gain that much life."
Thornscape Battlemage,3.0,['G'],"['G', 'R', 'W']",None,['Creature'],"['Elf', 'Wizard']",Uncommon,PLST,2,2,None,"Kicker {R} and/or {W} (You may pay an additional {R} and/or {W} as you cast this spell.)\nWhen Thornscape Battlemage enters the battlefield, if it was kicked with its {R} kicker, it deals 2 damage to any target.\nWhen Thornscape Battlemage enters the battlefield, if it was kicked with its {W} kicker, destroy target artifact."
Unlicensed Disintegration,3.0,"['B', 'R']","['B', 'R']",None,['Instant'],None,Uncommon,PLST,None,None,None,"Destroy target creature. If you control an artifact, Unlicensed Disintegration deals 3 damage to that creature's controller."
Agony Warp,2.0,"['B', 'U']","['B', 'U']",None,['Instant'],None,Common,PLST,None,None,None,Target creature gets -3/-0 until end of turn.\nTarget creature gets -0/-3 until end of turn.
Mardu Roughrider,5.0,"['B', 'R', 'W']","['B', 'R', 'W']",None,['Creature'],"['Orc', 'Warrior']",Uncommon,PLST,5,4,None,"Whenever Mardu Roughrider attacks, target creature can't block this turn."
Coiling Oracle,2.0,"['G', 'U']","['G', 'U']",None,['Creature'],"['Snake', 'Elf', 'Druid']",Common,PLST,1,1,None,"When Coiling Oracle enters the battlefield, reveal the top card of your library. If it's a land card, put it onto the battlefield. Otherwise, put that card into your hand."
Mantle of Webs,2.0,['G'],['G'],None,['Enchantment'],['Aura'],Common,PLST,None,None,None,Enchant creature\nEnchanted creature gets +1/+3 and has reach. (It can block creatures with flying.)
Fiery Justice,3.0,"['G', 'R', 'W']","['G', 'R', 'W']",None,['Sorcery'],None,Rare,PLST,None,None,None,Fiery Justice deals 5 damage divided as you choose among any number of targets. Target opponent gains 5 life.
Nihil Spellbomb,1.0,None,['B'],None,['Artifact'],None,Common,PLST,None,None,None,"{T}, Sacrifice Nihil Spellbomb: Exile target player's graveyard.\nWhen Nihil Spellbomb is put into a graveyard from the battlefield, you may pay {B}. If you do, draw a card."
Ghor-Clan Rampager,4.0,"['G', 'R']","['G', 'R']",None,['Creature'],['Beast'],Uncommon,PLST,4,4,None,"Trample\nBloodrush — {R}{G}, Discard Ghor-Clan Rampager: Target attacking creature gets +4/+4 and gains trample until end of turn."
Glade Watcher,2.0,['G'],['G'],None,['Creature'],['Elemental'],Common,PLST,3,3,None,Defender\nFormidable — {G}: Glade Watcher can attack this turn as though it didn't have defender. Activate only if creatures you control have total power 8 or greater.
Rhox War Monk,3.0,"['G', 'U', 'W']","['G', 'U', 'W']",None,['Creature'],"['Rhino', 'Monk']",Uncommon,PLST,3,4,None,Lifelink
Veteran Motorist,2.0,"['R', 'W']","['R', 'W']",None,['Creature'],"['Dwarf', 'Pilot']",Uncommon,PLST,3,1,None,"When Veteran Motorist enters the battlefield, scry 2.\nWhenever Veteran Motorist crews a Vehicle, that Vehicle gets +1/+1 until end of turn."
Sedraxis Specter,3.0,"['B', 'R', 'U']","['B', 'R', 'U']",None,['Creature'],['Specter'],Uncommon,PLST,3,2,None,"Flying\nWhenever Sedraxis Specter deals combat damage to a player, that player discards a card.\nUnearth {1}{B} ({1}{B}: Return this card from your graveyard to the battlefield. It gains haste. Exile it at the beginning of the next end step or if it would leave the battlefield. Unearth only as a sorcery.)"
Might of the Masses,1.0,['G'],['G'],None,['Instant'],None,Common,PLST,None,None,None,Target creature gets +1/+1 until end of turn for each creature you control.
Soul Manipulation,3.0,"['B', 'U']","['B', 'U']",None,['Instant'],None,Uncommon,PLST,None,None,None,Choose one or both —\n• Counter target creature spell.\n• Return target creature card from your graveyard to your hand.
Isochron Scepter,2.0,None,None,None,['Artifact'],None,Uncommon,PLST,None,None,None,"Imprint — When Isochron Scepter enters the battlefield, you may exile an instant card with mana value 2 or less from your hand.\n{2}, {T}: You may copy the exiled card. If you do, you may cast the copy without paying its mana cost."
Sprouting Thrinax,3.0,"['B', 'G', 'R']","['B', 'G', 'R']",None,['Creature'],['Lizard'],Uncommon,PLST,3,3,None,"When Sprouting Thrinax dies, create three 1/1 green Saproling creature tokens."
Realmwalker,3.0,['G'],['G'],None,['Creature'],['Shapeshifter'],Rare,PLST,2,3,None,"Changeling (This card is every creature type.)\nAs Realmwalker enters the battlefield, choose a creature type.\nYou may look at the top card of your library any time.\nYou may cast creature spells of the chosen type from the top of your library."
Tower Gargoyle,4.0,"['B', 'U', 'W']","['B', 'U', 'W']",None,"['Artifact', 'Creature']",['Gargoyle'],Uncommon,PLST,4,4,None,Flying
Evolving Wilds,0.0,None,None,None,['Land'],None,Common,PLST,None,None,None,"{T}, Sacrifice Evolving Wilds: Search your library for a basic land card, put it onto the battlefield tapped, then shuffle."
Urban Evolution,5.0,"['G', 'U']","['G', 'U']",None,['Sorcery'],None,Uncommon,PLST,None,None,None,Draw three cards. You may play an additional land this turn.
Cruel Celebrant,2.0,"['B', 'W']","['B', 'W']",None,['Creature'],['Vampire'],Uncommon,PLST,1,2,None,"Whenever Cruel Celebrant or another creature or planeswalker you control dies, each opponent loses 1 life and you gain 1 life."
Wayfaring Temple,3.0,"['G', 'W']","['G', 'W']",None,['Creature'],['Elemental'],Uncommon,PLST,*,*,None,"Wayfaring Temple's power and toughness are each equal to the number of creatures you control.\nWhenever Wayfaring Temple deals combat damage to a player, populate. (Create a token that's a copy of a creature token you control.)"
Seek the Wilds,2.0,['G'],['G'],None,['Sorcery'],None,Common,PLST,None,None,None,Look at the top four cards of your library. You may reveal a creature or land card from among them and put it into your hand. Put the rest on the bottom of your library in any order.
Woolly Thoctar,3.0,"['G', 'R', 'W']","['G', 'R', 'W']",None,['Creature'],['Beast'],Uncommon,PLST,5,4,None,None
"Krark, the Thumbless",2.0,['R'],['R'],['Legendary'],['Creature'],"['Goblin', 'Wizard']",Rare,PLST,2,2,None,"Whenever you cast an instant or sorcery spell, flip a coin. If you lose the flip, return that spell to its owner's hand. If you win the flip, copy that spell, and you may choose new targets for the copy.\nPartner (You can have two commanders if both have partner.)"
Giantbaiting,3.0,"['G', 'R']","['G', 'R']",None,['Sorcery'],None,Common,PLST,None,None,None,"Create a 4/4 red and green Giant Warrior creature token with haste. Exile it at the beginning of the next end step.\nConspire (As you cast this spell, you may tap two untapped creatures you control that share a color with it. When you do, copy it.)"
Yavimaya Sapherd,3.0,['G'],['G'],None,['Creature'],['Fungus'],Common,PLST,2,2,None,"When Yavimaya Sapherd enters the battlefield, create a 1/1 green Saproling creature token."
Gift of Orzhova,3.0,"['B', 'W']","['B', 'W']",None,['Enchantment'],['Aura'],Common,PLST,None,None,None,Enchant creature\nEnchanted creature gets +1/+1 and has flying and lifelink.
Guardian Shield-Bearer,2.0,['G'],['G'],None,['Creature'],"['Human', 'Soldier']",Common,PLST,2,1,None,"Megamorph {3}{G} (You may cast this card face down as a 2/2 creature for {3}. Turn it face up any time for its megamorph cost and put a +1/+1 counter on it.)\nWhen Guardian Shield-Bearer is turned face up, put a +1/+1 counter on another target creature you control."
Endling,4.0,['B'],['B'],None,['Creature'],"['Zombie', 'Shapeshifter']",Rare,PLST,3,3,None,"{B}: Endling gains menace until end of turn.\n{B}: Endling gains deathtouch until end of turn.\n{B}: Endling gains undying until end of turn. (When this creature dies, if it had no +1/+1 counters on it, return it to the battlefield under its owner's control with a +1/+1 counter on it.)\n{1}: Endling gets +1/-1 or -1/+1 until end of turn."
Izzet Signet,2.0,None,"['R', 'U']",None,['Artifact'],None,Uncommon,PLST,None,None,None,"{1}, {T}: Add {U}{R}."
Greater Tanuki,6.0,['G'],['G'],None,"['Enchantment', 'Creature']",['Dog'],Common,PLST,6,5,None,"Trample\nChannel — {2}{G}, Discard Greater Tanuki: Search your library for a basic land card, put it onto the battlefield tapped, then shuffle."
Blasting Station,3.0,None,None,None,['Artifact'],None,Uncommon,PLST,None,None,None,"{T}, Sacrifice a creature: Blasting Station deals 1 damage to any target.\nWhenever a creature enters the battlefield, you may untap Blasting Station."
Vessel of Volatility,2.0,['R'],['R'],None,['Enchantment'],None,Common,PLST,None,None,None,"{1}{R}, Sacrifice Vessel of Volatility: Add {R}{R}{R}{R}."
Clearwater Goblet,5.0,None,None,None,['Artifact'],None,Rare,PLST,None,None,None,"Sunburst (This enters the battlefield with a charge counter on it for each color of mana spent to cast it.)\nAt the beginning of your upkeep, you may gain life equal to the number of charge counters on Clearwater Goblet."
Deathsprout,4.0,"['B', 'G']","['B', 'G']",None,['Instant'],None,Uncommon,PLST,None,None,None,"Destroy target creature. Search your library for a basic land card, put it onto the battlefield tapped, then shuffle."
Helm of Kaldra,3.0,None,None,['Legendary'],['Artifact'],['Equipment'],Rare,PLST,None,None,None,"Equipped creature has first strike, trample, and haste.\n{1}: If you control Equipment named Helm of Kaldra, Sword of Kaldra, and Shield of Kaldra, create Kaldra, a legendary 4/4 colorless Avatar creature token. Attach those Equipment to it.\nEquip {2}"
"Nissa, Vastwood Seer // Nissa, Sage Animist",3.0,['G'],['G'],['Legendary'],['Creature'],"['Elf', 'Scout']",Mythic,PLST,2,2,None,"When Nissa, Vastwood Seer enters the battlefield, you may search your library for a basic Forest card, reveal it, put it into your hand, then shuffle.\nWhenever a land enters the battlefield under your control, if you control seven or more lands, exile Nissa, then return her to the battlefield transformed under her owner's control."
Horned Helm,2.0,None,['G'],None,['Artifact'],['Equipment'],Common,PLST,None,None,None,Equipped creature gets +1/+1 and has trample.\n{G}{G}: Attach Horned Helm to target creature you control.\nEquip {1} ({1}: Attach to target creature you control. Equip only as a sorcery.)
Lantern of Insight,1.0,None,None,None,['Artifact'],None,Uncommon,PLST,None,None,None,"Players play with the top card of their libraries revealed.\n{T}, Sacrifice Lantern of Insight: Target player shuffles."
Sword of the Animist,2.0,None,None,['Legendary'],['Artifact'],['Equipment'],Rare,PLST,None,None,None,"Equipped creature gets +1/+1.\nWhenever equipped creature attacks, you may search your library for a basic land card, put it onto the battlefield tapped, then shuffle.\nEquip {2}"
Lunar Avenger,7.0,None,None,None,"['Artifact', 'Creature']",['Golem'],Uncommon,PLST,2,2,None,"Sunburst (This enters the battlefield with a +1/+1 counter on it for each color of mana spent to cast it.)\nRemove a +1/+1 counter from Lunar Avenger: Lunar Avenger gains your choice of flying, first strike, or haste until end of turn."
Mycosynth Golem,11.0,None,None,None,"['Artifact', 'Creature']",['Golem'],Rare,PLST,4,5,None,Affinity for artifacts (This spell costs {1} less to cast for each artifact you control.)\nArtifact creature spells you cast have affinity for artifacts. (They cost {1} less to cast for each artifact you control.)
Roon of the Hidden Realm,5.0,"['G', 'U', 'W']","['G', 'U', 'W']",['Legendary'],['Creature'],"['Rhino', 'Soldier']",Mythic,PLST,4,4,None,"Vigilance, trample\n{2}, {T}: Exile another target creature. Return that card to the battlefield under its owner's control at the beginning of the next end step."
Staff of Domination,3.0,None,None,None,['Artifact'],None,Rare,PLST,None,None,None,"{1}: Untap Staff of Domination.\n{2}, {T}: You gain 1 life.\n{3}, {T}: Untap target creature.\n{4}, {T}: Tap target creature.\n{5}, {T}: Draw a card."
"Adeliz, the Cinder Wind",3.0,"['R', 'U']","['R', 'U']",['Legendary'],['Creature'],"['Human', 'Wizard']",Uncommon,PLST,2,2,None,"Flying, haste\nWhenever you cast an instant or sorcery spell, Wizards you control get +1/+1 until end of turn."
Vedalken Orrery,4.0,None,None,None,['Artifact'],None,Rare,PLST,None,None,None,You may cast spells as though they had flash.
Timberwatch Elf,3.0,['G'],['G'],None,['Creature'],['Elf'],Uncommon,PLST,1,2,None,"{T}: Target creature gets +X/+X until end of turn, where X is the number of Elves on the battlefield."
Wayfarer's Bauble,1.0,None,None,None,['Artifact'],None,Common,PLST,None,None,None,"{2}, {T}, Sacrifice Wayfarer's Bauble: Search your library for a basic land card, put that card onto the battlefield tapped, then shuffle."
Lightning Helix,2.0,"['R', 'W']","['R', 'W']",None,['Instant'],None,Uncommon,PLST,None,None,None,Lightning Helix deals 3 damage to any target and you gain 3 life.
Zur's Weirding,4.0,['U'],['U'],None,['Enchantment'],None,Rare,PLST,None,None,None,"Players play with their hands revealed.\nIf a player would draw a card, they reveal it instead. Then any other player may pay 2 life. If a player does, put that card into its owner's graveyard. Otherwise, that player draws a card."
Krark's Thumb,2.0,None,None,['Legendary'],['Artifact'],None,Rare,PLST,None,None,None,"If you would flip a coin, instead flip two coins and ignore one."
Fungusaur,4.0,['G'],['G'],None,['Creature'],"['Fungus', 'Dinosaur']",Rare,PLST,2,2,None,"Whenever Fungusaur is dealt damage, put a +1/+1 counter on it."
Lawmage's Binding,3.0,"['U', 'W']","['U', 'W']",None,['Enchantment'],['Aura'],Common,PLST,None,None,None,"Flash\nEnchant creature\nEnchanted creature can't attack or block, and its activated abilities can't be activated."
Maro,4.0,['G'],['G'],None,['Creature'],['Elemental'],Rare,PLST,*,*,None,Maro's power and toughness are each equal to the number of cards in your hand.
Joraga Treespeaker,1.0,['G'],['G'],None,['Creature'],"['Elf', 'Druid']",Uncommon,PLST,1,1,None,"Level up {1}{G} ({1}{G}: Put a level counter on this. Level up only as a sorcery.)\nLEVEL 1-4\n1/2\n{T}: Add {G}{G}.\nLEVEL 5+\n1/4\nElves you control have ""{T}: Add {G}{G}."""
Teferi's Puzzle Box,4.0,None,None,None,['Artifact'],None,Rare,PLST,None,None,None,"At the beginning of each player's draw step, that player puts the cards in their hand on the bottom of their library in any order, then draws that many cards."
Kulrath Knight,5.0,"['B', 'R']","['B', 'R']",None,['Creature'],"['Elemental', 'Knight']",Uncommon,PLST,3,3,None,Flying\nWither (This deals damage to creatures in the form of -1/-1 counters.)\nCreatures your opponents control with counters on them can't attack or block.
Storm Crow,2.0,['U'],['U'],None,['Creature'],['Bird'],Common,PLST,1,2,None,Flying (This creature can't be blocked except by creatures with flying or reach.)
Tezzeret's Betrayal,5.0,"['B', 'U']","['B', 'U']",None,['Sorcery'],None,Rare,PLST,None,None,None,"Destroy target creature. You may search your library and/or graveyard for a card named Tezzeret, Master of Metal, reveal it, and put it into your hand. If you search your library this way, shuffle."
Form of the Dragon,7.0,['R'],['R'],None,['Enchantment'],None,Rare,PLST,None,None,None,"At the beginning of your upkeep, Form of the Dragon deals 5 damage to any target.\nAt the beginning of each end step, your life total becomes 5.\nCreatures without flying can't attack you."
Canopy Spider,2.0,['G'],['G'],None,['Creature'],['Spider'],Common,PLST,1,3,None,Reach (This creature can block creatures with flying.)
Hypnotic Specter,3.0,['B'],['B'],None,['Creature'],['Specter'],Rare,PLST,2,2,None,"Flying\nWhenever Hypnotic Specter deals damage to an opponent, that player discards a card at random."
Martial Glory,2.0,"['R', 'W']","['R', 'W']",None,['Instant'],None,Common,PLST,None,None,None,Target creature gets +3/+0 until end of turn.\nTarget creature gets +0/+3 until end of turn.
Scalpelexis,5.0,['U'],['U'],None,['Creature'],['Beast'],Rare,PLST,1,5,None,"Flying (This creature can't be blocked except by creatures with flying or reach.)\nWhenever Scalpelexis deals combat damage to a player, that player exiles the top four cards of their library. If two or more of those cards have the same name, repeat this process."
Wildsize,3.0,['G'],['G'],None,['Instant'],None,Common,PLST,None,None,None,Target creature gets +2/+2 and gains trample until end of turn.\nDraw a card.
Vampire Nocturnus,4.0,['B'],['B'],None,['Creature'],['Vampire'],Mythic,PLST,3,3,None,"Play with the top card of your library revealed.\nAs long as the top card of your library is black, Vampire Nocturnus and other Vampire creatures you control get +2/+1 and have flying."
First-Sphere Gargantua,6.0,['B'],['B'],None,['Creature'],"['Phyrexian', 'Horror']",Common,PLST,5,4,None,"When First-Sphere Gargantua enters the battlefield, you draw a card and you lose 1 life.\nUnearth {2}{B} ({2}{B}: Return this card from your graveyard to the battlefield. It gains haste. Exile it at the beginning of the next end step or if it would leave the battlefield. Unearth only as a sorcery.)"
Burning Inquiry,1.0,['R'],['R'],None,['Sorcery'],None,Common,PLST,None,None,None,"Each player draws three cards, then discards three cards at random."
Brightstone Ritual,1.0,['R'],['R'],None,['Instant'],None,Common,PLST,None,None,None,Add {R} for each Goblin on the battlefield.
Graveborn Muse,4.0,['B'],['B'],None,['Creature'],"['Zombie', 'Spirit']",Rare,PLST,3,3,None,"At the beginning of your upkeep, you draw X cards and you lose X life, where X is the number of Zombies you control."
No Rest for the Wicked,2.0,['B'],['B'],None,['Enchantment'],None,Uncommon,PLST,None,None,None,Sacrifice No Rest for the Wicked: Return to your hand all creature cards in your graveyard that were put there from the battlefield this turn.
Voldaren Duelist,4.0,['R'],['R'],None,['Creature'],"['Vampire', 'Warrior']",Common,PLST,3,2,None,"Haste\nWhen Voldaren Duelist enters the battlefield, target creature can't block this turn."
Relentless Rats,3.0,['B'],['B'],None,['Creature'],['Rat'],Uncommon,PLST,2,2,None,Relentless Rats gets +1/+1 for each other creature on the battlefield named Relentless Rats.\nA deck can have any number of cards named Relentless Rats.
Charging Rhino,5.0,['G'],['G'],None,['Creature'],['Rhino'],Common,PLST,4,4,None,Charging Rhino can't be blocked by more than one creature.
Sleeper Agent,1.0,['B'],['B'],None,['Creature'],"['Phyrexian', 'Minion']",Rare,PLST,3,3,None,"When Sleeper Agent enters the battlefield, target opponent gains control of it.\nAt the beginning of your upkeep, Sleeper Agent deals 2 damage to you."
Sylvan Scrying,2.0,['G'],['G'],None,['Sorcery'],None,Uncommon,PLST,None,None,None,"Search your library for a land card, reveal it, put it into your hand, then shuffle."
Lurking Predators,6.0,['G'],['G'],None,['Enchantment'],None,Rare,PLST,None,None,None,"Whenever an opponent casts a spell, reveal the top card of your library. If it's a creature card, put it onto the battlefield. Otherwise, you may put that card on the bottom of your library."
"Grumgully, the Generous",3.0,"['G', 'R']","['G', 'R']",['Legendary'],['Creature'],"['Goblin', 'Shaman']",Uncommon,PLST,3,3,None,Each other non-Human creature you control enters the battlefield with an additional +1/+1 counter on it.
Guerrilla Tactics,2.0,['R'],['R'],None,['Instant'],None,Uncommon,PLST,None,None,None,"Guerrilla Tactics deals 2 damage to any target.\nWhen a spell or ability an opponent controls causes you to discard Guerrilla Tactics, Guerrilla Tactics deals 4 damage to any target."
"Niv-Mizzet, Parun",6.0,"['R', 'U']","['R', 'U']",['Legendary'],['Creature'],"['Dragon', 'Wizard']",Rare,PLST,5,5,None,"This spell can't be countered.\nFlying\nWhenever you draw a card, Niv-Mizzet, Parun deals 1 damage to any target.\nWhenever a player casts an instant or sorcery spell, you draw a card."
Howling Mine,2.0,None,None,None,['Artifact'],None,Rare,PLST,None,None,None,"At the beginning of each player's draw step, if Howling Mine is untapped, that player draws an additional card."
"Kinnan, Bonder Prodigy",2.0,"['G', 'U']","['G', 'U']",['Legendary'],['Creature'],"['Human', 'Druid']",Mythic,PLST,2,2,None,"Whenever you tap a nonland permanent for mana, add one mana of any type that permanent produced.\n{5}{G}{U}: Look at the top five cards of your library. You may put a non-Human creature card from among them onto the battlefield. Put the rest on the bottom of your library in a random order."
Orcish Artillery,3.0,['R'],['R'],None,['Creature'],"['Orc', 'Warrior']",Uncommon,PLST,1,3,None,{T}: Orcish Artillery deals 2 damage to any target and 3 damage to you.
Azorius Charm,2.0,"['U', 'W']","['U', 'W']",None,['Instant'],None,Uncommon,PLST,None,None,None,Choose one —\n• Creatures you control gain lifelink until end of turn.\n• Draw a card.\n• Put target attacking or blocking creature on top of its owner's library.
Rootbound Crag,0.0,None,"['G', 'R']",None,['Land'],None,Rare,PLST,None,None,None,Rootbound Crag enters the battlefield tapped unless you control a Mountain or a Forest.\n{T}: Add {R} or {G}.
Aetherflux Reservoir,4.0,None,None,None,['Artifact'],None,Rare,PLST,None,None,None,"Whenever you cast a spell, you gain 1 life for each spell you've cast this turn.\nPay 50 life: Aetherflux Reservoir deals 50 damage to any target."
Sunpetal Grove,0.0,None,"['G', 'W']",None,['Land'],None,Rare,PLST,None,None,None,Sunpetal Grove enters the battlefield tapped unless you control a Forest or a Plains.\n{T}: Add {G} or {W}.
Khalni Hydra,8.0,['G'],['G'],None,['Creature'],['Hydra'],Mythic,PLST,8,8,None,This spell costs {G} less to cast for each green creature you control.\nTrample
Shatterstorm,4.0,['R'],['R'],None,['Sorcery'],None,Uncommon,PLST,None,None,None,Destroy all artifacts. They can't be regenerated.
Murderous Redcap,4.0,"['B', 'R']","['B', 'R']",None,['Creature'],"['Goblin', 'Assassin']",Uncommon,PLST,2,2,None,"When Murderous Redcap enters the battlefield, it deals damage equal to its power to any target.\nPersist (When this creature dies, if it had no -1/-1 counters on it, return it to the battlefield under its owner's control with a -1/-1 counter on it.)"
Hurricane,1.0,['G'],['G'],None,['Sorcery'],None,Rare,PLST,None,None,None,Hurricane deals X damage to each creature with flying and each player.
"Sedris, the Traitor King",6.0,"['B', 'R', 'U']","['B', 'R', 'U']",['Legendary'],['Creature'],"['Zombie', 'Warrior']",Mythic,PLST,5,5,None,Each creature card in your graveyard has unearth {2}{B}. ({2}{B}: Return the card to the battlefield. The creature gains haste. Exile it at the beginning of the next end step or if it would leave the battlefield. Unearth only as a sorcery.)
Rhox,6.0,['G'],['G'],None,['Creature'],"['Rhino', 'Beast']",Rare,PLST,5,5,None,"You may have Rhox assign its combat damage as though it weren't blocked.\n{2}{G}: Regenerate Rhox. (The next time this creature would be destroyed this turn, it isn't. Instead tap it, remove all damage from it, and remove it from combat.)"
Skyward Eye Prophets,6.0,"['G', 'U', 'W']","['G', 'U', 'W']",None,['Creature'],"['Human', 'Wizard']",Uncommon,PLST,3,3,None,"Vigilance\n{T}: Reveal the top card of your library. If it's a land card, put it onto the battlefield. Otherwise, put it into your hand."
Colossus of Sardia,9.0,None,None,None,"['Artifact', 'Creature']",['Golem'],Rare,PLST,9,9,None,Trample (This creature can deal excess combat damage to the player or planeswalker it's attacking.)\nColossus of Sardia doesn't untap during your untap step.\n{9}: Untap Colossus of Sardia. Activate only during your upkeep.
Bladewing the Risen,7.0,"['B', 'R']","['B', 'R']",['Legendary'],['Creature'],"['Zombie', 'Dragon']",Uncommon,PLST,4,4,None,"Flying\nWhen Bladewing the Risen enters the battlefield, you may return target Dragon permanent card from your graveyard to the battlefield.\n{B}{R}: Dragon creatures get +1/+1 until end of turn."
Doubling Cube,2.0,None,None,None,['Artifact'],None,Rare,PLST,None,None,None,"{3}, {T}: Double the amount of each type of unspent mana you have."
Hammer Mage,2.0,['R'],['R'],None,['Creature'],"['Human', 'Spellshaper']",Uncommon,PLST,1,1,None,"{X}{R}, {T}, Discard a card: Destroy all artifacts with mana value X or less."
Spellbook,0.0,None,None,None,['Artifact'],None,Uncommon,PLST,None,None,None,You have no maximum hand size.
Willow Dryad,1.0,['G'],['G'],None,['Creature'],['Dryad'],Common,PLST,1,1,None,Forestwalk (This creature can't be blocked as long as defending player controls a Forest.)
Forbidding Watchtower,0.0,None,['W'],None,['Land'],None,Uncommon,PLST,None,None,None,Forbidding Watchtower enters the battlefield tapped.\n{T}: Add {W}.\n{1}{W}: Forbidding Watchtower becomes a 1/5 white Soldier creature until end of turn. It's still a land.
Dominus of Fealty,5.0,"['R', 'U']","['R', 'U']",None,['Creature'],"['Spirit', 'Avatar']",Rare,PLST,4,4,None,"Flying\nAt the beginning of your upkeep, you may gain control of target permanent until end of turn. If you do, untap it and it gains haste until end of turn."
Viscera Seer,1.0,['B'],['B'],None,['Creature'],"['Vampire', 'Wizard']",Common,PLST,1,1,None,Sacrifice a creature: Scry 1. (Look at the top card of your library. You may put that card on the bottom of your library.)
Ochran Assassin,3.0,"['B', 'G']","['B', 'G']",None,['Creature'],"['Elf', 'Assassin']",Uncommon,PLST,1,1,None,Deathtouch\nAll creatures able to block Ochran Assassin do so.
Chandra Nalaar,5.0,['R'],['R'],['Legendary'],['Planeswalker'],['Chandra'],Mythic,PLST,None,None,6,[+1]: Chandra Nalaar deals 1 damage to target player or planeswalker.\n[−X]: Chandra Nalaar deals X damage to target creature.\n[−8]: Chandra Nalaar deals 10 damage to target player or planeswalker and each creature that player or that planeswalker's controller controls.
Ajani's Last Stand,4.0,['W'],['W'],None,['Enchantment'],None,Rare,PLST,None,None,None,"Whenever a creature or planeswalker you control dies, you may sacrifice Ajani's Last Stand. If you do, create a 4/4 white Avatar creature token with flying.\nWhen a spell or ability an opponent controls causes you to discard this card, if you control a Plains, create a 4/4 white Avatar creature token with flying."
Pyretic Ritual,2.0,['R'],['R'],None,['Instant'],None,Common,PLST,None,None,None,Add {R}{R}{R}.
Tajuru Warcaller,5.0,['G'],['G'],None,['Creature'],"['Elf', 'Warrior', 'Ally']",Uncommon,PLST,2,1,None,"Rally — Whenever Tajuru Warcaller or another Ally enters the battlefield under your control, creatures you control get +2/+2 until end of turn."
Hornet Sting,1.0,['G'],['G'],None,['Instant'],None,Common,PLST,None,None,None,Hornet Sting deals 1 damage to any target.
Primal Cocoon,1.0,['G'],['G'],None,['Enchantment'],['Aura'],Common,PLST,None,None,None,"Enchant creature\nAt the beginning of your upkeep, put a +1/+1 counter on enchanted creature.\nWhen enchanted creature attacks or blocks, sacrifice Primal Cocoon."
Pinion Feast,5.0,['G'],['G'],None,['Instant'],None,Common,PLST,None,None,None,Destroy target creature with flying. Bolster 2. (Choose a creature with the least toughness among creatures you control and put two +1/+1 counters on it.)
Elixir of Immortality,1.0,None,None,None,['Artifact'],None,Uncommon,PLST,None,None,None,"{2}, {T}: You gain 5 life. Shuffle Elixir of Immortality and your graveyard into their owner's library."
Armadillo Cloak,3.0,"['G', 'W']","['G', 'W']",None,['Enchantment'],['Aura'],Uncommon,PLST,None,None,None,"Enchant creature\nEnchanted creature gets +2/+2 and has trample.\nWhenever enchanted creature deals damage, you gain that much life."
Sword of Vengeance,3.0,None,None,None,['Artifact'],['Equipment'],Rare,PLST,None,None,None,"Equipped creature gets +2/+0 and has first strike, vigilance, trample, and haste.\nEquip {3}"
Swamp,0.0,None,['B'],['Basic'],['Land'],['Swamp'],Common,PLST,None,None,None,({T}: Add {B}.)
Triskelion,6.0,None,None,None,"['Artifact', 'Creature']",['Construct'],Rare,PLST,1,1,None,Triskelion enters the battlefield with three +1/+1 counters on it.\nRemove a +1/+1 counter from Triskelion: It deals 1 damage to any target.
Moonmist,2.0,['G'],['G'],None,['Instant'],None,Common,PLST,None,None,None,Transform all Humans. Prevent all combat damage that would be dealt this turn by creatures other than Werewolves and Wolves. (Only double-faced cards can be transformed.)
Leveler,5.0,None,None,None,"['Artifact', 'Creature']",['Juggernaut'],Rare,PLST,10,10,None,"When Leveler enters the battlefield, exile all cards from your library."
Reclaim,1.0,['G'],['G'],None,['Instant'],None,Common,PLST,None,None,None,Put target card from your graveyard on top of your library.
Sorin's Vengeance,7.0,['B'],['B'],None,['Sorcery'],None,Rare,PLST,None,None,None,Sorin's Vengeance deals 10 damage to target player or planeswalker and you gain 10 life.
Prototype Portal,4.0,None,None,None,['Artifact'],None,Rare,PLST,None,None,None,"Imprint — When Prototype Portal enters the battlefield, you may exile an artifact card from your hand.\n{X}, {T}: Create a token that's a copy of the exiled card. X is the mana value of that card."
Goblin Grenade,1.0,['R'],['R'],None,['Sorcery'],None,Uncommon,PLST,None,None,None,"As an additional cost to cast this spell, sacrifice a Goblin.\nGoblin Grenade deals 5 damage to any target."
Jungle Delver,1.0,['G'],['G'],None,['Creature'],"['Merfolk', 'Warrior']",Common,PLST,1,1,None,{3}{G}: Put a +1/+1 counter on Jungle Delver.
Dungrove Elder,3.0,['G'],['G'],None,['Creature'],['Treefolk'],Rare,PLST,*,*,None,Hexproof (This creature can't be the target of spells or abilities your opponents control.)\nDungrove Elder's power and toughness are each equal to the number of Forests you control.
Elvish Visionary,2.0,['G'],['G'],None,['Creature'],"['Elf', 'Shaman']",Common,PLST,1,1,None,"When Elvish Visionary enters the battlefield, draw a card."
Crown of Empires,2.0,None,None,None,['Artifact'],None,Uncommon,PLST,None,None,None,"{3}, {T}: Tap target creature. Gain control of that creature instead if you control artifacts named Scepter of Empires and Throne of Empires."
Maraleaf Pixie,2.0,"['G', 'U']","['G', 'U']",None,['Creature'],['Faerie'],Uncommon,PLST,2,2,None,Flying\n{T}: Add {G} or {U}.
Crumbling Colossus,5.0,None,None,None,"['Artifact', 'Creature']",['Golem'],Uncommon,PLST,7,4,None,"Trample (This creature can deal excess combat damage to the player or planeswalker it's attacking.)\nWhen Crumbling Colossus attacks, sacrifice it at end of combat."
Mind Rake,3.0,['B'],['B'],None,['Sorcery'],None,Common,PLST,None,None,None,"Target player discards two cards.\nOverload {1}{B} (You may cast this spell for its overload cost. If you do, change ""target"" in its text to ""each."")"
Kite Shield,0.0,None,None,None,['Artifact'],['Equipment'],Uncommon,PLST,None,None,None,Equipped creature gets +0/+3.\nEquip {3} ({3}: Attach to target creature you control. Equip only as a sorcery.)
Aether Spellbomb,1.0,None,['U'],None,['Artifact'],None,Common,PLST,None,None,None,"{U}, Sacrifice Aether Spellbomb: Return target creature to its owner's hand.\n{1}, Sacrifice Aether Spellbomb: Draw a card."
Sundial of the Infinite,2.0,None,None,None,['Artifact'],None,Rare,PLST,None,None,None,"{1}, {T}: End the turn. Activate only during your turn. (Exile all spells and abilities from the stack. Discard down to your maximum hand size. Damage wears off, and ""this turn"" and ""until end of turn"" effects end.)"
Rhox Maulers,5.0,['G'],['G'],None,['Creature'],"['Rhino', 'Soldier']",Common,PLST,4,4,None,"Trample (This creature can deal excess combat damage to the player or planeswalker it's attacking.)\nRenown 2 (When this creature deals combat damage to a player, if it isn't renowned, put two +1/+1 counters on it and it becomes renowned.)"
Swiftfoot Boots,2.0,None,None,None,['Artifact'],['Equipment'],Uncommon,PLST,None,None,None,Equipped creature has hexproof and haste. (It can't be the target of spells or abilities your opponents control.)\nEquip {1}
Byway Courier,3.0,['G'],['G'],None,['Creature'],"['Human', 'Scout']",Common,PLST,3,2,None,"When Byway Courier dies, investigate. (Create a Clue token. It's an artifact with ""{2}, Sacrifice this artifact: Draw a card."")"
Blood Rites,5.0,['R'],['R'],None,['Enchantment'],None,Uncommon,PLST,None,None,None,"{1}{R}, Sacrifice a creature: Blood Rites deals 2 damage to any target."
Old Gnawbone,7.0,['G'],['G'],['Legendary'],['Creature'],['Dragon'],Mythic,PLST,7,7,None,"Flying\nWhenever a creature you control deals combat damage to a player, create that many Treasure tokens."
Crimson Muckwader,2.0,['R'],"['B', 'R']",None,['Creature'],['Lizard'],Uncommon,PLST,2,1,None,"Crimson Muckwader gets +1/+1 as long as you control a Swamp.\n{2}{B}: Regenerate Crimson Muckwader. (The next time this creature would be destroyed this turn, it isn't. Instead tap it, remove all damage from it, and remove it from combat.)"
Rosemane Centaur,5.0,"['G', 'W']","['G', 'W']",None,['Creature'],"['Centaur', 'Soldier']",Common,PLST,4,4,None,Convoke (Your creatures can help cast this spell. Each creature you tap while casting this spell pays for {1} or one mana of that creature's color.)\nVigilance
Witch Hunt,5.0,['R'],['R'],None,['Enchantment'],None,Rare,PLST,None,None,None,"Players can't gain life.\nAt the beginning of your upkeep, Witch Hunt deals 4 damage to you.\nAt the beginning of your end step, target opponent chosen at random gains control of Witch Hunt."
Corpsejack Menace,4.0,"['B', 'G']","['B', 'G']",None,['Creature'],['Fungus'],Uncommon,PLST,4,4,None,"If one or more +1/+1 counters would be put on a creature you control, twice that many +1/+1 counters are put on it instead."
Boundless Realms,7.0,['G'],['G'],None,['Sorcery'],None,Rare,PLST,None,None,None,"Search your library for up to X basic land cards, where X is the number of lands you control, put them onto the battlefield tapped, then shuffle."
Savage Knuckleblade,3.0,"['G', 'R', 'U']","['G', 'R', 'U']",None,['Creature'],"['Ogre', 'Warrior']",Rare,PLST,4,4,None,{2}{G}: Savage Knuckleblade gets +2/+2 until end of turn. Activate only once each turn.\n{2}{U}: Return Savage Knuckleblade to its owner's hand.\n{R}: Savage Knuckleblade gains haste until end of turn.
Clock of Omens,4.0,None,None,None,['Artifact'],None,Uncommon,PLST,None,None,None,Tap two untapped artifacts you control: Untap target artifact.
Battlewand Oak,3.0,['G'],['G'],None,['Creature'],"['Treefolk', 'Warrior']",Common,PLST,1,3,None,"Whenever a Forest enters the battlefield under your control, Battlewand Oak gets +2/+2 until end of turn.\nWhenever you cast a Treefolk spell, Battlewand Oak gets +2/+2 until end of turn."
"Oloro, Ageless Ascetic",6.0,"['B', 'U', 'W']","['B', 'U', 'W']",['Legendary'],['Creature'],"['Giant', 'Soldier']",Mythic,PLST,4,5,None,"At the beginning of your upkeep, you gain 2 life.\nWhenever you gain life, you may pay {1}. If you do, draw a card and each opponent loses 1 life.\nAt the beginning of your upkeep, if Oloro, Ageless Ascetic is in the command zone, you gain 2 life."
Impulsive Maneuvers,4.0,['R'],['R'],None,['Enchantment'],None,Rare,PLST,None,None,None,"Whenever a creature attacks, flip a coin. If you win the flip, the next time that creature would deal combat damage this turn, it deals double that damage instead. If you lose the flip, the next time that creature would deal combat damage this turn, prevent that damage."
"Hua Tuo, Honored Physician",3.0,['G'],['G'],['Legendary'],['Creature'],['Human'],Rare,PLST,1,2,None,"{T}: Put target creature card from your graveyard on top of your library. Activate only during your turn, before attackers are declared."
Clutch of the Undercity,4.0,"['B', 'U']","['B', 'U']",None,['Instant'],None,Uncommon,PLST,None,None,None,"Return target permanent to its owner's hand. Its controller loses 3 life.\nTransmute {1}{U}{B} ({1}{U}{B}, Discard this card: Search your library for a card with the same mana value as this card, reveal it, put it into your hand, then shuffle. Transmute only as a sorcery.)"
Cathedral of War,0.0,None,None,None,['Land'],None,Rare,PLST,None,None,None,"Cathedral of War enters the battlefield tapped.\nExalted (Whenever a creature you control attacks alone, that creature gets +1/+1 until end of turn.)\n{T}: Add {C}."
Clip Wings,2.0,['G'],['G'],None,['Instant'],None,Common,PLST,None,None,None,Each opponent sacrifices a creature with flying.
Primal Vigor,5.0,['G'],['G'],None,['Enchantment'],None,Rare,PLST,None,None,None,"If one or more tokens would be created, twice that many of those tokens are created instead.\nIf one or more +1/+1 counters would be put on a creature, twice that many +1/+1 counters are put on that creature instead."
Dig Up,1.0,['G'],"['B', 'G']",None,['Sorcery'],None,Rare,PLST,None,None,None,"Cleave {1}{B}{B}{G} (You may cast this spell for its cleave cost. If you do, remove the words in square brackets.)\nSearch your library for a [basic land] card, [reveal it,] put it into your hand, then shuffle."
Eye of Doom,4.0,None,None,None,['Artifact'],None,Rare,PLST,None,None,None,"When Eye of Doom enters the battlefield, each player chooses a nonland permanent and puts a doom counter on it.\n{2}, {T}, Sacrifice Eye of Doom: Destroy each permanent with a doom counter on it."
Argentum Armor,6.0,None,None,None,['Artifact'],['Equipment'],Rare,PLST,None,None,None,"Equipped creature gets +6/+6.\nWhenever equipped creature attacks, destroy target permanent.\nEquip {6}"
Fathom Seer,2.0,['U'],['U'],None,['Creature'],['Illusion'],Common,PLST,1,3,None,"Morph—Return two Islands you control to their owner's hand. (You may cast this card face down as a 2/2 creature for {3}. Turn it face up any time for its morph cost.)\nWhen Fathom Seer is turned face up, draw two cards."
"Elas il-Kor, Sadistic Pilgrim",2.0,"['B', 'W']","['B', 'W']",['Legendary'],['Creature'],"['Phyrexian', 'Kor', 'Cleric']",Uncommon,PLST,2,2,None,"Deathtouch\nWhenever another creature enters the battlefield under your control, you gain 1 life.\nWhenever another creature you control dies, each opponent loses 1 life."
Shaper Parasite,3.0,['U'],['U'],None,['Creature'],['Illusion'],Common,PLST,2,3,None,"Morph {2}{U} (You may cast this card face down as a 2/2 creature for {3}. Turn it face up any time for its morph cost.)\nWhen Shaper Parasite is turned face up, target creature gets +2/-2 or -2/+2 until end of turn."
Outlaws' Merriment,4.0,"['R', 'W']","['R', 'W']",None,['Enchantment'],None,Mythic,PLST,None,None,None,"At the beginning of your upkeep, choose one at random. Create a red and white creature token with those characteristics.\n• 3/1 Human Warrior with trample and haste.\n• 2/1 Human Cleric with lifelink and haste.\n• 1/2 Human Rogue with haste and ""When this creature enters the battlefield, it deals 1 damage to any target."""
Grave Titan,6.0,['B'],['B'],None,['Creature'],['Giant'],Mythic,PLST,6,6,None,"Deathtouch\nWhenever Grave Titan enters the battlefield or attacks, create two 2/2 black Zombie creature tokens."
"Brago, King Eternal",4.0,"['U', 'W']","['U', 'W']",['Legendary'],['Creature'],"['Spirit', 'Noble']",Rare,PLST,2,4,None,"Flying\nWhenever Brago, King Eternal deals combat damage to a player, exile any number of target nonland permanents you control, then return those cards to the battlefield under their owner's control."
Gray Merchant of Asphodel,5.0,['B'],['B'],None,['Creature'],['Zombie'],Common,PLST,2,4,None,"When Gray Merchant of Asphodel enters the battlefield, each opponent loses X life, where X is your devotion to black. You gain life equal to the life lost this way. (Each {B} in the mana costs of permanents you control counts toward your devotion to black.)"
Forest,0.0,None,['G'],['Basic'],['Land'],['Forest'],Common,PLST,None,None,None,({T}: Add {G}.)
Skeletal Scrying,1.0,['B'],['B'],None,['Instant'],None,Uncommon,PLST,None,None,None,"As an additional cost to cast this spell, exile X cards from your graveyard.\nYou draw X cards and you lose X life."
Tyvar Kell,4.0,['G'],"['B', 'G']",['Legendary'],['Planeswalker'],['Tyvar'],Mythic,PLST,None,None,3,"Elves you control have ""{T}: Add {B}.""\n[+1]: Put a +1/+1 counter on up to one target Elf. Untap it. It gains deathtouch until end of turn.\n[0]: Create a 1/1 green Elf Warrior creature token.\n[−6]: You get an emblem with ""Whenever you cast an Elf spell, it gains haste until end of turn and you draw two cards."""
Tendrils of Corruption,4.0,['B'],['B'],None,['Instant'],None,Common,PLST,None,None,None,"Tendrils of Corruption deals X damage to target creature and you gain X life, where X is the number of Swamps you control."
Bomat Bazaar Barge,4.0,None,None,None,['Artifact'],['Vehicle'],Uncommon,PLST,5,5,None,"When Bomat Bazaar Barge enters the battlefield, draw a card.\nCrew 3 (Tap any number of creatures you control with total power 3 or more: This Vehicle becomes an artifact creature until end of turn.)"
Vampire Champion,4.0,['B'],['B'],None,['Creature'],"['Vampire', 'Soldier']",Common,PLST,3,3,None,Deathtouch (Any amount of damage this deals to a creature is enough to destroy it.)
Regathan Firecat,3.0,['R'],['R'],None,['Creature'],"['Elemental', 'Cat']",Common,PLST,4,1,None,None
New Horizons,3.0,['G'],['G'],None,['Enchantment'],['Aura'],Common,PLST,None,None,None,"Enchant land\nWhen New Horizons enters the battlefield, put a +1/+1 counter on target creature you control.\nEnchanted land has ""{T}: Add two mana of any one color."""
Hunted Troll,4.0,['G'],['G'],None,['Creature'],"['Troll', 'Warrior']",Rare,PLST,8,4,None,"When Hunted Troll enters the battlefield, target opponent creates four 1/1 blue Faerie creature tokens with flying.\n{G}: Regenerate Hunted Troll."
Mass Hysteria,1.0,['R'],['R'],None,['Enchantment'],None,Rare,PLST,None,None,None,All creatures have haste.
Maelstrom Nexus,5.0,"['B', 'G', 'R', 'U', 'W']","['B', 'G', 'R', 'U', 'W']",None,['Enchantment'],None,Mythic,PLST,None,None,None,"The first spell you cast each turn has cascade. (When you cast your first spell, exile cards from the top of your library until you exile a nonland card that costs less. You may cast it without paying its mana cost. Put the exiled cards on the bottom of your library in a random order.)"
Wake of Destruction,6.0,['R'],['R'],None,['Sorcery'],None,Rare,PLST,None,None,None,Destroy target land and all other lands with the same name as that land.
Overrun,5.0,['G'],['G'],None,['Sorcery'],None,Uncommon,PLST,None,None,None,Creatures you control get +3/+3 and gain trample until end of turn.
Swords to Plowshares,1.0,['W'],['W'],None,['Instant'],None,Uncommon,PLST,None,None,None,Exile target creature. Its controller gains life equal to its power.
Juniper Order Ranger,5.0,"['G', 'W']","['G', 'W']",None,['Creature'],"['Human', 'Knight', 'Ranger']",Uncommon,PLST,2,4,None,"Whenever another creature enters the battlefield under your control, put a +1/+1 counter on that creature and a +1/+1 counter on Juniper Order Ranger."
Terminate,2.0,"['B', 'R']","['B', 'R']",None,['Instant'],None,Rare,PLST,None,None,None,Destroy target creature. It can't be regenerated.
Goblin Warchief,3.0,['R'],['R'],None,['Creature'],"['Goblin', 'Warrior']",Uncommon,PLST,2,2,None,Goblin spells you cast cost {1} less to cast.\nGoblins you control have haste.
Sweatworks Brawler,4.0,['R'],['R'],None,['Creature'],"['Human', 'Artificer']",Common,PLST,3,3,None,Improvise (Your artifacts can help cast this spell. Each artifact you tap after you're done activating mana abilities pays for {1}.)\nMenace
Mad Ratter,4.0,['R'],['R'],None,['Creature'],['Goblin'],Uncommon,PLST,1,2,None,"Whenever you draw your second card each turn, create two 1/1 black Rat creature tokens."
Miasmic Mummy,2.0,['B'],['B'],None,['Creature'],"['Zombie', 'Jackal']",Common,PLST,2,2,None,"When Miasmic Mummy enters the battlefield, each player discards a card."
Frontier Mastodon,3.0,['G'],['G'],None,['Creature'],['Elephant'],Common,PLST,3,2,None,Ferocious — Frontier Mastodon enters the battlefield with a +1/+1 counter on it if you control a creature with power 4 or greater.
Desert Twister,6.0,['G'],['G'],None,['Sorcery'],None,Uncommon,PLST,None,None,None,Destroy target permanent.
Fury Charm,2.0,['R'],['R'],None,['Instant'],None,Common,PLST,None,None,None,Choose one —\n• Destroy target artifact.\n• Target creature gets +1/+1 and gains trample until end of turn.\n• Remove two time counters from target permanent or suspended card.
Phyrexian Scriptures,4.0,['B'],['B'],None,['Enchantment'],['Saga'],Mythic,PLST,None,None,None,"(As this Saga enters and after your draw step, add a lore counter. Sacrifice after III.)\nI — Put a +1/+1 counter on up to one target creature. That creature becomes an artifact in addition to its other types.\nII — Destroy all nonartifact creatures.\nIII — Exile all opponents' graveyards."
Become Immense,6.0,['G'],['G'],None,['Instant'],None,Uncommon,PLST,None,None,None,Delve (Each card you exile from your graveyard while casting this spell pays for {1}.)\nTarget creature gets +6/+6 until end of turn.
Night's Whisper,2.0,['B'],['B'],None,['Sorcery'],None,Common,PLST,None,None,None,You draw two cards and you lose 2 life.
Soul-Strike Technique,2.0,['W'],['W'],None,['Enchantment'],['Aura'],Common,PLST,None,None,None,"Enchant creature\nEnchanted creature gets +1/+1 and has vigilance.\nWhen enchanted creature dies, manifest the top card of your library. (Put it onto the battlefield face down as a 2/2 creature. Turn it face up any time for its mana cost if it's a creature card.)"
Khenra Scrapper,3.0,['R'],['R'],None,['Creature'],"['Jackal', 'Warrior']",Common,PLST,2,3,None,"Menace\nYou may exert Khenra Scrapper as it attacks. When you do, it gets +2/+0 until end of turn. (An exerted creature won't untap during your next untap step.)"
Batterskull,5.0,None,None,None,['Artifact'],['Equipment'],Mythic,PLST,None,None,None,"Living weapon (When this Equipment enters the battlefield, create a 0/0 black Phyrexian Germ creature token, then attach this to it.)\nEquipped creature gets +4/+4 and has vigilance and lifelink.\n{3}: Return Batterskull to its owner's hand.\nEquip {5}"
Subtle Strike,2.0,['B'],['B'],None,['Instant'],None,Common,PLST,None,None,None,Choose one or both —\n• Target creature gets -1/-1 until end of turn.\n• Put a +1/+1 counter on target creature.
Elemental Uprising,2.0,['G'],['G'],None,['Instant'],None,Common,PLST,None,None,None,Target land you control becomes a 4/4 Elemental creature with haste until end of turn. It's still a land. It must be blocked this turn if able.
Barrage of Boulders,3.0,['R'],['R'],None,['Sorcery'],None,Common,PLST,None,None,None,"Barrage of Boulders deals 1 damage to each creature you don't control.\nFerocious — If you control a creature with power 4 or greater, creatures can't block this turn."
Akroan Sergeant,3.0,['R'],['R'],None,['Creature'],"['Human', 'Soldier']",Common,PLST,2,2,None,"First strike (This creature deals combat damage before creatures without first strike.)\nRenown 1 (When this creature deals combat damage to a player, if it isn't renowned, put a +1/+1 counter on it and it becomes renowned.)"
Reality Hemorrhage,2.0,None,['R'],None,['Instant'],None,Common,PLST,None,None,None,Devoid (This card has no color.)\nReality Hemorrhage deals 2 damage to any target.
"Ghalta, Primal Hunger",12.0,['G'],['G'],['Legendary'],['Creature'],"['Elder', 'Dinosaur']",Rare,PLST,12,12,None,"This spell costs {X} less to cast, where X is the total power of creatures you control.\nTrample"
"Etali, Primal Storm",6.0,['R'],['R'],['Legendary'],['Creature'],"['Elder', 'Dinosaur']",Rare,PLST,6,6,None,"Whenever Etali, Primal Storm attacks, exile the top card of each player's library, then you may cast any number of spells from among those cards without paying their mana costs."
Guardian Project,4.0,['G'],['G'],None,['Enchantment'],None,Rare,PLST,None,None,None,"Whenever a nontoken creature enters the battlefield under your control, if it doesn't have the same name as another creature you control or a creature card in your graveyard, draw a card."
Defense of the Heart,4.0,['G'],['G'],None,['Enchantment'],None,Rare,PLST,None,None,None,"At the beginning of your upkeep, if an opponent controls three or more creatures, sacrifice Defense of the Heart, search your library for up to two creature cards, put those cards onto the battlefield, then shuffle."
Walk the Plank,2.0,['B'],['B'],None,['Sorcery'],None,Uncommon,PLST,None,None,None,Destroy target non-Merfolk creature.
Stroke of Genius,3.0,['U'],['U'],None,['Instant'],None,Rare,PLST,None,None,None,Target player draws X cards.
Windrider Eel,4.0,['U'],['U'],None,['Creature'],['Fish'],Common,PLST,2,2,None,"Flying\nLandfall — Whenever a land enters the battlefield under your control, Windrider Eel gets +2/+2 until end of turn."
Viashino Sandstalker,3.0,['R'],['R'],None,['Creature'],"['Viashino', 'Warrior']",Uncommon,PLST,4,2,None,"Haste (This creature can attack and {T} as soon as it comes under your control.)\nAt the beginning of the end step, return Viashino Sandstalker to its owner's hand. (Return it only if it's on the battlefield.)"
Sky Hussar,5.0,"['U', 'W']","['U', 'W']",None,['Creature'],"['Human', 'Knight']",Uncommon,PLST,4,3,None,"Flying\nWhen Sky Hussar enters the battlefield, untap all creatures you control.\nForecast — Tap two untapped white and/or blue creatures you control, Reveal Sky Hussar from your hand: Draw a card. (Activate only during your upkeep and only once each turn.)"
Allosaurus Rider,7.0,['G'],['G'],None,['Creature'],"['Elf', 'Warrior']",Rare,PLST,1+*,1+*,None,You may exile two green cards from your hand rather than pay this spell's mana cost.\nAllosaurus Rider's power and toughness are each equal to 1 plus the number of lands you control.
Flame Jab,1.0,['R'],['R'],None,['Sorcery'],None,Uncommon,PLST,None,None,None,Flame Jab deals 1 damage to any target.\nRetrace (You may cast this card from your graveyard by discarding a land card in addition to paying its other costs.)
Rat Colony,2.0,['B'],['B'],None,['Creature'],['Rat'],Common,PLST,2,1,None,Rat Colony gets +1/+0 for each other Rat you control.\nA deck can have any number of cards named Rat Colony.
Guttersnipe,3.0,['R'],['R'],None,['Creature'],"['Goblin', 'Shaman']",Uncommon,PLST,2,2,None,"Whenever you cast an instant or sorcery spell, Guttersnipe deals 2 damage to each opponent."
Magus of the Moon,3.0,['R'],['R'],None,['Creature'],"['Human', 'Wizard']",Rare,PLST,2,2,None,Nonbasic lands are Mountains.
Serene Sunset,1.0,['G'],['G'],None,['Instant'],None,Uncommon,PLST,None,None,None,Prevent all combat damage X target creatures would deal this turn.
"Ob Nixilis, the Fallen",5.0,['B'],['B'],['Legendary'],['Creature'],['Demon'],Mythic,PLST,3,3,None,"Landfall — Whenever a land enters the battlefield under your control, you may have target player lose 3 life. If you do, put three +1/+1 counters on Ob Nixilis, the Fallen."
Dragonscale Boon,4.0,['G'],['G'],None,['Instant'],None,Common,PLST,None,None,None,Put two +1/+1 counters on target creature and untap it.
Bloodfire Expert,3.0,['R'],['R'],None,['Creature'],"['Efreet', 'Monk']",Common,PLST,3,1,None,"Prowess (Whenever you cast a noncreature spell, this creature gets +1/+1 until end of turn.)"
Splicer's Skill,3.0,['W'],['W'],None,['Sorcery'],None,Uncommon,PLST,None,None,None,"Create a 3/3 colorless Phyrexian Golem artifact creature token.\nSplice onto instant or sorcery {3}{W} (As you cast an instant or sorcery spell, you may reveal this card from your hand and pay its splice cost. If you do, add this card's effects to that spell.)"
Awakening,4.0,['G'],['G'],None,['Enchantment'],None,Rare,PLST,None,None,None,"At the beginning of each upkeep, untap all creatures and lands."
Zombie Apocalypse,6.0,['B'],['B'],None,['Sorcery'],None,Rare,PLST,None,None,None,"Return all Zombie creature cards from your graveyard to the battlefield tapped, then destroy all Humans."
Sunder,5.0,['U'],['U'],None,['Instant'],None,Rare,PLST,None,None,None,Return all lands to their owners' hands.
Jedit Ojanen of Efrava,6.0,['G'],['G'],['Legendary'],['Creature'],"['Cat', 'Warrior']",Rare,PLST,5,5,None,"Forestwalk (This creature can't be blocked as long as defending player controls a Forest.)\nWhenever Jedit Ojanen of Efrava attacks or blocks, create a 2/2 green Cat Warrior creature token with forestwalk."
Arcbound Slith,2.0,None,None,None,"['Artifact', 'Creature']",['Slith'],Uncommon,PLST,0,0,None,"Whenever Arcbound Slith deals combat damage to a player, put a +1/+1 counter on it.\nModular 1 (This creature enters the battlefield with a +1/+1 counter on it. When it dies, you may put its +1/+1 counters on target artifact creature.)"
Draco,16.0,None,None,None,"['Artifact', 'Creature']",['Dragon'],Rare,PLST,9,9,None,"Domain — This spell costs {2} less to cast for each basic land type among lands you control.\nFlying\nDomain — At the beginning of your upkeep, sacrifice Draco unless you pay {10}. This cost is reduced by {2} for each basic land type among lands you control."
Boulder Salvo,5.0,['R'],['R'],None,['Sorcery'],None,Common,PLST,None,None,None,Surge {1}{R} (You may cast this spell for its surge cost if you or a teammate has cast another spell this turn.)\nBoulder Salvo deals 4 damage to target creature.
Hunted Dragon,5.0,['R'],['R'],None,['Creature'],['Dragon'],Rare,PLST,6,6,None,"Flying, haste\nWhen Hunted Dragon enters the battlefield, target opponent creates three 2/2 white Knight creature tokens with first strike."
Infernal Scarring,2.0,['B'],['B'],None,['Enchantment'],['Aura'],Common,PLST,None,None,None,"Enchant creature\nEnchanted creature gets +2/+0 and has ""When this creature dies, draw a card."""
Fodder Cannon,4.0,None,None,None,['Artifact'],None,Uncommon,PLST,None,None,None,"{4}, {T}, Sacrifice a creature: Fodder Cannon deals 4 damage to target creature."
Desperate Castaways,2.0,['B'],['B'],None,['Creature'],"['Human', 'Pirate']",Common,PLST,2,3,None,Desperate Castaways can't attack unless you control an artifact.
Nezumi Shortfang // Stabwhisker the Odious,2.0,['B'],['B'],None,['Creature'],"['Rat', 'Rogue']",Rare,PLST,1,1,None,"{1}{B}, {T}: Target opponent discards a card. Then if that player has no cards in hand, flip Nezumi Shortfang."
Hidetsugu's Second Rite,4.0,['R'],['R'],None,['Instant'],None,Rare,PLST,None,None,None,"If target player has exactly 10 life, Hidetsugu's Second Rite deals 10 damage to that player."
Night // Day,4.0,['B'],"['B', 'W']",None,['Instant'],None,Uncommon,PLST,None,None,None,Target creature gets -1/-1 until end of turn.
Jazal Goldmane,4.0,['W'],['W'],['Legendary'],['Creature'],"['Cat', 'Warrior']",Mythic,PLST,4,4,None,"First strike\n{3}{W}{W}: Attacking creatures you control get +X/+X until end of turn, where X is the number of attacking creatures."
Burgeoning,1.0,['G'],['G'],None,['Enchantment'],None,Rare,PLST,None,None,None,"Whenever an opponent plays a land, you may put a land card from your hand onto the battlefield."
Rescue from the Underworld,5.0,['B'],['B'],None,['Instant'],None,Uncommon,PLST,None,None,None,"As an additional cost to cast this spell, sacrifice a creature.\nChoose target creature card in your graveyard. Return that card and the sacrificed card to the battlefield under your control at the beginning of your next upkeep. Exile Rescue from the Underworld."
Fling,2.0,['R'],['R'],None,['Instant'],None,Common,PLST,None,None,None,"As an additional cost to cast this spell, sacrifice a creature.\nFling deals damage equal to the sacrificed creature's power to any target."
Gurmag Angler,7.0,['B'],['B'],None,['Creature'],"['Zombie', 'Fish']",Common,PLST,5,5,None,Delve (Each card you exile from your graveyard while casting this spell pays for {1}.)
Balefire Liege,5.0,"['R', 'W']","['R', 'W']",None,['Creature'],"['Spirit', 'Horror']",Rare,PLST,2,4,None,"Other red creatures you control get +1/+1.\nOther white creatures you control get +1/+1.\nWhenever you cast a red spell, Balefire Liege deals 3 damage to target player or planeswalker.\nWhenever you cast a white spell, you gain 3 life."
Reaper of Night // Harvest Fear,7.0,['B'],['B'],None,['Creature'],['Specter'],Common,PLST,4,5,None,"Whenever Reaper of Night attacks, if defending player has two or fewer cards in hand, it gains flying until end of turn."
Erratic Portal,4.0,None,None,None,['Artifact'],None,Rare,PLST,None,None,None,"{1}, {T}: Return target creature to its owner's hand unless its controller pays {1}."
Magus of the Vineyard,1.0,['G'],['G'],None,['Creature'],"['Human', 'Wizard']",Rare,PLST,1,1,None,"At the beginning of each player's precombat main phase, that player adds {G}{G}."
Gore Swine,3.0,['R'],['R'],None,['Creature'],['Boar'],Common,PLST,4,1,None,None
Hammerhand,1.0,['R'],['R'],None,['Enchantment'],['Aura'],Common,PLST,None,None,None,"Enchant creature\nWhen Hammerhand enters the battlefield, target creature can't block this turn.\nEnchanted creature gets +1/+1 and has haste."
Worldgorger Dragon,6.0,['R'],['R'],None,['Creature'],"['Nightmare', 'Dragon']",Rare,PLST,7,7,None,"Flying, trample\nWhen Worldgorger Dragon enters the battlefield, exile all other permanents you control.\nWhen Worldgorger Dragon leaves the battlefield, return the exiled cards to the battlefield under their owners' control."
Feed the Clan,2.0,['G'],['G'],None,['Instant'],None,Common,PLST,None,None,None,You gain 5 life.\nFerocious — You gain 10 life instead if you control a creature with power 4 or greater.
Rakdos Drake,3.0,['B'],['B'],None,['Creature'],['Drake'],Common,PLST,1,2,None,Flying\nUnleash (You may have this creature enter the battlefield with a +1/+1 counter on it. It can't block as long as it has a +1/+1 counter on it.)
Chain of Smog,2.0,['B'],['B'],None,['Sorcery'],None,Uncommon,PLST,None,None,None,Target player discards two cards. That player may copy this spell and may choose a new target for that copy.
Hell's Thunder,3.0,['R'],['R'],None,['Creature'],['Elemental'],Rare,PLST,4,4,None,"Flying, haste\nAt the beginning of the end step, sacrifice Hell's Thunder.\nUnearth {4}{R} ({4}{R}: Return this card from your graveyard to the battlefield. It gains haste. Exile it at the beginning of the next end step or if it would leave the battlefield. Unearth only as a sorcery.)"
Bellows Lizard,1.0,['R'],['R'],None,['Creature'],['Lizard'],Common,PLST,1,1,None,{1}{R}: Bellows Lizard gets +1/+0 until end of turn.
Painful Lesson,3.0,['B'],['B'],None,['Sorcery'],None,Common,PLST,None,None,None,Target player draws two cards and loses 2 life.
Vintara Snapper,2.0,['G'],['G'],None,['Creature'],['Turtle'],Uncommon,PLST,2,2,None,Vintara Snapper has shroud as long as you control no untapped lands. (It can't be the target of spells or abilities.)
Tidy Conclusion,5.0,['B'],['B'],None,['Instant'],None,Common,PLST,None,None,None,Destroy target creature. You gain 1 life for each artifact you control.
Hardy Veteran,2.0,['G'],['G'],None,['Creature'],"['Human', 'Warrior']",Common,PLST,2,2,None,"As long as it's your turn, Hardy Veteran gets +0/+2."
Bring Low,4.0,['R'],['R'],None,['Instant'],None,Common,PLST,None,None,None,"Bring Low deals 3 damage to target creature. If that creature has a +1/+1 counter on it, Bring Low deals 5 damage to it instead."
Haru-Onna,4.0,['G'],['G'],None,['Creature'],['Spirit'],Uncommon,PLST,2,1,None,"When Haru-Onna enters the battlefield, draw a card.\nWhenever you cast a Spirit or Arcane spell, you may return Haru-Onna to its owner's hand."
Beast Within,3.0,['G'],['G'],None,['Instant'],None,Uncommon,PLST,None,None,None,Destroy target permanent. Its controller creates a 3/3 green Beast creature token.
Gamble,1.0,['R'],['R'],None,['Sorcery'],None,Rare,PLST,None,None,None,"Search your library for a card, put that card into your hand, discard a card at random, then shuffle."
Quicksilver Dragon,6.0,['U'],['U'],None,['Creature'],['Dragon'],Rare,PLST,5,5,None,"Flying\n{U}: If target spell has only one target and that target is Quicksilver Dragon, change that spell's target to another creature.\nMorph {4}{U} (You may cast this card face down as a 2/2 creature for {3}. Turn it face up any time for its morph cost.)"
Bojuka Bog,0.0,None,['B'],None,['Land'],None,Common,PLST,None,None,None,"Bojuka Bog enters the battlefield tapped.\nWhen Bojuka Bog enters the battlefield, exile target player's graveyard.\n{T}: Add {B}."
Sign in Blood,2.0,['B'],['B'],None,['Sorcery'],None,Rare,PLST,None,None,None,Target player draws two cards and loses 2 life.
Thopter Foundry,2.0,"['B', 'U', 'W']","['B', 'U', 'W']",None,['Artifact'],None,Uncommon,PLST,None,None,None,"{1}, Sacrifice a nontoken artifact: Create a 1/1 blue Thopter artifact creature token with flying. You gain 1 life."
Doomsday Specter,4.0,"['B', 'U']","['B', 'U']",None,['Creature'],['Specter'],Rare,PLST,2,3,None,"Flying\nWhen Doomsday Specter enters the battlefield, return a blue or black creature you control to its owner's hand.\nWhenever Doomsday Specter deals combat damage to a player, look at that player's hand and choose a card from it. The player discards that card."
Dual Casting,2.0,['R'],['R'],None,['Enchantment'],['Aura'],Rare,PLST,None,None,None,"Enchant creature\nEnchanted creature has ""{R}, {T}: Copy target instant or sorcery spell you control. You may choose new targets for the copy."""
Demonic Bargain,3.0,['B'],['B'],None,['Sorcery'],None,Rare,PLST,None,None,None,"Exile the top thirteen cards of your library, then search your library for a card. Put that card into your hand, then shuffle."
Jaya's Immolating Inferno,2.0,['R'],['R'],['Legendary'],['Sorcery'],None,Rare,PLST,None,None,None,(You may cast a legendary sorcery only if you control a legendary creature or planeswalker.)\nJaya's Immolating Inferno deals X damage to each of up to three targets.
"Sygg, River Cutthroat",2.0,"['B', 'U']","['B', 'U']",['Legendary'],['Creature'],"['Merfolk', 'Rogue']",Rare,PLST,1,3,None,"At the beginning of each end step, if an opponent lost 3 or more life this turn, you may draw a card. (Damage causes loss of life.)"
Boggart Brute,3.0,['R'],['R'],None,['Creature'],"['Goblin', 'Warrior']",Common,PLST,3,2,None,Menace (This creature can't be blocked except by two or more creatures.)
Royal Trooper,3.0,['W'],['W'],None,['Creature'],"['Human', 'Soldier']",Common,PLST,2,2,None,"Whenever Royal Trooper blocks, it gets +2/+2 until end of turn."
Hunt the Weak,4.0,['G'],['G'],None,['Sorcery'],None,Common,PLST,None,None,None,Put a +1/+1 counter on target creature you control. Then that creature fights target creature you don't control. (Each deals damage equal to its power to the other.)
Gravepurge,3.0,['B'],['B'],None,['Instant'],None,Common,PLST,None,None,None,Put any number of target creature cards from your graveyard on top of your library.\nDraw a card.
Keldon Overseer,3.0,['R'],['R'],None,['Creature'],"['Human', 'Warrior']",Common,PLST,3,1,None,"Kicker {3}{R} (You may pay an additional {3}{R} as you cast this spell.)\nHaste\nWhen Keldon Overseer enters the battlefield, if it was kicked, gain control of target creature until end of turn. Untap that creature. It gains haste until end of turn."
Prowling Pangolin,5.0,['B'],['B'],None,['Creature'],"['Pangolin', 'Beast']",Common,PLST,6,5,None,"When Prowling Pangolin enters the battlefield, any player may sacrifice two creatures. If a player does, sacrifice Prowling Pangolin."
Honden of Infinite Rage,3.0,['R'],['R'],['Legendary'],['Enchantment'],['Shrine'],Uncommon,PLST,None,None,None,"At the beginning of your upkeep, Honden of Infinite Rage deals damage to any target equal to the number of Shrines you control."
Goblin Locksmith,2.0,['R'],['R'],None,['Creature'],"['Goblin', 'Rogue']",Common,PLST,2,1,None,"Whenever Goblin Locksmith attacks, creatures with defender can't block this turn."
Map the Wastes,3.0,['G'],['G'],None,['Sorcery'],None,Common,PLST,None,None,None,"Search your library for a basic land card, put it onto the battlefield tapped, then shuffle. Bolster 1. (Choose a creature with the least toughness among creatures you control and put a +1/+1 counter on it.)"
Soothsaying,1.0,['U'],['U'],None,['Enchantment'],None,Uncommon,PLST,None,None,None,"{3}{U}{U}: Shuffle your library.\n{X}: Look at the top X cards of your library, then put them back in any order."
Shattering Spree,1.0,['R'],['R'],None,['Sorcery'],None,Uncommon,PLST,None,None,None,"Replicate {R} (When you cast this spell, copy it for each time you paid its replicate cost. You may choose new targets for the copies.)\nDestroy target artifact."
Read the Runes,1.0,['U'],['U'],None,['Instant'],None,Rare,PLST,None,None,None,"Draw X cards. For each card drawn this way, discard a card unless you sacrifice a permanent."
Aggressive Instinct,2.0,['G'],['G'],None,['Sorcery'],None,Common,PLST,None,None,None,Target creature you control deals damage equal to its power to target creature you don't control.
Shardless Agent,3.0,"['G', 'U']","['G', 'U']",None,"['Artifact', 'Creature']","['Human', 'Rogue']",Uncommon,PLST,2,2,None,"Cascade (When you cast this spell, exile cards from the top of your library until you exile a nonland card that costs less. You may cast it without paying its mana cost. Put the exiled cards on the bottom of your library in a random order.)"
Hoarding Dragon,5.0,['R'],['R'],None,['Creature'],['Dragon'],Uncommon,PLST,4,4,None,"Flying\nWhen Hoarding Dragon enters the battlefield, you may search your library for an artifact card, exile it, then shuffle.\nWhen Hoarding Dragon dies, you may put the exiled card into its owner's hand."
Noxious Toad,3.0,['B'],['B'],None,['Creature'],['Frog'],Uncommon,PLST,1,1,None,"When Noxious Toad dies, each opponent discards a card."
Heartstone,3.0,None,None,None,['Artifact'],None,Uncommon,PLST,None,None,None,Activated abilities of creatures cost {1} less to activate. This effect can't reduce the mana in that cost to less than one mana.
Frilled Deathspitter,3.0,['R'],['R'],None,['Creature'],['Dinosaur'],Common,PLST,3,2,None,"Enrage — Whenever Frilled Deathspitter is dealt damage, it deals 2 damage to target opponent or planeswalker."
Thran War Machine,4.0,None,None,None,"['Artifact', 'Creature']",['Construct'],Uncommon,PLST,4,5,None,"Echo {4} (At the beginning of your upkeep, if this came under your control since the beginning of your last upkeep, sacrifice it unless you pay its echo cost.)\nThran War Machine attacks each combat if able."
Rage Reflection,6.0,['R'],['R'],None,['Enchantment'],None,Rare,PLST,None,None,None,Creatures you control have double strike.
Brazen Buccaneers,4.0,['R'],['R'],None,['Creature'],"['Human', 'Pirate']",Common,PLST,2,2,None,"Haste\nWhen Brazen Buccaneers enters the battlefield, it explores. (Reveal the top card of your library. Put that card into your hand if it's a land. Otherwise, put a +1/+1 counter on this creature, then put the card back or put it into your graveyard.)"
Elephant Grass,1.0,['G'],['G'],None,['Enchantment'],None,Uncommon,PLST,None,None,None,"Cumulative upkeep {1} (At the beginning of your upkeep, put an age counter on this permanent, then sacrifice it unless you pay its upkeep cost for each age counter on it.)\nBlack creatures can't attack you.\nNonblack creatures can't attack you unless their controller pays {2} for each creature they control that's attacking you."
Krosan Verge,0.0,None,None,None,['Land'],None,Uncommon,PLST,None,None,None,"Krosan Verge enters the battlefield tapped.\n{T}: Add {C}.\n{2}, {T}, Sacrifice Krosan Verge: Search your library for a Forest card and a Plains card, put them onto the battlefield tapped, then shuffle."
Guided Passage,3.0,"['G', 'R', 'U']","['G', 'R', 'U']",None,['Sorcery'],None,Rare,PLST,None,None,None,"Reveal the cards in your library. An opponent chooses from among them a creature card, a land card, and a noncreature, nonland card. You put the chosen cards into your hand. Then shuffle."
Totally Lost,5.0,['U'],['U'],None,['Instant'],None,Common,PLST,None,None,None,Put target nonland permanent on top of its owner's library.
Shoulder to Shoulder,3.0,['W'],['W'],None,['Sorcery'],None,Common,PLST,None,None,None,Support 2. (Put a +1/+1 counter on each of up to two target creatures.)\nDraw a card.
Archangel,7.0,['W'],['W'],None,['Creature'],['Angel'],Uncommon,PLST,5,5,None,"Flying, vigilance"
Boreal Druid,1.0,['G'],['G'],['Snow'],['Creature'],"['Elf', 'Druid']",Common,PLST,1,1,None,{T}: Add {C}.
Diregraf Captain,3.0,"['B', 'U']","['B', 'U']",None,['Creature'],"['Zombie', 'Soldier']",Uncommon,PLST,2,2,None,"Deathtouch\nOther Zombie creatures you control get +1/+1.\nWhenever another Zombie you control dies, target opponent loses 1 life."
Gravitic Punch,4.0,['R'],['R'],None,['Sorcery'],None,Common,PLST,None,None,None,Target creature you control deals damage equal to its power to target player.\nJump-start (You may cast this card from your graveyard by discarding a card in addition to paying its other costs. Then exile this card.)
Kraul Foragers,5.0,['G'],['G'],None,['Creature'],"['Insect', 'Scout']",Common,PLST,4,4,None,"Undergrowth — When Kraul Foragers enters the battlefield, you gain 1 life for each creature card in your graveyard."
Canyon Lurkers,5.0,['R'],['R'],None,['Creature'],"['Human', 'Rogue']",Common,PLST,5,2,None,Morph {3}{R} (You may cast this card face down as a 2/2 creature for {3}. Turn it face up any time for its morph cost.)
Keldon Halberdier,5.0,['R'],['R'],None,['Creature'],"['Human', 'Warrior']",Common,PLST,4,1,None,"First strike\nSuspend 4—{R} (Rather than cast this card from your hand, you may pay {R} and exile it with four time counters on it. At the beginning of your upkeep, remove a time counter. When the last is removed, you may cast it without paying its mana cost. It has haste.)"
Cairn Wanderer,5.0,['B'],['B'],None,['Creature'],['Shapeshifter'],Rare,PLST,4,4,None,"Changeling (This card is every creature type.)\nAs long as a creature card with flying is in a graveyard, Cairn Wanderer has flying. The same is true for fear, first strike, double strike, deathtouch, haste, landwalk, lifelink, protection, reach, trample, shroud, and vigilance."
Yawgmoth's Agenda,5.0,['B'],['B'],None,['Enchantment'],None,Rare,PLST,None,None,None,"You can't cast more than one spell each turn.\nYou may play lands and cast spells from your graveyard.\nIf a card would be put into your graveyard from anywhere, exile it instead."
Cinder Hellion,5.0,['R'],['R'],None,['Creature'],['Hellion'],Common,PLST,4,4,None,"Trample\nWhen Cinder Hellion enters the battlefield, it deals 2 damage to target opponent or planeswalker."
Mindmoil,5.0,['R'],['R'],None,['Enchantment'],None,Rare,PLST,None,None,None,"Whenever you cast a spell, put the cards in your hand on the bottom of your library in any order, then draw that many cards."
Crow of Dark Tidings,3.0,['B'],['B'],None,['Creature'],"['Zombie', 'Bird']",Common,PLST,2,1,None,"Flying\nWhen Crow of Dark Tidings enters the battlefield or dies, mill two cards. (Put the top two cards of your library into your graveyard.)"
"Purphoros, God of the Forge",4.0,['R'],['R'],['Legendary'],"['Enchantment', 'Creature']",['God'],Mythic,PLST,6,5,None,"Indestructible\nAs long as your devotion to red is less than five, Purphoros isn't a creature.\nWhenever another creature enters the battlefield under your control, Purphoros deals 2 damage to each opponent.\n{2}{R}: Creatures you control get +1/+0 until end of turn."
Mark of the Vampire,4.0,['B'],['B'],None,['Enchantment'],['Aura'],Common,PLST,None,None,None,Enchant creature\nEnchanted creature gets +2/+2 and has lifelink.
Extinction,5.0,['B'],['B'],None,['Sorcery'],None,Rare,PLST,None,None,None,Destroy all creatures of the creature type of your choice.
Scarab Feast,1.0,['B'],['B'],None,['Instant'],None,Common,PLST,None,None,None,"Exile up to three target cards from a single graveyard.\nCycling {B} ({B}, Discard this card: Draw a card.)"
"Chandra, Fire of Kaladesh // Chandra, Roaring Flame",3.0,['R'],['R'],['Legendary'],['Creature'],"['Human', 'Shaman']",Mythic,PLST,2,2,None,"Whenever you cast a red spell, untap Chandra, Fire of Kaladesh.\n{T}: Chandra, Fire of Kaladesh deals 1 damage to target player or planeswalker. If Chandra has dealt 3 or more damage this turn, exile her, then return her to the battlefield transformed under her owner's control."
Silverchase Fox,2.0,['W'],['W'],None,['Creature'],['Fox'],Common,PLST,2,2,None,"{1}{W}, Sacrifice Silverchase Fox: Exile target enchantment."
Wear // Tear,3.0,['R'],"['R', 'W']",None,['Instant'],None,Uncommon,PLST,None,None,None,Destroy target artifact.\nFuse (You may cast one or both halves of this card from your hand.)
Essence Warden,1.0,['G'],['G'],None,['Creature'],"['Elf', 'Shaman']",Common,PLST,1,1,None,"Whenever another creature enters the battlefield, you gain 1 life."
Thallid Omnivore,4.0,['B'],['B'],None,['Creature'],['Fungus'],Common,PLST,3,3,None,"{1}, Sacrifice another creature: Thallid Omnivore gets +2/+2 until end of turn. If a Saproling was sacrificed this way, you gain 2 life."
Noggle Bandit,3.0,"['R', 'U']","['R', 'U']",None,['Creature'],"['Noggle', 'Rogue']",Common,PLST,2,2,None,Noggle Bandit can't be blocked except by creatures with defender.
Font of Mythos,4.0,None,None,None,['Artifact'],None,Rare,PLST,None,None,None,"At the beginning of each player's draw step, that player draws two additional cards."
Lightning Shrieker,5.0,['R'],['R'],None,['Creature'],['Dragon'],Common,PLST,5,5,None,"Flying, trample, haste\nAt the beginning of the end step, Lightning Shrieker's owner shuffles it into their library."
Drogskol Captain,3.0,"['U', 'W']","['U', 'W']",None,['Creature'],"['Spirit', 'Soldier']",Uncommon,PLST,2,2,None,Flying\nOther Spirit creatures you control get +1/+1 and have hexproof. (They can't be the targets of spells or abilities your opponents control.)
Rune-Scarred Demon,7.0,['B'],['B'],None,['Creature'],['Demon'],Rare,PLST,6,6,None,"Flying\nWhen Rune-Scarred Demon enters the battlefield, search your library for a card, put it into your hand, then shuffle."
Wall of One Thousand Cuts,5.0,['W'],['W'],None,['Creature'],['Wall'],Common,PLST,3,5,None,"Defender, flying\n{W}: Wall of One Thousand Cuts can attack this turn as though it didn't have defender."
Shivan Meteor,5.0,['R'],['R'],None,['Sorcery'],None,Uncommon,PLST,None,None,None,"Shivan Meteor deals 13 damage to target creature.\nSuspend 2—{1}{R}{R} (Rather than cast this card from your hand, you may pay {1}{R}{R} and exile it with two time counters on it. At the beginning of your upkeep, remove a time counter. When the last is removed, you may cast it without paying its mana cost.)"
Jadelight Ranger,3.0,['G'],['G'],None,['Creature'],"['Merfolk', 'Scout', 'Ranger']",Rare,PLST,2,1,None,"When Jadelight Ranger enters the battlefield, it explores, then it explores again. (Reveal the top card of your library. Put that card into your hand if it's a land. Otherwise, put a +1/+1 counter on this creature, then put the card back or put it into your graveyard. Then repeat this process.)"
Mutiny,1.0,['R'],['R'],None,['Sorcery'],None,Common,PLST,None,None,None,Target creature an opponent controls deals damage equal to its power to another target creature that player controls.
Stallion of Ashmouth,4.0,['B'],['B'],None,['Creature'],"['Nightmare', 'Horse']",Common,PLST,3,3,None,Delirium — {1}{B}: Stallion of Ashmouth gets +1/+1 until end of turn. Activate only if there are four or more card types among cards in your graveyard.
"Endrek Sahr, Master Breeder",5.0,['B'],['B'],['Legendary'],['Creature'],"['Human', 'Wizard']",Rare,PLST,2,2,None,"Whenever you cast a creature spell, create X 1/1 black Thrull creature tokens, where X is that spell's mana value.\nWhen you control seven or more Thrulls, sacrifice Endrek Sahr, Master Breeder."
Parallel Evolution,5.0,['G'],['G'],None,['Sorcery'],None,Rare,PLST,None,None,None,"For each creature token on the battlefield, its controller creates a token that's a copy of that creature.\nFlashback {4}{G}{G}{G} (You may cast this card from your graveyard for its flashback cost. Then exile it.)"
"Mikaeus, the Unhallowed",6.0,['B'],['B'],['Legendary'],['Creature'],"['Zombie', 'Cleric']",Mythic,PLST,5,5,None,"Intimidate (This creature can't be blocked except by artifact creatures and/or creatures that share a color with it.)\nWhenever a Human deals damage to you, destroy it.\nOther non-Human creatures you control get +1/+1 and have undying. (When a creature with undying dies, if it had no +1/+1 counters on it, return it to the battlefield under its owner's control with a +1/+1 counter on it.)"
Legacy Weapon,7.0,None,"['B', 'G', 'R', 'U', 'W']",['Legendary'],['Artifact'],None,Rare,PLST,None,None,None,"{W}{U}{B}{R}{G}: Exile target permanent.\nIf Legacy Weapon would be put into a graveyard from anywhere, reveal Legacy Weapon and shuffle it into its owner's library instead."
Hagra Mauling // Hagra Broodpit,4.0,['B'],['B'],None,['Instant'],None,Rare,PLST,None,None,None,This spell costs {1} less to cast if an opponent controls no basic lands.\nDestroy target creature.
Watercourser,3.0,['U'],['U'],None,['Creature'],['Elemental'],Common,PLST,2,3,None,{U}: Watercourser gets +1/-1 until end of turn.
"Liliana, Heretical Healer // Liliana, Defiant Necromancer",3.0,['B'],['B'],['Legendary'],['Creature'],"['Human', 'Cleric']",Mythic,PLST,2,3,None,"Lifelink\nWhenever another nontoken creature you control dies, exile Liliana, Heretical Healer, then return her to the battlefield transformed under her owner's control. If you do, create a 2/2 black Zombie creature token."
Kird Ape,1.0,['R'],['R'],None,['Creature'],['Ape'],Common,PLST,1,1,None,Kird Ape gets +1/+2 as long as you control a Forest.
Cleansing Screech,5.0,['R'],['R'],None,['Sorcery'],None,Common,PLST,None,None,None,Cleansing Screech deals 4 damage to any target.
Kiln Fiend,2.0,['R'],['R'],None,['Creature'],"['Elemental', 'Beast']",Common,PLST,1,2,None,"Whenever you cast an instant or sorcery spell, Kiln Fiend gets +3/+0 until end of turn."
Greenbelt Rampager,1.0,['G'],['G'],None,['Creature'],['Elephant'],Rare,PLST,3,4,None,"When Greenbelt Rampager enters the battlefield, pay {E}{E} (two energy counters). If you can't, return Greenbelt Rampager to its owner's hand and you get {E}."
Hooting Mandrills,6.0,['G'],['G'],None,['Creature'],['Ape'],Common,PLST,4,4,None,Delve (Each card you exile from your graveyard while casting this spell pays for {1}.)\nTrample
Urza's Ruinous Blast,5.0,['W'],['W'],['Legendary'],['Sorcery'],None,Rare,PLST,None,None,None,(You may cast a legendary sorcery only if you control a legendary creature or planeswalker.)\nExile all nonland permanents that aren't legendary.
Chandra's Ignition,5.0,['R'],['R'],None,['Sorcery'],None,Rare,PLST,None,None,None,Target creature you control deals damage equal to its power to each other creature and each opponent.
"Syr Konrad, the Grim",5.0,['B'],['B'],['Legendary'],['Creature'],"['Human', 'Knight']",Uncommon,PLST,5,4,None,"Whenever another creature dies, or a creature card is put into a graveyard from anywhere other than the battlefield, or a creature card leaves your graveyard, Syr Konrad, the Grim deals 1 damage to each opponent.\n{1}{B}: Each player mills a card. (They each put the top card of their library into their graveyard.)"
Jungleborn Pioneer,3.0,['G'],['G'],None,['Creature'],"['Merfolk', 'Scout']",Common,PLST,2,2,None,"When Jungleborn Pioneer enters the battlefield, create a 1/1 blue Merfolk creature token with hexproof. (It can't be the target of spells or abilities your opponents control.)"
Skulking Ghost,2.0,['B'],['B'],None,['Creature'],['Spirit'],Common,PLST,2,1,None,"Flying\nWhen Skulking Ghost becomes the target of a spell or ability, sacrifice it."
Brimstone Mage,3.0,['R'],['R'],None,['Creature'],"['Human', 'Shaman']",Uncommon,PLST,2,2,None,Level up {3}{R} ({3}{R}: Put a level counter on this. Level up only as a sorcery.)\nLEVEL 1-2\n2/3\n{T}: Brimstone Mage deals 1 damage to any target.\nLEVEL 3+\n2/4\n{T}: Brimstone Mage deals 3 damage to any target.
"Ertai, the Corrupted",5.0,"['B', 'U', 'W']","['B', 'U', 'W']",['Legendary'],['Creature'],"['Phyrexian', 'Human', 'Wizard']",Rare,PLST,3,4,None,"{U}, {T}, Sacrifice a creature or enchantment: Counter target spell."
Battleflight Eagle,5.0,['W'],['W'],None,['Creature'],['Bird'],Common,PLST,2,2,None,"Flying\nWhen Battleflight Eagle enters the battlefield, target creature gets +2/+2 and gains flying until end of turn."
Light Up the Stage,3.0,['R'],['R'],None,['Sorcery'],None,Uncommon,PLST,None,None,None,"Spectacle {R} (You may cast this spell for its spectacle cost rather than its mana cost if an opponent lost life this turn.)\nExile the top two cards of your library. Until the end of your next turn, you may play those cards."
Jinxed Ring,2.0,None,None,None,['Artifact'],None,Rare,PLST,None,None,None,"Whenever a nontoken permanent is put into your graveyard from the battlefield, Jinxed Ring deals 1 damage to you.\nSacrifice a creature: Target opponent gains control of Jinxed Ring. (This effect lasts indefinitely.)"
Glittering Stockpile,3.0,['R'],['R'],None,['Artifact'],['Treasure'],Uncommon,PLST,None,None,None,"{T}: Add {R}. Put a stash counter on Glittering Stockpile.\n{T}, Sacrifice Glittering Stockpile: Add X mana of any one color, where X is the number of stash counters on Glittering Stockpile."
Unstoppable Ash,4.0,['G'],['G'],None,['Creature'],"['Treefolk', 'Warrior']",Rare,PLST,5,5,None,"Trample\nChampion a Treefolk or Warrior (When this enters the battlefield, sacrifice it unless you exile another Treefolk or Warrior you control. When this leaves the battlefield, that card returns to the battlefield.)\nWhenever a creature you control becomes blocked, it gets +0/+5 until end of turn."
Evil Eye of Urborg,5.0,['B'],['B'],None,['Creature'],['Eye'],Uncommon,PLST,6,3,None,"Non-Eye creatures you control can't attack.\nWhenever Evil Eye of Urborg becomes blocked by a creature, destroy that creature."
Urza's Blueprints,6.0,None,None,None,['Artifact'],None,Rare,PLST,None,None,None,"Echo {6} (At the beginning of your upkeep, if this came under your control since the beginning of your last upkeep, sacrifice it unless you pay its echo cost.)\n{T}: Draw a card."
Demon's Grasp,5.0,['B'],['B'],None,['Sorcery'],None,Common,PLST,None,None,None,Target creature gets -5/-5 until end of turn.
"Krenko, Tin Street Kingpin",3.0,['R'],['R'],['Legendary'],['Creature'],['Goblin'],Rare,PLST,1,2,None,"Whenever Krenko, Tin Street Kingpin attacks, put a +1/+1 counter on it, then create a number of 1/1 red Goblin creature tokens equal to Krenko's power."
In the Web of War,5.0,['R'],['R'],None,['Enchantment'],None,Rare,PLST,None,None,None,"Whenever a creature enters the battlefield under your control, it gets +2/+0 and gains haste until end of turn."
Reckless Spite,3.0,['B'],['B'],None,['Instant'],None,Uncommon,PLST,None,None,None,Destroy two target nonblack creatures. You lose 5 life.
Thraben Foulbloods,3.0,['B'],['B'],None,['Creature'],"['Zombie', 'Dog']",Common,PLST,3,2,None,Delirium — Thraben Foulbloods gets +1/+1 and has menace as long as there are four or more card types among cards in your graveyard. (A creature with menace can't be blocked except by two or more creatures.)
Shamanic Revelation,5.0,['G'],['G'],None,['Sorcery'],None,Rare,PLST,None,None,None,Draw a card for each creature you control.\nFerocious — You gain 4 life for each creature you control with power 4 or greater.
Noggle Hedge-Mage,3.0,"['R', 'U']","['R', 'U']",None,['Creature'],"['Noggle', 'Wizard']",Uncommon,PLST,2,2,None,"When Noggle Hedge-Mage enters the battlefield, if you control two or more Islands, you may tap two target permanents.\nWhen Noggle Hedge-Mage enters the battlefield, if you control two or more Mountains, you may have Noggle Hedge-Mage deal 2 damage to target player or planeswalker."
Sprout Swarm,2.0,['G'],['G'],None,['Instant'],None,Common,PLST,None,None,None,"Convoke (Your creatures can help cast this spell. Each creature you tap while casting this spell pays for {1} or one mana of that creature's color.)\nBuyback {3} (You may pay an additional {3} as you cast this spell. If you do, put this card into your hand as it resolves.)\nCreate a 1/1 green Saproling creature token."
Built to Smash,1.0,['R'],['R'],None,['Instant'],None,Common,PLST,None,None,None,"Target attacking creature gets +3/+3 until end of turn. If it's an artifact creature, it gains trample until end of turn."
Witch-Maw Nephilim,4.0,"['B', 'G', 'U', 'W']","['B', 'G', 'U', 'W']",None,['Creature'],['Nephilim'],Rare,PLST,1,1,None,"Whenever you cast a spell, you may put two +1/+1 counters on Witch-Maw Nephilim.\nWhenever Witch-Maw Nephilim attacks, it gains trample until end of turn if its power is 10 or greater."
Time Stretch,10.0,['U'],['U'],None,['Sorcery'],None,Rare,PLST,None,None,None,Target player takes two extra turns after this one.
Cobblebrute,4.0,['R'],['R'],None,['Creature'],['Elemental'],Common,PLST,5,2,None,None
Burst Lightning,1.0,['R'],['R'],None,['Instant'],None,Rare,PLST,None,None,None,"Kicker {4} (You may pay an additional {4} as you cast this spell.)\nBurst Lightning deals 2 damage to any target. If this spell was kicked, it deals 4 damage instead."
"Nissa, Voice of Zendikar",3.0,['G'],['G'],['Legendary'],['Planeswalker'],['Nissa'],Mythic,PLST,None,None,3,"[+1]: Create a 0/1 green Plant creature token.\n[−2]: Put a +1/+1 counter on each creature you control.\n[−7]: You gain X life and draw X cards, where X is the number of lands you control."
Fleetfoot Panther,3.0,"['G', 'W']","['G', 'W']",None,['Creature'],['Cat'],Uncommon,PLST,3,4,None,"Flash\nWhen Fleetfoot Panther enters the battlefield, return a green or white creature you control to its owner's hand."
Gelectrode,3.0,"['R', 'U']","['R', 'U']",None,['Creature'],['Weird'],Uncommon,PLST,0,1,None,"{T}: Gelectrode deals 1 damage to any target.\nWhenever you cast an instant or sorcery spell, you may untap Gelectrode."
Mirror March,6.0,['R'],['R'],None,['Enchantment'],None,Rare,PLST,None,None,None,"Whenever a nontoken creature enters the battlefield under your control, flip a coin until you lose a flip. For each flip you won, create a token that's a copy of that creature. Those tokens gain haste. Exile them at the beginning of the next end step."
Winds of Abandon,2.0,['W'],['W'],None,['Sorcery'],None,Rare,PLST,None,None,None,"Exile target creature you don't control. For each creature exiled this way, its controller searches their library for a basic land card. Those players put those cards onto the battlefield tapped, then shuffle.\nOverload {4}{W}{W} (You may cast this spell for its overload cost. If you do, change ""target"" in its text to ""each."")"
Hermit Druid,2.0,['G'],['G'],None,['Creature'],"['Human', 'Druid']",Rare,PLST,1,1,None,"{G}, {T}: Reveal cards from the top of your library until you reveal a basic land card. Put that card into your hand and all other cards revealed this way into your graveyard."
Dromar's Cavern,0.0,None,"['B', 'U', 'W']",None,['Land'],['Lair'],Uncommon,PLST,None,None,None,"When Dromar's Cavern enters the battlefield, sacrifice it unless you return a non-Lair land you control to its owner's hand.\n{T}: Add {W}, {U}, or {B}."
Giant Caterpillar,4.0,['G'],['G'],None,['Creature'],['Insect'],Common,PLST,3,3,None,"{G}, Sacrifice Giant Caterpillar: Create a 1/1 green Insect creature token with flying named Butterfly at the beginning of the next end step."
Imps' Taunt,2.0,['B'],['B'],None,['Instant'],None,Uncommon,PLST,None,None,None,"Buyback {3} (You may pay an additional {3} as you cast this spell. If you do, put this card into your hand as it resolves.)\nTarget creature attacks this turn if able."
Sen Triplets,5.0,"['B', 'U', 'W']","['B', 'U', 'W']",['Legendary'],"['Artifact', 'Creature']","['Human', 'Wizard']",Mythic,PLST,3,3,None,"At the beginning of your upkeep, choose target opponent. This turn, that player can't cast spells or activate abilities and plays with their hand revealed. You may play lands and cast spells from that player's hand this turn."
Wheel of Torture,3.0,None,None,None,['Artifact'],None,Rare,PLST,None,None,None,"At the beginning of each opponent's upkeep, Wheel of Torture deals X damage to that player, where X is 3 minus the number of cards in their hand."
Traveler's Cloak,3.0,['U'],['U'],None,['Enchantment'],['Aura'],Common,PLST,None,None,None,"Enchant creature\nAs Traveler's Cloak enters the battlefield, choose a land type.\nWhen Traveler's Cloak enters the battlefield, draw a card.\nEnchanted creature has landwalk of the chosen type. (It can't be blocked as long as defending player controls a land of that type.)"
Magmaw,5.0,['R'],['R'],None,['Creature'],['Elemental'],Uncommon,PLST,4,4,None,"{1}, Sacrifice a nonland permanent: Magmaw deals 1 damage to any target."
Marsh Hulk,6.0,['B'],['B'],None,['Creature'],"['Zombie', 'Ogre']",Common,PLST,4,6,None,Megamorph {6}{B} (You may cast this card face down as a 2/2 creature for {3}. Turn it face up any time for its megamorph cost and put a +1/+1 counter on it.)
Mizzium Tank,3.0,['R'],['R'],None,['Artifact'],['Vehicle'],Rare,PLST,3,2,None,"Trample\nWhenever you cast a noncreature spell, Mizzium Tank becomes an artifact creature and gets +1/+1 until end of turn.\nCrew 1 (Tap any number of creatures you control with total power 1 or more: This Vehicle becomes an artifact creature until end of turn.)"
Elven Palisade,1.0,['G'],['G'],None,['Enchantment'],None,Uncommon,PLST,None,None,None,Sacrifice a Forest: Target attacking creature gets -3/-0 until end of turn.
Charging Monstrosaur,5.0,['R'],['R'],None,['Creature'],['Dinosaur'],Uncommon,PLST,5,5,None,"Trample, haste"
Cathartic Reunion,2.0,['R'],['R'],None,['Sorcery'],None,Common,PLST,None,None,None,"As an additional cost to cast this spell, discard two cards.\nDraw three cards."
Hyena Pack,4.0,['R'],['R'],None,['Creature'],['Hyena'],Common,PLST,3,4,None,None
Taurean Mauler,3.0,['R'],['R'],None,['Creature'],['Shapeshifter'],Rare,PLST,2,2,None,"Changeling (This card is every creature type.)\nWhenever an opponent casts a spell, you may put a +1/+1 counter on Taurean Mauler."
Rampaging Cyclops,4.0,['R'],['R'],None,['Creature'],['Cyclops'],Common,PLST,4,4,None,Rampaging Cyclops gets -2/-0 as long as two or more creatures are blocking it.
Fall of the Titans,1.0,['R'],['R'],None,['Instant'],None,Rare,PLST,None,None,None,Surge {X}{R} (You may cast this spell for its surge cost if you or a teammate has cast another spell this turn.)\nFall of the Titans deals X damage to each of up to two targets.
Hardened Berserker,3.0,['R'],['R'],None,['Creature'],"['Human', 'Berserker']",Common,PLST,3,2,None,"Whenever Hardened Berserker attacks, the next spell you cast this turn costs {1} less to cast."
Nantuko Husk,3.0,['B'],['B'],None,['Creature'],"['Zombie', 'Insect']",Common,PLST,2,2,None,Sacrifice a creature: Nantuko Husk gets +2/+2 until end of turn.
Mogg War Marshal,2.0,['R'],['R'],None,['Creature'],"['Goblin', 'Warrior']",Common,PLST,1,1,None,"Echo {1}{R} (At the beginning of your upkeep, if this came under your control since the beginning of your last upkeep, sacrifice it unless you pay its echo cost.)\nWhen Mogg War Marshal enters the battlefield or dies, create a 1/1 red Goblin creature token."
Blood Pet,1.0,['B'],['B'],None,['Creature'],['Thrull'],Common,PLST,1,1,None,Sacrifice Blood Pet: Add {B}.
Prophetic Ravings,1.0,['R'],['R'],None,['Enchantment'],['Aura'],Common,PLST,None,None,None,"Enchant creature\nEnchanted creature has haste and ""{T}, Discard a card: Draw a card."""
Ravenous Trap,4.0,['B'],['B'],None,['Instant'],['Trap'],Uncommon,PLST,None,None,None,"If an opponent had three or more cards put into their graveyard from anywhere this turn, you may pay {0} rather than pay this spell's mana cost.\nExile target player's graveyard."
Pack's Favor,3.0,['G'],['G'],None,['Instant'],None,Common,PLST,None,None,None,Convoke (Your creatures can help cast this spell. Each creature you tap while casting this spell pays for {1} or one mana of that creature's color.)\nTarget creature gets +3/+3 until end of turn.
Dune-Brood Nephilim,4.0,"['B', 'G', 'R', 'W']","['B', 'G', 'R', 'W']",None,['Creature'],['Nephilim'],Rare,PLST,3,3,None,"Whenever Dune-Brood Nephilim deals combat damage to a player, create a 1/1 colorless Sand creature token for each land you control."
Goldspan Dragon,5.0,['R'],['R'],None,['Creature'],['Dragon'],Mythic,PLST,4,4,None,"Flying, haste\nWhenever Goldspan Dragon attacks or becomes the target of a spell, create a Treasure token.\nTreasures you control have ""{T}, Sacrifice this artifact: Add two mana of any one color."""
Moon-Eating Dog,4.0,['U'],['U'],None,['Creature'],['Dog'],Uncommon,PLST,3,3,None,"As long as you control a Yanling planeswalker, Moon-Eating Dog has flying. (It can't be blocked except by creatures with flying or reach.)"
Wayward Giant,5.0,['R'],['R'],None,['Creature'],['Giant'],Common,PLST,4,5,None,Menace
Cadaverous Knight,3.0,['B'],['B'],None,['Creature'],"['Zombie', 'Knight']",Common,PLST,2,2,None,"Flanking (Whenever a creature without flanking blocks this creature, the blocking creature gets -1/-1 until end of turn.)\n{1}{B}{B}: Regenerate Cadaverous Knight."
Kin-Tree Warden,1.0,['G'],['G'],None,['Creature'],"['Human', 'Warrior']",Common,PLST,1,1,None,{2}: Regenerate Kin-Tree Warden.\nMorph {G} (You may cast this card face down as a 2/2 creature for {3}. Turn it face up any time for its morph cost.)
Flayer Husk,1.0,None,None,None,['Artifact'],['Equipment'],Common,PLST,None,None,None,"Living weapon (When this Equipment enters the battlefield, create a 0/0 black Phyrexian Germ creature token, then attach this to it.)\nEquipped creature gets +1/+1.\nEquip {2}"
Forsaken City,0.0,None,None,None,['Land'],None,Rare,PLST,None,None,None,"Forsaken City doesn't untap during your untap step.\nAt the beginning of your upkeep, you may exile a card from your hand. If you do, untap Forsaken City.\n{T}: Add one mana of any color."
Farbog Revenant,3.0,['B'],['B'],None,['Creature'],['Spirit'],Common,PLST,1,3,None,Skulk (This creature can't be blocked by creatures with greater power.)\nLifelink (Damage dealt by this creature also causes you to gain that much life.)
Capenna Express,4.0,['G'],['G'],None,['Artifact'],['Vehicle'],Common,PLST,6,6,None,Sacrifice a Treasure: Capenna Express becomes an artifact creature until end of turn.\nCrew 3 (Tap any number of creatures you control with total power 3 or more: This Vehicle becomes an artifact creature until end of turn.)
Asceticism,5.0,['G'],['G'],None,['Enchantment'],None,Rare,PLST,None,None,None,"Creatures you control have hexproof.\n{1}{G}: Regenerate target creature. (The next time it would be destroyed, instead tap it, remove it from combat, and heal all damage on it.)"
Mountain,0.0,None,['R'],['Basic'],['Land'],['Mountain'],Common,PLST,None,None,None,({T}: Add {R}.)
Gideon Jura,5.0,['W'],['W'],['Legendary'],['Planeswalker'],['Gideon'],Mythic,PLST,None,None,6,"[+2]: During target opponent's next turn, creatures that player controls attack Gideon Jura if able.\n[−2]: Destroy target tapped creature.\n[0]: Until end of turn, Gideon Jura becomes a 6/6 Human Soldier creature that's still a planeswalker. Prevent all damage that would be dealt to him this turn."
Demolish,4.0,['R'],['R'],None,['Sorcery'],None,Common,PLST,None,None,None,Destroy target artifact or land.
Into the North,2.0,['G'],['G'],None,['Sorcery'],None,Common,PLST,None,None,None,"Search your library for a snow land card, put it onto the battlefield tapped, then shuffle."
Winding Constrictor,2.0,"['B', 'G']","['B', 'G']",None,['Creature'],['Snake'],Uncommon,PLST,2,3,None,"If one or more counters would be put on an artifact or creature you control, that many plus one of each of those kinds of counters are put on that permanent instead.\nIf you would get one or more counters, you get that many plus one of each of those kinds of counters instead."
Urborg Uprising,5.0,['B'],['B'],None,['Sorcery'],None,Common,PLST,None,None,None,Return up to two target creature cards from your graveyard to your hand.\nDraw a card.
Rend Flesh,3.0,['B'],['B'],None,['Instant'],['Arcane'],Common,PLST,None,None,None,Destroy target non-Spirit creature.
Pyrotechnics,5.0,['R'],['R'],None,['Sorcery'],None,Uncommon,PLST,None,None,None,Pyrotechnics deals 4 damage divided as you choose among any number of targets.
Phyrexian Snowcrusher,6.0,None,None,['Snow'],"['Artifact', 'Creature']","['Phyrexian', 'Juggernaut']",Uncommon,PLST,6,5,None,Phyrexian Snowcrusher attacks each combat if able.\n{1}{S}: Phyrexian Snowcrusher gets +1/+0 until end of turn. ({S} can be paid with one mana from a snow source.)
Maximize Velocity,1.0,['R'],['R'],None,['Sorcery'],None,Common,PLST,None,None,None,Target creature gets +1/+1 and gains haste until end of turn.\nJump-start (You may cast this card from your graveyard by discarding a card in addition to paying its other costs. Then exile this card.)
Run Amok,2.0,['R'],['R'],None,['Instant'],None,Common,PLST,None,None,None,Target attacking creature gets +3/+3 and gains trample until end of turn.
Beneath the Sands,3.0,['G'],['G'],None,['Sorcery'],None,Common,PLST,None,None,None,"Search your library for a basic land card, put it onto the battlefield tapped, then shuffle.\nCycling {2} ({2}, Discard this card: Draw a card.)"
Impact Tremors,2.0,['R'],['R'],None,['Enchantment'],None,Common,PLST,None,None,None,"Whenever a creature enters the battlefield under your control, Impact Tremors deals 1 damage to each opponent."
Voldaren Pariah // Abolisher of Bloodlines,5.0,['B'],['B'],None,['Creature'],"['Vampire', 'Horror']",Rare,PLST,3,3,None,"Flying\nSacrifice three other creatures: Transform Voldaren Pariah.\nMadness {B}{B}{B} (If you discard this card, discard it into exile. When you do, cast it for its madness cost or put it into your graveyard.)"
Orcish Oriflamme,4.0,['R'],['R'],None,['Enchantment'],None,Common,PLST,None,None,None,Attacking creatures you control get +1/+0.
Yore-Tiller Nephilim,4.0,"['B', 'R', 'U', 'W']","['B', 'R', 'U', 'W']",None,['Creature'],['Nephilim'],Rare,PLST,2,2,None,"Whenever Yore-Tiller Nephilim attacks, return target creature card from your graveyard to the battlefield tapped and attacking."
"Lolth, Spider Queen",5.0,['B'],['B'],['Legendary'],['Planeswalker'],['Lolth'],Mythic,PLST,None,None,4,"Whenever a creature you control dies, put a loyalty counter on Lolth, Spider Queen.\n[0]: You draw a card and you lose 1 life.\n[−3]: Create two 2/1 black Spider creature tokens with menace and reach.\n[−8]: You get an emblem with ""Whenever an opponent is dealt combat damage by one or more creatures you control, if that player lost less than 8 life this turn, they lose life equal to the difference."""
Monastery Swiftspear,1.0,['R'],['R'],None,['Creature'],"['Human', 'Monk']",Uncommon,PLST,1,2,None,"Haste\nProwess (Whenever you cast a noncreature spell, this creature gets +1/+1 until end of turn.)"
Knowledge Pool,6.0,None,None,None,['Artifact'],None,Rare,PLST,None,None,None,"Imprint — When Knowledge Pool enters the battlefield, each player exiles the top three cards of their library.\nWhenever a player casts a spell from their hand, that player exiles it. If the player does, they may cast a spell from among other cards exiled with Knowledge Pool without paying its mana cost."
Longshot Squad,4.0,['G'],['G'],None,['Creature'],"['Dog', 'Archer']",Common,PLST,3,3,None,"Outlast {1}{G} ({1}{G}, {T}: Put a +1/+1 counter on this creature. Outlast only as a sorcery.)\nEach creature you control with a +1/+1 counter on it has reach. (A creature with reach can block creatures with flying.)"
Trespasser's Curse,2.0,['B'],['B'],None,['Enchantment'],"['Aura', 'Curse']",Common,PLST,None,None,None,"Enchant player\nWhenever a creature enters the battlefield under enchanted player's control, that player loses 1 life and you gain 1 life."
Worldspine Wurm,11.0,['G'],['G'],None,['Creature'],['Wurm'],Mythic,PLST,15,15,None,"Trample\nWhen Worldspine Wurm dies, create three 5/5 green Wurm creature tokens with trample.\nWhen Worldspine Wurm is put into a graveyard from anywhere, shuffle it into its owner's library."
Sorin Markov,6.0,['B'],['B'],['Legendary'],['Planeswalker'],['Sorin'],Mythic,PLST,None,None,4,[+2]: Sorin Markov deals 2 damage to any target and you gain 2 life.\n[−3]: Target opponent's life total becomes 10.\n[−7]: You control target player during that player's next turn.
Enchanted Evening,5.0,"['U', 'W']","['U', 'W']",None,['Enchantment'],None,Rare,PLST,None,None,None,All permanents are enchantments in addition to their other types.
Tandem Tactics,2.0,['W'],['W'],None,['Instant'],None,Common,PLST,None,None,None,Up to two target creatures each get +1/+2 until end of turn. You gain 2 life.
Shifting Wall,0.0,None,None,None,"['Artifact', 'Creature']",['Wall'],Uncommon,PLST,0,0,None,Defender (This creature can't attack.)\nShifting Wall enters the battlefield with X +1/+1 counters on it.
Windgrace Acolyte,5.0,['B'],['B'],None,['Creature'],"['Cat', 'Warrior']",Common,PLST,3,2,None,"Flying\nWhen Windgrace Acolyte enters the battlefield, mill three cards and you gain 3 life."
Battle-Rattle Shaman,4.0,['R'],['R'],None,['Creature'],"['Goblin', 'Shaman']",Common,PLST,2,2,None,"At the beginning of combat on your turn, you may have target creature get +2/+0 until end of turn."
Pitiless Horde,3.0,['B'],['B'],None,['Creature'],"['Orc', 'Berserker']",Rare,PLST,5,3,None,"At the beginning of your upkeep, you lose 2 life.\nDash {2}{B}{B} (You may cast this spell for its dash cost. If you do, it gains haste, and it's returned from the battlefield to its owner's hand at the beginning of the next end step.)"
Magma Spray,1.0,['R'],['R'],None,['Instant'],None,Common,PLST,None,None,None,"Magma Spray deals 2 damage to target creature. If that creature would die this turn, exile it instead."
Vampiric Tutor,1.0,['B'],['B'],None,['Instant'],None,Mythic,PLST,None,None,None,"Search your library for a card, then shuffle and put that card on top. You lose 2 life."
Angel of the Dire Hour,7.0,['W'],['W'],None,['Creature'],['Angel'],Rare,PLST,5,4,None,"Flash\nFlying\nWhen Angel of the Dire Hour enters the battlefield, if you cast it from your hand, exile all attacking creatures."
Door to Nothingness,5.0,None,"['B', 'G', 'R', 'U', 'W']",None,['Artifact'],None,Rare,PLST,None,None,None,"Door to Nothingness enters the battlefield tapped.\n{W}{W}{U}{U}{B}{B}{R}{R}{G}{G}, {T}, Sacrifice Door to Nothingness: Target player loses the game."
Ancient Ziggurat,0.0,None,None,None,['Land'],None,Uncommon,PLST,None,None,None,{T}: Add one mana of any color. Spend this mana only to cast a creature spell.
Combustible Gearhulk,6.0,['R'],['R'],None,"['Artifact', 'Creature']",['Construct'],Mythic,PLST,6,6,None,"First strike\nWhen Combustible Gearhulk enters the battlefield, target opponent may have you draw three cards. If the player doesn't, you mill three cards, then Combustible Gearhulk deals damage to that player equal to the total mana value of those cards."
Phyrexian Soulgorger,3.0,None,None,['Snow'],"['Artifact', 'Creature']","['Phyrexian', 'Construct']",Rare,PLST,8,8,None,"Cumulative upkeep—Sacrifice a creature. (At the beginning of your upkeep, put an age counter on this permanent, then sacrifice it unless you pay its upkeep cost for each age counter on it.)"
Trade Routes,2.0,['U'],['U'],None,['Enchantment'],None,Rare,PLST,None,None,None,"{1}: Return target land you control to its owner's hand.\n{1}, Discard a land card: Draw a card."
Seismic Shift,4.0,['R'],['R'],None,['Sorcery'],None,Common,PLST,None,None,None,Destroy target land. Up to two target creatures can't block this turn.
The Meathook Massacre,2.0,['B'],['B'],['Legendary'],['Enchantment'],None,Mythic,PLST,None,None,None,"When The Meathook Massacre enters the battlefield, each creature gets -X/-X until end of turn.\nWhenever a creature you control dies, each opponent loses 1 life.\nWhenever a creature an opponent controls dies, you gain 1 life."
Price of Progress,2.0,['R'],['R'],None,['Instant'],None,Uncommon,PLST,None,None,None,Price of Progress deals damage to each player equal to twice the number of nonbasic lands that player controls.
Bitterbow Sharpshooters,5.0,['G'],['G'],None,['Creature'],"['Jackal', 'Archer']",Common,PLST,4,4,None,"Vigilance, reach"
Temur Sabertooth,4.0,['G'],['G'],None,['Creature'],['Cat'],Uncommon,PLST,4,3,None,"{1}{G}: You may return another creature you control to its owner's hand. If you do, Temur Sabertooth gains indestructible until end of turn."
Generous Gift,3.0,['W'],['W'],None,['Instant'],None,Uncommon,PLST,None,None,None,Destroy target permanent. Its controller creates a 3/3 green Elephant creature token.
Obelisk Spider,3.0,"['B', 'G']","['B', 'G']",None,['Creature'],['Spider'],Uncommon,PLST,1,4,None,"Reach\nWhenever Obelisk Spider deals combat damage to a creature, put a -1/-1 counter on that creature.\nWhenever you put one or more -1/-1 counters on a creature, each opponent loses 1 life and you gain 1 life."
Guul Draz Assassin,1.0,['B'],['B'],None,['Creature'],"['Vampire', 'Assassin']",Rare,PLST,1,1,None,"Level up {1}{B} ({1}{B}: Put a level counter on this. Level up only as a sorcery.)\nLEVEL 2-3\n2/2\n{B}, {T}: Target creature gets -2/-2 until end of turn.\nLEVEL 4+\n4/4\n{B}, {T}: Target creature gets -4/-4 until end of turn."
"Yidaro, Wandering Monster",7.0,['R'],['R'],['Legendary'],['Creature'],"['Dinosaur', 'Turtle']",Rare,PLST,8,8,None,"Trample, haste\nCycling {1}{R}\nWhen you cycle Yidaro, Wandering Monster, shuffle it into your library from your graveyard. If you've cycled a card named Yidaro, Wandering Monster four or more times this game, put it onto the battlefield from your graveyard instead. (Do this before you draw.)"
Ghoulcaller's Accomplice,2.0,['B'],['B'],None,['Creature'],"['Human', 'Rogue']",Common,PLST,2,2,None,"{3}{B}, Exile Ghoulcaller's Accomplice from your graveyard: Create a 2/2 black Zombie creature token. Activate only as a sorcery."
Meandering Towershell,5.0,['G'],['G'],None,['Creature'],['Turtle'],Rare,PLST,5,9,None,"Islandwalk (This creature can't be blocked as long as defending player controls an Island.)\nWhenever Meandering Towershell attacks, exile it. Return it to the battlefield under your control tapped and attacking at the beginning of the declare attackers step on your next turn."
Vraska's Finisher,3.0,['B'],['B'],None,['Creature'],"['Gorgon', 'Assassin']",Common,PLST,3,2,None,"When Vraska's Finisher enters the battlefield, destroy target creature or planeswalker an opponent controls that was dealt damage this turn."
Pulse of Murasa,3.0,['G'],['G'],None,['Instant'],None,Common,PLST,None,None,None,Return target creature or land card from a graveyard to its owner's hand. You gain 6 life.
March of the Drowned,1.0,['B'],['B'],None,['Sorcery'],None,Common,PLST,None,None,None,Choose one —\n• Return target creature card from your graveyard to your hand.\n• Return two target Pirate cards from your graveyard to your hand.
Overgrown Armasaur,5.0,['G'],['G'],None,['Creature'],['Dinosaur'],Common,PLST,4,4,None,"Enrage — Whenever Overgrown Armasaur is dealt damage, create a 1/1 green Saproling creature token."
Trial of Ambition,2.0,['B'],['B'],None,['Enchantment'],None,Uncommon,PLST,None,None,None,"When Trial of Ambition enters the battlefield, target opponent sacrifices a creature.\nWhen a Cartouche enters the battlefield under your control, return Trial of Ambition to its owner's hand."
Sword of the Chosen,2.0,None,None,['Legendary'],['Artifact'],None,Rare,PLST,None,None,None,{T}: Target legendary creature gets +2/+2 until end of turn.
Benthic Giant,6.0,['U'],['U'],None,['Creature'],['Giant'],Common,PLST,4,5,None,Hexproof (This creature can't be the target of spells or abilities your opponents control.)
Plated Geopede,2.0,['R'],['R'],None,['Creature'],['Insect'],Common,PLST,1,1,None,"First strike\nLandfall — Whenever a land enters the battlefield under your control, Plated Geopede gets +2/+2 until end of turn."
"Yargle, Glutton of Urborg",5.0,['B'],['B'],['Legendary'],['Creature'],"['Frog', 'Spirit']",Uncommon,PLST,9,3,None,None
Blood Ogre,3.0,['R'],['R'],None,['Creature'],"['Ogre', 'Warrior']",Common,PLST,2,2,None,"Bloodthirst 1 (If an opponent was dealt damage this turn, this creature enters the battlefield with a +1/+1 counter on it.)\nFirst strike (This creature deals combat damage before creatures without first strike.)"
Weirded Vampire,4.0,['B'],['B'],None,['Creature'],"['Vampire', 'Horror']",Common,PLST,3,3,None,"Madness {2}{B} (If you discard this card, discard it into exile. When you do, cast it for its madness cost or put it into your graveyard.)"
Boiling Earth,2.0,['R'],['R'],None,['Sorcery'],None,Common,PLST,None,None,None,"Boiling Earth deals 1 damage to each creature your opponents control.\nAwaken 4—{6}{R} (If you cast this spell for {6}{R}, also put four +1/+1 counters on target land you control and it becomes a 0/0 Elemental creature with haste. It's still a land.)"
Cloak of Mists,2.0,['U'],['U'],None,['Enchantment'],['Aura'],Common,PLST,None,None,None,Enchant creature\nEnchanted creature can't be blocked.
Exotic Orchard,0.0,None,None,None,['Land'],None,Rare,PLST,None,None,None,{T}: Add one mana of any color that a land an opponent controls could produce.
Virulent Swipe,1.0,['B'],['B'],None,['Instant'],None,Common,PLST,None,None,None,"Target creature gets +2/+0 and gains deathtouch until end of turn.\nRebound (If you cast this spell from your hand, exile it as it resolves. At the beginning of your next upkeep, you may cast this card from exile without paying its mana cost.)"
Thrumming Stone,5.0,None,None,['Legendary'],['Artifact'],None,Rare,PLST,None,None,None,"Spells you cast have ripple 4. (Whenever you cast a spell, you may reveal the top four cards of your library. You may cast spells with the same name as that spell from among the revealed cards without paying their mana costs. Put the rest on the bottom of your library.)"
Giver of Runes,1.0,['W'],['W'],None,['Creature'],"['Kor', 'Cleric']",Rare,PLST,1,2,None,{T}: Another target creature you control gains protection from colorless or from the color of your choice until end of turn.
Workhorse,6.0,None,None,None,"['Artifact', 'Creature']",['Horse'],Rare,PLST,0,0,None,Workhorse enters the battlefield with four +1/+1 counters on it.\nRemove a +1/+1 counter from Workhorse: Add {C}.
Rabid Bloodsucker,5.0,['B'],['B'],None,['Creature'],['Vampire'],Common,PLST,3,2,None,"Flying (This creature can't be blocked except by creatures with flying or reach.)\nWhen Rabid Bloodsucker enters the battlefield, each player loses 2 life."
Djinn Illuminatus,7.0,"['R', 'U']","['R', 'U']",None,['Creature'],['Djinn'],Rare,PLST,3,5,None,"({U/R} can be paid with either {U} or {R}.)\nFlying\nEach instant and sorcery spell you cast has replicate. The replicate cost is equal to its mana cost. (When you cast it, copy it for each time you paid its replicate cost. You may choose new targets for the copies.)"
Doom Blade,2.0,['B'],['B'],None,['Instant'],None,Rare,PLST,None,None,None,Destroy target nonblack creature.
Assemble the Legion,5.0,"['R', 'W']","['R', 'W']",None,['Enchantment'],None,Rare,PLST,None,None,None,"At the beginning of your upkeep, put a muster counter on Assemble the Legion. Then create a 1/1 red and white Soldier creature token with haste for each muster counter on Assemble the Legion."
Grasp of the Hieromancer,2.0,['W'],['W'],None,['Enchantment'],['Aura'],Common,PLST,None,None,None,"Enchant creature\nEnchanted creature gets +1/+1 and has ""Whenever this creature attacks, tap target creature defending player controls."""
Training Drone,3.0,None,None,None,"['Artifact', 'Creature']",['Drone'],Common,PLST,4,4,None,Training Drone can't attack or block unless it's equipped.
Unburden,3.0,['B'],['B'],None,['Sorcery'],None,Common,PLST,None,None,None,"Target player discards two cards.\nCycling {2} ({2}, Discard this card: Draw a card.)"
Pillaging Horde,4.0,['R'],['R'],None,['Creature'],"['Human', 'Barbarian']",Rare,PLST,5,5,None,"When Pillaging Horde enters the battlefield, sacrifice it unless you discard a card at random."
Call to Heel,2.0,['U'],['U'],None,['Instant'],None,Common,PLST,None,None,None,Return target creature to its owner's hand. Its controller draws a card.
Twins of Maurer Estate,5.0,['B'],['B'],None,['Creature'],['Vampire'],Common,PLST,3,5,None,"Madness {2}{B} (If you discard this card, discard it into exile. When you do, cast it for its madness cost or put it into your graveyard.)"
Chaos Warp,3.0,['R'],['R'],None,['Instant'],None,Rare,PLST,None,None,None,"The owner of target permanent shuffles it into their library, then reveals the top card of their library. If it's a permanent card, they put it onto the battlefield."
"Reki, the History of Kamigawa",3.0,['G'],['G'],['Legendary'],['Creature'],"['Human', 'Shaman']",Rare,PLST,1,2,None,"Whenever you cast a legendary spell, draw a card."
Blow Your House Down,3.0,['R'],['R'],None,['Sorcery'],None,Common,PLST,None,None,None,Up to three target creatures can't block this turn. Destroy any of them that are Walls.
Samut's Sprint,1.0,['R'],['R'],None,['Instant'],None,Common,PLST,None,None,None,Target creature gets +2/+1 and gains haste until end of turn. Scry 1.
Fomori Nomad,5.0,['R'],['R'],None,['Creature'],"['Nomad', 'Giant']",Common,PLST,4,4,None,None
Stromkirk Captain,3.0,"['B', 'R']","['B', 'R']",None,['Creature'],"['Vampire', 'Soldier']",Uncommon,PLST,2,2,None,First strike\nOther Vampire creatures you control get +1/+1 and have first strike.
Phyrexian Battleflies,1.0,['B'],['B'],None,['Creature'],"['Phyrexian', 'Insect']",Common,PLST,0,1,None,Flying\n{B}: Phyrexian Battleflies gets +1/+0 until end of turn. Activate no more than twice each turn.
Moonhold,3.0,"['R', 'W']","['R', 'W']",None,['Instant'],None,Uncommon,PLST,None,None,None,Target player can't play lands this turn if {R} was spent to cast this spell and can't cast creature spells this turn if {W} was spent to cast this spell. (Do both if {R}{W} was spent.)
Leaping Master,2.0,['R'],"['R', 'W']",None,['Creature'],"['Human', 'Monk']",Common,PLST,2,1,None,{2}{W}: Leaping Master gains flying until end of turn.
Prey Upon,1.0,['G'],['G'],None,['Sorcery'],None,Common,PLST,None,None,None,Target creature you control fights target creature you don't control. (Each deals damage equal to its power to the other.)
"Nashi, Moon Sage's Scion",3.0,['B'],['B'],['Legendary'],['Creature'],"['Rat', 'Ninja']",Mythic,PLST,3,2,None,"Ninjutsu {3}{B} ({3}{B}, Return an unblocked attacker you control to hand: Put this card onto the battlefield from your hand tapped and attacking.)\nWhenever Nashi, Moon Sage's Scion deals combat damage to a player, exile the top card of each player's library. Until end of turn, you may play one of those cards. If you cast a spell this way, pay life equal to its mana value rather than paying its mana cost."
River Hoopoe,2.0,"['G', 'U']","['G', 'U']",None,['Creature'],['Bird'],Uncommon,PLST,1,3,None,Flying\n{3}{G}{U}: You gain 2 life and draw a card.
Thran Golem,5.0,None,None,None,"['Artifact', 'Creature']",['Golem'],Uncommon,PLST,3,3,None,"As long as Thran Golem is enchanted, it gets +2/+2 and has flying, first strike, and trample."
Angelic Accord,4.0,['W'],['W'],None,['Enchantment'],None,Uncommon,PLST,None,None,None,"At the beginning of each end step, if you gained 4 or more life this turn, create a 4/4 white Angel creature token with flying."
Vampiric Feast,7.0,['B'],['B'],None,['Sorcery'],None,Uncommon,PLST,None,None,None,Vampiric Feast deals 4 damage to any target and you gain 4 life.
Pyroclasm,2.0,['R'],['R'],None,['Sorcery'],None,Rare,PLST,None,None,None,Pyroclasm deals 2 damage to each creature.
Shatter,2.0,['R'],['R'],None,['Instant'],None,Common,PLST,None,None,None,Destroy target artifact.
Plummet,2.0,['G'],['G'],None,['Instant'],None,Common,PLST,None,None,None,Destroy target creature with flying.
Blindblast,3.0,['R'],['R'],None,['Instant'],None,Common,PLST,None,None,None,Blindblast deals 1 damage to target creature. That creature can't block this turn.\nDraw a card.
Oppression,3.0,['B'],['B'],None,['Enchantment'],None,Rare,PLST,None,None,None,"Whenever a player casts a spell, that player discards a card."
Queen's Agent,6.0,['B'],['B'],None,['Creature'],"['Vampire', 'Scout']",Common,PLST,3,3,None,"Lifelink\nWhen Queen's Agent enters the battlefield, it explores. (Reveal the top card of your library. Put that card into your hand if it's a land. Otherwise, put a +1/+1 counter on this creature, then put the card back or put it into your graveyard.)"
Pyromancer Ascension,2.0,['R'],['R'],None,['Enchantment'],None,Rare,PLST,None,None,None,"Whenever you cast an instant or sorcery spell that has the same name as a card in your graveyard, you may put a quest counter on Pyromancer Ascension.\nWhenever you cast an instant or sorcery spell while Pyromancer Ascension has two or more quest counters on it, you may copy that spell. You may choose new targets for the copy."
"Valki, God of Lies // Tibalt, Cosmic Impostor",2.0,['B'],"['B', 'R']",['Legendary'],['Creature'],['God'],Mythic,PLST,2,1,None,"When Valki enters the battlefield, each opponent reveals their hand. For each opponent, exile a creature card they revealed this way until Valki leaves the battlefield.\n{X}: Choose a creature card exiled with Valki with mana value X. Valki becomes a copy of that card."
Fill with Fright,4.0,['B'],['B'],None,['Sorcery'],None,Common,PLST,None,None,None,"Target player discards two cards. Scry 2. (Look at the top two cards of your library, then put any number of them on the bottom of your library and the rest on top in any order.)"
Chromanticore,5.0,"['B', 'G', 'R', 'U', 'W']","['B', 'G', 'R', 'U', 'W']",None,"['Enchantment', 'Creature']",['Manticore'],Mythic,PLST,4,4,None,"Bestow {2}{W}{U}{B}{R}{G} (If you cast this card for its bestow cost, it's an Aura spell with enchant creature. It becomes a creature again if it's not attached to a creature.)\nFlying, first strike, vigilance, trample, lifelink\nEnchanted creature gets +4/+4 and has flying, first strike, vigilance, trample, and lifelink."
Wander in Death,3.0,['B'],['B'],None,['Sorcery'],None,Common,PLST,None,None,None,"Return up to two target creature cards from your graveyard to your hand.\nCycling {2} ({2}, Discard this card: Draw a card.)"
Heartless Hidetsugu,5.0,['R'],['R'],['Legendary'],['Creature'],"['Ogre', 'Shaman']",Rare,PLST,4,3,None,"{T}: Heartless Hidetsugu deals damage to each player equal to half that player's life total, rounded down."
Powerstone Minefield,4.0,"['R', 'W']","['R', 'W']",None,['Enchantment'],None,Rare,PLST,None,None,None,"Whenever a creature attacks or blocks, Powerstone Minefield deals 2 damage to it."
Mogg Fanatic,1.0,['R'],['R'],None,['Creature'],['Goblin'],Uncommon,PLST,1,1,None,Sacrifice Mogg Fanatic: It deals 1 damage to any target.
Kalastria Nightwatch,5.0,['B'],['B'],None,['Creature'],"['Vampire', 'Warrior', 'Ally']",Common,PLST,4,5,None,"Whenever you gain life, Kalastria Nightwatch gains flying until end of turn."
Skirk Prospector,1.0,['R'],['R'],None,['Creature'],['Goblin'],Common,PLST,1,1,None,Sacrifice a Goblin: Add {R}.
Patron of the Akki,6.0,['R'],['R'],['Legendary'],['Creature'],['Spirit'],Rare,PLST,5,5,None,"Goblin offering (You may cast this card any time you could cast an instant by sacrificing a Goblin and paying the difference in mana costs between this and the sacrificed Goblin. Mana cost includes color.)\nWhenever Patron of the Akki attacks, creatures you control get +2/+0 until end of turn."
Siege Wurm,7.0,['G'],['G'],None,['Creature'],['Wurm'],Common,PLST,5,5,None,Convoke (Your creatures can help cast this spell. Each creature you tap while casting this spell pays for {1} or one mana of that creature's color.)\nTrample
Maelstrom Archangel,5.0,"['B', 'G', 'R', 'U', 'W']","['B', 'G', 'R', 'U', 'W']",None,['Creature'],['Angel'],Mythic,PLST,5,5,None,"Flying\nWhenever Maelstrom Archangel deals combat damage to a player, you may cast a spell from your hand without paying its mana cost."
Aurelia's Fury,2.0,"['R', 'W']","['R', 'W']",None,['Instant'],None,Mythic,PLST,None,None,None,Aurelia's Fury deals X damage divided as you choose among any number of targets. Tap each creature dealt damage this way. Players dealt damage this way can't cast noncreature spells this turn.
Bloodstone Goblin,2.0,['R'],['R'],None,['Creature'],"['Goblin', 'Warrior']",Common,PLST,2,2,None,"Whenever you cast a spell, if that spell was kicked, Bloodstone Goblin gets +1/+1 and gains menace until end of turn. (It can't be blocked except by two or more creatures.)"
Ghitu Fire,1.0,['R'],['R'],None,['Sorcery'],None,Rare,PLST,None,None,None,You may cast Ghitu Fire as though it had flash if you pay {2} more to cast it. (You may cast it any time you could cast an instant.)\nGhitu Fire deals X damage to any target.
Reckless Imp,3.0,['B'],['B'],None,['Creature'],['Imp'],Common,PLST,2,2,None,"Flying\nReckless Imp can't block.\nDash {1}{B} (You may cast this spell for its dash cost. If you do, it gains haste, and it's returned from the battlefield to its owner's hand at the beginning of the next end step.)"
Mistmeadow Witch,2.0,"['U', 'W']","['U', 'W']",None,['Creature'],"['Kithkin', 'Wizard']",Uncommon,PLST,1,1,None,{2}{W}{U}: Exile target creature. Return that card to the battlefield under its owner's control at the beginning of the next end step.
Wake of Vultures,4.0,['B'],['B'],None,['Creature'],['Bird'],Common,PLST,3,1,None,"Flying\n{1}{B}, Sacrifice a creature: Regenerate Wake of Vultures."
Vessel of Malignity,2.0,['B'],['B'],None,['Enchantment'],None,Common,PLST,None,None,None,"{1}{B}, Sacrifice Vessel of Malignity: Target opponent exiles two cards from their hand. Activate only as a sorcery."
Feral Prowler,2.0,['G'],['G'],None,['Creature'],['Cat'],Common,PLST,1,3,None,"When Feral Prowler dies, draw a card."
Sakura-Tribe Scout,1.0,['G'],['G'],None,['Creature'],"['Snake', 'Shaman', 'Scout']",Common,PLST,1,1,None,{T}: You may put a land card from your hand onto the battlefield.
Wrench Mind,2.0,['B'],['B'],None,['Sorcery'],None,Common,PLST,None,None,None,Target player discards two cards unless they discard an artifact card.
Contagion Clasp,2.0,None,None,None,['Artifact'],None,Uncommon,PLST,None,None,None,"When Contagion Clasp enters the battlefield, put a -1/-1 counter on target creature.\n{4}, {T}: Proliferate. (Choose any number of permanents and/or players, then give each another counter of each kind already there.)"
Bramblewood Paragon,2.0,['G'],['G'],None,['Creature'],"['Elf', 'Warrior']",Uncommon,PLST,2,2,None,Each other Warrior creature you control enters the battlefield with an additional +1/+1 counter on it.\nEach creature you control with a +1/+1 counter on it has trample.
Reckless Wurm,5.0,['R'],['R'],None,['Creature'],['Wurm'],Common,PLST,4,4,None,"Trample\nMadness {2}{R} (If you discard this card, discard it into exile. When you do, cast it for its madness cost or put it into your graveyard.)"
Whispersilk Cloak,3.0,None,None,None,['Artifact'],['Equipment'],Uncommon,PLST,None,None,None,Equipped creature can't be blocked and has shroud. (It can't be the target of spells or abilities.)\nEquip {2}
Dragon Mask,3.0,None,None,None,['Artifact'],None,Uncommon,PLST,None,None,None,"{3}, {T}: Target creature you control gets +2/+2 until end of turn. Return it to its owner's hand at the beginning of the next end step. (Return it only if it's on the battlefield.)"
Storm-Kiln Artist,4.0,['R'],['R'],None,['Creature'],"['Dwarf', 'Shaman']",Uncommon,PLST,2,2,None,"Storm-Kiln Artist gets +1/+0 for each artifact you control.\nMagecraft — Whenever you cast or copy an instant or sorcery spell, create a Treasure token."
Nimble-Blade Khenra,2.0,['R'],['R'],None,['Creature'],"['Jackal', 'Warrior']",Common,PLST,1,3,None,"Prowess (Whenever you cast a noncreature spell, this creature gets +1/+1 until end of turn.)"
Coralhelm Guide,2.0,['U'],['U'],None,['Creature'],"['Merfolk', 'Scout', 'Ally']",Common,PLST,2,1,None,{4}{U}: Target creature can't be blocked this turn.
Grotesque Mutation,2.0,['B'],['B'],None,['Instant'],None,Common,PLST,None,None,None,Target creature gets +3/+1 and gains lifelink until end of turn. (Damage dealt by the creature also causes its controller to gain that much life.)
Archetype of Endurance,8.0,['G'],['G'],None,"['Enchantment', 'Creature']",['Boar'],Uncommon,PLST,6,5,None,Creatures you control have hexproof.\nCreatures your opponents control lose hexproof and can't have or gain hexproof.
Sosuke's Summons,3.0,['G'],['G'],None,['Sorcery'],None,Uncommon,PLST,None,None,None,"Create two 1/1 green Snake creature tokens.\nWhenever a nontoken Snake enters the battlefield under your control, you may return Sosuke's Summons from your graveyard to your hand."
Panglacial Wurm,7.0,['G'],['G'],None,['Creature'],['Wurm'],Rare,PLST,9,5,None,"Trample\nWhile you're searching your library, you may cast Panglacial Wurm from your library."
Contagion Engine,6.0,None,None,None,['Artifact'],None,Rare,PLST,None,None,None,"When Contagion Engine enters the battlefield, put a -1/-1 counter on each creature target player controls.\n{4}, {T}: Proliferate twice. (Choose any number of permanents and/or players, then give each another counter of each kind already there. Then do it again.)"
Alchemist's Greeting,5.0,['R'],['R'],None,['Sorcery'],None,Common,PLST,None,None,None,"Alchemist's Greeting deals 4 damage to target creature.\nMadness {1}{R} (If you discard this card, discard it into exile. When you do, cast it for its madness cost or put it into your graveyard.)"
Helm of Awakening,2.0,None,None,None,['Artifact'],None,Uncommon,PLST,None,None,None,Spells cost {1} less to cast.
Temur Battle Rage,2.0,['R'],['R'],None,['Instant'],None,Common,PLST,None,None,None,Target creature gains double strike until end of turn.\nFerocious — That creature also gains trample until end of turn if you control a creature with power 4 or greater.
Consulate Dreadnought,1.0,None,None,None,['Artifact'],['Vehicle'],Uncommon,PLST,7,11,None,Crew 6 (Tap any number of creatures you control with total power 6 or more: This Vehicle becomes an artifact creature until end of turn.)
Dragon's Presence,3.0,['W'],['W'],None,['Instant'],None,Common,PLST,None,None,None,Dragon's Presence deals 5 damage to target attacking or blocking creature.
Dark Depths,0.0,None,None,"['Legendary', 'Snow']",['Land'],None,Rare,PLST,None,None,None,"Dark Depths enters the battlefield with ten ice counters on it.\n{3}: Remove an ice counter from Dark Depths.\nWhen Dark Depths has no ice counters on it, sacrifice it. If you do, create Marit Lage, a legendary 20/20 black Avatar creature token with flying and indestructible."
Anger of the Gods,3.0,['R'],['R'],None,['Sorcery'],None,Rare,PLST,None,None,None,"Anger of the Gods deals 3 damage to each creature. If a creature dealt damage this way would die this turn, exile it instead."
Goblin War Paint,2.0,['R'],['R'],None,['Enchantment'],['Aura'],Common,PLST,None,None,None,Enchant creature\nEnchanted creature gets +2/+2 and has haste.
Phyrexian Infiltrator,3.0,['B'],"['B', 'U']",None,['Creature'],"['Phyrexian', 'Minion']",Rare,PLST,2,2,None,{2}{U}{U}: Exchange control of Phyrexian Infiltrator and target creature. (This effect lasts indefinitely.)
Tajuru Pathwarden,5.0,['G'],['G'],None,['Creature'],"['Elf', 'Warrior', 'Ally']",Common,PLST,5,4,None,"Vigilance, trample"
Giant Spectacle,2.0,['R'],['R'],None,['Enchantment'],['Aura'],Common,PLST,None,None,None,Enchant creature\nEnchanted creature gets +2/+1 and has menace.
Thrill of Possibility,2.0,['R'],['R'],None,['Instant'],None,Common,PLST,None,None,None,"As an additional cost to cast this spell, discard a card.\nDraw two cards."
King of the Pride,3.0,['W'],['W'],None,['Creature'],['Cat'],Uncommon,PLST,2,1,None,Other Cats you control get +2/+1.
Seismic Stomp,2.0,['R'],['R'],None,['Sorcery'],None,Common,PLST,None,None,None,Creatures without flying can't block this turn.
Skyshroud Behemoth,7.0,['G'],['G'],None,['Creature'],['Beast'],Rare,PLST,10,10,None,"Fading 2 (This creature enters the battlefield with two fade counters on it. At the beginning of your upkeep, remove a fade counter from it. If you can't, sacrifice it.)\nSkyshroud Behemoth enters the battlefield tapped."
Muraganda Petroglyphs,4.0,['G'],['G'],None,['Enchantment'],None,Rare,PLST,None,None,None,Creatures with no abilities get +2/+2.
Returned Centaur,4.0,['B'],['B'],None,['Creature'],"['Zombie', 'Centaur']",Common,PLST,2,4,None,"When Returned Centaur enters the battlefield, target player mills four cards."
"Athreos, God of Passage",3.0,"['B', 'W']","['B', 'W']",['Legendary'],"['Enchantment', 'Creature']",['God'],Mythic,PLST,5,4,None,"Indestructible\nAs long as your devotion to white and black is less than seven, Athreos isn't a creature.\nWhenever another creature you own dies, return it to your hand unless target opponent pays 3 life."
Gleeful Sabotage,2.0,['G'],['G'],None,['Sorcery'],None,Common,PLST,None,None,None,"Destroy target artifact or enchantment.\nConspire (As you cast this spell, you may tap two untapped creatures you control that share a color with it. When you do, copy it and you may choose a new target for the copy.)"
Sagu Archer,5.0,['G'],['G'],None,['Creature'],"['Naga', 'Archer']",Common,PLST,2,5,None,Reach (This creature can block creatures with flying.)\nMorph {4}{G} (You may cast this card face down as a 2/2 creature for {3}. Turn it face up any time for its morph cost.)
Vampire Nighthawk,3.0,['B'],['B'],None,['Creature'],"['Vampire', 'Shaman']",Uncommon,PLST,2,3,None,"Flying, deathtouch, lifelink"
Bonesplitter,1.0,None,None,None,['Artifact'],['Equipment'],Common,PLST,None,None,None,Equipped creature gets +2/+0.\nEquip {1}
Ahn-Crop Crasher,3.0,['R'],['R'],None,['Creature'],"['Minotaur', 'Warrior']",Uncommon,PLST,3,2,None,"Haste\nYou may exert Ahn-Crop Crasher as it attacks. When you do, target creature can't block this turn. (An exerted creature won't untap during your next untap step.)"
"Tibalt, Rakish Instigator",3.0,['R'],['R'],['Legendary'],['Planeswalker'],['Tibalt'],Uncommon,PLST,None,None,5,"Your opponents can't gain life.\n[−2]: Create a 1/1 red Devil creature token with ""When this creature dies, it deals 1 damage to any target."""
Putrid Warrior,2.0,"['B', 'W']","['B', 'W']",None,['Creature'],"['Zombie', 'Soldier', 'Warrior']",Common,PLST,2,2,None,"Whenever Putrid Warrior deals damage, choose one —\n• Each player loses 1 life.\n• Each player gains 1 life."
Bloodmad Vampire,3.0,['R'],['R'],None,['Creature'],"['Vampire', 'Berserker']",Common,PLST,4,1,None,"Whenever Bloodmad Vampire deals combat damage to a player, put a +1/+1 counter on it.\nMadness {1}{R} (If you discard this card, discard it into exile. When you do, cast it for its madness cost or put it into your graveyard.)"
"Karrthus, Tyrant of Jund",7.0,"['B', 'G', 'R']","['B', 'G', 'R']",['Legendary'],['Creature'],['Dragon'],Mythic,PLST,7,7,None,"Flying, haste\nWhen Karrthus, Tyrant of Jund enters the battlefield, gain control of all Dragons, then untap all Dragons.\nOther Dragon creatures you control have haste."
Greater Mossdog,4.0,['G'],['G'],None,['Creature'],"['Plant', 'Dog']",Common,PLST,3,3,None,"Dredge 3 (If you would draw a card, you may mill three cards instead. If you do, return this card from your graveyard to your hand.)"
Fog Bank,2.0,['U'],['U'],None,['Creature'],['Wall'],Uncommon,PLST,0,2,None,"Defender, flying\nPrevent all combat damage that would be dealt to and dealt by Fog Bank."
Kolaghan Stormsinger,1.0,['R'],['R'],None,['Creature'],"['Human', 'Shaman']",Common,PLST,1,1,None,"Haste\nMegamorph {R} (You may cast this card face down as a 2/2 creature for {3}. Turn it face up any time for its megamorph cost and put a +1/+1 counter on it.)\nWhen Kolaghan Stormsinger is turned face up, target creature gains haste until end of turn."
Mire's Malice,4.0,['B'],['B'],None,['Sorcery'],None,Common,PLST,None,None,None,"Target opponent discards two cards.\nAwaken 3—{5}{B} (If you cast this spell for {5}{B}, also put three +1/+1 counters on target land you control and it becomes a 0/0 Elemental creature with haste. It's still a land.)"
Frenzied Raptor,3.0,['R'],['R'],None,['Creature'],['Dinosaur'],Common,PLST,4,2,None,None
Fervent Strike,1.0,['R'],['R'],None,['Instant'],None,Common,PLST,None,None,None,Target creature gets +1/+0 and gains first strike and haste until end of turn.
Collective Voyage,1.0,['G'],['G'],None,['Sorcery'],None,Rare,PLST,None,None,None,"Join forces — Starting with you, each player may pay any amount of mana. Each player searches their library for up to X basic land cards, where X is the total amount of mana paid this way, puts them onto the battlefield tapped, then shuffles."
Avarax,5.0,['R'],['R'],None,['Creature'],['Beast'],Common,PLST,3,3,None,"Haste\nWhen Avarax enters the battlefield, you may search your library for a card named Avarax, reveal it, put it into your hand, then shuffle.\n{1}{R}: Avarax gets +1/+0 until end of turn."
Two-Headed Giant,4.0,['R'],['R'],None,['Creature'],"['Giant', 'Warrior']",Rare,PLST,4,4,None,"Whenever Two-Headed Giant attacks, flip two coins. If both coins come up heads, Two-Headed Giant gains double strike until end of turn. If both coins come up tails, Two-Headed Giant gains menace until end of turn."
Mardu Warshrieker,4.0,['R'],"['B', 'R', 'W']",None,['Creature'],"['Orc', 'Shaman']",Common,PLST,3,3,None,"Raid — When Mardu Warshrieker enters the battlefield, if you attacked this turn, add {R}{W}{B}."
Nacatl War-Pride,6.0,['G'],['G'],None,['Creature'],"['Cat', 'Warrior']",Uncommon,PLST,3,3,None,"Nacatl War-Pride must be blocked by exactly one creature if able.\nWhenever Nacatl War-Pride attacks, create X tokens that are copies of Nacatl War-Pride and that are tapped and attacking, where X is the number of creatures defending player controls. Exile the tokens at the beginning of the next end step."
Knight of Old Benalia,5.0,['W'],['W'],None,['Creature'],"['Human', 'Knight']",Common,PLST,3,3,None,"Suspend 5—{W} (Rather than cast this card from your hand, you may pay {W} and exile it with five time counters on it. At the beginning of your upkeep, remove a time counter. When the last is removed, you may cast it without paying its mana cost. It has haste.)\nWhen Knight of Old Benalia enters the battlefield, other creatures you control get +1/+1 until end of turn."
Borborygmos Enraged,8.0,"['G', 'R']","['G', 'R']",['Legendary'],['Creature'],['Cyclops'],Mythic,PLST,7,6,None,"Trample\nWhenever Borborygmos Enraged deals combat damage to a player, reveal the top three cards of your library. Put all land cards revealed this way into your hand and the rest into your graveyard.\nDiscard a land card: Borborygmos Enraged deals 3 damage to any target."
Dirtwater Wraith,4.0,['B'],['B'],None,['Creature'],['Wraith'],Common,PLST,1,3,None,Swampwalk (This creature can't be blocked as long as defending player controls a Swamp.)\n{B}: Dirtwater Wraith gets +1/+0 until end of turn.
Staggershock,3.0,['R'],['R'],None,['Instant'],None,Uncommon,PLST,None,None,None,"Staggershock deals 2 damage to any target.\nRebound (If you cast this spell from your hand, exile it as it resolves. At the beginning of your next upkeep, you may cast this card from exile without paying its mana cost.)"
Greater Gargadon,10.0,['R'],['R'],None,['Creature'],['Beast'],Rare,PLST,9,7,None,"Suspend 10—{R}\nSacrifice an artifact, creature, or land: Remove a time counter from Greater Gargadon. Activate only if Greater Gargadon is suspended."
Savage Punch,2.0,['G'],['G'],None,['Sorcery'],None,Common,PLST,None,None,None,Target creature you control fights target creature you don't control.\nFerocious — The creature you control gets +2/+2 until end of turn before it fights if you control a creature with power 4 or greater.
Revenant,5.0,['B'],['B'],None,['Creature'],['Spirit'],Uncommon,PLST,*,*,None,Flying\nRevenant's power and toughness are each equal to the number of creature cards in your graveyard.
Everdream,2.0,['U'],['U'],None,['Instant'],None,Uncommon,PLST,None,None,None,"Draw a card.\nSplice onto instant or sorcery {2}{U} (As you cast an instant or sorcery spell, you may reveal this card from your hand and pay its splice cost. If you do, add this card's effects to that spell.)"
Hound of the Farbogs,5.0,['B'],['B'],None,['Creature'],"['Zombie', 'Dog']",Common,PLST,5,3,None,Delirium — Hound of the Farbogs has menace as long as there are four or more card types among cards in your graveyard. (A creature with menace can't be blocked except by two or more creatures.)
Zendikar Resurgent,7.0,['G'],['G'],None,['Enchantment'],None,Rare,PLST,None,None,None,"Whenever you tap a land for mana, add one mana of any type that land produced. (The types of mana are white, blue, black, red, green, and colorless.)\nWhenever you cast a creature spell, draw a card."
Revel in Riches,5.0,['B'],['B'],None,['Enchantment'],None,Rare,PLST,None,None,None,"Whenever a creature an opponent controls dies, create a Treasure token. (It's an artifact with ""{T}, Sacrifice this artifact: Add one mana of any color."")\nAt the beginning of your upkeep, if you control ten or more Treasures, you win the game."
Gaea's Anthem,3.0,['G'],['G'],None,['Enchantment'],None,Rare,PLST,None,None,None,Creatures you control get +1/+1.
Frost Lynx,3.0,['U'],['U'],None,['Creature'],"['Elemental', 'Cat']",Common,PLST,2,2,None,"When Frost Lynx enters the battlefield, tap target creature an opponent controls. That creature doesn't untap during its controller's next untap step."
Perish,3.0,['B'],['B'],None,['Sorcery'],None,Uncommon,PLST,None,None,None,Destroy all green creatures. They can't be regenerated.
Nirkana Assassin,3.0,['B'],['B'],None,['Creature'],"['Vampire', 'Assassin', 'Ally']",Common,PLST,2,3,None,"Whenever you gain life, Nirkana Assassin gains deathtouch until end of turn. (Any amount of damage it deals to a creature is enough to destroy it.)"
Seize the Day,4.0,['R'],['R'],None,['Sorcery'],None,Rare,PLST,None,None,None,"Untap target creature. After this main phase, there is an additional combat phase followed by an additional main phase.\nFlashback {2}{R} (You may cast this card from your graveyard for its flashback cost. Then exile it.)"
Pestilence,4.0,['B'],['B'],None,['Enchantment'],None,Common,PLST,None,None,None,"At the beginning of the end step, if no creatures are on the battlefield, sacrifice Pestilence.\n{B}: Pestilence deals 1 damage to each creature and each player."
Shambling Goblin,1.0,['B'],['B'],None,['Creature'],"['Zombie', 'Goblin']",Common,PLST,1,1,None,"When Shambling Goblin dies, target creature an opponent controls gets -1/-1 until end of turn."
Tibalt's Rager,2.0,['R'],['R'],None,['Creature'],['Devil'],Uncommon,PLST,1,2,None,"When Tibalt's Rager dies, it deals 1 damage to any target.\n{1}{R}: Tibalt's Rager gets +2/+0 until end of turn."
Footfall Crater,1.0,['R'],['R'],None,['Enchantment'],['Aura'],Uncommon,PLST,None,None,None,"Enchant land\nEnchanted land has ""{T}: Target creature gains trample and haste until end of turn.""\nCycling {1} ({1}, Discard this card: Draw a card.)"
"Elbrus, the Binding Blade // Withengar Unbound",7.0,None,['B'],['Legendary'],['Artifact'],['Equipment'],Mythic,PLST,None,None,None,"Equipped creature gets +1/+0.\nWhen equipped creature deals combat damage to a player, unattach Elbrus, the Binding Blade, then transform it.\nEquip {1}"
Noxious Revival,1.0,['G'],['G'],None,['Instant'],None,Uncommon,PLST,None,None,None,({G/P} can be paid with either {G} or 2 life.)\nPut target card from a graveyard on top of its owner's library.
Phyrexian Tyranny,3.0,"['B', 'R', 'U']","['B', 'R', 'U']",None,['Enchantment'],None,Rare,PLST,None,None,None,"Whenever a player draws a card, that player loses 2 life unless they pay {2}."
Malignus,5.0,['R'],['R'],None,['Creature'],"['Elemental', 'Spirit']",Mythic,PLST,*,*,None,"Malignus's power and toughness are each equal to half the highest life total among your opponents, rounded up.\nDamage that would be dealt by Malignus can't be prevented."
Blazing Volley,1.0,['R'],['R'],None,['Sorcery'],None,Common,PLST,None,None,None,Blazing Volley deals 1 damage to each creature your opponents control.
Makindi Sliderunner,2.0,['R'],['R'],None,['Creature'],['Beast'],Common,PLST,2,1,None,"Trample\nLandfall — Whenever a land enters the battlefield under your control, Makindi Sliderunner gets +1/+1 until end of turn."
Impulse,2.0,['U'],['U'],None,['Instant'],None,Common,PLST,None,None,None,Look at the top four cards of your library. Put one of them into your hand and the rest on the bottom of your library in any order.
"Karametra, God of Harvests",5.0,"['G', 'W']","['G', 'W']",['Legendary'],"['Enchantment', 'Creature']",['God'],Mythic,PLST,6,7,None,"Indestructible\nAs long as your devotion to green and white is less than seven, Karametra isn't a creature.\nWhenever you cast a creature spell, you may search your library for a Forest or Plains card, put it onto the battlefield tapped, then shuffle."
Wren's Run Vanquisher,2.0,['G'],['G'],None,['Creature'],"['Elf', 'Warrior']",Uncommon,PLST,3,3,None,"As an additional cost to cast this spell, reveal an Elf card from your hand or pay {3}.\nDeathtouch (Any amount of damage this deals to a creature is enough to destroy it.)"
Mouth of Ronom,0.0,None,None,['Snow'],['Land'],None,Uncommon,PLST,None,None,None,"{T}: Add {C}.\n{4}{S}, {T}, Sacrifice Mouth of Ronom: It deals 4 damage to target creature. ({S} can be paid with one mana from a snow source.)"
Torch Courier,1.0,['R'],['R'],None,['Creature'],['Goblin'],Common,PLST,1,1,None,Haste\nSacrifice Torch Courier: Another target creature gains haste until end of turn.
Commencement of Festivities,2.0,['G'],['G'],None,['Instant'],None,Common,PLST,None,None,None,Prevent all combat damage that would be dealt to players this turn.
Grizzly Fate,5.0,['G'],['G'],None,['Sorcery'],None,Uncommon,PLST,None,None,None,Create two 2/2 green Bear creature tokens.\nThreshold — Create four 2/2 green Bear creature tokens instead if seven or more cards are in your graveyard.\nFlashback {5}{G}{G} (You may cast this card from your graveyard for its flashback cost. Then exile it.)
Exclude,3.0,['U'],['U'],None,['Instant'],None,Uncommon,PLST,None,None,None,Counter target creature spell.\nDraw a card.
Hunter of Eyeblights,5.0,['B'],['B'],None,['Creature'],"['Elf', 'Assassin']",Uncommon,PLST,3,3,None,"When Hunter of Eyeblights enters the battlefield, put a +1/+1 counter on target creature you don't control.\n{2}{B}, {T}: Destroy target creature with a counter on it."
Groundbreaker,3.0,['G'],['G'],None,['Creature'],['Elemental'],Rare,PLST,6,1,None,"Trample, haste\nAt the beginning of the end step, sacrifice Groundbreaker."
Questing Phelddagrif,4.0,"['G', 'U', 'W']","['G', 'U', 'W']",None,['Creature'],['Phelddagrif'],Rare,PLST,4,4,None,{G}: Questing Phelddagrif gets +1/+1 until end of turn. Target opponent creates a 1/1 green Hippo creature token.\n{W}: Questing Phelddagrif gains protection from black and from red until end of turn. Target opponent gains 2 life.\n{U}: Questing Phelddagrif gains flying until end of turn. Target opponent may draw a card.
Thrashing Brontodon,3.0,['G'],['G'],None,['Creature'],['Dinosaur'],Uncommon,PLST,3,4,None,"{1}, Sacrifice Thrashing Brontodon: Destroy target artifact or enchantment."
Eater of Days,4.0,None,None,None,"['Artifact', 'Creature']",['Leviathan'],Rare,PLST,9,8,None,"Flying, trample\nWhen Eater of Days enters the battlefield, you skip your next two turns."
Hijack,3.0,['R'],['R'],None,['Sorcery'],None,Common,PLST,None,None,None,Gain control of target artifact or creature until end of turn. Untap it. It gains haste until end of turn.
"Sidisi, Undead Vizier",5.0,['B'],['B'],['Legendary'],['Creature'],"['Zombie', 'Naga']",Rare,PLST,4,6,None,"Deathtouch\nExploit (When this creature enters the battlefield, you may sacrifice a creature.)\nWhen Sidisi, Undead Vizier exploits a creature, you may search your library for a card, put it into your hand, then shuffle."
Flametongue Kavu,4.0,['R'],['R'],None,['Creature'],['Kavu'],Uncommon,PLST,4,2,None,"When Flametongue Kavu enters the battlefield, it deals 4 damage to target creature."
Embercleave,6.0,['R'],['R'],['Legendary'],['Artifact'],['Equipment'],Mythic,PLST,None,None,None,"Flash\nThis spell costs {1} less to cast for each attacking creature you control.\nWhen Embercleave enters the battlefield, attach it to target creature you control.\nEquipped creature gets +1/+1 and has double strike and trample.\nEquip {3}"
Ondu Champion,4.0,['R'],['R'],None,['Creature'],"['Minotaur', 'Warrior', 'Ally']",Common,PLST,4,3,None,"Rally — Whenever Ondu Champion or another Ally enters the battlefield under your control, creatures you control gain trample until end of turn."
Gemstone Mine,0.0,None,None,None,['Land'],None,Rare,PLST,None,None,None,"Gemstone Mine enters the battlefield with three mining counters on it.\n{T}, Remove a mining counter from Gemstone Mine: Add one mana of any color. If there are no mining counters on Gemstone Mine, sacrifice it."
Spider Spawning,5.0,['G'],"['B', 'G']",None,['Sorcery'],None,Uncommon,PLST,None,None,None,Create a 1/2 green Spider creature token with reach for each creature card in your graveyard.\nFlashback {6}{B} (You may cast this card from your graveyard for its flashback cost. Then exile it.)
Wojek Bodyguard,3.0,['R'],['R'],None,['Creature'],"['Human', 'Soldier']",Common,PLST,3,3,None,"Mentor (Whenever this creature attacks, put a +1/+1 counter on target attacking creature with lesser power.)\nWojek Bodyguard can't attack or block alone."
Scrying Sheets,0.0,None,None,['Snow'],['Land'],None,Rare,PLST,None,None,None,"{T}: Add {C}.\n{1}{S}, {T}: Look at the top card of your library. If that card is snow, you may reveal it and put it into your hand. ({S} can be paid with one mana from a snow source.)"
Bloodlust Inciter,1.0,['R'],['R'],None,['Creature'],"['Human', 'Warrior']",Common,PLST,1,1,None,{T}: Target creature gains haste until end of turn.
Zada's Commando,2.0,['R'],['R'],None,['Creature'],"['Goblin', 'Archer', 'Ally']",Common,PLST,2,1,None,"First strike\nCohort — {T}, Tap an untapped Ally you control: Zada's Commando deals 1 damage to target opponent or planeswalker."
Mindslicer,4.0,['B'],['B'],None,['Creature'],['Horror'],Rare,PLST,4,3,None,"When Mindslicer dies, each player discards their hand."
Forgotten Ancient,4.0,['G'],['G'],None,['Creature'],['Elemental'],Rare,PLST,0,3,None,"Whenever a player casts a spell, you may put a +1/+1 counter on Forgotten Ancient.\nAt the beginning of your upkeep, you may move any number of +1/+1 counters from Forgotten Ancient onto other creatures."
Sparkspitter,3.0,['R'],['R'],None,['Creature'],"['Elemental', 'Spellshaper']",Common,PLST,1,3,None,"{R}, {T}, Discard a card: Create a 3/1 red Elemental creature token named Spark Elemental. It has trample, haste, and ""At the beginning of the end step, sacrifice Spark Elemental."""
Chandra's Pyrohelix,2.0,['R'],['R'],None,['Instant'],None,Common,PLST,None,None,None,Chandra's Pyrohelix deals 2 damage divided as you choose among one or two targets.
Consign // Oblivion,7.0,['U'],"['B', 'U']",None,['Instant'],None,Uncommon,PLST,None,None,None,Return target nonland permanent to its owner's hand.
Progenitus,10.0,"['B', 'G', 'R', 'U', 'W']","['B', 'G', 'R', 'U', 'W']",['Legendary'],['Creature'],"['Hydra', 'Avatar']",Mythic,PLST,10,10,None,"Protection from everything\nIf Progenitus would be put into a graveyard from anywhere, reveal Progenitus and shuffle it into its owner's library instead."
Sheltering Ancient,2.0,['G'],['G'],None,['Creature'],['Treefolk'],Uncommon,PLST,5,5,None,"Trample\nCumulative upkeep—Put a +1/+1 counter on a creature an opponent controls. (At the beginning of your upkeep, put an age counter on this permanent, then sacrifice it unless you pay its upkeep cost for each age counter on it.)"
Gorehorn Minotaurs,4.0,['R'],['R'],None,['Creature'],"['Minotaur', 'Warrior']",Common,PLST,3,3,None,"Bloodthirst 2 (If an opponent was dealt damage this turn, this creature enters the battlefield with two +1/+1 counters on it.)"
Pain Magnification,3.0,"['B', 'R']","['B', 'R']",None,['Enchantment'],None,Uncommon,PLST,None,None,None,"Whenever an opponent is dealt 3 or more damage by a single source, that player discards a card."
Thresher Lizard,3.0,['R'],['R'],None,['Creature'],['Lizard'],Common,PLST,3,2,None,Thresher Lizard gets +1/+2 as long as you have one or fewer cards in hand.
Affectionate Indrik,6.0,['G'],['G'],None,['Creature'],['Beast'],Uncommon,PLST,4,4,None,"When Affectionate Indrik enters the battlefield, you may have it fight target creature you don't control. (Each deals damage equal to its power to the other.)"
Outnumber,1.0,['R'],['R'],None,['Instant'],None,Common,PLST,None,None,None,Outnumber deals damage to target creature equal to the number of creatures you control.
Borrowed Hostility,1.0,['R'],['R'],None,['Instant'],None,Common,PLST,None,None,None,Escalate {3} (Pay this cost for each mode chosen beyond the first.)\nChoose one or both —\n• Target creature gets +3/+0 until end of turn.\n• Target creature gains first strike until end of turn.
Backwoods Survivalists,4.0,['G'],['G'],None,['Creature'],"['Human', 'Warrior']",Common,PLST,4,3,None,Delirium — Backwoods Survivalists gets +1/+1 and has trample as long as there are four or more card types among cards in your graveyard.
Siege Zombie,2.0,['B'],['B'],None,['Creature'],['Zombie'],Common,PLST,2,2,None,Tap three untapped creatures you control: Each opponent loses 1 life.
Creeping Mold,4.0,['G'],['G'],None,['Sorcery'],None,Uncommon,PLST,None,None,None,"Destroy target artifact, enchantment, or land."
Yavimaya Scion,5.0,['G'],['G'],None,['Creature'],['Treefolk'],Common,PLST,4,4,None,Protection from artifacts
Fact or Fiction,4.0,['U'],['U'],None,['Instant'],None,Uncommon,PLST,None,None,None,Reveal the top five cards of your library. An opponent separates those cards into two piles. Put one pile into your hand and the other into your graveyard.
Nuisance Engine,3.0,None,None,None,['Artifact'],None,Uncommon,PLST,None,None,None,"{2}, {T}: Create a 0/1 colorless Pest artifact creature token."
Urborg Panther,3.0,['B'],['B'],None,['Creature'],"['Nightstalker', 'Cat']",Common,PLST,2,2,None,"{B}, Sacrifice Urborg Panther: Destroy target creature blocking Urborg Panther.\nSacrifice a creature named Feral Shadow, a creature named Breathstealer, and Urborg Panther: Search your library for a card named Spirit of the Night, put that card onto the battlefield, then shuffle."
Ranger-Captain of Eos,3.0,['W'],['W'],None,['Creature'],"['Human', 'Soldier', 'Ranger']",Mythic,PLST,3,3,None,"When Ranger-Captain of Eos enters the battlefield, you may search your library for a creature card with mana value 1 or less, reveal it, put it into your hand, then shuffle.\nSacrifice Ranger-Captain of Eos: Your opponents can't cast noncreature spells this turn."
Warp World,8.0,['R'],['R'],None,['Sorcery'],None,Rare,PLST,None,None,None,"Each player shuffles all permanents they own into their library, then reveals that many cards from the top of their library. Each player puts all artifact, creature, and land cards revealed this way onto the battlefield, then does the same for enchantment cards, then puts all cards revealed this way that weren't put onto the battlefield on the bottom of their library."
Thornbow Archer,1.0,['B'],['B'],None,['Creature'],"['Elf', 'Archer']",Common,PLST,1,2,None,"Whenever Thornbow Archer attacks, each opponent who doesn't control an Elf loses 1 life."
"Arlinn, Voice of the Pack",6.0,['G'],['G'],['Legendary'],['Planeswalker'],['Arlinn'],Uncommon,PLST,None,None,7,Each creature you control that's a Wolf or a Werewolf enters the battlefield with an additional +1/+1 counter on it.\n[−2]: Create a 2/2 green Wolf creature token.
Macabre Waltz,2.0,['B'],['B'],None,['Sorcery'],None,Common,PLST,None,None,None,"Return up to two target creature cards from your graveyard to your hand, then discard a card."
Claim // Fame,3.0,['B'],"['B', 'R']",None,['Sorcery'],None,Uncommon,PLST,None,None,None,Return target creature card with mana value 2 or less from your graveyard to the battlefield.
Amulet of Vigor,1.0,None,None,None,['Artifact'],None,Rare,PLST,None,None,None,"Whenever a permanent enters the battlefield tapped and under your control, untap it."
Sun Titan,6.0,['W'],['W'],None,['Creature'],['Giant'],Mythic,PLST,6,6,None,"Vigilance\nWhenever Sun Titan enters the battlefield or attacks, you may return target permanent card with mana value 3 or less from your graveyard to the battlefield."
Reforge the Soul,5.0,['R'],['R'],None,['Sorcery'],None,Rare,PLST,None,None,None,"Each player discards their hand, then draws seven cards.\nMiracle {1}{R} (You may cast this card for its miracle cost when you draw it if it's the first card you drew this turn.)"
Mystic Confluence,5.0,['U'],['U'],None,['Instant'],None,Rare,PLST,None,None,None,Choose three. You may choose the same mode more than once.\n• Counter target spell unless its controller pays {3}.\n• Return target creature to its owner's hand.\n• Draw a card.
Helvault,3.0,None,None,['Legendary'],['Artifact'],None,Mythic,PLST,None,None,None,"{1}, {T}: Exile target creature you control.\n{7}, {T}: Exile target creature you don't control.\nWhen Helvault is put into a graveyard from the battlefield, return all cards exiled with it to the battlefield under their owners' control."
Silumgar Butcher,5.0,['B'],['B'],None,['Creature'],"['Zombie', 'Djinn']",Common,PLST,3,3,None,"Exploit (When this creature enters the battlefield, you may sacrifice a creature.)\nWhen Silumgar Butcher exploits a creature, target creature gets -3/-3 until end of turn."
Roast,2.0,['R'],['R'],None,['Sorcery'],None,Uncommon,PLST,None,None,None,Roast deals 5 damage to target creature without flying.
Brazen Wolves,3.0,['R'],['R'],None,['Creature'],['Wolf'],Common,PLST,2,3,None,"Whenever Brazen Wolves attacks, it gets +2/+0 until end of turn."
Edgewall Innkeeper,1.0,['G'],['G'],None,['Creature'],"['Human', 'Peasant']",Uncommon,PLST,1,1,None,"Whenever you cast a creature spell that has an Adventure, draw a card. (It doesn't need to have gone on the adventure first.)"
Storm Entity,2.0,['R'],['R'],None,['Creature'],['Elemental'],Uncommon,PLST,1,1,None,Haste\nStorm Entity enters the battlefield with a +1/+1 counter on it for each other spell cast this turn.
Darkblast,1.0,['B'],['B'],None,['Instant'],None,Uncommon,PLST,None,None,None,"Target creature gets -1/-1 until end of turn.\nDredge 3 (If you would draw a card, you may mill three cards instead. If you do, return this card from your graveyard to your hand.)"
Unburial Rites,5.0,['B'],"['B', 'W']",None,['Sorcery'],None,Uncommon,PLST,None,None,None,Return target creature card from your graveyard to the battlefield.\nFlashback {3}{W} (You may cast this card from your graveyard for its flashback cost. Then exile it.)
Exuberant Wolfbear,4.0,['G'],['G'],None,['Creature'],"['Wolf', 'Bear']",Uncommon,PLST,4,4,None,"Whenever Exuberant Wolfbear attacks, you may change the base power and toughness of target Human you control to Exuberant Wolfbear's power and toughness until end of turn."
Eidolon of Blossoms,4.0,['G'],['G'],None,"['Enchantment', 'Creature']",['Spirit'],Rare,PLST,2,2,None,"Constellation — Whenever Eidolon of Blossoms or another enchantment enters the battlefield under your control, draw a card."
Goblin Piledriver,2.0,['R'],['R'],None,['Creature'],"['Goblin', 'Warrior']",Rare,PLST,1,2,None,"Protection from blue (This creature can't be blocked, targeted, dealt damage, or enchanted by anything blue.)\nWhenever Goblin Piledriver attacks, it gets +2/+0 until end of turn for each other attacking Goblin."
Swift Kick,4.0,['R'],['R'],None,['Instant'],None,Common,PLST,None,None,None,Target creature you control gets +1/+0 until end of turn. It fights target creature you don't control.
Stone Rain,3.0,['R'],['R'],None,['Sorcery'],None,Common,PLST,None,None,None,Destroy target land.
Simian Spirit Guide,3.0,['R'],['R'],None,['Creature'],"['Ape', 'Spirit']",Common,PLST,2,2,None,Exile Simian Spirit Guide from your hand: Add {R}.
Aggressive Urge,2.0,['G'],['G'],None,['Instant'],None,Common,PLST,None,None,None,Target creature gets +1/+1 until end of turn.\nDraw a card.
Wild Nacatl,1.0,['G'],['G'],None,['Creature'],"['Cat', 'Warrior']",Common,PLST,1,1,None,Wild Nacatl gets +1/+1 as long as you control a Mountain.\nWild Nacatl gets +1/+1 as long as you control a Plains.
Pawn of Ulamog,3.0,['B'],['B'],None,['Creature'],"['Vampire', 'Shaman']",Uncommon,PLST,2,2,None,"Whenever Pawn of Ulamog or another nontoken creature you control dies, you may create a 0/1 colorless Eldrazi Spawn creature token. It has ""Sacrifice this creature: Add {C}."""
"Phenax, God of Deception",5.0,"['B', 'U']","['B', 'U']",['Legendary'],"['Enchantment', 'Creature']",['God'],Mythic,PLST,4,7,None,"Indestructible\nAs long as your devotion to blue and black is less than seven, Phenax isn't a creature.\nCreatures you control have ""{T}: Target player mills X cards, where X is this creature's toughness."""
Anger,4.0,['R'],['R'],None,['Creature'],['Incarnation'],Uncommon,PLST,2,2,None,"Haste\nAs long as Anger is in your graveyard and you control a Mountain, creatures you control have haste."
Maze's End,0.0,None,None,None,['Land'],None,Mythic,PLST,None,None,None,"Maze's End enters the battlefield tapped.\n{T}: Add {C}.\n{3}, {T}, Return Maze's End to its owner's hand: Search your library for a Gate card, put it onto the battlefield, then shuffle. If you control ten or more Gates with different names, you win the game."
Squee's Revenge,3.0,"['R', 'U']","['R', 'U']",None,['Sorcery'],None,Uncommon,PLST,None,None,None,"Choose a number. Flip a coin that many times or until you lose a flip, whichever comes first. If you win all the flips, draw two cards for each flip."
Undying Rage,3.0,['R'],['R'],None,['Enchantment'],['Aura'],Common,PLST,None,None,None,"Enchant creature\nEnchanted creature gets +2/+2 and can't block.\nWhen Undying Rage is put into a graveyard from the battlefield, return Undying Rage to its owner's hand."
The Flame of Keld,2.0,['R'],['R'],None,['Enchantment'],['Saga'],Uncommon,PLST,None,None,None,"(As this Saga enters and after your draw step, add a lore counter. Sacrifice after III.)\nI — Discard your hand.\nII — Draw two cards.\nIII — If a red source you control would deal damage to a permanent or player this turn, it deals that much damage plus 2 to that permanent or player instead."
Gilder Bairn,3.0,"['G', 'U']","['G', 'U']",None,['Creature'],['Ouphe'],Uncommon,PLST,1,3,None,"{2}{G/U}, {Q}: Double the number of each kind of counter on target permanent. ({Q} is the untap symbol.)"
Geth's Grimoire,4.0,None,None,None,['Artifact'],None,Uncommon,PLST,None,None,None,"Whenever an opponent discards a card, you may draw a card."
Ethereal Ambush,5.0,"['G', 'U']","['G', 'U']",None,['Instant'],None,Common,PLST,None,None,None,"Manifest the top two cards of your library. (To manifest a card, put it onto the battlefield face down as a 2/2 creature. Turn it face up any time for its mana cost if it's a creature card.)"
Beast Whisperer,4.0,['G'],['G'],None,['Creature'],"['Elf', 'Druid']",Rare,PLST,2,3,None,"Whenever you cast a creature spell, draw a card."
Urabrask the Hidden,5.0,['R'],['R'],['Legendary'],['Creature'],"['Phyrexian', 'Praetor']",Mythic,PLST,4,4,None,Creatures you control have haste.\nCreatures your opponents control enter the battlefield tapped.
Leopard-Spotted Jiao,2.0,['R'],['R'],None,['Creature'],['Beast'],Common,PLST,3,1,None,None
"Kruphix, God of Horizons",5.0,"['G', 'U']","['G', 'U']",['Legendary'],"['Enchantment', 'Creature']",['God'],Mythic,PLST,4,7,None,"Indestructible\nAs long as your devotion to green and blue is less than seven, Kruphix isn't a creature.\nYou have no maximum hand size.\nIf you would lose unspent mana, that mana becomes colorless instead."
Angelic Destiny,4.0,['W'],['W'],None,['Enchantment'],['Aura'],Mythic,PLST,None,None,None,"Enchant creature\nEnchanted creature gets +4/+4, has flying and first strike, and is an Angel in addition to its other types.\nWhen enchanted creature dies, return Angelic Destiny to its owner's hand."
Gravespawn Sovereign,6.0,['B'],['B'],None,['Creature'],['Zombie'],Rare,PLST,3,3,None,Tap five untapped Zombies you control: Put target creature card from a graveyard onto the battlefield under your control.
Game-Trail Changeling,5.0,['G'],['G'],None,['Creature'],['Shapeshifter'],Common,PLST,4,4,None,Changeling (This card is every creature type.)\nTrample
Kargan Dragonlord,2.0,['R'],['R'],None,['Creature'],"['Human', 'Warrior']",Mythic,PLST,2,2,None,"Level up {R} ({R}: Put a level counter on this. Level up only as a sorcery.)\nLEVEL 4-7\n4/4\nFlying\nLEVEL 8+\n8/8\nFlying, trample\n{R}: Kargan Dragonlord gets +1/+0 until end of turn."
Triumph of the Hordes,4.0,['G'],['G'],None,['Sorcery'],None,Uncommon,PLST,None,None,None,"Until end of turn, creatures you control get +1/+1 and gain trample and infect. (Creatures with infect deal damage to creatures in the form of -1/-1 counters and to players in the form of poison counters.)"
Phyrexian Walker,0.0,None,None,None,"['Artifact', 'Creature']","['Phyrexian', 'Construct']",Common,PLST,0,3,None,None
Touch of Moonglove,1.0,['B'],['B'],None,['Instant'],None,Common,PLST,None,None,None,"Target creature you control gets +1/+0 and gains deathtouch until end of turn. Whenever a creature dealt damage by that creature dies this turn, its controller loses 2 life. (Any amount of damage a creature with deathtouch deals to a creature is enough to destroy it.)"
Grasp of Fate,3.0,['W'],['W'],None,['Enchantment'],None,Rare,PLST,None,None,None,"When Grasp of Fate enters the battlefield, for each opponent, exile up to one target nonland permanent that player controls until Grasp of Fate leaves the battlefield. (Those permanents return under their owners' control.)"
Merciless Resolve,3.0,['B'],['B'],None,['Instant'],None,Common,PLST,None,None,None,"As an additional cost to cast this spell, sacrifice a creature or land.\nDraw two cards."
"Tevesh Szat, Doom of Fools",5.0,['B'],['B'],['Legendary'],['Planeswalker'],['Szat'],Mythic,PLST,None,None,4,"[+2]: Create two 0/1 black Thrull creature tokens.\n[+1]: You may sacrifice another creature or planeswalker. If you do, draw two cards, then draw another card if the sacrificed permanent was a commander.\n[−10]: Gain control of all commanders. Put all commanders from the command zone onto the battlefield under your control.\nTevesh Szat, Doom of Fools can be your commander.\nPartner"
Contamination,3.0,['B'],['B'],None,['Enchantment'],None,Rare,PLST,None,None,None,"At the beginning of your upkeep, sacrifice Contamination unless you sacrifice a creature.\nIf a land is tapped for mana, it produces {B} instead of any other type and amount."
Adventurous Impulse,1.0,['G'],['G'],None,['Sorcery'],None,Common,PLST,None,None,None,Look at the top three cards of your library. You may reveal a creature or land card from among them and put it into your hand. Put the rest on the bottom of your library in any order.
Everflowing Chalice,0.0,None,None,None,['Artifact'],None,Uncommon,PLST,None,None,None,Multikicker {2} (You may pay an additional {2} any number of times as you cast this spell.)\nEverflowing Chalice enters the battlefield with a charge counter on it for each time it was kicked.\n{T}: Add {C} for each charge counter on Everflowing Chalice.
Sarkhan's Rage,5.0,['R'],['R'],None,['Instant'],None,Common,PLST,None,None,None,"Sarkhan's Rage deals 5 damage to any target. If you control no Dragons, Sarkhan's Rage deals 2 damage to you."
Beck // Call,8.0,"['U', 'G']","['G', 'U', 'W']",None,['Sorcery'],None,Rare,PLST,None,None,None,"Whenever a creature enters the battlefield this turn, you may draw a card.\nFuse (You may cast one or both halves of this card from your hand.)"
Wildfire Emissary,4.0,['R'],['R'],None,['Creature'],['Efreet'],Common,PLST,2,4,None,Protection from white\n{1}{R}: Wildfire Emissary gets +1/+0 until end of turn.
Grim Contest,3.0,"['B', 'G']","['B', 'G']",None,['Instant'],None,Common,PLST,None,None,None,Choose target creature you control and target creature an opponent controls. Each of those creatures deals damage equal to its toughness to the other.
Cartouche of Zeal,1.0,['R'],['R'],None,['Enchantment'],"['Aura', 'Cartouche']",Common,PLST,None,None,None,"Enchant creature you control\nWhen Cartouche of Zeal enters the battlefield, target creature can't block this turn.\nEnchanted creature gets +1/+1 and has haste."
Tarmogoyf,2.0,['G'],['G'],None,['Creature'],['Lhurgoyf'],Rare,PLST,*,1+*,None,Tarmogoyf's power is equal to the number of card types among cards in all graveyards and its toughness is equal to that number plus 1.
Marrow-Gnawer,5.0,['B'],['B'],['Legendary'],['Creature'],"['Rat', 'Rogue']",Rare,PLST,2,3,None,"All Rats have fear.\n{T}, Sacrifice a Rat: Create X 1/1 black Rat creature tokens, where X is the number of Rats you control."
Stinkweed Imp,3.0,['B'],['B'],None,['Creature'],['Imp'],Common,PLST,1,2,None,"Flying\nWhenever Stinkweed Imp deals combat damage to a creature, destroy that creature.\nDredge 5 (If you would draw a card, you may mill five cards instead. If you do, return this card from your graveyard to your hand.)"
Dragon Egg,3.0,['R'],['R'],None,['Creature'],"['Dragon', 'Egg']",Common,PLST,0,2,None,"Defender\nWhen Dragon Egg dies, create a 2/2 red Dragon creature token with flying and ""{R}: This creature gets +1/+0 until end of turn."""
Vent Sentinel,4.0,['R'],['R'],None,['Creature'],['Elemental'],Common,PLST,2,4,None,"Defender\n{1}{R}, {T}: Vent Sentinel deals damage to target player or planeswalker equal to the number of creatures you control with defender."
Gilt-Leaf Archdruid,5.0,['G'],['G'],None,['Creature'],"['Elf', 'Druid']",Rare,PLST,3,3,None,"Whenever you cast a Druid spell, you may draw a card.\nTap seven untapped Druids you control: Gain control of all lands target player controls."
Nyx Weaver,3.0,"['B', 'G']","['B', 'G']",None,"['Enchantment', 'Creature']",['Spider'],Uncommon,PLST,2,3,None,"Reach\nAt the beginning of your upkeep, mill two cards.\n{1}{B}{G}, Exile Nyx Weaver: Return target card from your graveyard to your hand."
Hammer of Purphoros,3.0,['R'],['R'],['Legendary'],"['Enchantment', 'Artifact']",None,Rare,PLST,None,None,None,"Creatures you control have haste.\n{2}{R}, {T}, Sacrifice a land: Create a 3/3 colorless Golem enchantment artifact creature token."
Lightning Javelin,4.0,['R'],['R'],None,['Sorcery'],None,Common,PLST,None,None,None,Lightning Javelin deals 3 damage to any target. Scry 1. (Look at the top card of your library. You may put that card on the bottom of your library.)
Silkweaver Elite,3.0,['G'],['G'],None,['Creature'],"['Elf', 'Archer']",Common,PLST,2,2,None,"Reach (This creature can block creatures with flying.)\nRevolt — When Silkweaver Elite enters the battlefield, if a permanent you controlled left the battlefield this turn, draw a card."
Dual Shot,1.0,['R'],['R'],None,['Instant'],None,Common,PLST,None,None,None,Dual Shot deals 1 damage to each of up to two target creatures.
Omenspeaker,2.0,['U'],['U'],None,['Creature'],"['Human', 'Wizard']",Common,PLST,1,3,None,"When Omenspeaker enters the battlefield, scry 2. (Look at the top two cards of your library, then put any number of them on the bottom of your library and the rest on top in any order.)"
Blood Clock,4.0,None,None,None,['Artifact'],None,Rare,PLST,None,None,None,"At the beginning of each player's upkeep, that player returns a permanent they control to its owner's hand unless they pay 2 life."
Voracious Null,3.0,['B'],['B'],None,['Creature'],['Zombie'],Common,PLST,2,2,None,"{1}{B}, Sacrifice another creature: Put two +1/+1 counters on Voracious Null. Activate only as a sorcery."
Bow of Nylea,3.0,['G'],['G'],['Legendary'],"['Enchantment', 'Artifact']",None,Rare,PLST,None,None,None,"Attacking creatures you control have deathtouch.\n{1}{G}, {T}: Choose one —\n• Put a +1/+1 counter on target creature.\n• Bow of Nylea deals 2 damage to target creature with flying.\n• You gain 3 life.\n• Put up to four target cards from your graveyard on the bottom of your library in any order."
Ghitu Chronicler,2.0,['R'],['R'],None,['Creature'],"['Human', 'Wizard']",Common,PLST,1,3,None,"Kicker {3}{R} (You may pay an additional {3}{R} as you cast this spell.)\nWhen Ghitu Chronicler enters the battlefield, if it was kicked, return target instant or sorcery card from your graveyard to your hand."
Mind Stone,2.0,None,None,None,['Artifact'],None,Common,PLST,None,None,None,"{T}: Add {C}.\n{1}, {T}, Sacrifice Mind Stone: Draw a card."
"Lukka, Coppercoat Outcast",5.0,['R'],['R'],['Legendary'],['Planeswalker'],['Lukka'],Mythic,PLST,None,None,5,"[+1]: Exile the top three cards of your library. Creature cards exiled this way gain ""You may cast this card from exile as long as you control a Lukka planeswalker.""\n[−2]: Exile target creature you control, then reveal cards from the top of your library until you reveal a creature card with higher mana value. Put that card onto the battlefield and the rest on the bottom of your library in a random order.\n[−7]: Each creature you control deals damage equal to its power to each opponent."
"Mila, Crafty Companion // Lukka, Wayward Bonder",3.0,['W'],"['R', 'W']",['Legendary'],['Creature'],['Fox'],Mythic,PLST,2,3,None,"Whenever an opponent attacks one or more planeswalkers you control, put a loyalty counter on each planeswalker you control.\nWhenever a permanent you control becomes the target of a spell or ability an opponent controls, you may draw a card."
Valley Dasher,2.0,['R'],['R'],None,['Creature'],"['Human', 'Berserker']",Common,PLST,2,2,None,Haste\nValley Dasher attacks each combat if able.
Odds // Ends,7.0,"['U', 'R']","['R', 'U', 'W']",None,['Instant'],None,Rare,PLST,None,None,None,"Flip a coin. If it comes up heads, counter target instant or sorcery spell. If it comes up tails, copy that spell and you may choose new targets for the copy."
Segovian Angel,1.0,['W'],['W'],None,['Creature'],['Angel'],Common,PLST,1,1,None,"Flying, vigilance"
Molder Slug,5.0,['G'],['G'],None,['Creature'],"['Slug', 'Beast']",Rare,PLST,4,6,None,"At the beginning of each player's upkeep, that player sacrifices an artifact."
Repay in Kind,7.0,['B'],['B'],None,['Sorcery'],None,Rare,PLST,None,None,None,Each player's life total becomes the lowest life total among all players.
Fierce Witchstalker,4.0,['G'],['G'],None,['Creature'],['Wolf'],Common,PLST,4,4,None,"Trample\nWhen Fierce Witchstalker enters the battlefield, create a Food token. (It's an artifact with ""{2}, {T}, Sacrifice this artifact: You gain 3 life."")"
Dauthi Mindripper,4.0,['B'],['B'],None,['Creature'],"['Dauthi', 'Minion']",Uncommon,PLST,2,1,None,"Shadow (This creature can block or be blocked by only creatures with shadow.)\nWhenever Dauthi Mindripper attacks and isn't blocked, you may sacrifice it. If you do, defending player discards three cards."
Crossroads Consecrator,1.0,['G'],['G'],None,['Creature'],"['Human', 'Cleric']",Common,PLST,1,2,None,"{G}, {T}: Target attacking Human gets +1/+1 until end of turn."
Mirri the Cursed,4.0,['B'],['B'],['Legendary'],['Creature'],"['Vampire', 'Cat']",Rare,PLST,3,2,None,"Flying, first strike, haste\nWhenever Mirri the Cursed deals combat damage to a creature, put a +1/+1 counter on Mirri the Cursed."
Mages' Contest,3.0,['R'],['R'],None,['Instant'],None,Rare,PLST,None,None,None,"You and target spell's controller bid life. You start the bidding with a bid of 1. In turn order, each player may top the high bid. The bidding ends if the high bid stands. The high bidder loses life equal to the high bid. If you win the bidding, counter that spell."
Spreading Rot,5.0,['B'],['B'],None,['Sorcery'],None,Common,PLST,None,None,None,Destroy target land. Its controller loses 2 life.
Rolling Thunder,2.0,['R'],['R'],None,['Sorcery'],None,Uncommon,PLST,None,None,None,Rolling Thunder deals X damage divided as you choose among any number of targets.
Goblin Bushwhacker,1.0,['R'],['R'],None,['Creature'],"['Goblin', 'Warrior']",Common,PLST,1,1,None,"Kicker {R} (You may pay an additional {R} as you cast this spell.)\nWhen Goblin Bushwhacker enters the battlefield, if it was kicked, creatures you control get +1/+0 and gain haste until end of turn."
Lightning Bolt,1.0,['R'],['R'],None,['Instant'],None,Uncommon,PLST,None,None,None,Lightning Bolt deals 3 damage to any target.
Ior Ruin Expedition,2.0,['U'],['U'],None,['Enchantment'],None,Common,PLST,None,None,None,"Landfall — Whenever a land enters the battlefield under your control, you may put a quest counter on Ior Ruin Expedition.\nRemove three quest counters from Ior Ruin Expedition and sacrifice it: Draw two cards."
Thornweald Archer,2.0,['G'],['G'],None,['Creature'],"['Elf', 'Archer']",Common,PLST,2,1,None,"Reach, deathtouch"
Wirewood Lodge,0.0,None,['G'],None,['Land'],None,Uncommon,PLST,None,None,None,"{T}: Add {C}.\n{G}, {T}: Untap target Elf."
Arbor Armament,1.0,['G'],['G'],None,['Instant'],None,Common,PLST,None,None,None,Put a +1/+1 counter on target creature. That creature gains reach until end of turn.
Distemper of the Blood,2.0,['R'],['R'],None,['Sorcery'],None,Common,PLST,None,None,None,"Target creature gets +2/+2 and gains trample until end of turn.\nMadness {R} (If you discard this card, discard it into exile. When you do, cast it for its madness cost or put it into your graveyard.)"
Screamreach Brawler,3.0,['R'],['R'],None,['Creature'],"['Orc', 'Berserker']",Common,PLST,2,3,None,"Dash {1}{R} (You may cast this spell for its dash cost. If you do, it gains haste, and it's returned from the battlefield to its owner's hand at the beginning of the next end step.)"
Force of Savagery,3.0,['G'],['G'],None,['Creature'],['Elemental'],Rare,PLST,8,0,None,Trample
Eldritch Evolution,3.0,['G'],['G'],None,['Sorcery'],None,Rare,PLST,None,None,None,"As an additional cost to cast this spell, sacrifice a creature.\nSearch your library for a creature card with mana value X or less, where X is 2 plus the sacrificed creature's mana value. Put that card onto the battlefield, then shuffle. Exile Eldritch Evolution."
Crushing Canopy,3.0,['G'],['G'],None,['Instant'],None,Common,PLST,None,None,None,Choose one —\n• Destroy target creature with flying.\n• Destroy target enchantment.
Virulent Sliver,1.0,['G'],['G'],None,['Creature'],['Sliver'],Common,PLST,1,1,None,"All Sliver creatures have poisonous 1. (Whenever a Sliver deals combat damage to a player, that player gets a poison counter. A player with ten or more poison counters loses the game.)"
Reckless Fireweaver,2.0,['R'],['R'],None,['Creature'],"['Human', 'Artificer']",Common,PLST,1,3,None,"Whenever an artifact enters the battlefield under your control, Reckless Fireweaver deals 1 damage to each opponent."
Assault Formation,2.0,['G'],['G'],None,['Enchantment'],None,Uncommon,PLST,None,None,None,Each creature you control assigns combat damage equal to its toughness rather than its power.\n{G}: Target creature with defender can attack this turn as though it didn't have defender.\n{2}{G}: Creatures you control get +0/+1 until end of turn.
Weight of the Underworld,4.0,['B'],['B'],None,['Enchantment'],['Aura'],Common,PLST,None,None,None,Enchant creature\nEnchanted creature gets -3/-2.
Wall of Granite,3.0,['R'],['R'],None,['Creature'],['Wall'],Uncommon,PLST,0,7,None,Defender (This creature can't attack.)
Murderous Compulsion,2.0,['B'],['B'],None,['Sorcery'],None,Common,PLST,None,None,None,"Destroy target tapped creature.\nMadness {1}{B} (If you discard this card, discard it into exile. When you do, cast it for its madness cost or put it into your graveyard.)"
Grind // Dust,6.0,['B'],"['B', 'W']",None,['Sorcery'],None,Rare,PLST,None,None,None,Put a -1/-1 counter on each of up to two target creatures.
Army Ants,3.0,"['B', 'R']","['B', 'R']",None,['Creature'],['Insect'],Uncommon,PLST,1,1,None,"{T}, Sacrifice a land: Destroy target land."
Phyrexian Furnace,1.0,None,None,None,['Artifact'],None,Uncommon,PLST,None,None,None,"{T}: Exile the bottom card of target player's graveyard.\n{1}, Sacrifice Phyrexian Furnace: Exile target card from a graveyard. Draw a card."
Yavimaya's Embrace,8.0,"['G', 'U']","['G', 'U']",None,['Enchantment'],['Aura'],Rare,PLST,None,None,None,Enchant creature\nYou control enchanted creature.\nEnchanted creature gets +2/+2 and has trample.
Clockwork Dragon,7.0,None,None,None,"['Artifact', 'Creature']",['Dragon'],Rare,PLST,0,0,None,"Flying\nClockwork Dragon enters the battlefield with six +1/+1 counters on it.\nWhenever Clockwork Dragon attacks or blocks, remove a +1/+1 counter from it at end of combat.\n{3}: Put a +1/+1 counter on Clockwork Dragon."
Ghitu Lavarunner,1.0,['R'],['R'],None,['Creature'],"['Human', 'Wizard']",Common,PLST,1,2,None,"As long as there are two or more instant and/or sorcery cards in your graveyard, Ghitu Lavarunner gets +1/+0 and has haste."
Mirror Gallery,5.0,None,None,None,['Artifact'],None,Rare,PLST,None,None,None,"The ""legend rule"" doesn't apply."
Destructor Dragon,6.0,['G'],['G'],None,['Creature'],['Dragon'],Uncommon,PLST,4,4,None,"Flying\nWhen Destructor Dragon dies, destroy target noncreature permanent."
"Plargg, Dean of Chaos // Augusta, Dean of Order",2.0,['R'],"['R', 'W']",['Legendary'],['Creature'],"['Orc', 'Shaman']",Rare,PLST,2,2,None,"{T}, Discard a card: Draw a card.\n{4}{R}, {T}: Reveal cards from the top of your library until you reveal a nonlegendary, nonland card with mana value 3 or less. You may cast that card without paying its mana cost. Put all revealed cards not cast this way on the bottom of your library in a random order."
Heartwood Storyteller,3.0,['G'],['G'],None,['Creature'],['Treefolk'],Rare,PLST,2,3,None,"Whenever a player casts a noncreature spell, each of that player's opponents may draw a card."
Phantom Centaur,4.0,['G'],['G'],None,['Creature'],"['Centaur', 'Spirit']",Uncommon,PLST,2,0,None,"Protection from black\nPhantom Centaur enters the battlefield with three +1/+1 counters on it.\nIf damage would be dealt to Phantom Centaur, prevent that damage. Remove a +1/+1 counter from Phantom Centaur."
Quest for the Gravelord,1.0,['B'],['B'],None,['Enchantment'],None,Uncommon,PLST,None,None,None,"Whenever a creature dies, you may put a quest counter on Quest for the Gravelord.\nRemove three quest counters from Quest for the Gravelord and sacrifice it: Create a 5/5 black Zombie Giant creature token."
Renegade Tactics,1.0,['R'],['R'],None,['Sorcery'],None,Common,PLST,None,None,None,Target creature can't block this turn.\nDraw a card.
Baloth Gorger,4.0,['G'],['G'],None,['Creature'],['Beast'],Common,PLST,4,4,None,"Kicker {4} (You may pay an additional {4} as you cast this spell.)\nIf Baloth Gorger was kicked, it enters the battlefield with three +1/+1 counters on it."
Alpine Grizzly,3.0,['G'],['G'],None,['Creature'],['Bear'],Common,PLST,4,2,None,None
Abundant Growth,1.0,['G'],['G'],None,['Enchantment'],['Aura'],Common,PLST,None,None,None,"Enchant land\nWhen Abundant Growth enters the battlefield, draw a card.\nEnchanted land has ""{T}: Add one mana of any color."""
Belbe's Portal,5.0,None,None,None,['Artifact'],None,Rare,PLST,None,None,None,"As Belbe's Portal enters the battlefield, choose a creature type.\n{3}, {T}: You may put a creature card of the chosen type from your hand onto the battlefield."
Murkfiend Liege,5.0,"['G', 'U']","['G', 'U']",None,['Creature'],['Horror'],Rare,PLST,4,4,None,Other green creatures you control get +1/+1.\nOther blue creatures you control get +1/+1.\nUntap all green and/or blue creatures you control during each other player's untap step.
"Vorinclex, Voice of Hunger",8.0,['G'],['G'],['Legendary'],['Creature'],"['Phyrexian', 'Praetor']",Mythic,PLST,7,6,None,"Trample\nWhenever you tap a land for mana, add one mana of any type that land produced.\nWhenever an opponent taps a land for mana, that land doesn't untap during its controller's next untap step."
Glittering Wish,2.0,"['G', 'W']","['G', 'W']",None,['Sorcery'],None,Rare,PLST,None,None,None,You may reveal a multicolored card you own from outside the game and put it into your hand. Exile Glittering Wish.
"Skarrg, the Rage Pits",0.0,None,"['G', 'R']",None,['Land'],None,Uncommon,PLST,None,None,None,"{T}: Add {C}.\n{R}{G}, {T}: Target creature gets +1/+1 and gains trample until end of turn."
Elves of Deep Shadow,1.0,['G'],"['B', 'G']",None,['Creature'],"['Elf', 'Druid']",Common,PLST,1,1,None,{T}: Add {B}. Elves of Deep Shadow deals 1 damage to you.
Squirrel Wrangler,4.0,['G'],['G'],None,['Creature'],"['Human', 'Druid']",Rare,PLST,2,2,None,"{1}{G}, Sacrifice a land: Create two 1/1 green Squirrel creature tokens.\n{1}{G}, Sacrifice a land: Squirrel creatures get +1/+1 until end of turn."
Boros Challenger,2.0,"['R', 'W']","['R', 'W']",None,['Creature'],"['Human', 'Soldier']",Uncommon,PLST,2,3,None,"Mentor (Whenever this creature attacks, put a +1/+1 counter on target attacking creature with lesser power.)\n{2}{R}{W}: Boros Challenger gets +1/+1 until end of turn."
Strangleroot Geist,2.0,['G'],['G'],None,['Creature'],['Spirit'],Uncommon,PLST,2,1,None,"Haste\nUndying (When this creature dies, if it had no +1/+1 counters on it, return it to the battlefield under its owner's control with a +1/+1 counter on it.)"
Obliterate,8.0,['R'],['R'],None,['Sorcery'],None,Rare,PLST,None,None,None,"This spell can't be countered.\nDestroy all artifacts, creatures, and lands. They can't be regenerated."
Crystalline Sliver,2.0,"['U', 'W']","['U', 'W']",None,['Creature'],['Sliver'],Uncommon,PLST,2,2,None,All Slivers have shroud. (They can't be the targets of spells or abilities.)
Congregate,4.0,['W'],['W'],None,['Instant'],None,Uncommon,PLST,None,None,None,Target player gains 2 life for each creature on the battlefield.
Desert Cerodon,6.0,['R'],['R'],None,['Creature'],['Beast'],Common,PLST,6,4,None,"Cycling {R} ({R}, Discard this card: Draw a card.)"
"Mina and Denn, Wildborn",4.0,"['G', 'R']","['G', 'R']",['Legendary'],['Creature'],"['Elf', 'Ally']",Rare,PLST,4,4,None,"You may play an additional land on each of your turns.\n{R}{G}, Return a land you control to its owner's hand: Target creature gains trample until end of turn."
Mulch,2.0,['G'],['G'],None,['Sorcery'],None,Common,PLST,None,None,None,Reveal the top four cards of your library. Put all land cards revealed this way into your hand and the rest into your graveyard.
Fiery Temper,3.0,['R'],['R'],None,['Instant'],None,Common,PLST,None,None,None,"Fiery Temper deals 3 damage to any target.\nMadness {R} (If you discard this card, discard it into exile. When you do, cast it for its madness cost or put it into your graveyard.)"
Magmatic Force,8.0,['R'],['R'],None,['Creature'],['Elemental'],Rare,PLST,7,7,None,"At the beginning of each upkeep, Magmatic Force deals 3 damage to any target."
Bitterblade Warrior,2.0,['G'],['G'],None,['Creature'],"['Jackal', 'Warrior']",Common,PLST,2,2,None,"You may exert Bitterblade Warrior as it attacks. When you do, it gets +1/+0 and gains deathtouch until end of turn. (An exerted creature won't untap during your next untap step.)"
Atarka Efreet,4.0,['R'],['R'],None,['Creature'],"['Efreet', 'Shaman']",Common,PLST,5,1,None,"Megamorph {2}{R} (You may cast this card face down as a 2/2 creature for {3}. Turn it face up any time for its megamorph cost and put a +1/+1 counter on it.)\nWhen Atarka Efreet is turned face up, it deals 1 damage to any target."
Broken Bond,2.0,['G'],['G'],None,['Sorcery'],None,Common,PLST,None,None,None,Destroy target artifact or enchantment. You may put a land card from your hand onto the battlefield.
Spike Weaver,4.0,['G'],['G'],None,['Creature'],['Spike'],Rare,PLST,0,0,None,"Spike Weaver enters the battlefield with three +1/+1 counters on it.\n{2}, Remove a +1/+1 counter from Spike Weaver: Put a +1/+1 counter on target creature.\n{1}, Remove a +1/+1 counter from Spike Weaver: Prevent all combat damage that would be dealt this turn."
Ancestral Mask,3.0,['G'],['G'],None,['Enchantment'],['Aura'],Uncommon,PLST,None,None,None,Enchant creature\nEnchanted creature gets +2/+2 for each other enchantment on the battlefield.
Feral Krushok,5.0,['G'],['G'],None,['Creature'],['Beast'],Common,PLST,5,4,None,None
Jhoira of the Ghitu,3.0,"['R', 'U']","['R', 'U']",['Legendary'],['Creature'],"['Human', 'Wizard']",Rare,PLST,2,2,None,"{2}, Exile a nonland card from your hand: Put four time counters on the exiled card. If it doesn't have suspend, it gains suspend. (At the beginning of your upkeep, remove a time counter from that card. When the last is removed, you may cast it without paying its mana cost. If it's a creature, it has haste.)"
Ferocious Zheng,4.0,['G'],['G'],None,['Creature'],"['Cat', 'Beast']",Common,PLST,4,4,None,None
Abrupt Decay,2.0,"['B', 'G']","['B', 'G']",None,['Instant'],None,Rare,PLST,None,None,None,This spell can't be countered.\nDestroy target nonland permanent with mana value 3 or less.
Suntouched Myr,3.0,None,None,None,"['Artifact', 'Creature']",['Myr'],Common,PLST,0,0,None,Sunburst (This enters the battlefield with a +1/+1 counter on it for each color of mana spent to cast it.)
Mirrodin Besieged,3.0,['U'],['U'],None,['Enchantment'],None,Rare,PLST,None,None,None,"As Mirrodin Besieged enters the battlefield, choose Mirran or Phyrexian.\n• Mirran — Whenever you cast an artifact spell, create a 1/1 colorless Myr artifact creature token.\n• Phyrexian — At the beginning of your end step, draw a card, then discard a card. Then if there are fifteen or more artifact cards in your graveyard, target opponent loses the game."
Fireball,1.0,['R'],['R'],None,['Sorcery'],None,Uncommon,PLST,None,None,None,"This spell costs {1} more to cast for each target beyond the first.\nFireball deals X damage divided evenly, rounded down, among any number of targets."
Arcane Signet,2.0,None,None,None,['Artifact'],None,Common,PLST,None,None,None,{T}: Add one mana of any color in your commander's color identity.
Crush the Weak,3.0,['R'],['R'],None,['Sorcery'],None,Uncommon,PLST,None,None,None,"Crush the Weak deals 2 damage to each creature. If a creature dealt damage this way would die this turn, exile it instead.\nForetell {R} (During your turn, you may pay {2} and exile this card from your hand face down. Cast it on a later turn for its foretell cost.)"
Reflector Mage,3.0,"['U', 'W']","['U', 'W']",None,['Creature'],"['Human', 'Wizard']",Uncommon,PLST,2,3,None,"When Reflector Mage enters the battlefield, return target creature an opponent controls to its owner's hand. That creature's owner can't cast spells with the same name as that creature until your next turn."
Ruinous Gremlin,1.0,['R'],['R'],None,['Creature'],['Gremlin'],Common,PLST,1,1,None,"{2}{R}, Sacrifice Ruinous Gremlin: Destroy target artifact."
Pia and Kiran Nalaar,4.0,['R'],['R'],['Legendary'],['Creature'],"['Human', 'Artificer']",Rare,PLST,2,2,None,"When Pia and Kiran Nalaar enters the battlefield, create two 1/1 colorless Thopter artifact creature tokens with flying.\n{2}{R}, Sacrifice an artifact: Pia and Kiran Nalaar deals 2 damage to any target."
Leaf-Crowned Elder,4.0,['G'],['G'],None,['Creature'],"['Treefolk', 'Shaman']",Rare,PLST,3,5,None,"Kinship — At the beginning of your upkeep, you may look at the top card of your library. If it shares a creature type with Leaf-Crowned Elder, you may reveal it. If you do, you may play that card without paying its mana cost."
Frenetic Sliver,3.0,"['R', 'U']","['R', 'U']",None,['Creature'],['Sliver'],Uncommon,PLST,2,2,None,"All Slivers have ""{0}: If this permanent is on the battlefield, flip a coin. If you win the flip, exile this permanent and return it to the battlefield under its owner's control at the beginning of the next end step. If you lose the flip, sacrifice it."""
Wargate,3.0,"['G', 'U', 'W']","['G', 'U', 'W']",None,['Sorcery'],None,Rare,PLST,None,None,None,"Search your library for a permanent card with mana value X or less, put it onto the battlefield, then shuffle."
"Elenda, the Dusk Rose",4.0,"['B', 'W']","['B', 'W']",['Legendary'],['Creature'],"['Vampire', 'Knight']",Mythic,PLST,1,1,None,"Lifelink\nWhenever another creature dies, put a +1/+1 counter on Elenda, the Dusk Rose.\nWhen Elenda dies, create X 1/1 white Vampire creature tokens with lifelink, where X is Elenda's power."
Llanowar Reborn,0.0,None,['G'],None,['Land'],None,Uncommon,PLST,None,None,None,"Llanowar Reborn enters the battlefield tapped.\n{T}: Add {G}.\nGraft 1 (This land enters the battlefield with a +1/+1 counter on it. Whenever a creature enters the battlefield, you may move a +1/+1 counter from this land onto it.)"
O-Naginata,1.0,None,None,None,['Artifact'],['Equipment'],Uncommon,PLST,None,None,None,O-Naginata can be attached only to a creature with power 3 or greater.\nEquipped creature gets +3/+0 and has trample.\nEquip {2} ({2}: Attach to target creature you control. Equip only as a sorcery.)
Mycoloth,5.0,['G'],['G'],None,['Creature'],['Fungus'],Rare,PLST,4,4,None,"Devour 2 (As this enters the battlefield, you may sacrifice any number of creatures. This creature enters the battlefield with twice that many +1/+1 counters on it.)\nAt the beginning of your upkeep, create a 1/1 green Saproling creature token for each +1/+1 counter on Mycoloth."
Goblin Burrows,0.0,None,['R'],None,['Land'],None,Uncommon,PLST,None,None,None,"{T}: Add {C}.\n{1}{R}, {T}: Target Goblin creature gets +2/+0 until end of turn."
Flesh // Blood,7.0,"['B', 'G']","['B', 'G', 'R']",None,['Sorcery'],None,Rare,PLST,None,None,None,"Exile target creature card from a graveyard. Put X +1/+1 counters on target creature, where X is the power of the card you exiled.\nFuse (You may cast one or both halves of this card from your hand.)"
Crowned Ceratok,4.0,['G'],['G'],None,['Creature'],['Rhino'],Common,PLST,4,3,None,Trample\nEach creature you control with a +1/+1 counter on it has trample.
Formless Nurturing,4.0,['G'],['G'],None,['Sorcery'],None,Common,PLST,None,None,None,"Manifest the top card of your library, then put a +1/+1 counter on it. (To manifest a card, put it onto the battlefield face down as a 2/2 creature. Turn it face up any time for its mana cost if it's a creature card.)"
Woolly Loxodon,7.0,['G'],['G'],None,['Creature'],"['Elephant', 'Warrior']",Common,PLST,6,7,None,Morph {5}{G} (You may cast this card face down as a 2/2 creature for {3}. Turn it face up any time for its morph cost.)
Hidden Stockpile,2.0,"['B', 'W']","['B', 'W']",None,['Enchantment'],None,Uncommon,PLST,None,None,None,"Revolt — At the beginning of your end step, if a permanent you controlled left the battlefield this turn, create a 1/1 colorless Servo artifact creature token.\n{1}, Sacrifice a creature: Scry 1."
Prickleboar,5.0,['R'],['R'],None,['Creature'],['Boar'],Common,PLST,3,3,None,"As long as it's your turn, Prickleboar gets +2/+0 and has first strike. (It deals combat damage before creatures without first strike.)"
Furnace Whelp,4.0,['R'],['R'],None,['Creature'],['Dragon'],Common,PLST,2,2,None,Flying\n{R}: Furnace Whelp gets +1/+0 until end of turn.
Courage in Crisis,3.0,['G'],['G'],None,['Sorcery'],None,Common,PLST,None,None,None,"Put a +1/+1 counter on target creature, then proliferate. (Choose any number of permanents and/or players, then give each another counter of each kind already there.)"
Balefire Dragon,7.0,['R'],['R'],None,['Creature'],['Dragon'],Mythic,PLST,6,6,None,"Flying\nWhenever Balefire Dragon deals combat damage to a player, it deals that much damage to each creature that player controls."
Hadana's Climb // Winged Temple of Orazca,3.0,"['G', 'U']","['G', 'U']",['Legendary'],['Enchantment'],None,Rare,PLST,None,None,None,"At the beginning of combat on your turn, put a +1/+1 counter on target creature you control. Then if that creature has three or more +1/+1 counters on it, transform Hadana's Climb."
Salivating Gremlins,3.0,['R'],['R'],None,['Creature'],['Gremlin'],Common,PLST,2,3,None,"Whenever an artifact enters the battlefield under your control, Salivating Gremlins gets +2/+0 and gains trample until end of turn."
"Shaile, Dean of Radiance // Embrose, Dean of Shadow",2.0,['W'],"['B', 'W']",['Legendary'],['Creature'],"['Bird', 'Cleric']",Rare,PLST,1,1,None,"Flying, vigilance\n{T}: Put a +1/+1 counter on each creature that entered the battlefield under your control this turn."
"Sisay, Weatherlight Captain",3.0,['W'],"['B', 'G', 'R', 'U', 'W']",['Legendary'],['Creature'],"['Human', 'Soldier']",Rare,PLST,2,2,None,"Sisay, Weatherlight Captain gets +1/+1 for each color among other legendary permanents you control.\n{W}{U}{B}{R}{G}: Search your library for a legendary permanent card with mana value less than Sisay's power, put that card onto the battlefield, then shuffle."
Eye of Yawgmoth,3.0,None,None,None,['Artifact'],None,Rare,PLST,None,None,None,"{3}, {T}, Sacrifice a creature: Reveal a number of cards from the top of your library equal to the sacrificed creature's power. Put one into your hand and exile the rest."
Nezumi Graverobber // Nighteyes the Desecrator,2.0,['B'],['B'],None,['Creature'],"['Rat', 'Rogue']",Uncommon,PLST,2,1,None,"{1}{B}: Exile target card from an opponent's graveyard. If no cards are in that graveyard, flip Nezumi Graverobber."
Stormblood Berserker,2.0,['R'],['R'],None,['Creature'],"['Human', 'Berserker']",Uncommon,PLST,1,1,None,"Bloodthirst 2 (If an opponent was dealt damage this turn, this creature enters the battlefield with two +1/+1 counters on it.)\nMenace (This creature can't be blocked except by two or more creatures.)"
Implement of Malice,2.0,None,['B'],None,['Artifact'],None,Common,PLST,None,None,None,"{B}, Sacrifice Implement of Malice: Target player discards a card. Activate only as a sorcery.\nWhen Implement of Malice is put into a graveyard from the battlefield, draw a card."
Valakut Invoker,3.0,['R'],['R'],None,['Creature'],"['Human', 'Shaman']",Common,PLST,2,3,None,{8}: Valakut Invoker deals 3 damage to any target.
Illusion // Reality,4.0,['U'],"['G', 'U']",None,['Instant'],None,Uncommon,PLST,None,None,None,Target spell or permanent becomes the color of your choice until end of turn.
Well of Lost Dreams,4.0,None,None,None,['Artifact'],None,Rare,PLST,None,None,None,"Whenever you gain life, you may pay {X}, where X is less than or equal to the amount of life you gained. If you do, draw X cards."
Akroma's Memorial,7.0,None,None,['Legendary'],['Artifact'],None,Rare,PLST,None,None,None,"Creatures you control have flying, first strike, vigilance, trample, haste, and protection from black and from red."
Brago's Representative,3.0,['W'],['W'],None,['Creature'],"['Human', 'Advisor']",Common,PLST,1,4,None,"While voting, you get an additional vote. (The votes can be for different choices or for the same choice.)"
Empyrial Armor,3.0,['W'],['W'],None,['Enchantment'],['Aura'],Common,PLST,None,None,None,Enchant creature\nEnchanted creature gets +1/+1 for each card in your hand.
Martyr's Cause,3.0,['W'],['W'],None,['Enchantment'],None,Uncommon,PLST,None,None,None,"Sacrifice a creature: The next time a source of your choice would deal damage to any target this turn, prevent that damage."
Elspeth Conquers Death,5.0,['W'],['W'],None,['Enchantment'],['Saga'],Rare,PLST,None,None,None,"(As this Saga enters and after your draw step, add a lore counter. Sacrifice after III.)\nI — Exile target permanent an opponent controls with mana value 3 or greater.\nII — Noncreature spells your opponents cast cost {2} more to cast until your next turn.\nIII — Return target creature or planeswalker card from your graveyard to the battlefield. Put a +1/+1 counter or a loyalty counter on it."
Brainstorm,1.0,['U'],['U'],None,['Instant'],None,Rare,PLST,None,None,None,"Draw three cards, then put two cards from your hand on top of your library in any order."
Eldrazi Displacer,3.0,None,['W'],None,['Creature'],['Eldrazi'],Rare,PLST,3,3,None,"Devoid (This card has no color.)\n{2}{C}: Exile another target creature, then return it to the battlefield tapped under its owner's control. ({C} represents colorless mana.)"
"Ormos, Archive Keeper",6.0,['U'],['U'],['Legendary'],['Creature'],['Sphinx'],Rare,PLST,5,5,None,"Flying\nIf you would draw a card while your library has no cards in it, instead put five +1/+1 counters on Ormos, Archive Keeper.\n{1}{U}{U}, Discard three cards with different names: Draw five cards."
Death or Glory,5.0,['W'],['W'],None,['Sorcery'],None,Rare,PLST,None,None,None,Separate all creature cards in your graveyard into two piles. Exile the pile of an opponent's choice and return the other to the battlefield.
Carrion Imp,4.0,['B'],['B'],None,['Creature'],['Imp'],Common,PLST,2,3,None,"Flying\nWhen Carrion Imp enters the battlefield, you may exile target creature card from a graveyard. If you do, you gain 2 life."
Purple-Crystal Crab,2.0,['U'],['U'],None,['Creature'],['Crab'],Common,PLST,1,1,None,"When Purple-Crystal Crab dies, draw a card."
Forced Fruition,6.0,['U'],['U'],None,['Enchantment'],None,Rare,PLST,None,None,None,"Whenever an opponent casts a spell, that player draws seven cards."
Great-Horn Krushok,5.0,['W'],['W'],None,['Creature'],['Beast'],Common,PLST,3,5,None,None
Drinker of Sorrow,3.0,['B'],['B'],None,['Creature'],['Horror'],Rare,PLST,5,3,None,"Drinker of Sorrow can't block.\nWhenever Drinker of Sorrow deals combat damage, sacrifice a permanent."
Fortifying Provisions,3.0,['W'],['W'],None,['Enchantment'],None,Common,PLST,None,None,None,"Creatures you control get +0/+1.\nWhen Fortifying Provisions enters the battlefield, create a Food token. (It's an artifact with ""{2}, {T}, Sacrifice this artifact: You gain 3 life."")"
Doomwake Giant,5.0,['B'],['B'],None,"['Enchantment', 'Creature']",['Giant'],Rare,PLST,4,6,None,"Constellation — Whenever Doomwake Giant or another enchantment enters the battlefield under your control, creatures your opponents control get -1/-1 until end of turn."
The Unspeakable,9.0,['U'],['U'],['Legendary'],['Creature'],['Spirit'],Rare,PLST,6,7,None,"Flying, trample\nWhenever The Unspeakable deals combat damage to a player, you may return target Arcane card from your graveyard to your hand."
Probe,3.0,['U'],"['B', 'U']",None,['Sorcery'],None,Common,PLST,None,None,None,"Kicker {1}{B} (You may pay an additional {1}{B} as you cast this spell.)\nDraw three cards, then discard two cards. If this spell was kicked, target player discards two cards."
Natural Connection,3.0,['G'],['G'],None,['Instant'],None,Common,PLST,None,None,None,"Search your library for a basic land card, put it onto the battlefield tapped, then shuffle."
Bloom Tender,2.0,['G'],['G'],None,['Creature'],"['Elf', 'Druid']",Rare,PLST,1,1,None,"{T}: For each color among permanents you control, add one mana of that color."
Gustcloak Skirmisher,4.0,['W'],['W'],None,['Creature'],"['Bird', 'Soldier']",Uncommon,PLST,2,3,None,"Flying\nWhenever Gustcloak Skirmisher becomes blocked, you may untap it and remove it from combat."
Phyrexian Ingester,7.0,['U'],['U'],None,['Creature'],"['Phyrexian', 'Beast']",Uncommon,PLST,3,3,None,"Imprint — When Phyrexian Ingester enters the battlefield, you may exile target nontoken creature.\nPhyrexian Ingester gets +X/+Y, where X is the exiled creature card's power and Y is its toughness."
Angelic Field Marshal,4.0,['W'],['W'],None,['Creature'],['Angel'],Rare,PLST,3,3,None,"Flying\nLieutenant — As long as you control your commander, Angelic Field Marshal gets +2/+2 and creatures you control have vigilance."
Ojutai Interceptor,4.0,['U'],['U'],None,['Creature'],"['Bird', 'Soldier']",Common,PLST,3,1,None,Flying\nMegamorph {3}{U} (You may cast this card face down as a 2/2 creature for {3}. Turn it face up any time for its megamorph cost and put a +1/+1 counter on it.)
Forsake the Worldly,3.0,['W'],['W'],None,['Instant'],None,Common,PLST,None,None,None,"Exile target artifact or enchantment.\nCycling {2} ({2}, Discard this card: Draw a card.)"
River Serpent,6.0,['U'],['U'],None,['Creature'],['Serpent'],Common,PLST,5,5,None,"River Serpent can't attack unless there are five or more cards in your graveyard.\nCycling {U} ({U}, Discard this card: Draw a card.)"
Countless Gears Renegade,2.0,['W'],['W'],None,['Creature'],"['Dwarf', 'Artificer']",Common,PLST,2,2,None,"Revolt — When Countless Gears Renegade enters the battlefield, if a permanent you controlled left the battlefield this turn, create a 1/1 colorless Servo artifact creature token."
Phyrexian Prowler,4.0,['B'],['B'],None,['Creature'],"['Phyrexian', 'Zombie', 'Mercenary']",Uncommon,PLST,3,3,None,"Fading 3 (This creature enters the battlefield with three fade counters on it. At the beginning of your upkeep, remove a fade counter from it. If you can't, sacrifice it.)\nRemove a fade counter from Phyrexian Prowler: Phyrexian Prowler gets +1/+1 until end of turn."
Rebuff the Wicked,1.0,['W'],['W'],None,['Instant'],None,Uncommon,PLST,None,None,None,Counter target spell that targets a permanent you control.
Bitter Revelation,4.0,['B'],['B'],None,['Sorcery'],None,Common,PLST,None,None,None,Look at the top four cards of your library. Put two of them into your hand and the rest into your graveyard. You lose 2 life.
Enlightened Ascetic,2.0,['W'],['W'],None,['Creature'],"['Cat', 'Monk']",Common,PLST,1,1,None,"When Enlightened Ascetic enters the battlefield, you may destroy target enchantment."
Recoup,2.0,['R'],['R'],None,['Sorcery'],None,Uncommon,PLST,None,None,None,Target sorcery card in your graveyard gains flashback until end of turn. The flashback cost is equal to its mana cost. (Mana cost includes color.)\nFlashback {3}{R} (You may cast this card from your graveyard for its flashback cost. Then exile it.)
Eddytrail Hawk,2.0,['W'],['W'],None,['Creature'],['Bird'],Common,PLST,1,2,None,"Flying\nWhen Eddytrail Hawk enters the battlefield, you get {E}{E} (two energy counters).\nWhenever Eddytrail Hawk attacks, you may pay {E}. If you do, another target attacking creature gains flying until end of turn."
Quest for the Nihil Stone,1.0,['B'],['B'],None,['Enchantment'],None,Rare,PLST,None,None,None,"Whenever an opponent discards a card, you may put a quest counter on Quest for the Nihil Stone.\nAt the beginning of each opponent's upkeep, if that player has no cards in hand and Quest for the Nihil Stone has two or more quest counters on it, you may have that player lose 5 life."
Benevolent Ancestor,3.0,['W'],['W'],None,['Creature'],['Spirit'],Common,PLST,0,4,None,Defender (This creature can't attack.)\n{T}: Prevent the next 1 damage that would be dealt to any target this turn.
Doomgape,7.0,"['B', 'G']","['B', 'G']",None,['Creature'],['Elemental'],Rare,PLST,10,10,None,"Trample\nAt the beginning of your upkeep, sacrifice a creature. You gain life equal to that creature's toughness."
Magus of the Moat,4.0,['W'],['W'],None,['Creature'],"['Human', 'Wizard']",Rare,PLST,0,3,None,Creatures without flying can't attack.
Dictate of Erebos,5.0,['B'],['B'],None,['Enchantment'],None,Rare,PLST,None,None,None,"Flash\nWhenever a creature you control dies, each opponent sacrifices a creature."
Wretched Gryff,7.0,None,['U'],None,['Creature'],"['Eldrazi', 'Hippogriff']",Common,PLST,3,4,None,"Emerge {5}{U} (You may cast this spell by sacrificing a creature and paying the emerge cost reduced by that creature's mana value.)\nWhen you cast this spell, draw a card.\nFlying"
Trench Gorger,8.0,['U'],['U'],None,['Creature'],['Leviathan'],Rare,PLST,6,6,None,"Trample\nWhen Trench Gorger enters the battlefield, you may search your library for any number of land cards, exile them, then shuffle. If you do, Trench Gorger has base power and base toughness each equal to the number of cards exiled this way."
Flutterfox,2.0,['W'],['W'],None,['Creature'],['Fox'],Common,PLST,2,2,None,"As long as you control an artifact or enchantment, Flutterfox has flying."
Necromancy,3.0,['B'],['B'],None,['Enchantment'],None,Uncommon,PLST,None,None,None,"You may cast Necromancy as though it had flash. If you cast it any time a sorcery couldn't have been cast, the controller of the permanent it becomes sacrifices it at the beginning of the next cleanup step.\nWhen Necromancy enters the battlefield, if it's on the battlefield, it becomes an Aura with ""enchant creature put onto the battlefield with Necromancy."" Put target creature card from a graveyard onto the battlefield under your control and attach Necromancy to it. When Necromancy leaves the battlefield, that creature's controller sacrifices it."
"Danitha Capashen, Paragon",3.0,['W'],['W'],['Legendary'],['Creature'],"['Human', 'Knight']",Uncommon,PLST,2,2,None,"First strike, vigilance, lifelink\nAura and Equipment spells you cast cost {1} less to cast."
Phyrexian Monitor,4.0,['B'],['B'],None,['Creature'],"['Phyrexian', 'Skeleton']",Common,PLST,2,2,None,{B}: Regenerate Phyrexian Monitor.
Ivy Lane Denizen,4.0,['G'],['G'],None,['Creature'],"['Elf', 'Warrior']",Common,PLST,2,3,None,"Whenever another green creature enters the battlefield under your control, put a +1/+1 counter on target creature."
Baleful Mastery,4.0,['B'],['B'],None,['Instant'],None,Rare,PLST,None,None,None,"You may pay {1}{B} rather than pay this spell's mana cost.\nIf the {1}{B} cost was paid, an opponent draws a card.\nExile target creature or planeswalker."
Temporal Fissure,5.0,['U'],['U'],None,['Sorcery'],None,Common,PLST,None,None,None,"Return target permanent to its owner's hand.\nStorm (When you cast this spell, copy it for each spell cast before it this turn. You may choose new targets for the copies.)"
Mahamoti Djinn,6.0,['U'],['U'],None,['Creature'],['Djinn'],Uncommon,PLST,5,6,None,Flying (This creature can't be blocked except by creatures with flying or reach.)
Shambling Remains,3.0,"['B', 'R']","['B', 'R']",None,['Creature'],"['Zombie', 'Horror']",Uncommon,PLST,4,3,None,Shambling Remains can't block.\nUnearth {B}{R} ({B}{R}: Return this card from your graveyard to the battlefield. It gains haste. Exile it at the beginning of the next end step or if it would leave the battlefield. Unearth only as a sorcery.)
Sage of Lat-Nam,2.0,['U'],['U'],None,['Creature'],"['Human', 'Artificer']",Uncommon,PLST,1,2,None,"{T}, Sacrifice an artifact: Draw a card."
Crescendo of War,4.0,['W'],['W'],None,['Enchantment'],None,Rare,PLST,None,None,None,"At the beginning of each upkeep, put a strife counter on Crescendo of War.\nAttacking creatures get +1/+0 for each strife counter on Crescendo of War.\nBlocking creatures you control get +1/+0 for each strife counter on Crescendo of War."
Geralf's Messenger,3.0,['B'],['B'],None,['Creature'],['Zombie'],Rare,PLST,3,2,None,"Geralf's Messenger enters the battlefield tapped.\nWhen Geralf's Messenger enters the battlefield, target opponent loses 2 life.\nUndying (When this creature dies, if it had no +1/+1 counters on it, return it to the battlefield under its owner's control with a +1/+1 counter on it.)"
Conviction,2.0,['W'],['W'],None,['Enchantment'],['Aura'],Common,PLST,None,None,None,Enchant creature\nEnchanted creature gets +1/+3.\n{W}: Return Conviction to its owner's hand.
Mana Leak,2.0,['U'],['U'],None,['Instant'],None,Common,PLST,None,None,None,Counter target spell unless its controller pays {3}.
Emeria Angel,4.0,['W'],['W'],None,['Creature'],['Angel'],Rare,PLST,3,3,None,"Flying\nLandfall — Whenever a land enters the battlefield under your control, you may create a 1/1 white Bird creature token with flying."
Laboratory Brute,4.0,['U'],['U'],None,['Creature'],"['Zombie', 'Horror']",Common,PLST,3,3,None,"When Laboratory Brute enters the battlefield, mill four cards."
Encampment Keeper,1.0,['W'],['W'],None,['Creature'],['Dog'],Common,PLST,1,1,None,"First strike\n{7}{W}, {T}, Sacrifice Encampment Keeper: Creatures you control get +2/+2 until end of turn."
Implode,5.0,['R'],['R'],None,['Sorcery'],None,Uncommon,PLST,None,None,None,Destroy target land.\nDraw a card.
Dauntless Cathar,3.0,['W'],['W'],None,['Creature'],"['Human', 'Soldier']",Common,PLST,3,2,None,"{1}{W}, Exile Dauntless Cathar from your graveyard: Create a 1/1 white Spirit creature token with flying. Activate only as a sorcery."
Prodigal Sorcerer,3.0,['U'],['U'],None,['Creature'],"['Human', 'Wizard']",Uncommon,PLST,1,1,None,{T}: Prodigal Sorcerer deals 1 damage to any target.
Orim's Chant,1.0,['W'],['W'],None,['Instant'],None,Rare,PLST,None,None,None,"Kicker {W} (You may pay an additional {W} as you cast this spell.)\nTarget player can't cast spells this turn. If this spell was kicked, creatures can't attack this turn."
Ruination Guide,3.0,None,['U'],None,['Creature'],"['Eldrazi', 'Drone']",Uncommon,PLST,3,2,None,"Devoid (This card has no color.)\nIngest (Whenever this creature deals combat damage to a player, that player exiles the top card of their library.)\nOther colorless creatures you control get +1/+0."
"Morophon, the Boundless",7.0,None,"['B', 'G', 'R', 'U', 'W']",['Legendary'],['Creature'],['Shapeshifter'],Mythic,PLST,6,6,None,"Changeling (This card is every creature type.)\nAs Morophon, the Boundless enters the battlefield, choose a creature type.\nSpells of the chosen type you cast cost {W}{U}{B}{R}{G} less to cast. This effect reduces only the amount of colored mana you pay.\nOther creatures you control of the chosen type get +1/+1."
Monastery Loremaster,4.0,['U'],['U'],None,['Creature'],"['Djinn', 'Wizard']",Common,PLST,3,2,None,"Megamorph {5}{U} (You may cast this card face down as a 2/2 creature for {3}. Turn it face up any time for its megamorph cost and put a +1/+1 counter on it.)\nWhen Monastery Loremaster is turned face up, return target noncreature, nonland card from your graveyard to your hand."
Crib Swap,3.0,['W'],['W'],None,"['Tribal', 'Instant']",['Shapeshifter'],Uncommon,PLST,None,None,None,Changeling (This card is every creature type.)\nExile target creature. Its controller creates a 1/1 colorless Shapeshifter creature token with changeling.
Goblin Archaeologist,2.0,['R'],['R'],None,['Creature'],"['Goblin', 'Artificer']",Uncommon,PLST,1,2,None,"{R}, {T}: Flip a coin. If you win the flip, destroy target artifact and untap Goblin Archaeologist. If you lose the flip, sacrifice Goblin Archaeologist."
Firehoof Cavalry,1.0,['W'],"['R', 'W']",None,['Creature'],"['Human', 'Berserker']",Common,PLST,1,1,None,{3}{R}: Firehoof Cavalry gets +2/+0 and gains trample until end of turn.
Bartizan Bats,4.0,['B'],['B'],None,['Creature'],['Bat'],Common,PLST,3,1,None,Flying (This creature can't be blocked except by creatures with flying or reach.)
Djeru's Renunciation,2.0,['W'],['W'],None,['Instant'],None,Common,PLST,None,None,None,"Tap up to two target creatures.\nCycling {W} ({W}, Discard this card: Draw a card.)"
Stigma Lasher,2.0,['R'],['R'],None,['Creature'],"['Elemental', 'Shaman']",Rare,PLST,2,2,None,"Wither (This deals damage to creatures in the form of -1/-1 counters.)\nWhenever Stigma Lasher deals damage to a player, that player can't gain life for the rest of the game."
Oath of Lieges,2.0,['W'],['W'],None,['Enchantment'],None,Rare,PLST,None,None,None,"At the beginning of each player's upkeep, that player chooses target player who controls more lands than they do and is their opponent. The first player may search their library for a basic land card, put that card onto the battlefield, then shuffle."
Solemn Simulacrum,4.0,None,None,None,"['Artifact', 'Creature']",['Golem'],Rare,PLST,2,2,None,"When Solemn Simulacrum enters the battlefield, you may search your library for a basic land card, put that card onto the battlefield tapped, then shuffle.\nWhen Solemn Simulacrum dies, you may draw a card."
Dragon's Eye Sentry,1.0,['W'],['W'],None,['Creature'],"['Human', 'Monk']",Common,PLST,1,3,None,"Defender, first strike"
Herald of Leshrac,7.0,['B'],['B'],None,['Creature'],['Avatar'],Rare,PLST,2,4,None,"Flying\nCumulative upkeep—Gain control of a land you don't control. (At the beginning of your upkeep, put an age counter on this permanent, then sacrifice it unless you pay its upkeep cost for each age counter on it.)\nHerald of Leshrac gets +1/+1 for each land you control but don't own.\nWhen Herald of Leshrac leaves the battlefield, each player gains control of each land they own that you control."
"Talrand, Sky Summoner",4.0,['U'],['U'],['Legendary'],['Creature'],"['Merfolk', 'Wizard']",Rare,PLST,2,2,None,"Whenever you cast an instant or sorcery spell, create a 2/2 blue Drake creature token with flying."
Phyrexian Rager,3.0,['B'],['B'],None,['Creature'],"['Phyrexian', 'Horror']",Common,PLST,2,2,None,"When Phyrexian Rager enters the battlefield, you draw a card and you lose 1 life."
Order of Yawgmoth,4.0,['B'],['B'],None,['Creature'],"['Phyrexian', 'Zombie', 'Knight']",Uncommon,PLST,2,2,None,"Fear (This creature can't be blocked except by artifact creatures and/or black creatures.)\nWhenever Order of Yawgmoth deals damage to a player, that player discards a card."
Underdark Rift,0.0,None,None,None,['Land'],None,Uncommon,PLST,None,None,None,"{T}: Add {C}.\n{5}, {T}, Exile Underdark Rift: Roll a d10. Put target artifact, creature, or planeswalker into its owner's library just beneath the top X cards of that library, where X is the result. Activate only as a sorcery."
Djeru's Resolve,1.0,['W'],['W'],None,['Instant'],None,Common,PLST,None,None,None,"Untap target creature. Prevent all damage that would be dealt to it this turn.\nCycling {2} ({2}, Discard this card: Draw a card.)"
Rite of Replication,4.0,['U'],['U'],None,['Sorcery'],None,Rare,PLST,None,None,None,"Kicker {5} (You may pay an additional {5} as you cast this spell.)\nCreate a token that's a copy of target creature. If this spell was kicked, create five of those tokens instead."
Emissary of Sunrise,3.0,['W'],['W'],None,['Creature'],"['Human', 'Cleric']",Uncommon,PLST,2,1,None,"First strike\nWhen Emissary of Sunrise enters the battlefield, it explores. (Reveal the top card of your library. Put that card into your hand if it's a land. Otherwise, put a +1/+1 counter on this creature, then put the card back or put it into your graveyard.)"
Barrow Ghoul,2.0,['B'],['B'],None,['Creature'],['Zombie'],Common,PLST,4,4,None,"At the beginning of your upkeep, sacrifice Barrow Ghoul unless you exile the top creature card of your graveyard."
Pursuit of Knowledge,4.0,['W'],['W'],None,['Enchantment'],None,Rare,PLST,None,None,None,"If you would draw a card, you may put a study counter on Pursuit of Knowledge instead.\nRemove three study counters from Pursuit of Knowledge, Sacrifice Pursuit of Knowledge: Draw seven cards."
Leonin Relic-Warder,2.0,['W'],['W'],None,['Creature'],"['Cat', 'Cleric']",Uncommon,PLST,2,2,None,"When Leonin Relic-Warder enters the battlefield, you may exile target artifact or enchantment.\nWhen Leonin Relic-Warder leaves the battlefield, return the exiled card to the battlefield under its owner's control."
Ertai's Meddling,1.0,['U'],['U'],None,['Instant'],None,Rare,PLST,None,None,None,"X can't be 0.\nTarget spell's controller exiles it with X delay counters on it.\nAt the beginning of each of that player's upkeeps, if that card is exiled, remove a delay counter from it. If the card has no delay counters on it, the player puts it onto the stack as a copy of the original spell."
Cloudgoat Ranger,5.0,['W'],['W'],None,['Creature'],"['Giant', 'Warrior', 'Ranger']",Uncommon,PLST,3,3,None,"When Cloudgoat Ranger enters the battlefield, create three 1/1 white Kithkin Soldier creature tokens.\nTap three untapped Kithkin you control: Cloudgoat Ranger gets +2/+0 and gains flying until end of turn."
Exsanguinate,2.0,['B'],['B'],None,['Sorcery'],None,Uncommon,PLST,None,None,None,Each opponent loses X life. You gain life equal to the life lost this way.
Feat of Resistance,2.0,['W'],['W'],None,['Instant'],None,Common,PLST,None,None,None,"Put a +1/+1 counter on target creature you control. It gains protection from the color of your choice until end of turn. (It can't be blocked, targeted, dealt damage, enchanted, or equipped by anything of that color.)"
Goblin Game,7.0,['R'],['R'],None,['Sorcery'],None,Rare,PLST,None,None,None,"Each player hides at least one item, then all players reveal them simultaneously. Each player loses life equal to the number of items they revealed. The player who revealed the fewest items then loses half their life, rounded up. If two or more players are tied for fewest, each loses half their life, rounded up."
Eidolon of Rhetoric,3.0,['W'],['W'],None,"['Enchantment', 'Creature']",['Spirit'],Uncommon,PLST,1,4,None,Each player can't cast more than one spell each turn.
Serendib Sorcerer,3.0,['U'],['U'],None,['Creature'],"['Human', 'Wizard']",Rare,PLST,1,1,None,{T}: Target creature other than Serendib Sorcerer has base power and toughness 0/2 until end of turn.
Bruvac the Grandiloquent,3.0,['U'],['U'],['Legendary'],['Creature'],"['Human', 'Advisor']",Mythic,PLST,1,4,None,"If an opponent would mill one or more cards, they mill twice that many cards instead. (To mill a card, a player puts the top card of their library into their graveyard.)"
Geth's Verdict,2.0,['B'],['B'],None,['Instant'],None,Common,PLST,None,None,None,Target player sacrifices a creature and loses 1 life.
Charge,1.0,['W'],['W'],None,['Instant'],None,Common,PLST,None,None,None,Creatures you control get +1/+1 until end of turn.
Faerie Harbinger,4.0,['U'],['U'],None,['Creature'],"['Faerie', 'Wizard']",Uncommon,PLST,2,2,None,"Flash\nFlying\nWhen Faerie Harbinger enters the battlefield, you may search your library for a Faerie card, reveal it, then shuffle and put that card on top."
Fierce Empath,3.0,['G'],['G'],None,['Creature'],['Elf'],Common,PLST,1,1,None,"When Fierce Empath enters the battlefield, you may search your library for a creature card with mana value 6 or greater, reveal it, put it into your hand, then shuffle."
Laboratory Maniac,3.0,['U'],['U'],None,['Creature'],"['Human', 'Wizard']",Rare,PLST,2,2,None,"If you would draw a card while your library has no cards in it, you win the game instead."
Merfolk Looter,2.0,['U'],['U'],None,['Creature'],"['Merfolk', 'Rogue']",Uncommon,PLST,1,1,None,"{T}: Draw a card, then discard a card."
Ominous Seas,2.0,['U'],['U'],None,['Enchantment'],None,Uncommon,PLST,None,None,None,"Whenever you draw a card, put a foreshadow counter on Ominous Seas.\nRemove eight foreshadow counters from Ominous Seas: Create an 8/8 blue Kraken creature token.\nCycling {2} ({2}, Discard this card: Draw a card.)"
Snap,2.0,['U'],['U'],None,['Instant'],None,Common,PLST,None,None,None,Return target creature to its owner's hand. Untap up to two lands.
Ancestral Vengeance,2.0,['B'],['B'],None,['Enchantment'],['Aura'],Common,PLST,None,None,None,"Enchant creature\nWhen Ancestral Vengeance enters the battlefield, put a +1/+1 counter on target creature you control.\nEnchanted creature gets -1/-1."
Beastbreaker of Bala Ged,2.0,['G'],['G'],None,['Creature'],"['Human', 'Warrior']",Uncommon,PLST,2,2,None,Level up {2}{G} ({2}{G}: Put a level counter on this. Level up only as a sorcery.)\nLEVEL 1-3\n4/4\nLEVEL 4+\n6/6\nTrample
Stave Off,1.0,['W'],['W'],None,['Instant'],None,Common,PLST,None,None,None,Target creature gains protection from the color of your choice until end of turn.
Fiend Hunter,3.0,['W'],['W'],None,['Creature'],"['Human', 'Cleric']",Uncommon,PLST,1,3,None,"When Fiend Hunter enters the battlefield, you may exile another target creature.\nWhen Fiend Hunter leaves the battlefield, return the exiled card to the battlefield under its owner's control."
"Haakon, Stromgald Scourge",3.0,['B'],['B'],['Legendary'],['Creature'],"['Zombie', 'Knight']",Rare,PLST,3,3,None,"You may cast Haakon, Stromgald Scourge from your graveyard, but not from anywhere else.\nAs long as Haakon is on the battlefield, you may cast Knight spells from your graveyard.\nWhen Haakon dies, you lose 2 life."
Caught in the Brights,3.0,['W'],['W'],None,['Enchantment'],['Aura'],Common,PLST,None,None,None,"Enchant creature\nEnchanted creature can't attack or block.\nWhen a Vehicle you control attacks, exile enchanted creature."
Phyrexian Plaguelord,5.0,['B'],['B'],None,['Creature'],"['Phyrexian', 'Carrier']",Rare,PLST,4,4,None,"{T}, Sacrifice Phyrexian Plaguelord: Target creature gets -4/-4 until end of turn.\nSacrifice a creature: Target creature gets -1/-1 until end of turn."
Defiant Strike,1.0,['W'],['W'],None,['Instant'],None,Common,PLST,None,None,None,Target creature gets +1/+0 until end of turn.\nDraw a card.
Lay Claim,7.0,['U'],['U'],None,['Enchantment'],['Aura'],Uncommon,PLST,None,None,None,"Enchant permanent\nYou control enchanted permanent.\nCycling {2} ({2}, Discard this card: Draw a card.)"
Cathar's Companion,3.0,['W'],['W'],None,['Creature'],['Dog'],Common,PLST,3,1,None,"Whenever you cast a noncreature spell, Cathar's Companion gains indestructible until end of turn. (Damage and effects that say ""destroy"" don't destroy it.)"
Gifted Aetherborn,2.0,['B'],['B'],None,['Creature'],"['Aetherborn', 'Vampire']",Uncommon,PLST,2,3,None,"Deathtouch, lifelink"
Pathrazer of Ulamog,11.0,None,None,None,['Creature'],['Eldrazi'],Uncommon,PLST,9,9,None,"Annihilator 3 (Whenever this creature attacks, defending player sacrifices three permanents.)\nPathrazer of Ulamog can't be blocked except by three or more creatures."
Lashknife Barrier,3.0,['W'],['W'],None,['Enchantment'],None,Uncommon,PLST,None,None,None,"When Lashknife Barrier enters the battlefield, draw a card.\nIf a source would deal damage to a creature you control, it deals that much damage minus 1 to that creature instead."
"Jace, Vryn's Prodigy // Jace, Telepath Unbound",2.0,['U'],['U'],['Legendary'],['Creature'],"['Human', 'Wizard']",Mythic,PLST,0,2,None,"{T}: Draw a card, then discard a card. If there are five or more cards in your graveyard, exile Jace, Vryn's Prodigy, then return him to the battlefield transformed under his owner's control."
Imperious Perfect,3.0,['G'],['G'],None,['Creature'],"['Elf', 'Warrior']",Uncommon,PLST,2,2,None,"Other Elves you control get +1/+1.\n{G}, {T}: Create a 1/1 green Elf Warrior creature token."
Muddle the Mixture,2.0,['U'],['U'],None,['Instant'],None,Common,PLST,None,None,None,"Counter target instant or sorcery spell.\nTransmute {1}{U}{U} ({1}{U}{U}, Discard this card: Search your library for a card with the same mana value as this card, reveal it, put it into your hand, then shuffle. Transmute only as a sorcery.)"
Thought-Knot Seer,4.0,None,None,None,['Creature'],['Eldrazi'],Rare,PLST,4,4,None,"({C} represents colorless mana.)\nWhen Thought-Knot Seer enters the battlefield, target opponent reveals their hand. You choose a nonland card from it and exile that card.\nWhen Thought-Knot Seer leaves the battlefield, target opponent draws a card."
Invisible Stalker,2.0,['U'],['U'],None,['Creature'],"['Human', 'Rogue']",Uncommon,PLST,1,1,None,Hexproof (This creature can't be the target of spells or abilities your opponents control.)\nInvisible Stalker can't be blocked.
"Phabine, Boss's Confidant",6.0,"['G', 'R', 'W']","['G', 'R', 'W']",['Legendary'],['Creature'],"['Cat', 'Advisor']",Mythic,PLST,3,6,None,"Creature tokens you control have haste.\nParley — At the beginning of combat on your turn, each player reveals the top card of their library. For each land card revealed this way, you create a 1/1 green and white Citizen creature token. Then creatures you control get +1/+1 until end of turn for each nonland card revealed this way. Then each player draws a card."
Jace's Phantasm,1.0,['U'],['U'],None,['Creature'],['Illusion'],Common,PLST,1,1,None,Flying\nJace's Phantasm gets +4/+4 as long as an opponent has ten or more cards in their graveyard.
Kemba's Legion,7.0,['W'],['W'],None,['Creature'],"['Cat', 'Soldier']",Uncommon,PLST,4,6,None,Vigilance\nKemba's Legion can block an additional creature each combat for each Equipment attached to Kemba's Legion.
Wishcoin Crab,4.0,['U'],['U'],None,['Creature'],['Crab'],Common,PLST,2,5,None,None
Grazing Gladehart,3.0,['G'],['G'],None,['Creature'],['Antelope'],Common,PLST,2,2,None,"Landfall — Whenever a land enters the battlefield under your control, you may gain 2 life."
Alesha's Vanguard,4.0,['B'],['B'],None,['Creature'],"['Orc', 'Warrior']",Common,PLST,3,3,None,"Dash {2}{B} (You may cast this spell for its dash cost. If you do, it gains haste, and it's returned from the battlefield to its owner's hand at the beginning of the next end step.)"
Changeling Hero,5.0,['W'],['W'],None,['Creature'],['Shapeshifter'],Uncommon,PLST,4,4,None,"Changeling (This card is every creature type.)\nChampion a creature (When this enters the battlefield, sacrifice it unless you exile another creature you control. When this leaves the battlefield, that card returns to the battlefield.)\nLifelink (Damage dealt by this creature also causes you to gain that much life.)"
Fogwalker,2.0,['U'],['U'],None,['Creature'],['Spirit'],Common,PLST,1,3,None,"Skulk (This creature can't be blocked by creatures with greater power.)\nWhen Fogwalker enters the battlefield, target creature an opponent controls doesn't untap during its controller's next untap step."
Disposal Mummy,3.0,['W'],['W'],None,['Creature'],"['Zombie', 'Jackal']",Common,PLST,2,3,None,"When Disposal Mummy enters the battlefield, exile target card from an opponent's graveyard."
Memory Lapse,2.0,['U'],['U'],None,['Instant'],None,Common,PLST,None,None,None,"Counter target spell. If that spell is countered this way, put it on top of its owner's library instead of into that player's graveyard."
Lashweed Lurker,8.0,None,"['G', 'U']",None,['Creature'],"['Eldrazi', 'Horror']",Uncommon,PLST,5,4,None,"Emerge {5}{G}{U} (You may cast this spell by sacrificing a creature and paying the emerge cost reduced by that creature's mana value.)\nWhen you cast this spell, you may put target nonland permanent on top of its owner's library."
Opt,1.0,['U'],['U'],None,['Instant'],None,Common,PLST,None,None,None,Scry 1.\nDraw a card.
Champion of Arashin,4.0,['W'],['W'],None,['Creature'],"['Dog', 'Warrior']",Common,PLST,3,2,None,Lifelink (Damage dealt by this creature also causes you to gain that much life.)
"Brinelin, the Moon Kraken",8.0,['U'],['U'],['Legendary'],['Creature'],['Kraken'],Uncommon,PLST,6,8,None,"When Brinelin, the Moon Kraken enters the battlefield or whenever you cast a spell with mana value 6 or greater, you may return target nonland permanent to its owner's hand.\nPartner (You can have two commanders if both have partner.)"
Ezuri's Archers,1.0,['G'],['G'],None,['Creature'],"['Elf', 'Archer']",Common,PLST,1,2,None,"Reach (This creature can block creatures with flying.)\nWhenever Ezuri's Archers blocks a creature with flying, Ezuri's Archers gets +3/+0 until end of turn."
Labyrinth Guardian,2.0,['U'],['U'],None,['Creature'],"['Illusion', 'Warrior']",Uncommon,PLST,2,3,None,"When Labyrinth Guardian becomes the target of a spell, sacrifice it.\nEmbalm {3}{U} ({3}{U}, Exile this card from your graveyard: Create a token that's a copy of it, except it's a white Zombie Illusion Warrior with no mana cost. Embalm only as a sorcery.)"
Lapse of Certainty,3.0,['W'],['W'],None,['Instant'],None,Common,PLST,None,None,None,"Counter target spell. If that spell is countered this way, put it on top of its owner's library instead of into that player's graveyard."
Kalastria Highborn,2.0,['B'],['B'],None,['Creature'],"['Vampire', 'Shaman']",Rare,PLST,2,2,None,"Whenever Kalastria Highborn or another Vampire you control dies, you may pay {B}. If you do, target player loses 2 life and you gain 2 life."
Darksteel Mutation,2.0,['W'],['W'],None,['Enchantment'],['Aura'],Uncommon,PLST,None,None,None,"Enchant creature\nEnchanted creature is an Insect artifact creature with base power and toughness 0/1 and has indestructible, and it loses all other abilities, card types, and creature types."
Weathered Wayfarer,1.0,['W'],['W'],None,['Creature'],"['Human', 'Nomad', 'Cleric']",Rare,PLST,1,1,None,"{W}, {T}: Search your library for a land card, reveal it, put it into your hand, then shuffle. Activate only if an opponent controls more lands than you."
Benalish Infantry,3.0,['W'],['W'],None,['Creature'],"['Human', 'Soldier']",Common,PLST,1,3,None,"Banding (Any creatures with banding, and up to one without, can attack in a band. Bands are blocked as a group. If any creatures with banding you control are blocking or being blocked by a creature, you divide that creature's combat damage, not its controller, among any of the creatures it's being blocked by or is blocking.)"
Chimney Imp,5.0,['B'],['B'],None,['Creature'],['Imp'],Common,PLST,1,2,None,"Flying\nWhen Chimney Imp dies, target opponent puts a card from their hand on top of their library."
Cast Out,4.0,['W'],['W'],None,['Enchantment'],None,Uncommon,PLST,None,None,None,"Flash\nWhen Cast Out enters the battlefield, exile target nonland permanent an opponent controls until Cast Out leaves the battlefield.\nCycling {W} ({W}, Discard this card: Draw a card.)"
Treasure Cruise,8.0,['U'],['U'],None,['Sorcery'],None,Common,PLST,None,None,None,Delve (Each card you exile from your graveyard while casting this spell pays for {1}.)\nDraw three cards.
Celestial Flare,2.0,['W'],['W'],None,['Instant'],None,Common,PLST,None,None,None,Target player sacrifices an attacking or blocking creature.
Spellweaver Volute,5.0,['U'],['U'],None,['Enchantment'],['Aura'],Rare,PLST,None,None,None,"Enchant instant card in a graveyard\nWhenever you cast a sorcery spell, copy the enchanted instant card. You may cast the copy without paying its mana cost. If you do, exile the enchanted card and attach Spellweaver Volute to another instant card in a graveyard."
Expose to Daylight,3.0,['W'],['W'],None,['Instant'],None,Common,PLST,None,None,None,Destroy target artifact or enchantment. Scry 1.
Write into Being,3.0,['U'],['U'],None,['Sorcery'],None,Common,PLST,None,None,None,"Look at the top two cards of your library. Manifest one of those cards, then put the other on the top or bottom of your library. (To manifest a card, put it onto the battlefield face down as a 2/2 creature. Turn it face up any time for its mana cost if it's a creature card.)"
Not of This World,7.0,None,None,None,"['Tribal', 'Instant']",['Eldrazi'],Uncommon,PLST,None,None,None,Counter target spell or ability that targets a permanent you control.\nThis spell costs {7} less to cast if it targets a spell or ability that targets a creature you control with power 7 or greater.
Renegade Demon,5.0,['B'],['B'],None,['Creature'],['Demon'],Common,PLST,5,3,None,None
Famished Paladin,2.0,['W'],['W'],None,['Creature'],"['Vampire', 'Knight']",Uncommon,PLST,3,3,None,"Famished Paladin doesn't untap during your untap step.\nWhenever you gain life, untap Famished Paladin."
Gravecrawler,1.0,['B'],['B'],None,['Creature'],['Zombie'],Rare,PLST,2,1,None,Gravecrawler can't block.\nYou may cast Gravecrawler from your graveyard as long as you control a Zombie.
Due Respect,2.0,['W'],['W'],None,['Instant'],None,Uncommon,PLST,None,None,None,Permanents enter the battlefield tapped this turn.\nDraw a card.
Emrakul's Hatcher,5.0,['R'],['R'],None,['Creature'],"['Eldrazi', 'Drone']",Common,PLST,3,3,None,"When Emrakul's Hatcher enters the battlefield, create three 0/1 colorless Eldrazi Spawn creature tokens. They have ""Sacrifice this creature: Add {C}."""
Dawn of Hope,2.0,['W'],['W'],None,['Enchantment'],None,Rare,PLST,None,None,None,"Whenever you gain life, you may pay {2}. If you do, draw a card.\n{3}{W}: Create a 1/1 white Soldier creature token with lifelink."
Faithless Looting,1.0,['R'],['R'],None,['Sorcery'],None,Common,PLST,None,None,None,"Draw two cards, then discard two cards.\nFlashback {2}{R} (You may cast this card from your graveyard for its flashback cost. Then exile it.)"
Charming Prince,2.0,['W'],['W'],None,['Creature'],"['Human', 'Noble']",Rare,PLST,2,2,None,"When Charming Prince enters the battlefield, choose one —\n• Scry 2.\n• You gain 3 life.\n• Exile another target creature you own. Return it to the battlefield under your control at the beginning of the next end step."
Kilnmouth Dragon,7.0,['R'],['R'],None,['Creature'],['Dragon'],Rare,PLST,5,5,None,"Amplify 3 (As this creature enters the battlefield, put three +1/+1 counters on it for each Dragon card you reveal in your hand.)\nFlying\n{T}: Kilnmouth Dragon deals damage equal to the number of +1/+1 counters on it to any target."
Center Soul,2.0,['W'],['W'],None,['Instant'],None,Common,PLST,None,None,None,"Target creature you control gains protection from the color of your choice until end of turn.\nRebound (If you cast this spell from your hand, exile it as it resolves. At the beginning of your next upkeep, you may cast this card from exile without paying its mana cost.)"
Component Pouch,3.0,None,None,None,['Artifact'],None,Uncommon,PLST,None,None,None,"{T}, Remove a component counter from Component Pouch: Add two mana of different colors.\n{T}: Roll a d20.\n1—9 | Put a component counter on Component Pouch.\n10—20 | Put two component counters on Component Pouch."
The Reaver Cleaver,3.0,['R'],['R'],['Legendary'],['Artifact'],['Equipment'],Rare,PLST,None,None,None,"Equipped creature gets +1/+1 and has trample and ""Whenever this creature deals combat damage to a player or planeswalker, create that many Treasure tokens.""\nEquip {3}"
Vodalian Illusionist,3.0,['U'],['U'],None,['Creature'],"['Merfolk', 'Wizard']",Uncommon,PLST,2,2,None,"{U}{U}, {T}: Target creature phases out. (While it's phased out, it's treated as though it doesn't exist. It phases in before its controller untaps during their next untap step.)"
Meddling Mage,2.0,"['U', 'W']","['U', 'W']",None,['Creature'],"['Human', 'Wizard']",Rare,PLST,2,2,None,"As Meddling Mage enters the battlefield, choose a nonland card name.\nSpells with the chosen name can't be cast."
Kiora's Dambreaker,6.0,['U'],['U'],None,['Creature'],['Leviathan'],Common,PLST,5,6,None,"When Kiora's Dambreaker enters the battlefield, proliferate. (Choose any number of permanents and/or players, then give each another counter of each kind already there.)"
Inkfathom Divers,5.0,['U'],['U'],None,['Creature'],"['Merfolk', 'Soldier']",Common,PLST,3,3,None,"Islandwalk (This creature can't be blocked as long as defending player controls an Island.)\nWhen Inkfathom Divers enters the battlefield, look at the top four cards of your library, then put them back in any order."
Dungeon Shade,4.0,['B'],['B'],None,['Creature'],"['Shade', 'Spirit']",Common,PLST,1,1,None,Flying\n{B}: Dungeon Shade gets +1/+1 until end of turn.
Bulwark Giant,6.0,['W'],['W'],None,['Creature'],"['Giant', 'Soldier']",Common,PLST,3,6,None,"When Bulwark Giant enters the battlefield, you gain 5 life."
Jwar Isle Avenger,5.0,['U'],['U'],None,['Creature'],['Sphinx'],Common,PLST,3,3,None,Surge {2}{U} (You may cast this spell for its surge cost if you or a teammate has cast another spell this turn.)\nFlying
Dictate of Heliod,5.0,['W'],['W'],None,['Enchantment'],None,Rare,PLST,None,None,None,Flash\nCreatures you control get +2/+2.
"Aboshan, Cephalid Emperor",6.0,['U'],['U'],['Legendary'],['Creature'],"['Cephalid', 'Noble']",Rare,PLST,3,3,None,Tap an untapped Cephalid you control: Tap target permanent.\n{U}{U}{U}: Tap all creatures without flying.
Jötun Grunt,2.0,['W'],['W'],None,['Creature'],"['Giant', 'Soldier']",Uncommon,PLST,4,4,None,"Cumulative upkeep—Put two cards from a single graveyard on the bottom of their owner's library. (At the beginning of your upkeep, put an age counter on this permanent, then sacrifice it unless you pay its upkeep cost for each age counter on it.)"
Enlightened Maniac,4.0,['U'],['U'],None,['Creature'],['Human'],Common,PLST,0,2,None,"When Enlightened Maniac enters the battlefield, create a 3/2 colorless Eldrazi Horror creature token."
Gorm the Great,4.0,['G'],['G'],['Legendary'],['Creature'],"['Giant', 'Warrior']",Rare,PLST,2,7,None,"Partner with Virtus the Veiled (When this creature enters the battlefield, target player may put Virtus into their hand from their library, then shuffle.)\nVigilance\nGorm the Great must be blocked if able, and Gorm must be blocked by two or more creatures if able."
Coat of Arms,5.0,None,None,None,['Artifact'],None,Rare,PLST,None,None,None,"Each creature gets +1/+1 for each other creature on the battlefield that shares at least one creature type with it. (For example, if two Goblin Warriors and a Goblin Shaman are on the battlefield, each gets +2/+2.)"
Exultant Skymarcher,3.0,['W'],['W'],None,['Creature'],"['Vampire', 'Soldier']",Common,PLST,2,3,None,Flying
Thousand Winds,6.0,['U'],['U'],None,['Creature'],['Elemental'],Rare,PLST,5,6,None,"Flying\nMorph {5}{U}{U} (You may cast this card face down as a 2/2 creature for {3}. Turn it face up any time for its morph cost.)\nWhen Thousand Winds is turned face up, return all other tapped creatures to their owners' hands."
Blessed Spirits,3.0,['W'],['W'],None,['Creature'],['Spirit'],Uncommon,PLST,2,2,None,"Flying\nWhenever you cast an enchantment spell, put a +1/+1 counter on Blessed Spirits."
Brain Weevil,4.0,['B'],['B'],None,['Creature'],['Insect'],Common,PLST,1,1,None,Intimidate (This creature can't be blocked except by artifact creatures and/or creatures that share a color with it.)\nSacrifice Brain Weevil: Target player discards two cards. Activate only as a sorcery.
Dispatch,1.0,['W'],['W'],None,['Instant'],None,Uncommon,PLST,None,None,None,"Tap target creature.\nMetalcraft — If you control three or more artifacts, exile that creature."
Grim Harvest,2.0,['B'],['B'],None,['Instant'],None,Common,PLST,None,None,None,"Return target creature card from your graveyard to your hand.\nRecover {2}{B} (When a creature is put into your graveyard from the battlefield, you may pay {2}{B}. If you do, return this card from your graveyard to your hand. Otherwise, exile this card.)"
Built to Last,1.0,['W'],['W'],None,['Instant'],None,Common,PLST,None,None,None,"Target creature gets +2/+2 until end of turn. If it's an artifact creature, it gains indestructible until end of turn. (Damage and effects that say ""destroy"" don't destroy it.)"
Evincar's Justice,4.0,['B'],['B'],None,['Sorcery'],None,Common,PLST,None,None,None,"Buyback {3} (You may pay an additional {3} as you cast this spell. If you do, put this card into your hand as it resolves.)\nEvincar's Justice deals 2 damage to each creature and each player."
Fen Hauler,7.0,['B'],['B'],None,['Creature'],['Insect'],Common,PLST,5,5,None,Improvise (Your artifacts can help cast this spell. Each artifact you tap after you're done activating mana abilities pays for {1}.)\nFen Hauler can't be blocked by artifact creatures.
Celestial Ancient,5.0,['W'],['W'],None,['Creature'],['Elemental'],Rare,PLST,3,3,None,"Flying\nWhenever you cast an enchantment spell, put a +1/+1 counter on each creature you control."
Frantic Search,3.0,['U'],['U'],None,['Instant'],None,Common,PLST,None,None,None,"Draw two cards, then discard two cards. Untap up to three lands."
Crop Rotation,1.0,['G'],['G'],None,['Instant'],None,Common,PLST,None,None,None,"As an additional cost to cast this spell, sacrifice a land.\nSearch your library for a land card, put that card onto the battlefield, then shuffle."
Beseech the Queen,6.0,['B'],['B'],None,['Sorcery'],None,Uncommon,PLST,None,None,None,"({2/B} can be paid with any two mana or with {B}. This card's mana value is 6.)\nSearch your library for a card with mana value less than or equal to the number of lands you control, reveal it, put it into your hand, then shuffle."
Oust,1.0,['W'],['W'],None,['Sorcery'],None,Uncommon,PLST,None,None,None,Put target creature into its owner's library second from the top. Its controller gains 3 life.
Thought Collapse,3.0,['U'],['U'],None,['Instant'],None,Common,PLST,None,None,None,Counter target spell. Its controller mills three cards.
Decree of Justice,4.0,['W'],['W'],None,['Sorcery'],None,Rare,PLST,None,None,None,"Create X 4/4 white Angel creature tokens with flying.\nCycling {2}{W} ({2}{W}, Discard this card: Draw a card.)\nWhen you cycle Decree of Justice, you may pay {X}. If you do, create X 1/1 white Soldier creature tokens."
Divining Witch,2.0,['B'],['B'],None,['Creature'],"['Human', 'Spellshaper']",Rare,PLST,1,1,None,"{1}{B}, {T}, Discard a card: Choose a card name. Exile the top six cards of your library, then reveal cards from the top of your library until you reveal a card with the chosen name. Put that card into your hand and exile all other cards revealed this way."
Priest of Gix,3.0,['B'],['B'],None,['Creature'],"['Phyrexian', 'Human', 'Cleric', 'Minion']",Uncommon,PLST,2,1,None,"When Priest of Gix enters the battlefield, add {B}{B}{B}."
Gurmag Drowner,4.0,['U'],['U'],None,['Creature'],"['Naga', 'Wizard']",Common,PLST,2,4,None,"Exploit (When this creature enters the battlefield, you may sacrifice a creature.)\nWhen Gurmag Drowner exploits a creature, look at the top four cards of your library. Put one of them into your hand and the rest into your graveyard."
Blastoderm,4.0,['G'],['G'],None,['Creature'],['Beast'],Common,PLST,5,5,None,"Shroud (This creature can't be the target of spells or abilities.)\nFading 3 (This creature enters the battlefield with three fade counters on it. At the beginning of your upkeep, remove a fade counter from it. If you can't, sacrifice it.)"
The Mirari Conjecture,5.0,['U'],['U'],None,['Enchantment'],['Saga'],Rare,PLST,None,None,None,"(As this Saga enters and after your draw step, add a lore counter. Sacrifice after III.)\nI — Return target instant card from your graveyard to your hand.\nII — Return target sorcery card from your graveyard to your hand.\nIII — Until end of turn, whenever you cast an instant or sorcery spell, copy it. You may choose new targets for the copy."
"Hokori, Dust Drinker",4.0,['W'],['W'],['Legendary'],['Creature'],['Spirit'],Rare,PLST,2,2,None,"Lands don't untap during their controllers' untap steps.\nAt the beginning of each player's upkeep, that player untaps a land they control."
Goblin Charbelcher,4.0,None,None,None,['Artifact'],None,Rare,PLST,None,None,None,"{3}, {T}: Reveal cards from the top of your library until you reveal a land card. Goblin Charbelcher deals damage equal to the number of nonland cards revealed this way to any target. If the revealed land card was a Mountain, Goblin Charbelcher deals double that damage instead. Put the revealed cards on the bottom of your library in any order."
Eldrazi Devastator,8.0,None,None,None,['Creature'],['Eldrazi'],Common,PLST,8,9,None,Trample
Faerie Invaders,5.0,['U'],['U'],None,['Creature'],"['Faerie', 'Rogue']",Common,PLST,3,3,None,Flash (You may cast this spell any time you could cast an instant.)\nFlying
Virtus the Veiled,3.0,['B'],['B'],['Legendary'],['Creature'],"['Azra', 'Assassin']",Rare,PLST,1,1,None,"Partner with Gorm the Great (When this creature enters the battlefield, target player may put Gorm into their hand from their library, then shuffle.)\nDeathtouch\nWhenever Virtus the Veiled deals combat damage to a player, that player loses half their life, rounded up."
Toils of Night and Day,3.0,['U'],['U'],None,['Instant'],['Arcane'],Common,PLST,None,None,None,"You may tap or untap target permanent, then you may tap or untap another target permanent."
Cartouche of Solidarity,1.0,['W'],['W'],None,['Enchantment'],"['Aura', 'Cartouche']",Common,PLST,None,None,None,"Enchant creature you control\nWhen Cartouche of Solidarity enters the battlefield, create a 1/1 white Warrior creature token with vigilance.\nEnchanted creature gets +1/+1 and has first strike."
Hieroglyphic Illumination,4.0,['U'],['U'],None,['Instant'],None,Common,PLST,None,None,None,"Draw two cards.\nCycling {U} ({U}, Discard this card: Draw a card.)"
Argivian Find,1.0,['W'],['W'],None,['Instant'],None,Uncommon,PLST,None,None,None,Return target artifact or enchantment card from your graveyard to your hand.
Bucknard's Everfull Purse,2.0,None,None,None,['Artifact'],None,Uncommon,PLST,None,None,None,"{1}, {T}: Roll a d4 and create a number of Treasure tokens equal to the result. The player to your right gains control of Bucknard's Everfull Purse."
Catastrophe,6.0,['W'],['W'],None,['Sorcery'],None,Rare,PLST,None,None,None,Destroy all lands or all creatures. Creatures destroyed this way can't be regenerated.
Fatal Push,1.0,['B'],['B'],None,['Instant'],None,Uncommon,PLST,None,None,None,Destroy target creature if it has mana value 2 or less.\nRevolt — Destroy that creature if it has mana value 4 or less instead if a permanent you controlled left the battlefield this turn.
"Kozilek, Butcher of Truth",10.0,None,None,['Legendary'],['Creature'],['Eldrazi'],Mythic,PLST,12,12,None,"When you cast this spell, draw four cards.\nAnnihilator 4 (Whenever this creature attacks, defending player sacrifices four permanents.)\nWhen Kozilek, Butcher of Truth is put into a graveyard from anywhere, its owner shuffles their graveyard into their library."
"Kasmina, Enigmatic Mentor",4.0,['U'],['U'],['Legendary'],['Planeswalker'],['Kasmina'],Uncommon,PLST,None,None,5,"Spells your opponents cast that target a creature or planeswalker you control cost {2} more to cast.\n[−2]: Create a 2/2 blue Wizard creature token. Draw a card, then discard a card."
Goldenglow Moth,1.0,['W'],['W'],None,['Creature'],['Insect'],Common,PLST,0,1,None,"Flying\nWhenever Goldenglow Moth blocks, you may gain 4 life."
Dreadwaters,4.0,['U'],['U'],None,['Sorcery'],None,Common,PLST,None,None,None,"Target player mills X cards, where X is the number of lands you control."
Felidar Umbra,2.0,['W'],['W'],None,['Enchantment'],['Aura'],Uncommon,PLST,None,None,None,"Enchant creature\nEnchanted creature has lifelink.\n{1}{W}: Attach Felidar Umbra to target creature you control.\nTotem armor (If enchanted creature would be destroyed, instead remove all damage from it and destroy this Aura.)"
Cryptic Command,4.0,['U'],['U'],None,['Instant'],None,Rare,PLST,None,None,None,Choose two —\n• Counter target spell.\n• Return target permanent to its owner's hand.\n• Tap all creatures your opponents control.\n• Draw a card.
Aven Battle Priest,6.0,['W'],['W'],None,['Creature'],"['Bird', 'Cleric']",Common,PLST,3,3,None,"Flying (This creature can't be blocked except by creatures with flying or reach.)\nWhen Aven Battle Priest enters the battlefield, you gain 3 life."
Chancellor of the Annex,7.0,['W'],['W'],None,['Creature'],"['Phyrexian', 'Angel']",Rare,PLST,5,6,None,"You may reveal this card from your opening hand. If you do, when each opponent casts their first spell of the game, counter that spell unless that player pays {1}.\nFlying\nWhenever an opponent casts a spell, counter it unless that player pays {1}."
Cursed Flesh,1.0,['B'],['B'],None,['Enchantment'],['Aura'],Common,PLST,None,None,None,Enchant creature\nEnchanted creature gets -1/-1 and has fear. (It can't be blocked except by artifact creatures and/or black creatures.)
Stone Haven Pilgrim,2.0,['W'],['W'],None,['Creature'],"['Kor', 'Cleric']",Uncommon,PLST,2,2,None,"Whenever Stone Haven Pilgrim attacks, if you control an artifact or enchantment, Stone Haven Pilgrim gets +1/+1 and gains lifelink until end of turn."
Guttural Response,1.0,"['G', 'R']","['G', 'R']",None,['Instant'],None,Uncommon,PLST,None,None,None,Counter target blue instant spell.
Angel of Mercy,5.0,['W'],['W'],None,['Creature'],['Angel'],Common,PLST,3,3,None,"Flying\nWhen Angel of Mercy enters the battlefield, you gain 3 life."
Read the Bones,3.0,['B'],['B'],None,['Sorcery'],None,Common,PLST,None,None,None,"Scry 2, then draw two cards. You lose 2 life."
Crested Sunmare,5.0,['W'],['W'],None,['Creature'],['Horse'],Mythic,PLST,5,5,None,"Other Horses you control have indestructible.\nAt the beginning of each end step, if you gained life this turn, create a 5/5 white Horse creature token."
Consume Spirit,2.0,['B'],['B'],None,['Sorcery'],None,Uncommon,PLST,None,None,None,Spend only black mana on X.\nConsume Spirit deals X damage to any target and you gain X life.
Ghostway,3.0,['W'],['W'],None,['Instant'],None,Rare,PLST,None,None,None,Exile each creature you control. Return those cards to the battlefield under their owner's control at the beginning of the next end step.
Crypt Rats,3.0,['B'],['B'],None,['Creature'],['Rat'],Common,PLST,1,1,None,{X}: Crypt Rats deals X damage to each creature and each player. Spend only black mana on X.
Coalition Honor Guard,4.0,['W'],['W'],None,['Creature'],"['Human', 'Flagbearer']",Common,PLST,2,4,None,"While an opponent is choosing targets as part of casting a spell they control or activating an ability they control, that player must choose at least one Flagbearer on the battlefield if able."
Foil,4.0,['U'],['U'],None,['Instant'],None,Common,PLST,None,None,None,You may discard an Island card and another card rather than pay this spell's mana cost.\nCounter target spell.
Bartered Cow,4.0,['W'],['W'],None,['Creature'],['Ox'],Common,PLST,3,3,None,"When Bartered Cow dies or when you discard it, create a Food token. (It's an artifact with ""{2}, {T}, Sacrifice this artifact: You gain 3 life."")"
Bleak Coven Vampires,5.0,['B'],['B'],None,['Creature'],"['Vampire', 'Warrior']",Common,PLST,4,3,None,"Metalcraft — When Bleak Coven Vampires enters the battlefield, if you control three or more artifacts, target player loses 4 life and you gain 4 life."
Goblin Deathraiders,2.0,"['B', 'R']","['B', 'R']",None,['Creature'],"['Goblin', 'Warrior']",Common,PLST,3,1,None,Trample
Singing Bell Strike,2.0,['U'],['U'],None,['Enchantment'],['Aura'],Common,PLST,None,None,None,"Enchant creature\nWhen Singing Bell Strike enters the battlefield, tap enchanted creature.\nEnchanted creature doesn't untap during its controller's untap step.\nEnchanted creature has ""{6}: Untap this creature."""
Iterative Analysis,0.0,None,None,None,['Conspiracy'],None,Uncommon,PLST,None,None,None,"Hidden agenda (Start the game with this conspiracy face down in the command zone and secretly choose a card name. You may turn this conspiracy face up any time and reveal that name.)\nWhenever you cast an instant or sorcery spell with the chosen name, you may draw a card."
Pilgrim's Eye,3.0,None,None,None,"['Artifact', 'Creature']",['Thopter'],Uncommon,PLST,1,1,None,"Flying\nWhen Pilgrim's Eye enters the battlefield, you may search your library for a basic land card, reveal it, put it into your hand, then shuffle."
Desolation Twin,10.0,None,None,None,['Creature'],['Eldrazi'],Rare,PLST,10,10,None,"When you cast this spell, create a 10/10 colorless Eldrazi creature token."
Displace,3.0,['U'],['U'],None,['Instant'],None,Common,PLST,None,None,None,"Exile up to two target creatures you control, then return those cards to the battlefield under their owner's control."
Filigree Angel,8.0,"['U', 'W']","['U', 'W']",None,"['Artifact', 'Creature']",['Angel'],Rare,PLST,4,4,None,"Flying\nWhen Filigree Angel enters the battlefield, you gain 3 life for each artifact you control."
"Lorthos, the Tidemaker",8.0,['U'],['U'],['Legendary'],['Creature'],['Octopus'],Mythic,PLST,8,8,None,"Whenever Lorthos, the Tidemaker attacks, you may pay {8}. If you do, tap up to eight target permanents. Those permanents don't untap during their controllers' next untap steps."
Alley Evasion,1.0,['W'],['W'],None,['Instant'],None,Common,PLST,None,None,None,Choose one —\n• Target creature you control gets +1/+2 until end of turn.\n• Return target creature you control to its owner's hand.
Stone Giant,4.0,['R'],['R'],None,['Creature'],['Giant'],Uncommon,PLST,3,4,None,{T}: Target creature you control with toughness less than Stone Giant's power gains flying until end of turn. Destroy that creature at the beginning of the next end step.
Whispersteel Dagger,3.0,['B'],['B'],None,['Artifact'],['Equipment'],Rare,PLST,None,None,None,"Equipped creature gets +2/+0.\nWhenever equipped creature deals combat damage to a player, you may cast a creature spell from that player's graveyard this turn, and you may spend mana as though it were mana of any color to cast that spell.\nEquip {3}"
Syncopate,1.0,['U'],['U'],None,['Instant'],None,Common,PLST,None,None,None,"Counter target spell unless its controller pays {X}. If that spell is countered this way, exile it instead of putting it into its owner's graveyard."
Collar the Culprit,4.0,['W'],['W'],None,['Instant'],None,Common,PLST,None,None,None,Destroy target creature with toughness 4 or greater.
Tarfire,1.0,['R'],['R'],None,"['Tribal', 'Instant']",['Goblin'],Common,PLST,None,None,None,Tarfire deals 2 damage to any target.
Elder Deep-Fiend,8.0,None,['U'],None,['Creature'],"['Eldrazi', 'Octopus']",Rare,PLST,5,6,None,"Flash\nEmerge {5}{U}{U} (You may cast this spell by sacrificing a creature and paying the emerge cost reduced by that creature's mana value.)\nWhen you cast this spell, tap up to four target permanents."
Glint,2.0,['U'],['U'],None,['Instant'],None,Common,PLST,None,None,None,Target creature you control gets +0/+3 and gains hexproof until end of turn. (It can't be the target of spells or abilities your opponents control.)
Elvish Archdruid,3.0,['G'],['G'],None,['Creature'],"['Elf', 'Druid']",Rare,PLST,2,2,None,Other Elf creatures you control get +1/+1.\n{T}: Add {G} for each Elf you control.
Dread Return,4.0,['B'],['B'],None,['Sorcery'],None,Uncommon,PLST,None,None,None,Return target creature card from your graveyard to the battlefield.\nFlashback—Sacrifice three creatures. (You may cast this card from your graveyard for its flashback cost. Then exile it.)
Knight Exemplar,3.0,['W'],['W'],None,['Creature'],"['Human', 'Knight']",Rare,PLST,2,2,None,"First strike (This creature deals combat damage before creatures without first strike.)\nOther Knight creatures you control get +1/+1 and have indestructible. (Damage and effects that say ""destroy"" don't destroy them.)"
Benthic Infiltrator,3.0,None,['U'],None,['Creature'],"['Eldrazi', 'Drone']",Common,PLST,1,4,None,"Devoid (This card has no color.)\nIngest (Whenever this creature deals combat damage to a player, that player exiles the top card of their library.)\nBenthic Infiltrator can't be blocked."
Knight of Cliffhaven,2.0,['W'],['W'],None,['Creature'],"['Kor', 'Knight']",Common,PLST,2,2,None,"Level up {3} ({3}: Put a level counter on this. Level up only as a sorcery.)\nLEVEL 1-3\n2/3\nFlying\nLEVEL 4+\n4/4\nFlying, vigilance"
Azra Bladeseeker,3.0,['R'],['R'],None,['Creature'],"['Azra', 'Warrior']",Common,PLST,3,2,None,"When Azra Bladeseeker enters the battlefield, each player on your team may discard a card, then each player who discarded a card this way draws a card."
Court Street Denizen,3.0,['W'],['W'],None,['Creature'],"['Human', 'Soldier']",Common,PLST,2,2,None,"Whenever another white creature enters the battlefield under your control, tap target creature an opponent controls."
Daring Demolition,4.0,['B'],['B'],None,['Sorcery'],None,Common,PLST,None,None,None,Destroy target creature or Vehicle.
Dregscape Zombie,2.0,['B'],['B'],None,['Creature'],['Zombie'],Common,PLST,2,1,None,Unearth {B} ({B}: Return this card from your graveyard to the battlefield. It gains haste. Exile it at the beginning of the next end step or if it would leave the battlefield. Unearth only as a sorcery.)
Oxidize,1.0,['G'],['G'],None,['Instant'],None,Rare,PLST,None,None,None,Destroy target artifact. It can't be regenerated.
Wild Mongrel,2.0,['G'],['G'],None,['Creature'],['Dog'],Common,PLST,2,2,None,Discard a card: Wild Mongrel gets +1/+1 and becomes the color of your choice until end of turn.
"Jace, Wielder of Mysteries",4.0,['U'],['U'],['Legendary'],['Planeswalker'],['Jace'],Rare,PLST,None,None,4,"If you would draw a card while your library has no cards in it, you win the game instead.\n[+1]: Target player mills two cards. Draw a card.\n[−8]: Draw seven cards. Then if your library has no cards in it, you win the game."
"Brimaz, King of Oreskos",3.0,['W'],['W'],['Legendary'],['Creature'],"['Cat', 'Soldier']",Mythic,PLST,3,4,None,"Vigilance\nWhenever Brimaz, King of Oreskos attacks, create a 1/1 white Cat Soldier creature token with vigilance that's attacking.\nWhenever Brimaz blocks a creature, create a 1/1 white Cat Soldier creature token with vigilance that's blocking that creature."
Promise of Power,5.0,['B'],['B'],None,['Sorcery'],None,Rare,PLST,None,None,None,"Choose one —\n• You draw five cards and you lose 5 life.\n• Create an X/X black Demon creature token with flying, where X is the number of cards in your hand.\nEntwine {4} (Choose both if you pay the entwine cost.)"
Ajani's Pridemate,2.0,['W'],['W'],None,['Creature'],"['Cat', 'Soldier']",Uncommon,PLST,2,2,None,"Whenever you gain life, put a +1/+1 counter on Ajani's Pridemate."
"Emrakul, the Aeons Torn",15.0,None,None,['Legendary'],['Creature'],['Eldrazi'],Mythic,PLST,15,15,None,"This spell can't be countered.\nWhen you cast this spell, take an extra turn after this one.\nFlying, protection from spells that are one or more colors, annihilator 6\nWhen Emrakul, the Aeons Torn is put into a graveyard from anywhere, its owner shuffles their graveyard into their library."
Exhaustion,3.0,['U'],['U'],None,['Sorcery'],None,Rare,PLST,None,None,None,Creatures and lands target opponent controls don't untap during their next untap step.
Arrester's Zeal,1.0,['W'],['W'],None,['Instant'],None,Common,PLST,None,None,None,"Target creature gets +2/+2 until end of turn.\nAddendum — If you cast this spell during your main phase, that creature gains flying until end of turn."
Butcher of Malakir,7.0,['B'],['B'],None,['Creature'],"['Vampire', 'Warrior']",Rare,PLST,5,4,None,"Flying\nWhenever Butcher of Malakir or another creature you control dies, each opponent sacrifices a creature."
Dominaria's Judgment,3.0,['W'],['W'],None,['Instant'],None,Rare,PLST,None,None,None,"Until end of turn, creatures you control gain protection from white if you control a Plains, from blue if you control an Island, from black if you control a Swamp, from red if you control a Mountain, and from green if you control a Forest."
Frozen Aether,4.0,['U'],['U'],None,['Enchantment'],None,Uncommon,PLST,None,None,None,"Artifacts, creatures, and lands your opponents control enter the battlefield tapped."
Archangel of Tithes,4.0,['W'],['W'],None,['Creature'],['Angel'],Mythic,PLST,3,5,None,"Flying\nAs long as Archangel of Tithes is untapped, creatures can't attack you or planeswalkers you control unless their controller pays {1} for each of those creatures.\nAs long as Archangel of Tithes is attacking, creatures can't block unless their controller pays {1} for each of those creatures."
Empress Galina,5.0,['U'],['U'],['Legendary'],['Creature'],"['Merfolk', 'Noble']",Rare,PLST,1,3,None,"{U}{U}, {T}: Gain control of target legendary permanent. (This effect lasts indefinitely.)"
"Kitt Kanto, Mayhem Diva",4.0,"['G', 'R', 'W']","['G', 'R', 'W']",['Legendary'],['Creature'],"['Cat', 'Bard', 'Druid']",Mythic,PLST,3,3,None,"When Kitt Kanto enters the battlefield, create a 1/1 green and white Citizen creature token.\nAt the beginning of combat on each player's turn, you may tap two untapped creatures you control. When you do, target creature that player controls gets +2/+2 and gains trample until end of turn. Goad that creature."
Midnight Clock,3.0,['U'],['U'],None,['Artifact'],None,Rare,PLST,None,None,None,"{T}: Add {U}.\n{2}{U}: Put an hour counter on Midnight Clock.\nAt the beginning of each upkeep, put an hour counter on Midnight Clock.\nWhen the twelfth hour counter is put on Midnight Clock, shuffle your hand and graveyard into your library, then draw seven cards. Exile Midnight Clock."
Release the Dogs,4.0,['W'],['W'],None,['Sorcery'],None,Uncommon,PLST,None,None,None,Create four 1/1 white Dog creature tokens.
Teferi's Veil,2.0,['U'],['U'],None,['Enchantment'],None,Uncommon,PLST,None,None,None,"Whenever a creature you control attacks, it phases out at end of combat. (While it's phased out, it's treated as though it doesn't exist. It phases in before you untap during your next untap step.)"
Artful Maneuver,2.0,['W'],['W'],None,['Instant'],None,Common,PLST,None,None,None,"Target creature gets +2/+2 until end of turn.\nRebound (If you cast this spell from your hand, exile it as it resolves. At the beginning of your next upkeep, you may cast this card from exile without paying its mana cost.)"
Body Snatcher,4.0,['B'],['B'],None,['Creature'],"['Phyrexian', 'Minion']",Rare,PLST,2,2,None,"When Body Snatcher enters the battlefield, exile it unless you discard a creature card.\nWhen Body Snatcher dies, exile Body Snatcher and return target creature card from your graveyard to the battlefield."
"Baird, Steward of Argive",4.0,['W'],['W'],['Legendary'],['Creature'],"['Human', 'Soldier']",Uncommon,PLST,2,4,None,Vigilance\nCreatures can't attack you or planeswalkers you control unless their controller pays {1} for each of those creatures.
Sakashima the Impostor,4.0,['U'],['U'],['Legendary'],['Creature'],"['Human', 'Rogue']",Rare,PLST,3,1,None,"You may have Sakashima the Impostor enter the battlefield as a copy of any creature on the battlefield, except its name is Sakashima the Impostor, it's legendary in addition to its other types, and it has ""{2}{U}{U}: Return this creature to its owner's hand at the beginning of the next end step."""
Burden of Guilt,1.0,['W'],['W'],None,['Enchantment'],['Aura'],Common,PLST,None,None,None,Enchant creature\n{1}: Tap enchanted creature.
Citanul Woodreaders,3.0,['G'],['G'],None,['Creature'],"['Human', 'Druid']",Common,PLST,1,4,None,"Kicker {2}{G} (You may pay an additional {2}{G} as you cast this spell.)\nWhen Citanul Woodreaders enters the battlefield, if it was kicked, draw two cards."
Skitter Eel,4.0,['U'],['U'],None,['Creature'],"['Fish', 'Crab']",Common,PLST,3,3,None,"{2}{U}: Adapt 2. (If this creature has no +1/+1 counters on it, put two +1/+1 counters on it.)"
Champion of the Parish,1.0,['W'],['W'],None,['Creature'],"['Human', 'Soldier']",Rare,PLST,1,1,None,"Whenever another Human enters the battlefield under your control, put a +1/+1 counter on Champion of the Parish."
Silvergill Adept,2.0,['U'],['U'],None,['Creature'],"['Merfolk', 'Wizard']",Uncommon,PLST,2,1,None,"As an additional cost to cast this spell, reveal a Merfolk card from your hand or pay {3}.\nWhen Silvergill Adept enters the battlefield, draw a card."
"Darien, King of Kjeldor",6.0,['W'],['W'],['Legendary'],['Creature'],"['Human', 'Soldier']",Rare,PLST,3,3,None,"Whenever you're dealt damage, you may create that many 1/1 white Soldier creature tokens."
Doorkeeper,2.0,['U'],['U'],None,['Creature'],['Homunculus'],Common,PLST,0,4,None,"Defender\n{2}{U}, {T}: Target player mills X cards, where X is the number of creatures you control with defender."
Alliance of Arms,1.0,['W'],['W'],None,['Sorcery'],None,Rare,PLST,None,None,None,"Join forces — Starting with you, each player may pay any amount of mana. Each player creates X 1/1 white Soldier creature tokens, where X is the total amount of mana paid this way."
Convolute,3.0,['U'],['U'],None,['Instant'],None,Common,PLST,None,None,None,Counter target spell unless its controller pays {4}.
Final Judgment,6.0,['W'],['W'],None,['Sorcery'],None,Rare,PLST,None,None,None,Exile all creatures.
Krenko's Command,2.0,['R'],['R'],None,['Sorcery'],None,Common,PLST,None,None,None,Create two 1/1 red Goblin creature tokens.
Approach of the Second Sun,7.0,['W'],['W'],None,['Sorcery'],None,Rare,PLST,None,None,None,"If this spell was cast from your hand and you've cast another spell named Approach of the Second Sun this game, you win the game. Otherwise, put Approach of the Second Sun into its owner's library seventh from the top and you gain 7 life."
Induce Despair,3.0,['B'],['B'],None,['Instant'],None,Common,PLST,None,None,None,"As an additional cost to cast this spell, reveal a creature card from your hand.\nTarget creature gets -X/-X until end of turn, where X is the revealed card's mana value."
The Book of Exalted Deeds,3.0,['W'],['W'],['Legendary'],['Artifact'],None,Mythic,PLST,None,None,None,"At the beginning of your end step, if you gained 3 or more life this turn, create a 3/3 white Angel creature token with flying.\n{W}{W}{W}, {T}, Exile The Book of Exalted Deeds: Put an enlightened counter on target Angel. It gains ""You can't lose the game and your opponents can't win the game."" Activate only as a sorcery."
Breeding Pit,4.0,['B'],['B'],None,['Enchantment'],None,Uncommon,PLST,None,None,None,"At the beginning of your upkeep, sacrifice Breeding Pit unless you pay {B}{B}.\nAt the beginning of your end step, create a 0/1 black Thrull creature token."
Eldrazi Conscription,8.0,None,None,None,"['Tribal', 'Enchantment']","['Eldrazi', 'Aura']",Rare,PLST,None,None,None,"Enchant creature\nEnchanted creature gets +10/+10 and has trample and annihilator 2. (Whenever it attacks, defending player sacrifices two permanents.)"
Dragon Broodmother,6.0,"['G', 'R']","['G', 'R']",None,['Creature'],['Dragon'],Mythic,PLST,4,4,None,"Flying\nAt the beginning of each upkeep, create a 1/1 red and green Dragon creature token with flying and devour 2. (As the token enters the battlefield, you may sacrifice any number of creatures. It enters the battlefield with twice that many +1/+1 counters on it.)"
Angel's Grace,1.0,['W'],['W'],None,['Instant'],None,Rare,PLST,None,None,None,"Split second (As long as this spell is on the stack, players can't cast spells or activate abilities that aren't mana abilities.)\nYou can't lose the game this turn and your opponents can't win the game this turn. Until end of turn, damage that would reduce your life total to less than 1 reduces it to 1 instead."
Undead Warchief,4.0,['B'],['B'],None,['Creature'],['Zombie'],Rare,PLST,1,1,None,Zombie spells you cast cost {1} less to cast.\nZombie creatures you control get +2/+1.
Celestial Dawn,3.0,['W'],['W'],None,['Enchantment'],None,Rare,PLST,None,None,None,Lands you control are Plains.\nNonland permanents you control are white. The same is true for spells you control and nonland cards you own that aren't on the battlefield.\nYou may spend white mana as though it were mana of any color. You may spend other mana only as though it were colorless mana.
Secrets of the Golden City,3.0,['U'],['U'],None,['Sorcery'],None,Common,PLST,None,None,None,"Ascend (If you control ten or more permanents, you get the city's blessing for the rest of the game.)\nDraw two cards. If you have the city's blessing, draw three cards instead."
Celestial Kirin,4.0,['W'],['W'],['Legendary'],['Creature'],"['Kirin', 'Spirit']",Rare,PLST,3,3,None,"Flying\nWhenever you cast a Spirit or Arcane spell, destroy all permanents with that spell's mana value."
Containment Membrane,3.0,['U'],['U'],None,['Enchantment'],['Aura'],Common,PLST,None,None,None,Surge {U} (You may cast this spell for its surge cost if you or a teammate has cast another spell this turn.)\nEnchant creature\nEnchanted creature doesn't untap during its controller's untap step.
Angelic Purge,3.0,['W'],['W'],None,['Sorcery'],None,Common,PLST,None,None,None,"As an additional cost to cast this spell, sacrifice a permanent.\nExile target artifact, creature, or enchantment."
Archway Angel,6.0,['W'],['W'],None,['Creature'],['Angel'],Uncommon,PLST,3,4,None,"Flying\nWhen Archway Angel enters the battlefield, you gain 2 life for each Gate you control."
Phyrexian Vatmother,4.0,['B'],['B'],None,['Creature'],"['Phyrexian', 'Horror']",Rare,PLST,4,5,None,"Infect (This creature deals damage to creatures in the form of -1/-1 counters and to players in the form of poison counters.)\nAt the beginning of your upkeep, you get a poison counter."
Ancestor's Prophet,5.0,['W'],['W'],None,['Creature'],"['Human', 'Cleric']",Rare,PLST,1,5,None,Tap five untapped Clerics you control: You gain 10 life.
Distortion Strike,1.0,['U'],['U'],None,['Sorcery'],None,Uncommon,PLST,None,None,None,"Target creature gets +1/+0 until end of turn and can't be blocked this turn.\nRebound (If you cast this spell from your hand, exile it as it resolves. At the beginning of your next upkeep, you may cast this card from exile without paying its mana cost.)"
Austere Command,6.0,['W'],['W'],None,['Sorcery'],None,Rare,PLST,None,None,None,Choose two —\n• Destroy all artifacts.\n• Destroy all enchantments.\n• Destroy all creatures with mana value 3 or less.\n• Destroy all creatures with mana value 4 or greater.
Ainok Bond-Kin,2.0,['W'],['W'],None,['Creature'],"['Dog', 'Soldier']",Common,PLST,2,1,None,"Outlast {1}{W} ({1}{W}, {T}: Put a +1/+1 counter on this creature. Outlast only as a sorcery.)\nEach creature you control with a +1/+1 counter on it has first strike."
Filigree Familiar,3.0,None,None,None,"['Artifact', 'Creature']",['Fox'],Uncommon,PLST,2,2,None,"When Filigree Familiar enters the battlefield, you gain 2 life.\nWhen Filigree Familiar dies, draw a card."
Candlelight Vigil,4.0,['W'],['W'],None,['Enchantment'],['Aura'],Common,PLST,None,None,None,Enchant creature\nEnchanted creature gets +3/+2 and has vigilance.
Contingency Plan,2.0,['U'],['U'],None,['Sorcery'],None,Common,PLST,None,None,None,"Surveil 5. (Look at the top five cards of your library, then put any number of them into your graveyard and the rest on top of your library in any order.)"
Benediction of Moons,1.0,['W'],['W'],None,['Sorcery'],None,Common,PLST,None,None,None,"You gain 1 life for each player.\nHaunt (When this spell card is put into a graveyard after resolving, exile it haunting target creature.)\nWhen the creature Benediction of Moons haunts dies, you gain 1 life for each player."
Abzan Runemark,3.0,['W'],['W'],None,['Enchantment'],['Aura'],Common,PLST,None,None,None,Enchant creature\nEnchanted creature gets +2/+2.\nEnchanted creature has vigilance as long as you control a black or green permanent.
Ballynock Cohort,3.0,['W'],['W'],None,['Creature'],"['Kithkin', 'Soldier']",Common,PLST,2,2,None,First strike\nBallynock Cohort gets +1/+1 as long as you control another white creature.
Aven Sentry,4.0,['W'],['W'],None,['Creature'],"['Bird', 'Soldier']",Common,PLST,3,2,None,Flying
"Krenko, Mob Boss",4.0,['R'],['R'],['Legendary'],['Creature'],"['Goblin', 'Warrior']",Rare,PLST,3,3,None,"{T}: Create X 1/1 red Goblin creature tokens, where X is the number of Goblins you control."
Claustrophobia,3.0,['U'],['U'],None,['Enchantment'],['Aura'],Common,PLST,None,None,None,"Enchant creature\nWhen Claustrophobia enters the battlefield, tap enchanted creature.\nEnchanted creature doesn't untap during its controller's untap step."
Hideous End,3.0,['B'],['B'],None,['Instant'],None,Common,PLST,None,None,None,Destroy target nonblack creature. Its controller loses 2 life.
Briarhorn,4.0,['G'],['G'],None,['Creature'],['Elemental'],Uncommon,PLST,3,3,None,"Flash\nWhen Briarhorn enters the battlefield, target creature gets +3/+3 until end of turn.\nEvoke {1}{G} (You may cast this spell for its evoke cost. If you do, it's sacrificed when it enters the battlefield.)"
Kiora's Follower,2.0,"['G', 'U']","['G', 'U']",None,['Creature'],['Merfolk'],Uncommon,PLST,2,2,None,{T}: Untap another target permanent.
Caravan Escort,1.0,['W'],['W'],None,['Creature'],"['Human', 'Knight']",Common,PLST,1,1,None,Level up {2} ({2}: Put a level counter on this. Level up only as a sorcery.)\nLEVEL 1-4\n2/2\nLEVEL 5+\n5/5\nFirst strike
Infantry Veteran,1.0,['W'],['W'],None,['Creature'],"['Human', 'Soldier']",Common,PLST,1,1,None,{T}: Target attacking creature gets +1/+1 until end of turn.
Sadistic Augermage,3.0,['B'],['B'],None,['Creature'],"['Human', 'Wizard']",Common,PLST,3,1,None,"When Sadistic Augermage dies, each player puts a card from their hand on top of their library."
Breaker of Armies,8.0,None,None,None,['Creature'],['Eldrazi'],Uncommon,PLST,10,8,None,All creatures able to block Breaker of Armies do so.
Alley Strangler,3.0,['B'],['B'],None,['Creature'],"['Aetherborn', 'Rogue']",Common,PLST,2,3,None,Menace
Anointer Priest,2.0,['W'],['W'],None,['Creature'],"['Human', 'Cleric']",Common,PLST,1,3,None,"Whenever a creature token enters the battlefield under your control, you gain 1 life.\nEmbalm {3}{W} ({3}{W}, Exile this card from your graveyard: Create a token that's a copy of it, except it's a white Zombie Human Cleric with no mana cost. Embalm only as a sorcery.)"
Relearn,3.0,['U'],['U'],None,['Sorcery'],None,Uncommon,PLST,None,None,None,Return target instant or sorcery card from your graveyard to your hand.
Catalog,3.0,['U'],['U'],None,['Instant'],None,Common,PLST,None,None,None,"Draw two cards, then discard a card."
Angel of Destiny,5.0,['W'],['W'],None,['Creature'],"['Angel', 'Cleric']",Mythic,PLST,2,6,None,"Flying, double strike\nWhenever a creature you control deals combat damage to a player, you and that player each gain that much life.\nAt the beginning of your end step, if you have at least 15 life more than your starting life total, each player Angel of Destiny attacked this turn loses the game."
Rivals' Duel,4.0,['R'],['R'],None,['Sorcery'],None,Uncommon,PLST,None,None,None,Choose two target creatures that share no creature types. Those creatures fight each other. (Each deals damage equal to its power to the other.)
Alabaster Dragon,6.0,['W'],['W'],None,['Creature'],['Dragon'],Rare,PLST,4,4,None,"Flying\nWhen Alabaster Dragon dies, shuffle it into its owner's library."
Day's Undoing,3.0,['U'],['U'],None,['Sorcery'],None,Mythic,PLST,None,None,None,"Each player shuffles their hand and graveyard into their library, then draws seven cards. If it's your turn, end the turn. (Exile all spells and abilities from the stack, including this card. Discard down to your maximum hand size. Damage wears off, and ""this turn"" and ""until end of turn"" effects end.)"
Adorned Pouncer,2.0,['W'],['W'],None,['Creature'],['Cat'],Rare,PLST,1,1,None,"Double strike\nEternalize {3}{W}{W} ({3}{W}{W}, Exile this card from your graveyard: Create a token that's a copy of it, except it's a 4/4 black Zombie Cat with no mana cost. Eternalize only as a sorcery.)"
Stonybrook Banneret,2.0,['U'],['U'],None,['Creature'],"['Merfolk', 'Wizard']",Common,PLST,1,1,None,Islandwalk (This creature can't be blocked as long as defending player controls an Island.)\nMerfolk spells and Wizard spells you cast cost {1} less to cast.
Calming Licid,3.0,['W'],['W'],None,['Creature'],['Licid'],Uncommon,PLST,2,2,None,"{W}, {T}: Calming Licid loses this ability and becomes an Aura enchantment with enchant creature. Attach it to target creature. You may pay {W} to end this effect.\nEnchanted creature can't attack."
Amoeboid Changeling,2.0,['U'],['U'],None,['Creature'],['Shapeshifter'],Common,PLST,1,1,None,Changeling (This card is every creature type.)\n{T}: Target creature gains all creature types until end of turn.\n{T}: Target creature loses all creature types until end of turn.
Blessed Reversal,2.0,['W'],['W'],None,['Instant'],None,Rare,PLST,None,None,None,You gain 3 life for each creature attacking you.
Hightide Hermit,5.0,['U'],['U'],None,['Creature'],['Crab'],Common,PLST,4,4,None,"Defender\nWhen Hightide Hermit enters the battlefield, you get {E}{E}{E}{E} (four energy counters).\nPay {E}{E}: Hightide Hermit can attack this turn as though it didn't have defender."
Abzan Falconer,3.0,['W'],['W'],None,['Creature'],"['Human', 'Soldier']",Uncommon,PLST,2,3,None,"Outlast {W} ({W}, {T}: Put a +1/+1 counter on this creature. Outlast only as a sorcery.)\nEach creature you control with a +1/+1 counter on it has flying."
All That Glitters,2.0,['W'],['W'],None,['Enchantment'],['Aura'],Uncommon,PLST,None,None,None,Enchant creature\nEnchanted creature gets +1/+1 for each artifact and/or enchantment you control.
Gaseous Form,3.0,['U'],['U'],None,['Enchantment'],['Aura'],Common,PLST,None,None,None,Enchant creature\nPrevent all combat damage that would be dealt to and dealt by enchanted creature.
Will Kenrith,6.0,['U'],['U'],['Legendary'],['Planeswalker'],['Will'],Mythic,PLST,None,None,4,"[+2]: Until your next turn, up to two target creatures each have base power and toughness 0/3 and lose all abilities.\n[−2]: Target player draws two cards. Until your next turn, instant, sorcery, and planeswalker spells that player casts cost {2} less to cast.\n[−8]: Target player gets an emblem with ""Whenever you cast an instant or sorcery spell, copy it. You may choose new targets for the copy.""\nPartner with Rowan Kenrith\nWill Kenrith can be your commander."
Dirgur Nemesis,6.0,['U'],['U'],None,['Creature'],['Serpent'],Common,PLST,6,5,None,Defender\nMegamorph {6}{U} (You may cast this card face down as a 2/2 creature for {3}. Turn it face up any time for its megamorph cost and put a +1/+1 counter on it.)
Anointed Procession,4.0,['W'],['W'],None,['Enchantment'],None,Rare,PLST,None,None,None,"If an effect would create one or more tokens under your control, it creates twice that many of those tokens instead."
Reclusive Artificer,4.0,"['R', 'U']","['R', 'U']",None,['Creature'],"['Human', 'Artificer']",Uncommon,PLST,2,3,None,"Haste (This creature can attack and {T} as soon as it comes under your control.)\nWhen Reclusive Artificer enters the battlefield, you may have it deal damage to target creature equal to the number of artifacts you control."
Basking Rootwalla,1.0,['G'],['G'],None,['Creature'],['Lizard'],Common,PLST,1,1,None,"{1}{G}: Basking Rootwalla gets +2/+2 until end of turn. Activate only once each turn.\nMadness {0} (If you discard this card, discard it into exile. When you do, cast it for its madness cost or put it into your graveyard.)"
Grim Discovery,2.0,['B'],['B'],None,['Sorcery'],None,Common,PLST,None,None,None,Choose one or both —\n• Return target creature card from your graveyard to your hand.\n• Return target land card from your graveyard to your hand.
Bonds of Faith,2.0,['W'],['W'],None,['Enchantment'],['Aura'],Common,PLST,None,None,None,"Enchant creature\nEnchanted creature gets +2/+2 as long as it's a Human. Otherwise, it can't attack or block."
Stone Haven Medic,2.0,['W'],['W'],None,['Creature'],"['Kor', 'Cleric']",Common,PLST,1,3,None,"{W}, {T}: You gain 1 life."
Angel of Serenity,7.0,['W'],['W'],None,['Creature'],['Angel'],Mythic,PLST,5,6,None,"Flying\nWhen Angel of Serenity enters the battlefield, you may exile up to three other target creatures from the battlefield and/or creature cards from graveyards.\nWhen Angel of Serenity leaves the battlefield, return the exiled cards to their owners' hands."
Mindlock Orb,4.0,['U'],['U'],None,['Artifact'],None,Rare,PLST,None,None,None,Players can't search libraries.
Rowan Kenrith,6.0,['R'],['R'],['Legendary'],['Planeswalker'],['Rowan'],Mythic,PLST,None,None,4,"[+2]: During target player's next turn, each creature that player controls attacks if able.\n[−2]: Rowan Kenrith deals 3 damage to each tapped creature target player controls.\n[−8]: Target player gets an emblem with ""Whenever you activate an ability that isn't a mana ability, copy it. You may choose new targets for the copy.""\nPartner with Will Kenrith\nRowan Kenrith can be your commander."
Aven Riftwatcher,3.0,['W'],['W'],None,['Creature'],"['Bird', 'Rebel', 'Soldier']",Common,PLST,2,3,None,"Flying\nVanishing 3 (This creature enters the battlefield with three time counters on it. At the beginning of your upkeep, remove a time counter from it. When the last is removed, sacrifice it.)\nWhen Aven Riftwatcher enters or leaves the battlefield, you gain 2 life."
"Cosima, God of the Voyage // The Omenkeel",3.0,['U'],['U'],['Legendary'],['Creature'],['God'],Rare,PLST,2,4,None,"At the beginning of your upkeep, you may exile Cosima. If you do, it gains ""Whenever a land enters the battlefield under your control, if Cosima is exiled, you may put a voyage counter on it. If you don't, return Cosima to the battlefield with X +1/+1 counters on it and draw X cards, where X is the number of voyage counters on it."""
Adanto Vanguard,2.0,['W'],['W'],None,['Creature'],"['Vampire', 'Soldier']",Uncommon,PLST,1,1,None,"As long as Adanto Vanguard is attacking, it gets +2/+0.\nPay 4 life: Adanto Vanguard gains indestructible until end of turn. (Damage and effects that say ""destroy"" don't destroy it.)"
"Fblthp, the Lost",2.0,['U'],['U'],['Legendary'],['Creature'],['Homunculus'],Rare,PLST,1,1,None,"When Fblthp, the Lost enters the battlefield, draw a card. If it entered from your library or was cast from your library, draw two cards instead.\nWhen Fblthp becomes the target of a spell, shuffle Fblthp into its owner's library."
Always Watching,3.0,['W'],['W'],None,['Enchantment'],None,Rare,PLST,None,None,None,Nontoken creatures you control get +1/+1 and have vigilance.
Brink of Madness,4.0,['B'],['B'],None,['Enchantment'],None,Rare,PLST,None,None,None,"At the beginning of your upkeep, if you have no cards in hand, sacrifice Brink of Madness and target opponent discards their hand."
Adarkar Valkyrie,6.0,['W'],['W'],['Snow'],['Creature'],['Angel'],Rare,PLST,4,5,None,"Flying, vigilance\n{T}: When target creature other than Adarkar Valkyrie dies this turn, return that card to the battlefield under your control."
Stormwatch Eagle,4.0,['U'],['U'],None,['Creature'],['Bird'],Common,PLST,2,1,None,Flying\nSacrifice a land: Return Stormwatch Eagle to its owner's hand.
Preyseizer Dragon,6.0,['R'],['R'],None,['Creature'],['Dragon'],Rare,PLST,4,4,None,"Flying\nDevour 2 (As this enters the battlefield, you may sacrifice any number of creatures. This creature enters the battlefield with twice that many +1/+1 counters on it.)\nWhenever Preyseizer Dragon attacks, it deals damage to any target equal to the number of +1/+1 counters on Preyseizer Dragon."
Phyrexian Crusader,3.0,['B'],['B'],None,['Creature'],"['Phyrexian', 'Zombie', 'Knight']",Rare,PLST,2,2,None,"First strike, protection from red and from white\nInfect (This creature deals damage to creatures in the form of -1/-1 counters and to players in the form of poison counters.)"
Riptide Director,4.0,['U'],['U'],None,['Creature'],"['Human', 'Wizard']",Rare,PLST,2,3,None,"{2}{U}{U}, {T}: Draw a card for each Wizard you control."
Island,0.0,None,['U'],['Basic'],['Land'],['Island'],Common,PLST,None,None,None,({T}: Add {U}.)
Diminish,1.0,['U'],['U'],None,['Instant'],None,Common,PLST,None,None,None,Target creature has base power and toughness 1/1 until end of turn.
Treasure Trove,4.0,['U'],['U'],None,['Enchantment'],None,Uncommon,PLST,None,None,None,{2}{U}{U}: Draw a card.
Ogre Gatecrasher,4.0,['R'],['R'],None,['Creature'],"['Ogre', 'Rogue']",Common,PLST,3,3,None,"When Ogre Gatecrasher enters the battlefield, destroy target creature with defender."
Deep Freeze,3.0,['U'],['U'],None,['Enchantment'],['Aura'],Common,PLST,None,None,None,"Enchant creature\nEnchanted creature has base power and toughness 0/4, has defender, loses all other abilities, and is a blue Wall in addition to its other colors and types."
Maverick Thopterist,5.0,"['R', 'U']","['R', 'U']",None,['Creature'],"['Human', 'Artificer']",Uncommon,PLST,2,2,None,"Improvise (Your artifacts can help cast this spell. Each artifact you tap after you're done activating mana abilities pays for {1}.)\nWhen Maverick Thopterist enters the battlefield, create two 1/1 colorless Thopter artifact creature tokens with flying."
Corpsehatch,5.0,['B'],['B'],None,['Sorcery'],None,Uncommon,PLST,None,None,None,"Destroy target nonblack creature. Create two 0/1 colorless Eldrazi Spawn creature tokens. They have ""Sacrifice this creature: Add {C}."""
Karn Liberated,7.0,None,None,['Legendary'],['Planeswalker'],['Karn'],Mythic,PLST,None,None,6,"[+4]: Target player exiles a card from their hand.\n[−3]: Exile target permanent.\n[−14]: Restart the game, leaving in exile all non-Aura permanent cards exiled with Karn Liberated. Then put those cards onto the battlefield under your control."
Time to Feed,3.0,['G'],['G'],None,['Sorcery'],None,Common,PLST,None,None,None,"Choose target creature an opponent controls. When that creature dies this turn, you gain 3 life. Target creature you control fights that creature. (Each deals damage equal to its power to the other.)"
Lavaborn Muse,4.0,['R'],['R'],None,['Creature'],['Spirit'],Rare,PLST,3,3,None,"At the beginning of each opponent's upkeep, if that player has two or fewer cards in hand, Lavaborn Muse deals 3 damage to that player."
Stasis Snare,3.0,['W'],['W'],None,['Enchantment'],None,Uncommon,PLST,None,None,None,"Flash (You may cast this spell any time you could cast an instant.)\nWhen Stasis Snare enters the battlefield, exile target creature an opponent controls until Stasis Snare leaves the battlefield. (That creature returns under its owner's control.)"
Decision Paralysis,4.0,['U'],['U'],None,['Instant'],None,Common,PLST,None,None,None,Tap up to two target creatures. Those creatures don't untap during their controller's next untap step.
Wind-Kin Raiders,6.0,['U'],['U'],None,['Creature'],"['Human', 'Artificer']",Uncommon,PLST,4,3,None,Improvise (Your artifacts can help cast this spell. Each artifact you tap after you're done activating mana abilities pays for {1}.)\nFlying
Thieving Magpie,4.0,['U'],['U'],None,['Creature'],['Bird'],Uncommon,PLST,1,3,None,"Flying (This creature can't be blocked except by creatures with flying or reach.)\nWhenever Thieving Magpie deals damage to an opponent, draw a card."
Search the City,5.0,['U'],['U'],None,['Enchantment'],None,Rare,PLST,None,None,None,"When Search the City enters the battlefield, exile the top five cards of your library.\nWhenever you play a card with the same name as one of the exiled cards, you may put one of those cards with that name into its owner's hand. Then if there are no cards exiled with Search the City, sacrifice it. If you do, take an extra turn after this one."
"Syr Elenora, the Discerning",5.0,['U'],['U'],['Legendary'],['Creature'],"['Human', 'Knight']",Uncommon,PLST,*,4,None,"Syr Elenora, the Discerning's power is equal to the number of cards in your hand.\nWhen Syr Elenora enters the battlefield, draw a card.\nSpells your opponents cast that target Syr Elenora cost {2} more to cast."
Sailor of Means,3.0,['U'],['U'],None,['Creature'],"['Human', 'Pirate']",Common,PLST,1,4,None,"When Sailor of Means enters the battlefield, create a Treasure token. (It's an artifact with ""{T}, Sacrifice this artifact: Add one mana of any color."")"
Shared Fate,5.0,['U'],['U'],None,['Enchantment'],None,Rare,PLST,None,None,None,"If a player would draw a card, that player exiles the top card of one of their opponents' libraries face down instead.\nEach player may look at cards they exiled with Shared Fate, and they may play lands and cast spells from among those cards."
Phyresis,2.0,['B'],['B'],None,['Enchantment'],['Aura'],Common,PLST,None,None,None,Enchant creature\nEnchanted creature has infect. (It deals damage to creatures in the form of -1/-1 counters and to players in the form of poison counters.)
Wizened Cenn,2.0,['W'],['W'],None,['Creature'],"['Kithkin', 'Cleric']",Uncommon,PLST,2,2,None,Other Kithkin creatures you control get +1/+1.
Collective Restraint,4.0,['U'],['U'],None,['Enchantment'],None,Rare,PLST,None,None,None,"Domain — Creatures can't attack you unless their controller pays {X} for each creature they control that's attacking you, where X is the number of basic land types among lands you control."
Contradict,5.0,['U'],['U'],None,['Instant'],None,Common,PLST,None,None,None,Counter target spell.\nDraw a card.
Roar of the Wurm,7.0,['G'],['G'],None,['Sorcery'],None,Uncommon,PLST,None,None,None,Create a 6/6 green Wurm creature token.\nFlashback {3}{G} (You may cast this card from your graveyard for its flashback cost. Then exile it.)
Stitched Drake,3.0,['U'],['U'],None,['Creature'],"['Zombie', 'Drake']",Common,PLST,3,4,None,"As an additional cost to cast this spell, exile a creature card from your graveyard.\nFlying"
Lone Missionary,2.0,['W'],['W'],None,['Creature'],"['Kor', 'Monk']",Common,PLST,2,1,None,"When Lone Missionary enters the battlefield, you gain 4 life."
Demonic Tutor,2.0,['B'],['B'],None,['Sorcery'],None,Uncommon,PLST,None,None,None,"Search your library for a card, put that card into your hand, then shuffle."
Whir of Invention,3.0,['U'],['U'],None,['Instant'],None,Rare,PLST,None,None,None,"Improvise (Your artifacts can help cast this spell. Each artifact you tap after you're done activating mana abilities pays for {1}.)\nSearch your library for an artifact card with mana value X or less, put it onto the battlefield, then shuffle."
Chart a Course,2.0,['U'],['U'],None,['Sorcery'],None,Uncommon,PLST,None,None,None,Draw two cards. Then discard a card unless you attacked this turn.
Eye of the Storm,7.0,['U'],['U'],None,['Enchantment'],None,Rare,PLST,None,None,None,"Whenever a player casts an instant or sorcery card, exile it. Then that player copies each instant or sorcery card exiled with Eye of the Storm. For each copy, the player may cast the copy without paying its mana cost."
Calculated Dismissal,3.0,['U'],['U'],None,['Instant'],None,Common,PLST,None,None,None,"Counter target spell unless its controller pays {3}.\nSpell mastery — If there are two or more instant and/or sorcery cards in your graveyard, scry 2. (To scry 2, look at the top two cards of your library, then put any number of them on the bottom of your library and the rest on top in any order.)"
Thraben Standard Bearer,1.0,['W'],['W'],None,['Creature'],"['Human', 'Soldier']",Common,PLST,1,1,None,"{1}{W}, {T}, Discard a card: Create a 1/1 white Human Soldier creature token."
Rampant Growth,2.0,['G'],['G'],None,['Sorcery'],None,Common,PLST,None,None,None,"Search your library for a basic land card, put that card onto the battlefield tapped, then shuffle."
Sparkmage Apprentice,2.0,['R'],['R'],None,['Creature'],"['Human', 'Wizard']",Common,PLST,1,1,None,"When Sparkmage Apprentice enters the battlefield, it deals 1 damage to any target."
"Rith, the Awakener",6.0,"['G', 'R', 'W']","['G', 'R', 'W']",['Legendary'],['Creature'],['Dragon'],Rare,PLST,6,6,None,"Flying\nWhenever Rith, the Awakener deals combat damage to a player, you may pay {2}{G}. If you do, choose a color, then create a 1/1 green Saproling creature token for each permanent of that color."
Bad Moon,2.0,['B'],['B'],None,['Enchantment'],None,Rare,PLST,None,None,None,Black creatures get +1/+1.
Kederekt Parasite,1.0,['B'],['B'],None,['Creature'],['Horror'],Rare,PLST,1,1,None,"Whenever an opponent draws a card, if you control a red permanent, you may have Kederekt Parasite deal 1 damage to that player."
Sheer Drop,3.0,['W'],['W'],None,['Sorcery'],None,Common,PLST,None,None,None,"Destroy target tapped creature.\nAwaken 3—{5}{W} (If you cast this spell for {5}{W}, also put three +1/+1 counters on target land you control and it becomes a 0/0 Elemental creature with haste. It's still a land.)"
Ardent Plea,3.0,"['U', 'W']","['U', 'W']",None,['Enchantment'],None,Uncommon,PLST,None,None,None,"Exalted (Whenever a creature you control attacks alone, that creature gets +1/+1 until end of turn.)\nCascade (When you cast this spell, exile cards from the top of your library until you exile a nonland card that costs less. You may cast it without paying its mana cost. Put the exiled cards on the bottom of your library in a random order.)"
Hedron Crab,1.0,['U'],['U'],None,['Creature'],['Crab'],Uncommon,PLST,0,2,None,"Landfall — Whenever a land enters the battlefield under your control, target player mills three cards."
Crush Dissent,4.0,['U'],['U'],None,['Instant'],None,Common,PLST,None,None,None,"Counter target spell unless its controller pays {2}.\nAmass Zombies 2. (Put two +1/+1 counters on an Army you control. It's also a Zombie. If you don't control an Army, create a 0/0 black Zombie Army creature token first.)"
Circular Logic,3.0,['U'],['U'],None,['Instant'],None,Uncommon,PLST,None,None,None,"Counter target spell unless its controller pays {1} for each card in your graveyard.\nMadness {U} (If you discard this card, discard it into exile. When you do, cast it for its madness cost or put it into your graveyard.)"
Puca's Mischief,4.0,['U'],['U'],None,['Enchantment'],None,Rare,PLST,None,None,None,"At the beginning of your upkeep, you may exchange control of target nonland permanent you control and target nonland permanent an opponent controls with an equal or lesser mana value."
Student of Warfare,1.0,['W'],['W'],None,['Creature'],"['Human', 'Knight']",Rare,PLST,1,1,None,Level up {W} ({W}: Put a level counter on this. Level up only as a sorcery.)\nLEVEL 2-6\n3/3\nFirst strike\nLEVEL 7+\n4/4\nDouble strike
Pteramander,1.0,['U'],['U'],None,['Creature'],"['Salamander', 'Drake']",Uncommon,PLST,1,1,None,"Flying\n{7}{U}: Adapt 4. This ability costs {1} less to activate for each instant and sorcery card in your graveyard. (If this creature has no +1/+1 counters on it, put four +1/+1 counters on it.)"
Flusterstorm,1.0,['U'],['U'],None,['Instant'],None,Rare,PLST,None,None,None,"Counter target instant or sorcery spell unless its controller pays {1}.\nStorm (When you cast this spell, copy it for each spell cast before it this turn. You may choose new targets for the copies.)"
Failed Inspection,4.0,['U'],['U'],None,['Instant'],None,Common,PLST,None,None,None,"Counter target spell. Draw a card, then discard a card."
Mark of Mutiny,3.0,['R'],['R'],None,['Sorcery'],None,Uncommon,PLST,None,None,None,Gain control of target creature until end of turn. Put a +1/+1 counter on it and untap it. That creature gains haste until end of turn. (It can attack and {T} this turn.)
River Darter,3.0,['U'],['U'],None,['Creature'],"['Merfolk', 'Warrior']",Common,PLST,2,3,None,River Darter can't be blocked by Dinosaurs.
Magic Missile,3.0,['R'],['R'],None,['Sorcery'],None,Uncommon,PLST,None,None,None,"This spell can't be countered.\nMagic Missile deals 3 damage divided as you choose among one, two, or three targets."
Slip Through Space,1.0,None,['U'],None,['Sorcery'],None,Common,PLST,None,None,None,Devoid (This card has no color.)\nTarget creature can't be blocked this turn.\nDraw a card.
Strategic Planning,2.0,['U'],['U'],None,['Sorcery'],None,Common,PLST,None,None,None,Look at the top three cards of your library. Put one of them into your hand and the rest into your graveyard.
Refocus,2.0,['U'],['U'],None,['Instant'],None,Common,PLST,None,None,None,Untap target creature.\nDraw a card.
Thalia's Lancers,5.0,['W'],['W'],None,['Creature'],"['Human', 'Knight']",Rare,PLST,4,4,None,"First strike\nWhen Thalia's Lancers enters the battlefield, you may search your library for a legendary card, reveal it, put it into your hand, then shuffle."
Dream Twist,1.0,['U'],['U'],None,['Instant'],None,Common,PLST,None,None,None,Target player mills three cards.\nFlashback {1}{U} (You may cast this card from your graveyard for its flashback cost. Then exile it.)
Cloudreader Sphinx,5.0,['U'],['U'],None,['Creature'],['Sphinx'],Common,PLST,3,4,None,"Flying\nWhen Cloudreader Sphinx enters the battlefield, scry 2. (Look at the top two cards of your library, then put any number of them on the bottom of your library and the rest on top in any order.)"
Condescend,1.0,['U'],['U'],None,['Instant'],None,Uncommon,PLST,None,None,None,"Counter target spell unless its controller pays {X}. Scry 2. (Look at the top two cards of your library, then put any number of them on the bottom of your library and the rest on top in any order.)"
Genju of the Fens,1.0,['B'],['B'],None,['Enchantment'],['Aura'],Uncommon,PLST,None,None,None,"Enchant Swamp\n{2}: Until end of turn, enchanted Swamp becomes a 2/2 black Spirit creature with ""{B}: This creature gets +1/+1 until end of turn."" It's still a land.\nWhen enchanted Swamp is put into a graveyard, you may return Genju of the Fens from your graveyard to your hand."
Necravolver,3.0,['B'],"['B', 'G', 'W']",None,['Creature'],['Volver'],Rare,PLST,2,2,None,"Kicker {1}{G} and/or {W} (You may pay an additional {1}{G} and/or {W} as you cast this spell.)\nIf Necravolver was kicked with its {1}{G} kicker, it enters the battlefield with two +1/+1 counters on it and with trample.\nIf Necravolver was kicked with its {W} kicker, it enters the battlefield with a +1/+1 counter on it and with ""Whenever Necravolver deals damage, you gain that much life."""
Compelling Argument,2.0,['U'],['U'],None,['Sorcery'],None,Common,PLST,None,None,None,"Target player mills five cards.\nCycling {U} ({U}, Discard this card: Draw a card.)"
Drift of Phantasms,3.0,['U'],['U'],None,['Creature'],['Spirit'],Common,PLST,0,5,None,"Defender (This creature can't attack.)\nFlying\nTransmute {1}{U}{U} ({1}{U}{U}, Discard this card: Search your library for a card with the same mana value as this card, reveal it, put it into your hand, then shuffle. Transmute only as a sorcery.)"
Veteran of the Depths,4.0,['W'],['W'],None,['Creature'],"['Merfolk', 'Soldier']",Uncommon,PLST,2,2,None,"Whenever Veteran of the Depths becomes tapped, you may put a +1/+1 counter on it."
Ojutai's Breath,3.0,['U'],['U'],None,['Instant'],None,Common,PLST,None,None,None,"Tap target creature. It doesn't untap during its controller's next untap step.\nRebound (If you cast this spell from your hand, exile it as it resolves. At the beginning of your next upkeep, you may cast this card from exile without paying its mana cost.)"
Tinker,3.0,['U'],['U'],None,['Sorcery'],None,Uncommon,PLST,None,None,None,"As an additional cost to cast this spell, sacrifice an artifact.\nSearch your library for an artifact card, put that card onto the battlefield, then shuffle."
Soltari Monk,2.0,['W'],['W'],None,['Creature'],"['Soltari', 'Monk', 'Cleric']",Uncommon,PLST,2,1,None,Protection from black\nShadow (This creature can block or be blocked by only creatures with shadow.)
Pemmin's Aura,3.0,['U'],['U'],None,['Enchantment'],['Aura'],Uncommon,PLST,None,None,None,Enchant creature\n{U}: Untap enchanted creature.\n{U}: Enchanted creature gains flying until end of turn.\n{U}: Enchanted creature gains shroud until end of turn. (It can't be the target of spells or abilities.)\n{1}: Enchanted creature gets +1/-1 or -1/+1 until end of turn.
"Nezahal, Primal Tide",7.0,['U'],['U'],['Legendary'],['Creature'],"['Elder', 'Dinosaur']",Rare,PLST,7,7,None,"This spell can't be countered.\nYou have no maximum hand size.\nWhenever an opponent casts a noncreature spell, draw a card.\nDiscard three cards: Exile Nezahal, Primal Tide. Return it to the battlefield tapped under its owner's control at the beginning of the next end step."
Cloud Dragon,6.0,['U'],['U'],None,['Creature'],"['Illusion', 'Dragon']",Rare,PLST,5,4,None,Flying\nCloud Dragon can block only creatures with flying.
Rhystic Study,3.0,['U'],['U'],None,['Enchantment'],None,Common,PLST,None,None,None,"Whenever an opponent casts a spell, you may draw a card unless that player pays {1}."
Nova Cleric,1.0,['W'],['W'],None,['Creature'],"['Human', 'Cleric']",Uncommon,PLST,1,2,None,"{2}{W}, {T}, Sacrifice Nova Cleric: Destroy all enchantments."
Spined Thopter,3.0,['U'],['U'],None,"['Artifact', 'Creature']","['Phyrexian', 'Thopter']",Common,PLST,2,1,None,({U/P} can be paid with either {U} or 2 life.)\nFlying
Deep Analysis,4.0,['U'],['U'],None,['Sorcery'],None,Common,PLST,None,None,None,"Target player draws two cards.\nFlashback—{1}{U}, Pay 3 life. (You may cast this card from your graveyard for its flashback cost. Then exile it.)"
Galvanic Blast,1.0,['R'],['R'],None,['Instant'],None,Common,PLST,None,None,None,Galvanic Blast deals 2 damage to any target.\nMetalcraft — Galvanic Blast deals 4 damage instead if you control three or more artifacts.
Bloodrite Invoker,3.0,['B'],['B'],None,['Creature'],"['Vampire', 'Shaman']",Common,PLST,3,1,None,{8}: Target player loses 3 life and you gain 3 life.
Hope of Ghirapur,1.0,None,None,['Legendary'],"['Artifact', 'Creature']",['Thopter'],Rare,PLST,1,1,None,"Flying\nSacrifice Hope of Ghirapur: Until your next turn, target player who was dealt combat damage by Hope of Ghirapur this turn can't cast noncreature spells."
Peel from Reality,2.0,['U'],['U'],None,['Instant'],None,Common,PLST,None,None,None,Return target creature you control and target creature you don't control to their owners' hands.
Explore,2.0,['G'],['G'],None,['Sorcery'],None,Common,PLST,None,None,None,You may play an additional land this turn.\nDraw a card.
Acrobatic Maneuver,3.0,['W'],['W'],None,['Instant'],None,Common,PLST,None,None,None,"Exile target creature you control, then return that card to the battlefield under its owner's control.\nDraw a card."
Patron of the Moon,7.0,['U'],['U'],['Legendary'],['Creature'],['Spirit'],Rare,PLST,5,4,None,Moonfolk offering (You may cast this card any time you could cast an instant by sacrificing a Moonfolk and paying the difference in mana costs between this and the sacrificed Moonfolk. Mana cost includes color.)\nFlying\n{1}: Put up to two land cards from your hand onto the battlefield tapped.
"Ryusei, the Falling Star",6.0,['R'],['R'],['Legendary'],['Creature'],"['Dragon', 'Spirit']",Rare,PLST,5,5,None,"Flying\nWhen Ryusei, the Falling Star dies, it deals 5 damage to each creature without flying."
Cartouche of Knowledge,2.0,['U'],['U'],None,['Enchantment'],"['Aura', 'Cartouche']",Common,PLST,None,None,None,"Enchant creature you control\nWhen Cartouche of Knowledge enters the battlefield, draw a card.\nEnchanted creature gets +1/+1 and has flying."
Noble Benefactor,3.0,['U'],['U'],None,['Creature'],"['Human', 'Cleric']",Uncommon,PLST,2,2,None,"When Noble Benefactor dies, each player may search their library for a card and put that card into their hand. Then each player who searched their library this way shuffles."
Funeral Charm,1.0,['B'],['B'],None,['Instant'],None,Rare,PLST,None,None,None,Choose one —\n• Target player discards a card.\n• Target creature gets +2/-1 until end of turn.\n• Target creature gains swampwalk until end of turn. (It can't be blocked as long as defending player controls a Swamp.)
Thraben Inspector,1.0,['W'],['W'],None,['Creature'],"['Human', 'Soldier']",Common,PLST,1,2,None,"When Thraben Inspector enters the battlefield, investigate. (Create a Clue token. It's an artifact with ""{2}, Sacrifice this artifact: Draw a card."")"
Soul's Attendant,1.0,['W'],['W'],None,['Creature'],"['Human', 'Cleric']",Common,PLST,1,1,None,"Whenever another creature enters the battlefield, you may gain 1 life."
Negate,2.0,['U'],['U'],None,['Instant'],None,Common,PLST,None,None,None,Counter target noncreature spell.
Lord of the Undead,3.0,['B'],['B'],None,['Creature'],['Zombie'],Rare,PLST,2,2,None,"Other Zombie creatures get +1/+1.\n{1}{B}, {T}: Return target Zombie card from your graveyard to your hand."
Pongify,1.0,['U'],['U'],None,['Instant'],None,Uncommon,PLST,None,None,None,Destroy target creature. It can't be regenerated. Its controller creates a 3/3 green Ape creature token.
Sacred Rites,1.0,['W'],['W'],None,['Instant'],None,Common,PLST,None,None,None,Discard any number of cards. Creatures you control get +0/+1 until end of turn for each card discarded this way.
Artificer's Assistant,1.0,['U'],['U'],None,['Creature'],['Bird'],Common,PLST,1,1,None,"Flying\nWhenever you cast a historic spell, scry 1. (Artifacts, legendaries, and Sagas are historic. To scry 1, look at the top card of your library, then you may put that card on the bottom of your library.)"
Whelming Wave,4.0,['U'],['U'],None,['Sorcery'],None,Rare,PLST,None,None,None,"Return all creatures to their owners' hands except for Krakens, Leviathans, Octopuses, and Serpents."
Coral Trickster,2.0,['U'],['U'],None,['Creature'],"['Merfolk', 'Rogue']",Common,PLST,2,1,None,"Morph {U} (You may cast this card face down as a 2/2 creature for {3}. Turn it face up any time for its morph cost.)\nWhen Coral Trickster is turned face up, you may tap or untap target permanent."
Enclave Cryptologist,1.0,['U'],['U'],None,['Creature'],"['Merfolk', 'Wizard']",Uncommon,PLST,0,1,None,"Level up {1}{U} ({1}{U}: Put a level counter on this. Level up only as a sorcery.)\nLEVEL 1-2\n0/1\n{T}: Draw a card, then discard a card.\nLEVEL 3+\n0/1\n{T}: Draw a card."
Orcish Lumberjack,1.0,['R'],"['G', 'R']",None,['Creature'],['Orc'],Common,PLST,1,1,None,"{T}, Sacrifice a Forest: Add three mana in any combination of {R} and/or {G}."
Sensei Golden-Tail,2.0,['W'],['W'],['Legendary'],['Creature'],"['Fox', 'Samurai']",Rare,PLST,2,1,None,"Bushido 1 (Whenever this creature blocks or becomes blocked, it gets +1/+1 until end of turn.)\n{1}{W}, {T}: Put a training counter on target creature. That creature gains bushido 1 and becomes a Samurai in addition to its other creature types. Activate only as a sorcery."
Retreat to Emeria,4.0,['W'],['W'],None,['Enchantment'],None,Uncommon,PLST,None,None,None,"Landfall — Whenever a land enters the battlefield under your control, choose one —\n• Create a 1/1 white Kor Ally creature token.\n• Creatures you control get +1/+1 until end of turn."
"Rayne, Academy Chancellor",3.0,['U'],['U'],['Legendary'],['Creature'],"['Human', 'Wizard']",Rare,PLST,1,1,None,"Whenever you or a permanent you control becomes the target of a spell or ability an opponent controls, you may draw a card. You may draw an additional card if Rayne, Academy Chancellor is enchanted."
Thalia's Lieutenant,2.0,['W'],['W'],None,['Creature'],"['Human', 'Soldier']",Rare,PLST,1,1,None,"When Thalia's Lieutenant enters the battlefield, put a +1/+1 counter on each other Human you control.\nWhenever another Human enters the battlefield under your control, put a +1/+1 counter on Thalia's Lieutenant."
Teremko Griffin,4.0,['W'],['W'],None,['Creature'],['Griffin'],Common,PLST,2,2,None,"Flying; banding (Any creatures with banding, and up to one without, can attack in a band. Bands are blocked as a group. If any creatures with banding you control are blocking or being blocked by a creature, you divide that creature's combat damage, not its controller, among any of the creatures it's being blocked by or is blocking.)"
Sea Gate Oracle,3.0,['U'],['U'],None,['Creature'],"['Human', 'Wizard']",Common,PLST,1,3,None,"When Sea Gate Oracle enters the battlefield, look at the top two cards of your library. Put one of them into your hand and the other on the bottom of your library."
Bewilder,3.0,['U'],['U'],None,['Instant'],None,Common,PLST,None,None,None,Target creature gets -3/-0 until end of turn.\nDraw a card.
Maximize Altitude,1.0,['U'],['U'],None,['Sorcery'],None,Common,PLST,None,None,None,Target creature gets +1/+1 and gains flying until end of turn.\nJump-start (You may cast this card from your graveyard by discarding a card in addition to paying its other costs. Then exile this card.)
Surrakar Banisher,5.0,['U'],['U'],None,['Creature'],['Surrakar'],Common,PLST,3,3,None,"When Surrakar Banisher enters the battlefield, you may return target tapped creature to its owner's hand."
Wandering Champion,2.0,['W'],['W'],None,['Creature'],"['Human', 'Monk']",Common,PLST,3,1,None,"Whenever Wandering Champion deals combat damage to a player, if you control a blue or red permanent, you may discard a card. If you do, draw a card."
Mnemonic Wall,5.0,['U'],['U'],None,['Creature'],['Wall'],Common,PLST,0,4,None,"Defender\nWhen Mnemonic Wall enters the battlefield, you may return target instant or sorcery card from your graveyard to your hand."
"Llawan, Cephalid Empress",4.0,['U'],['U'],['Legendary'],['Creature'],"['Cephalid', 'Noble']",Rare,PLST,2,3,None,"When Llawan, Cephalid Empress enters the battlefield, return all blue creatures your opponents control to their owners' hands.\nYour opponents can't cast blue creature spells."
Mischievous Quanar,5.0,['U'],['U'],None,['Creature'],['Beast'],Rare,PLST,3,3,None,"{3}{U}{U}: Turn Mischievous Quanar face down.\nMorph {1}{U}{U} (You may cast this card face down as a 2/2 creature for {3}. Turn it face up any time for its morph cost.)\nWhen Mischievous Quanar is turned face up, copy target instant or sorcery spell. You may choose new targets for that copy."
Phyrexian Metamorph,4.0,['U'],['U'],None,"['Artifact', 'Creature']","['Phyrexian', 'Shapeshifter']",Rare,PLST,0,0,None,"({U/P} can be paid with either {U} or 2 life.)\nYou may have Phyrexian Metamorph enter the battlefield as a copy of any artifact or creature on the battlefield, except it's an artifact in addition to its other types."
March of the Machines,4.0,['U'],['U'],None,['Enchantment'],None,Rare,PLST,None,None,None,Each noncreature artifact is an artifact creature with power and toughness each equal to its mana value. (Equipment that's a creature can't equip a creature.)
Keeper of the Nine Gales,3.0,['U'],['U'],None,['Creature'],"['Bird', 'Wizard']",Rare,PLST,1,2,None,"Flying\n{T}, Tap two untapped Birds you control: Return target permanent to its owner's hand."
Curio Vendor,2.0,['U'],['U'],None,['Creature'],['Vedalken'],Common,PLST,2,1,None,None
Leapfrog,3.0,['U'],['U'],None,['Creature'],['Frog'],Common,PLST,3,1,None,Leapfrog has flying as long as you've cast an instant or sorcery spell this turn.
Oath of Scholars,4.0,['U'],['U'],None,['Enchantment'],None,Rare,PLST,None,None,None,"At the beginning of each player's upkeep, that player chooses target player who has more cards in hand than they do and is their opponent. The first player may discard their hand and draw three cards."
The Antiquities War,4.0,['U'],['U'],None,['Enchantment'],['Saga'],Rare,PLST,None,None,None,"(As this Saga enters and after your draw step, add a lore counter. Sacrifice after III.)\nI, II — Look at the top five cards of your library. You may reveal an artifact card from among them and put it into your hand. Put the rest on the bottom of your library in a random order.\nIII — Artifacts you control become artifact creatures with base power and toughness 5/5 until end of turn."
Sealock Monster,5.0,['U'],['U'],None,['Creature'],['Octopus'],Uncommon,PLST,5,5,None,"Sealock Monster can't attack unless defending player controls an Island.\n{5}{U}{U}: Monstrosity 3. (If this creature isn't monstrous, put three +1/+1 counters on it and it becomes monstrous.)\nWhen Sealock Monster becomes monstrous, target land becomes an Island in addition to its other types."
Thornwind Faeries,3.0,['U'],['U'],None,['Creature'],['Faerie'],Common,PLST,1,1,None,Flying\n{T}: Thornwind Faeries deals 1 damage to any target.
Lethal Sting,3.0,['B'],['B'],None,['Sorcery'],None,Common,PLST,None,None,None,"As an additional cost to cast this spell, put a -1/-1 counter on a creature you control.\nDestroy target creature."
Archive Trap,5.0,['U'],['U'],None,['Instant'],['Trap'],Rare,PLST,None,None,None,"If an opponent searched their library this turn, you may pay {0} rather than pay this spell's mana cost.\nTarget opponent mills thirteen cards."
Territorial Hammerskull,3.0,['W'],['W'],None,['Creature'],['Dinosaur'],Common,PLST,2,3,None,"Whenever Territorial Hammerskull attacks, tap target creature an opponent controls."
Survive the Night,3.0,['W'],['W'],None,['Instant'],None,Common,PLST,None,None,None,"Target creature gets +1/+0 and gains indestructible until end of turn. (Damage and effects that say ""destroy"" don't destroy it.)\nInvestigate. (Create a Clue token. It's an artifact with ""{2}, Sacrifice this artifact: Draw a card."")"
Humongulus,5.0,['U'],['U'],None,['Creature'],['Homunculus'],Common,PLST,2,5,None,Hexproof (This creature can't be the target of spells or abilities your opponents control.)
Balance of Power,5.0,['U'],['U'],None,['Sorcery'],None,Rare,PLST,None,None,None,"If target opponent has more cards in hand than you, draw cards equal to the difference."
Erratic Explosion,3.0,['R'],['R'],None,['Sorcery'],None,Common,PLST,None,None,None,Choose any target. Reveal cards from the top of your library until you reveal a nonland card. Erratic Explosion deals damage equal to that card's mana value to that permanent or player. Put the revealed cards on the bottom of your library in any order.
Phyrexian Etchings,3.0,['B'],['B'],None,['Enchantment'],None,Rare,PLST,None,None,None,"Cumulative upkeep {B} (At the beginning of your upkeep, put an age counter on this permanent, then sacrifice it unless you pay its upkeep cost for each age counter on it.)\nAt the beginning of your end step, draw a card for each age counter on Phyrexian Etchings.\nWhen Phyrexian Etchings is put into a graveyard from the battlefield, you lose 2 life for each age counter on it."
Seahunter,4.0,['U'],['U'],None,['Creature'],"['Human', 'Mercenary']",Rare,PLST,2,2,None,"{3}, {T}: Search your library for a Merfolk permanent card, put it onto the battlefield, then shuffle."
Doomsday,3.0,['B'],['B'],None,['Sorcery'],None,Rare,PLST,None,None,None,"Search your library and graveyard for five cards and exile the rest. Put the chosen cards on top of your library in any order. You lose half your life, rounded up."
Amass the Components,4.0,['U'],['U'],None,['Sorcery'],None,Common,PLST,None,None,None,"Draw three cards, then put a card from your hand on the bottom of your library."
Echoing Decay,2.0,['B'],['B'],None,['Instant'],None,Common,PLST,None,None,None,Target creature and all other creatures with the same name as that creature get -2/-2 until end of turn.
Academy Journeymage,5.0,['U'],['U'],None,['Creature'],"['Human', 'Wizard']",Common,PLST,3,2,None,"This spell costs {1} less to cast if you control a Wizard.\nWhen Academy Journeymage enters the battlefield, return target creature an opponent controls to its owner's hand."
Trinket Mage,3.0,['U'],['U'],None,['Creature'],"['Human', 'Wizard']",Common,PLST,2,2,None,"When Trinket Mage enters the battlefield, you may search your library for an artifact card with mana value 1 or less, reveal that card, put it into your hand, then shuffle."
Goblin Chieftain,3.0,['R'],['R'],None,['Creature'],['Goblin'],Rare,PLST,2,2,None,Haste (This creature can attack and {T} as soon as it comes under your control.)\nOther Goblin creatures you control get +1/+1 and have haste.
Cadaver Imp,3.0,['B'],['B'],None,['Creature'],['Imp'],Common,PLST,1,1,None,"Flying\nWhen Cadaver Imp enters the battlefield, you may return target creature card from your graveyard to your hand."
Combo Attack,3.0,['G'],['G'],None,['Sorcery'],None,Common,PLST,None,None,None,Two target creatures your team controls each deal damage equal to their power to target creature.
Blade Instructor,3.0,['W'],['W'],None,['Creature'],"['Human', 'Soldier']",Common,PLST,3,1,None,"Mentor (Whenever this creature attacks, put a +1/+1 counter on target attacking creature with lesser power.)"
Cackling Imp,4.0,['B'],['B'],None,['Creature'],['Imp'],Common,PLST,2,2,None,Flying\n{T}: Target player loses 1 life.
Sunrise Seeker,5.0,['W'],['W'],None,['Creature'],"['Human', 'Scout']",Common,PLST,3,3,None,"Vigilance\nWhen Sunrise Seeker enters the battlefield, it explores. (Reveal the top card of your library. Put that card into your hand if it's a land. Otherwise, put a +1/+1 counter on this creature, then put the card back or put it into your graveyard.)"
Ancestral Memories,5.0,['U'],['U'],None,['Sorcery'],None,Rare,PLST,None,None,None,Look at the top seven cards of your library. Put two of them into your hand and the rest into your graveyard.
Dark Suspicions,4.0,['B'],['B'],None,['Enchantment'],None,Rare,PLST,None,None,None,"At the beginning of each opponent's upkeep, that player loses X life, where X is the number of cards in that player's hand minus the number of cards in your hand."
Beetleback Chief,4.0,['R'],['R'],None,['Creature'],"['Goblin', 'Warrior']",Uncommon,PLST,2,2,None,"When Beetleback Chief enters the battlefield, create two 1/1 red Goblin creature tokens."
Selfless Spirit,2.0,['W'],['W'],None,['Creature'],"['Spirit', 'Cleric']",Rare,PLST,2,1,None,Flying\nSacrifice Selfless Spirit: Creatures you control gain indestructible until end of turn.
Death Cloud,3.0,['B'],['B'],None,['Sorcery'],None,Rare,PLST,None,None,None,"Each player loses X life, discards X cards, sacrifices X creatures, then sacrifices X lands."
Phantasmal Dragon,4.0,['U'],['U'],None,['Creature'],"['Dragon', 'Illusion']",Uncommon,PLST,5,5,None,"Flying\nWhen Phantasmal Dragon becomes the target of a spell or ability, sacrifice it."
Scion of Ugin,6.0,None,None,None,['Creature'],"['Dragon', 'Spirit']",Uncommon,PLST,4,4,None,Flying
Treasure Mage,3.0,['U'],['U'],None,['Creature'],"['Human', 'Wizard']",Uncommon,PLST,2,2,None,"When Treasure Mage enters the battlefield, you may search your library for an artifact card with mana value 6 or greater, reveal it, put it into your hand, then shuffle."
Blistergrub,3.0,['B'],['B'],None,['Creature'],"['Phyrexian', 'Horror']",Common,PLST,2,2,None,"Swampwalk (This creature can't be blocked as long as defending player controls a Swamp.)\nWhen Blistergrub dies, each opponent loses 2 life."
Wrath of God,4.0,['W'],['W'],None,['Sorcery'],None,Rare,PLST,None,None,None,Destroy all creatures. They can't be regenerated.
Arcbound Overseer,8.0,None,None,None,"['Artifact', 'Creature']",['Golem'],Rare,PLST,0,0,None,"At the beginning of your upkeep, put a +1/+1 counter on each creature with modular you control.\nModular 6 (This creature enters the battlefield with six +1/+1 counters on it. When it dies, you may put its +1/+1 counters on target artifact creature.)"
"Muldrotha, the Gravetide",6.0,"['B', 'G', 'U']","['B', 'G', 'U']",['Legendary'],['Creature'],"['Elemental', 'Avatar']",Mythic,PLST,6,6,None,"During each of your turns, you may play a land and cast a permanent spell of each permanent type from your graveyard. (If a card has multiple permanent types, choose one as you play it.)"
Arc Trail,2.0,['R'],['R'],None,['Sorcery'],None,Uncommon,PLST,None,None,None,Arc Trail deals 2 damage to any target and 1 damage to another target.
Sphinx of the Second Sun,8.0,['U'],['U'],None,['Creature'],['Sphinx'],Mythic,PLST,6,6,None,"Flying\nAt the beginning of your postcombat main phase, there is an additional beginning phase after this phase. (The beginning phase includes the untap, upkeep, and draw steps.)"
The Royal Scions,3.0,"['R', 'U']","['R', 'U']",['Legendary'],['Planeswalker'],"['Will', 'Rowan']",Mythic,PLST,None,None,5,"[+1]: Draw a card, then discard a card.\n[+1]: Target creature gets +2/+0 and gains first strike and trample until end of turn.\n[−8]: Draw four cards. When you do, The Royal Scions deals damage to any target equal to the number of cards in your hand."
Latchkey Faerie,4.0,['U'],['U'],None,['Creature'],"['Faerie', 'Rogue']",Common,PLST,3,1,None,"Flying\nProwl {2}{U} (You may cast this for its prowl cost if you dealt combat damage to a player this turn with a Faerie or Rogue.)\nWhen Latchkey Faerie enters the battlefield, if its prowl cost was paid, draw a card."
Midnight Guard,3.0,['W'],['W'],None,['Creature'],"['Human', 'Soldier']",Common,PLST,2,3,None,"Whenever another creature enters the battlefield, untap Midnight Guard."
Forest,0.0,None,['G'],['Basic'],['Land'],['Forest'],Common,PLST,None,None,None,({T}: Add {G}.)
Embodiment of Spring,1.0,['U'],"['G', 'U']",None,['Creature'],['Elemental'],Common,PLST,0,3,None,"{1}{G}, {T}, Sacrifice Embodiment of Spring: Search your library for a basic land card, put it onto the battlefield tapped, then shuffle."
Lord of the Accursed,3.0,['B'],['B'],None,['Creature'],['Zombie'],Uncommon,PLST,2,3,None,"Other Zombies you control get +1/+1.\n{1}{B}, {T}: All Zombies gain menace until end of turn."
Giant Growth,1.0,['G'],['G'],None,['Instant'],None,Common,PLST,None,None,None,Target creature gets +3/+3 until end of turn.
Dragon Fodder,2.0,['R'],['R'],None,['Sorcery'],None,Common,PLST,None,None,None,Create two 1/1 red Goblin creature tokens.
Siege Modification,3.0,['R'],['R'],None,['Enchantment'],['Aura'],Uncommon,PLST,None,None,None,"Enchant creature or Vehicle\nAs long as enchanted permanent is a Vehicle, it's a creature in addition to its other types.\nEnchanted creature gets +3/+0 and has first strike."
Cult of the Waxing Moon,5.0,['G'],['G'],None,['Creature'],"['Human', 'Shaman']",Uncommon,PLST,5,4,None,"Whenever a permanent you control transforms into a non-Human creature, create a 2/2 green Wolf creature token."
Needle Specter,3.0,['B'],['B'],None,['Creature'],['Specter'],Rare,PLST,1,1,None,"Flying\nWither (This deals damage to creatures in the form of -1/-1 counters.)\nWhenever Needle Specter deals combat damage to a player, that player discards that many cards."
Invade the City,3.0,"['R', 'U']","['R', 'U']",None,['Sorcery'],None,Uncommon,PLST,None,None,None,"Amass Zombies X, where X is the number of instant and sorcery cards in your graveyard. (Put X +1/+1 counters on an Army you control. It's also a Zombie. If you don't control an Army, create a 0/0 black Zombie Army creature token first.)"
Winged Shepherd,6.0,['W'],['W'],None,['Creature'],['Angel'],Common,PLST,3,3,None,"Flying, vigilance\nCycling {W} ({W}, Discard this card: Draw a card.)"
Deadeye Tormentor,3.0,['B'],['B'],None,['Creature'],"['Human', 'Pirate']",Common,PLST,2,2,None,"Raid — When Deadeye Tormentor enters the battlefield, if you attacked this turn, target opponent discards a card."
"Raff Capashen, Ship's Mage",4.0,"['U', 'W']","['U', 'W']",['Legendary'],['Creature'],"['Human', 'Wizard']",Uncommon,PLST,3,3,None,"Flash\nFlying\nYou may cast historic spells as though they had flash. (Artifacts, legendaries, and Sagas are historic.)"
Metallic Rebuke,3.0,['U'],['U'],None,['Instant'],None,Common,PLST,None,None,None,Improvise (Your artifacts can help cast this spell. Each artifact you tap after you're done activating mana abilities pays for {1}.)\nCounter target spell unless its controller pays {3}.
Tradewind Rider,4.0,['U'],['U'],None,['Creature'],['Spirit'],Rare,PLST,1,4,None,"Flying\n{T}, Tap two untapped creatures you control: Return target permanent to its owner's hand."
Scorched Earth,1.0,['R'],['R'],None,['Sorcery'],None,Rare,PLST,None,None,None,"As an additional cost to cast this spell, discard X land cards.\nDestroy X target lands."
Slash of Talons,1.0,['W'],['W'],None,['Instant'],None,Common,PLST,None,None,None,Slash of Talons deals 2 damage to target attacking or blocking creature.
Molten Psyche,3.0,['R'],['R'],None,['Sorcery'],None,Rare,PLST,None,None,None,"Each player shuffles the cards from their hand into their library, then draws that many cards.\nMetalcraft — If you control three or more artifacts, Molten Psyche deals damage to each opponent equal to the number of cards that player has drawn this turn."
"Ajani, Strength of the Pride",4.0,['W'],['W'],['Legendary'],['Planeswalker'],['Ajani'],Mythic,PLST,None,None,5,"[+1]: You gain life equal to the number of creatures you control plus the number of planeswalkers you control.\n[−2]: Create a 2/2 white Cat Soldier creature token named Ajani's Pridemate with ""Whenever you gain life, put a +1/+1 counter on Ajani's Pridemate.""\n[0]: If you have at least 15 life more than your starting life total, exile Ajani, Strength of the Pride and each artifact and creature your opponents control."
Metathran Elite,3.0,['U'],['U'],None,['Creature'],"['Metathran', 'Soldier']",Uncommon,PLST,2,3,None,Metathran Elite can't be blocked as long as it's enchanted.
Knollspine Dragon,7.0,['R'],['R'],None,['Creature'],['Dragon'],Rare,PLST,7,5,None,"Flying\nWhen Knollspine Dragon enters the battlefield, you may discard your hand and draw cards equal to the damage dealt to target opponent this turn."
Flame-Kin Zealot,4.0,"['R', 'W']","['R', 'W']",None,['Creature'],"['Elemental', 'Berserker']",Uncommon,PLST,2,2,None,"When Flame-Kin Zealot enters the battlefield, creatures you control get +1/+1 and gain haste until end of turn."
Rite of Flame,1.0,['R'],['R'],None,['Sorcery'],None,Rare,PLST,None,None,None,"Add {R}{R}, then add {R} for each card named Rite of Flame in each graveyard."
Kathari Remnant,4.0,"['B', 'U']","['B', 'U']",None,['Creature'],"['Bird', 'Skeleton']",Uncommon,PLST,0,1,None,"Flying\n{B}: Regenerate Kathari Remnant.\nCascade (When you cast this spell, exile cards from the top of your library until you exile a nonland card that costs less. You may cast it without paying its mana cost. Put the exiled cards on the bottom of your library in a random order.)"
"Budoka Gardener // Dokai, Weaver of Life",2.0,['G'],['G'],None,['Creature'],"['Human', 'Monk']",Rare,PLST,2,1,None,"{T}: You may put a land card from your hand onto the battlefield. If you control ten or more lands, flip Budoka Gardener."
Aether Tradewinds,3.0,['U'],['U'],None,['Instant'],None,Common,PLST,None,None,None,Return target permanent you control and target permanent you don't control to their owners' hands.
Release the Ants,2.0,['R'],['R'],None,['Instant'],None,Uncommon,PLST,None,None,None,"Release the Ants deals 1 damage to any target. Clash with an opponent. If you win, return Release the Ants to its owner's hand. (Each clashing player reveals the top card of their library, then puts that card on the top or bottom. A player wins if their card had a higher mana value.)"
Spirited Companion,2.0,['W'],['W'],None,"['Enchantment', 'Creature']",['Dog'],Common,PLST,1,1,None,"When Spirited Companion enters the battlefield, draw a card."
Arrow Storm,5.0,['R'],['R'],None,['Sorcery'],None,Common,PLST,None,None,None,"Arrow Storm deals 4 damage to any target.\nRaid — If you attacked this turn, instead Arrow Storm deals 5 damage to that permanent or player and the damage can't be prevented."
Long-Term Plans,3.0,['U'],['U'],None,['Instant'],None,Uncommon,PLST,None,None,None,"Search your library for a card, then shuffle and put that card third from the top."
Prakhata Club Security,4.0,['B'],['B'],None,['Creature'],"['Aetherborn', 'Warrior']",Common,PLST,3,4,None,None
Goblin Trenches,3.0,"['R', 'W']","['R', 'W']",None,['Enchantment'],None,Rare,PLST,None,None,None,"{2}, Sacrifice a land: Create two 1/1 red and white Goblin Soldier creature tokens."
Dragon's Eye Savants,2.0,['U'],['U'],None,['Creature'],"['Human', 'Wizard']",Uncommon,PLST,0,6,None,"Morph—Reveal a blue card in your hand. (You may cast this card face down as a 2/2 creature for {3}. Turn it face up any time for its morph cost.)\nWhen Dragon's Eye Savants is turned face up, look at target opponent's hand."
Fierce Invocation,5.0,['R'],['R'],None,['Sorcery'],None,Common,PLST,None,None,None,"Manifest the top card of your library, then put two +1/+1 counters on it. (To manifest a card, put it onto the battlefield face down as a 2/2 creature. Turn it face up any time for its mana cost if it's a creature card.)"
Unexpected Results,4.0,"['G', 'U']","['G', 'U']",None,['Sorcery'],None,Rare,PLST,None,None,None,"Shuffle your library, then reveal the top card. If it's a nonland card, you may cast it without paying its mana cost. If it's a land card, you may put it onto the battlefield and return Unexpected Results to its owner's hand."
Wing Shards,3.0,['W'],['W'],None,['Instant'],None,Uncommon,PLST,None,None,None,"Target player sacrifices an attacking creature.\nStorm (When you cast this spell, copy it for each spell cast before it this turn. You may choose new targets for the copies.)"
Dragon's Approach,3.0,['R'],['R'],None,['Sorcery'],None,Common,PLST,None,None,None,"Dragon's Approach deals 3 damage to each opponent. You may exile Dragon's Approach and four cards named Dragon's Approach from your graveyard. If you do, search your library for a Dragon creature card, put it onto the battlefield, then shuffle.\nA deck can have any number of cards named Dragon's Approach."
Kraul Warrior,2.0,['G'],['G'],None,['Creature'],"['Insect', 'Warrior']",Common,PLST,2,2,None,{5}{G}: Kraul Warrior gets +3/+3 until end of turn.
Jeskai Sage,2.0,['U'],['U'],None,['Creature'],"['Human', 'Monk']",Common,PLST,1,1,None,"Prowess (Whenever you cast a noncreature spell, this creature gets +1/+1 until end of turn.)\nWhen Jeskai Sage dies, draw a card."
Cavern Harpy,2.0,"['B', 'U']","['B', 'U']",None,['Creature'],"['Harpy', 'Beast']",Common,PLST,2,1,None,"Flying\nWhen Cavern Harpy enters the battlefield, return a blue or black creature you control to its owner's hand.\nPay 1 life: Return Cavern Harpy to its owner's hand."
Sultai Charm,3.0,"['B', 'G', 'U']","['B', 'G', 'U']",None,['Instant'],None,Uncommon,PLST,None,None,None,"Choose one —\n• Destroy target monocolored creature.\n• Destroy target artifact or enchantment.\n• Draw two cards, then discard a card."
Faerie Mechanist,4.0,['U'],['U'],None,"['Artifact', 'Creature']","['Faerie', 'Artificer']",Common,PLST,2,2,None,"Flying\nWhen Faerie Mechanist enters the battlefield, look at the top three cards of your library. You may reveal an artifact card from among them and put it into your hand. Put the rest on the bottom of your library in any order."
Lesser Gargadon,4.0,['R'],['R'],None,['Creature'],['Beast'],Uncommon,PLST,6,4,None,"Whenever Lesser Gargadon attacks or blocks, sacrifice a land."
"Brallin, Skyshark Rider",4.0,['R'],['R'],['Legendary'],['Creature'],"['Human', 'Shaman']",Mythic,PLST,3,3,None,"Partner with Shabraz, the Skyshark (When this creature enters the battlefield, target player may put Shabraz into their hand from their library, then shuffle.)\nWhenever you discard a card, put a +1/+1 counter on Brallin, Skyshark Rider and it deals 1 damage to each opponent.\n{R}: Target Shark gains trample until end of turn."
Windborn Muse,4.0,['W'],['W'],None,['Creature'],['Spirit'],Rare,PLST,2,3,None,Flying\nCreatures can't attack you unless their controller pays {2} for each creature they control that's attacking you.
Fetid Imp,2.0,['B'],['B'],None,['Creature'],['Imp'],Common,PLST,1,2,None,Flying\n{B}: Fetid Imp gains deathtouch until end of turn. (Any amount of damage it deals to a creature is enough to destroy it.)
Dauntless Dourbark,4.0,['G'],['G'],None,['Creature'],"['Treefolk', 'Warrior']",Rare,PLST,*,*,None,Dauntless Dourbark's power and toughness are each equal to the number of Forests you control plus the number of Treefolk you control.\nDauntless Dourbark has trample as long as you control another Treefolk.
Desolation Angel,5.0,['B'],"['B', 'W']",None,['Creature'],['Angel'],Rare,PLST,5,4,None,"Kicker {W}{W} (You may pay an additional {W}{W} as you cast this spell.)\nFlying\nWhen Desolation Angel enters the battlefield, destroy all lands you control. If it was kicked, destroy all lands instead."
Planar Chaos,3.0,['R'],['R'],None,['Enchantment'],None,Uncommon,PLST,None,None,None,"At the beginning of your upkeep, flip a coin. If you lose the flip, sacrifice Planar Chaos.\nWhenever a player casts a spell, that player flips a coin. If they lose the flip, counter that spell."
Gwyllion Hedge-Mage,3.0,"['B', 'W']","['B', 'W']",None,['Creature'],"['Hag', 'Wizard']",Uncommon,PLST,2,2,None,"When Gwyllion Hedge-Mage enters the battlefield, if you control two or more Plains, you may create a 1/1 white Kithkin Soldier creature token.\nWhen Gwyllion Hedge-Mage enters the battlefield, if you control two or more Swamps, you may put a -1/-1 counter on target creature."
Archmage Emeritus,4.0,['U'],['U'],None,['Creature'],"['Human', 'Wizard']",Rare,PLST,2,2,None,"Magecraft — Whenever you cast or copy an instant or sorcery spell, draw a card."
Defeat,2.0,['B'],['B'],None,['Sorcery'],None,Common,PLST,None,None,None,Destroy target creature with power 2 or less.
Angel of Vitality,3.0,['W'],['W'],None,['Creature'],['Angel'],Uncommon,PLST,2,2,None,"Flying\nIf you would gain life, you gain that much life plus 1 instead.\nAngel of Vitality gets +2/+2 as long as you have 25 or more life."
Mechanized Production,4.0,['U'],['U'],None,['Enchantment'],['Aura'],Mythic,PLST,None,None,None,"Enchant artifact you control\nAt the beginning of your upkeep, create a token that's a copy of enchanted artifact. Then if you control eight or more artifacts with the same name as one another, you win the game."
Skred,1.0,['R'],['R'],None,['Instant'],None,Common,PLST,None,None,None,Skred deals damage to target creature equal to the number of snow permanents you control.
Vastwood Gorger,6.0,['G'],['G'],None,['Creature'],['Wurm'],Common,PLST,5,6,None,None
Evermind,0.0,['U'],['U'],None,['Instant'],['Arcane'],Uncommon,PLST,None,None,None,"(Nonexistent mana costs can't be paid.)\nDraw a card.\nSplice onto Arcane {1}{U} (As you cast an Arcane spell, you may reveal this card from your hand and pay its splice cost. If you do, add this card's effects to that spell.)"
"Liliana, Death's Majesty",5.0,['B'],['B'],['Legendary'],['Planeswalker'],['Liliana'],Mythic,PLST,None,None,5,[+1]: Create a 2/2 black Zombie creature token. Mill two cards.\n[−3]: Return target creature card from your graveyard to the battlefield. That creature is a black Zombie in addition to its other colors and types.\n[−7]: Destroy all non-Zombie creatures.
Shocker,2.0,['R'],['R'],None,['Creature'],['Insect'],Rare,PLST,1,1,None,"Whenever Shocker deals damage to a player, that player discards all the cards in their hand, then draws that many cards."
The Wanderer,4.0,['W'],['W'],['Legendary'],['Planeswalker'],None,Uncommon,PLST,None,None,5,Prevent all noncombat damage that would be dealt to you and other permanents you control.\n[−2]: Exile target creature with power 4 or greater.
Costly Plunder,2.0,['B'],['B'],None,['Instant'],None,Common,PLST,None,None,None,"As an additional cost to cast this spell, sacrifice an artifact or creature.\nDraw two cards."
Tovolar's Huntmaster // Tovolar's Packleader,6.0,['G'],['G'],None,['Creature'],"['Human', 'Werewolf']",Rare,PLST,6,6,None,"When Tovolar's Huntmaster enters the battlefield, create two 2/2 green Wolf creature tokens.\nDaybound (If a player casts no spells during their own turn, it becomes night next turn.)"
Man-o'-War,3.0,['U'],['U'],None,['Creature'],['Jellyfish'],Common,PLST,2,2,None,"When Man-o'-War enters the battlefield, return target creature to its owner's hand."
Avenger of Zendikar,7.0,['G'],['G'],None,['Creature'],['Elemental'],Mythic,PLST,5,5,None,"When Avenger of Zendikar enters the battlefield, create a 0/1 green Plant creature token for each land you control.\nLandfall — Whenever a land enters the battlefield under your control, you may put a +1/+1 counter on each Plant creature you control."
Opportunity,6.0,['U'],['U'],None,['Instant'],None,Uncommon,PLST,None,None,None,Target player draws four cards.
"Venser, Shaper Savant",4.0,['U'],['U'],['Legendary'],['Creature'],"['Human', 'Wizard']",Rare,PLST,2,2,None,"Flash\nWhen Venser, Shaper Savant enters the battlefield, return target spell or permanent to its owner's hand."
Lead by Example,2.0,['G'],['G'],None,['Instant'],None,Common,PLST,None,None,None,Support 2. (Put a +1/+1 counter on each of up to two target creatures.)
"Jin-Gitaxias, Core Augur",10.0,['U'],['U'],['Legendary'],['Creature'],"['Phyrexian', 'Praetor']",Mythic,PLST,5,4,None,"Flash\nAt the beginning of your end step, draw seven cards.\nEach opponent's maximum hand size is reduced by seven."
Kuldotha Rebirth,1.0,['R'],['R'],None,['Sorcery'],None,Common,PLST,None,None,None,"As an additional cost to cast this spell, sacrifice an artifact.\nCreate three 1/1 red Goblin creature tokens."
"Slimefoot, the Stowaway",3.0,"['B', 'G']","['B', 'G']",['Legendary'],['Creature'],['Fungus'],Uncommon,PLST,2,3,None,"Whenever a Saproling you control dies, Slimefoot, the Stowaway deals 1 damage to each opponent and you gain 1 life.\n{4}: Create a 1/1 green Saproling creature token."
Gideon's Lawkeeper,1.0,['W'],['W'],None,['Creature'],"['Human', 'Soldier']",Common,PLST,1,1,None,"{W}, {T}: Tap target creature."
Ancient Spider,4.0,"['G', 'W']","['G', 'W']",None,['Creature'],['Spider'],Rare,PLST,2,5,None,First strike; reach (This creature can block creatures with flying.)
Shape the Sands,1.0,['G'],['G'],None,['Instant'],None,Common,PLST,None,None,None,Target creature gets +0/+5 and gains reach until end of turn. (It can block creatures with flying.)
Sacred Mesa,3.0,['W'],['W'],None,['Enchantment'],None,Rare,PLST,None,None,None,"At the beginning of your upkeep, sacrifice Sacred Mesa unless you sacrifice a Pegasus.\n{1}{W}: Create a 1/1 white Pegasus creature token with flying."
Mistform Shrieker,5.0,['U'],['U'],None,['Creature'],['Illusion'],Uncommon,PLST,3,3,None,Flying\n{1}: Mistform Shrieker becomes the creature type of your choice until end of turn.\nMorph {3}{U}{U} (You may cast this card face down as a 2/2 creature for {3}. Turn it face up any time for its morph cost.)
Nephalia Academy,0.0,None,None,None,['Land'],None,Uncommon,PLST,None,None,None,"If a spell or ability an opponent controls causes you to discard a card, you may reveal that card and put it on top of your library instead of putting it anywhere else.\n{T}: Add {C}."
Bombard,3.0,['R'],['R'],None,['Instant'],None,Common,PLST,None,None,None,Bombard deals 4 damage to target creature.
Moggcatcher,4.0,['R'],['R'],None,['Creature'],"['Human', 'Mercenary']",Rare,PLST,2,2,None,"{3}, {T}: Search your library for a Goblin permanent card, put it onto the battlefield, then shuffle."
Sultai Soothsayer,5.0,"['B', 'G', 'U']","['B', 'G', 'U']",None,['Creature'],"['Naga', 'Shaman']",Uncommon,PLST,2,5,None,"When Sultai Soothsayer enters the battlefield, look at the top four cards of your library. Put one of them into your hand and the rest into your graveyard."
Aether Snap,5.0,['B'],['B'],None,['Sorcery'],None,Rare,PLST,None,None,None,Remove all counters from all permanents and exile all tokens.
Ainok Tracker,6.0,['R'],['R'],None,['Creature'],"['Dog', 'Scout']",Common,PLST,3,3,None,First strike\nMorph {4}{R} (You may cast this card face down as a 2/2 creature for {3}. Turn it face up any time for its morph cost.)
Mercadia's Downfall,3.0,['R'],['R'],None,['Instant'],None,Uncommon,PLST,None,None,None,Each attacking creature gets +1/+0 until end of turn for each nonbasic land defending player controls.
Firebolt,1.0,['R'],['R'],None,['Sorcery'],None,Common,PLST,None,None,None,Firebolt deals 2 damage to any target.\nFlashback {4}{R} (You may cast this card from your graveyard for its flashback cost. Then exile it.)
Direct Current,3.0,['R'],['R'],None,['Sorcery'],None,Common,PLST,None,None,None,Direct Current deals 2 damage to any target.\nJump-start (You may cast this card from your graveyard by discarding a card in addition to paying its other costs. Then exile this card.)
Firemane Angel,6.0,"['R', 'W']","['R', 'W']",None,['Creature'],['Angel'],Rare,PLST,4,3,None,"Flying, first strike\nAt the beginning of your upkeep, if Firemane Angel is in your graveyard or on the battlefield, you may gain 1 life.\n{6}{R}{R}{W}{W}: Return Firemane Angel from your graveyard to the battlefield. Activate only during your upkeep."
Altar's Reap,2.0,['B'],['B'],None,['Instant'],None,Common,PLST,None,None,None,"As an additional cost to cast this spell, sacrifice a creature.\nDraw two cards."
Defiant Ogre,6.0,['R'],['R'],None,['Creature'],"['Ogre', 'Warrior']",Common,PLST,3,5,None,"When Defiant Ogre enters the battlefield, choose one —\n• Put a +1/+1 counter on Defiant Ogre.\n• Destroy target artifact."
Starke of Rath,3.0,['R'],['R'],['Legendary'],['Creature'],"['Human', 'Rogue']",Rare,PLST,2,2,None,{T}: Destroy target artifact or creature. That permanent's controller gains control of Starke of Rath. (This effect lasts indefinitely.)
Jokulmorder,7.0,['U'],['U'],None,['Creature'],['Leviathan'],Rare,PLST,12,12,None,"Trample\nJokulmorder enters the battlefield tapped.\nWhen Jokulmorder enters the battlefield, sacrifice it unless you sacrifice five lands.\nJokulmorder doesn't untap during your untap step.\nWhenever you play an Island, you may untap Jokulmorder."
Blazing Shoal,2.0,['R'],['R'],None,['Instant'],['Arcane'],Rare,PLST,None,None,None,You may exile a red card with mana value X from your hand rather than pay this spell's mana cost.\nTarget creature gets +X/+0 until end of turn.
Violent Ultimatum,7.0,"['B', 'G', 'R']","['B', 'G', 'R']",None,['Sorcery'],None,Rare,PLST,None,None,None,Destroy three target permanents.
Shining Aerosaur,5.0,['W'],['W'],None,['Creature'],['Dinosaur'],Common,PLST,3,4,None,Flying
Dune Beetle,2.0,['B'],['B'],None,['Creature'],['Insect'],Common,PLST,1,4,None,None
Wolfir Silverheart,5.0,['G'],['G'],None,['Creature'],"['Wolf', 'Warrior']",Rare,PLST,4,4,None,"Soulbond (You may pair this creature with another unpaired creature when either enters the battlefield. They remain paired for as long as you control both of them.)\nAs long as Wolfir Silverheart is paired with another creature, each of those creatures gets +4/+4."
Skyspear Cavalry,5.0,['W'],['W'],None,['Creature'],"['Human', 'Soldier']",Common,PLST,2,2,None,Flying\nDouble strike (This creature deals both first-strike and regular combat damage.)
Release the Gremlins,1.0,['R'],['R'],None,['Sorcery'],None,Rare,PLST,None,None,None,Destroy X target artifacts. Create X 2/2 red Gremlin creature tokens.
"Tatyova, Benthic Druid",5.0,"['G', 'U']","['G', 'U']",['Legendary'],['Creature'],"['Merfolk', 'Druid']",Uncommon,PLST,3,3,None,"Landfall — Whenever a land enters the battlefield under your control, you gain 1 life and draw a card."
Eternal Dominion,10.0,['U'],['U'],None,['Sorcery'],None,Rare,PLST,None,None,None,"Search target opponent's library for an artifact, creature, enchantment, or land card. Put that card onto the battlefield under your control. Then that player shuffles.\nEpic (For the rest of the game, you can't cast spells. At the beginning of each of your upkeeps, copy this spell except for its epic ability. You may choose a new target for the copy.)"
Lazotep Behemoth,5.0,['B'],['B'],None,['Creature'],"['Zombie', 'Hippo']",Common,PLST,5,4,None,None
Thought Erasure,2.0,"['B', 'U']","['B', 'U']",None,['Sorcery'],None,Uncommon,PLST,None,None,None,Target opponent reveals their hand. You choose a nonland card from it. That player discards that card.\nSurveil 1. (Look at the top card of your library. You may put it into your graveyard.)
"Braids, Conjurer Adept",4.0,['U'],['U'],['Legendary'],['Creature'],"['Human', 'Wizard']",Rare,PLST,2,2,None,"At the beginning of each player's upkeep, that player may put an artifact, creature, or land card from their hand onto the battlefield."
Viashino Heretic,3.0,['R'],['R'],None,['Creature'],['Viashino'],Uncommon,PLST,1,3,None,"{1}{R}, {T}: Destroy target artifact. Viashino Heretic deals damage to that artifact's controller equal to the artifact's mana value."
Rosheen Meanderer,4.0,"['G', 'R']","['G', 'R']",['Legendary'],['Creature'],"['Giant', 'Shaman']",Uncommon,PLST,4,4,None,{T}: Add {C}{C}{C}{C}. Spend this mana only on costs that contain {X}.
Topan Freeblade,2.0,['W'],['W'],None,['Creature'],"['Human', 'Soldier']",Common,PLST,2,2,None,"Vigilance (Attacking doesn't cause this creature to tap.)\nRenown 1 (When this creature deals combat damage to a player, if it isn't renowned, put a +1/+1 counter on it and it becomes renowned.)"
Slag Fiend,1.0,['R'],['R'],None,['Creature'],"['Phyrexian', 'Construct']",Rare,PLST,*,*,None,Slag Fiend's power and toughness are each equal to the number of artifact cards in all graveyards.
Mindslaver,6.0,None,None,['Legendary'],['Artifact'],None,Rare,PLST,None,None,None,"{4}, {T}, Sacrifice Mindslaver: You control target player during that player's next turn. (You see all cards that player could see and make all decisions for the player.)"
Fatespinner,3.0,['U'],['U'],None,['Creature'],"['Human', 'Wizard']",Rare,PLST,1,2,None,"At the beginning of each opponent's upkeep, that player chooses draw step, main phase, or combat phase. The player skips each instance of the chosen step or phase this turn."
Goblin Assassin,5.0,['R'],['R'],None,['Creature'],"['Goblin', 'Assassin']",Uncommon,PLST,2,2,None,"Whenever Goblin Assassin or another Goblin enters the battlefield, each player flips a coin. Each player whose coin comes up tails sacrifices a creature."
The Tarrasque,9.0,['G'],['G'],['Legendary'],['Creature'],['Dinosaur'],Mythic,PLST,10,10,None,"The Tarrasque has haste and ward {10} as long as it was cast.\nWhenever The Tarrasque attacks, it fights target creature defending player controls."
Dreamborn Muse,4.0,['U'],['U'],None,['Creature'],['Spirit'],Rare,PLST,2,2,None,"At the beginning of each player's upkeep, that player mills X cards, where X is the number of cards in their hand."
Granitic Titan,6.0,['R'],['R'],None,['Creature'],['Elemental'],Common,PLST,5,4,None,"Menace\nCycling {2} ({2}, Discard this card: Draw a card.)"
"Karador, Ghost Chieftain",8.0,"['B', 'G', 'W']","['B', 'G', 'W']",['Legendary'],['Creature'],"['Centaur', 'Spirit']",Mythic,PLST,3,4,None,"This spell costs {1} less to cast for each creature card in your graveyard.\nOnce during each of your turns, you may cast a creature spell from your graveyard."
Peace of Mind,2.0,['W'],['W'],None,['Enchantment'],None,Uncommon,PLST,None,None,None,"{W}, Discard a card: You gain 3 life."
Cosmotronic Wave,4.0,['R'],['R'],None,['Sorcery'],None,Common,PLST,None,None,None,Cosmotronic Wave deals 1 damage to each creature your opponents control. Creatures your opponents control can't block this turn.
"Teferi, Hero of Dominaria",5.0,"['U', 'W']","['U', 'W']",['Legendary'],['Planeswalker'],['Teferi'],Mythic,PLST,None,None,4,"[+1]: Draw a card. At the beginning of the next end step, untap up to two lands.\n[−3]: Put target nonland permanent into its owner's library third from the top.\n[−8]: You get an emblem with ""Whenever you draw a card, exile target permanent an opponent controls."""
"Nivix, Aerie of the Firemind",0.0,None,"['R', 'U']",None,['Land'],None,Uncommon,PLST,None,None,None,"{T}: Add {C}.\n{2}{U}{R}, {T}: Exile the top card of your library. Until your next turn, you may cast it if it's an instant or sorcery spell."
Lightwalker,2.0,['W'],['W'],None,['Creature'],"['Human', 'Warrior']",Common,PLST,2,1,None,Lightwalker has flying as long as it has a +1/+1 counter on it.
Zealot of the God-Pharaoh,4.0,['R'],['R'],None,['Creature'],"['Minotaur', 'Archer']",Common,PLST,4,3,None,{4}{R}: Zealot of the God-Pharaoh deals 2 damage to target opponent or planeswalker.
Treasonous Ogre,4.0,['R'],['R'],None,['Creature'],"['Ogre', 'Shaman']",Uncommon,PLST,2,3,None,"Dethrone (Whenever this creature attacks the player with the most life or tied for most life, put a +1/+1 counter on it.)\nPay 3 life: Add {R}."
Lightning Angel,4.0,"['R', 'U', 'W']","['R', 'U', 'W']",None,['Creature'],['Angel'],Rare,PLST,3,4,None,"Flying, vigilance, haste"
Vitu-Ghazi Guildmage,2.0,"['G', 'W']","['G', 'W']",None,['Creature'],"['Dryad', 'Shaman']",Uncommon,PLST,2,2,None,{4}{G}{W}: Create a 3/3 green Centaur creature token.\n{2}{G}{W}: Populate. (Create a token that's a copy of a creature token you control.)
"Nagao, Bound by Honor",4.0,['W'],['W'],['Legendary'],['Creature'],"['Human', 'Samurai']",Uncommon,PLST,3,3,None,"Bushido 1 (Whenever this creature blocks or becomes blocked, it gets +1/+1 until end of turn.)\nWhenever Nagao, Bound by Honor attacks, Samurai creatures you control get +1/+1 until end of turn."
Brass's Bounty,7.0,['R'],['R'],None,['Sorcery'],None,Rare,PLST,None,None,None,"For each land you control, create a Treasure token. (It's an artifact with ""{T}, Sacrifice this artifact: Add one mana of any color."")"
Laid to Rest,4.0,['G'],['G'],None,['Enchantment'],None,Uncommon,PLST,None,None,None,"Whenever a Human you control dies, draw a card.\nWhenever a creature you control with a +1/+1 counter on it dies, you gain 2 life."
Whirlpool Warrior,3.0,['U'],"['R', 'U']",None,['Creature'],"['Merfolk', 'Warrior']",Rare,PLST,2,2,None,"When Whirlpool Warrior enters the battlefield, shuffle the cards from your hand into your library, then draw that many cards.\n{R}, Sacrifice Whirlpool Warrior: Each player shuffles the cards from their hand into their library, then draws that many cards."
Rishadan Footpad,4.0,['U'],['U'],None,['Creature'],"['Human', 'Pirate']",Uncommon,PLST,2,2,None,"When Rishadan Footpad enters the battlefield, each opponent sacrifices a permanent unless they pay {2}."
Deathless Knight,4.0,"['B', 'G']","['B', 'G']",None,['Creature'],"['Skeleton', 'Knight']",Uncommon,PLST,4,2,None,"Haste\nWhen you gain life for the first time each turn, return Deathless Knight from your graveyard to your hand."
Unwavering Initiate,3.0,['W'],['W'],None,['Creature'],"['Human', 'Warrior']",Common,PLST,3,2,None,"Vigilance\nEmbalm {4}{W} ({4}{W}, Exile this card from your graveyard: Create a token that's a copy of it, except it's a white Zombie Human Warrior with no mana cost. Embalm only as a sorcery.)"
Unyielding Krumar,4.0,['B'],"['B', 'W']",None,['Creature'],"['Orc', 'Warrior']",Common,PLST,3,3,None,{1}{W}: Unyielding Krumar gains first strike until end of turn.
Bishop of Wings,2.0,['W'],['W'],None,['Creature'],"['Human', 'Cleric']",Rare,PLST,1,4,None,"Whenever an Angel enters the battlefield under your control, you gain 4 life.\nWhenever an Angel you control dies, create a 1/1 white Spirit creature token with flying."
Pull from Eternity,1.0,['W'],['W'],None,['Instant'],None,Uncommon,PLST,None,None,None,Put target face-up exiled card into its owner's graveyard.
Eidolon of the Great Revel,2.0,['R'],['R'],None,"['Enchantment', 'Creature']",['Spirit'],Rare,PLST,2,2,None,"Whenever a player casts a spell with mana value 3 or less, Eidolon of the Great Revel deals 2 damage to that player."
Puppet's Verdict,3.0,['R'],['R'],None,['Instant'],None,Rare,PLST,None,None,None,"Flip a coin. If you win the flip, destroy all creatures with power 2 or less. If you lose the flip, destroy all creatures with power 3 or greater."
Leap,1.0,['U'],['U'],None,['Instant'],None,Common,PLST,None,None,None,Target creature gains flying until end of turn.\nDraw a card.
Innocent Blood,1.0,['B'],['B'],None,['Sorcery'],None,Common,PLST,None,None,None,Each player sacrifices a creature.
Yeva's Forcemage,3.0,['G'],['G'],None,['Creature'],"['Elf', 'Shaman']",Common,PLST,2,2,None,"When Yeva's Forcemage enters the battlefield, target creature gets +2/+2 until end of turn."
Stormscape Battlemage,3.0,['U'],"['B', 'U', 'W']",None,['Creature'],"['Metathran', 'Wizard']",Uncommon,PLST,2,2,None,"Kicker {W} and/or {2}{B} (You may pay an additional {W} and/or {2}{B} as you cast this spell.)\nWhen Stormscape Battlemage enters the battlefield, if it was kicked with its {W} kicker, you gain 3 life.\nWhen Stormscape Battlemage enters the battlefield, if it was kicked with its {2}{B} kicker, destroy target nonblack creature. That creature can't be regenerated."
Fungal Infection,1.0,['B'],['B'],None,['Instant'],None,Common,PLST,None,None,None,Target creature gets -1/-1 until end of turn. Create a 1/1 green Saproling creature token.
Niv-Mizzet Reborn,5.0,"['B', 'G', 'R', 'U', 'W']","['B', 'G', 'R', 'U', 'W']",['Legendary'],['Creature'],"['Dragon', 'Avatar']",Mythic,PLST,6,6,None,"Flying\nWhen Niv-Mizzet Reborn enters the battlefield, reveal the top ten cards of your library. For each color pair, choose a card that's exactly those colors from among them. Put the chosen cards into your hand and the rest on the bottom of your library in a random order."
Okiba-Gang Shinobi,5.0,['B'],['B'],None,['Creature'],"['Rat', 'Ninja']",Common,PLST,3,2,None,"Ninjutsu {3}{B} ({3}{B}, Return an unblocked attacker you control to hand: Put this card onto the battlefield from your hand tapped and attacking.)\nWhenever Okiba-Gang Shinobi deals combat damage to a player, that player discards two cards."
Ral Zarek,4.0,"['R', 'U']","['R', 'U']",['Legendary'],['Planeswalker'],['Ral'],Mythic,PLST,None,None,4,"[+1]: Tap target permanent, then untap another target permanent.\n[−2]: Ral Zarek deals 3 damage to any target.\n[−7]: Flip five coins. Take an extra turn after this one for each coin that comes up heads."
Snapping Sailback,5.0,['G'],['G'],None,['Creature'],['Dinosaur'],Uncommon,PLST,4,4,None,"Flash\nEnrage — Whenever Snapping Sailback is dealt damage, put a +1/+1 counter on it. (It must survive the damage to get the counter.)"
Gitaxian Probe,1.0,['U'],['U'],None,['Sorcery'],None,Common,PLST,None,None,None,({U/P} can be paid with either {U} or 2 life.)\nLook at target player's hand.\nDraw a card.
Aura Barbs,3.0,['R'],['R'],None,['Instant'],['Arcane'],Uncommon,PLST,None,None,None,"Each enchantment deals 2 damage to its controller, then each Aura attached to a creature deals 2 damage to the creature it's attached to."
Trailblazer's Boots,2.0,None,None,None,['Artifact'],['Equipment'],Uncommon,PLST,None,None,None,Equipped creature has nonbasic landwalk. (It can't be blocked as long as defending player controls a nonbasic land.)\nEquip {2}
Eyes in the Skies,4.0,['W'],['W'],None,['Instant'],None,Common,PLST,None,None,None,"Create a 1/1 white Bird creature token with flying, then populate. (Create a token that's a copy of a creature token you control.)"
Land Tax,1.0,['W'],['W'],None,['Enchantment'],None,Mythic,PLST,None,None,None,"At the beginning of your upkeep, if an opponent controls more lands than you, you may search your library for up to three basic land cards, reveal them, put them into your hand, then shuffle."
"Gisela, Blade of Goldnight",7.0,"['R', 'W']","['R', 'W']",['Legendary'],['Creature'],['Angel'],Mythic,PLST,5,5,None,"Flying, first strike\nIf a source would deal damage to an opponent or a permanent an opponent controls, that source deals double that damage to that player or permanent instead.\nIf a source would deal damage to you or a permanent you control, prevent half that damage, rounded up."
Grim Strider,4.0,['B'],['B'],None,['Creature'],['Horror'],Uncommon,PLST,6,6,None,Grim Strider gets -1/-1 for each card in your hand.
"Kalamax, the Stormsire",4.0,"['G', 'R', 'U']","['G', 'R', 'U']",['Legendary'],['Creature'],"['Elemental', 'Dinosaur']",Mythic,PLST,4,4,None,"Whenever you cast your first instant spell each turn, if Kalamax, the Stormsire is tapped, copy that spell. You may choose new targets for the copy.\nWhenever you copy an instant spell, put a +1/+1 counter on Kalamax."
Deadly Dispute,2.0,['B'],['B'],None,['Instant'],None,Common,PLST,None,None,None,"As an additional cost to cast this spell, sacrifice an artifact or creature.\nDraw two cards and create a Treasure token. (It's an artifact with ""{T}, Sacrifice this artifact: Add one mana of any color."")"
Vow of Lightning,3.0,['R'],['R'],None,['Enchantment'],['Aura'],Uncommon,PLST,None,None,None,"Enchant creature\nEnchanted creature gets +2/+2, has first strike, and can't attack you or planeswalkers you control."
Delay,2.0,['U'],['U'],None,['Instant'],None,Uncommon,PLST,None,None,None,"Counter target spell. If the spell is countered this way, exile it with three time counters on it instead of putting it into its owner's graveyard. If it doesn't have suspend, it gains suspend. (At the beginning of its owner's upkeep, they remove a time counter. When the last is removed, they may play it without paying its mana cost. If it's a creature, it has haste.)"
Steamflogger Boss,4.0,['R'],['R'],None,['Creature'],"['Goblin', 'Rigger']",Rare,PLST,3,3,None,"Other Riggers you control get +1/+0 and have haste.\nIf a Rigger you control would assemble a Contraption, it assembles two Contraptions instead."
Brought Back,2.0,['W'],['W'],None,['Instant'],None,Rare,PLST,None,None,None,Choose up to two target permanent cards in your graveyard that were put there from the battlefield this turn. Return them to the battlefield tapped.
Brute Strength,2.0,['R'],['R'],None,['Instant'],None,Common,PLST,None,None,None,Target creature gets +3/+1 and gains trample until end of turn.
Zendikar's Roil,5.0,['G'],['G'],None,['Enchantment'],None,Uncommon,PLST,None,None,None,"Landfall — Whenever a land enters the battlefield under your control, create a 2/2 green Elemental creature token."
Scourge of the Throne,6.0,['R'],['R'],None,['Creature'],['Dragon'],Mythic,PLST,5,5,None,"Flying\nDethrone (Whenever this creature attacks the player with the most life or tied for most life, put a +1/+1 counter on it.)\nWhenever Scourge of the Throne attacks for the first time each turn, if it's attacking the player with the most life or tied for most life, untap all attacking creatures. After this phase, there is an additional combat phase."
Trail of Evidence,3.0,['U'],['U'],None,['Enchantment'],None,Uncommon,PLST,None,None,None,"Whenever you cast an instant or sorcery spell, investigate. (Create a Clue token. It's an artifact with ""{2}, Sacrifice this artifact: Draw a card."")"
Trusty Machete,1.0,None,None,None,['Artifact'],['Equipment'],Uncommon,PLST,None,None,None,Equipped creature gets +2/+1.\nEquip {2}
Game Plan,6.0,['U'],['U'],None,['Sorcery'],None,Rare,PLST,None,None,None,"Assist (Another player can pay up to {5} of this spell's cost.)\nEach player shuffles their hand and graveyard into their library, then draws seven cards. Exile Game Plan."
Venerated Teacher,3.0,['U'],['U'],None,['Creature'],"['Human', 'Wizard']",Common,PLST,2,2,None,"When Venerated Teacher enters the battlefield, put two level counters on each creature you control with level up."
Lich's Mirror,5.0,None,None,None,['Artifact'],None,Mythic,PLST,None,None,None,"If you would lose the game, instead shuffle your hand, your graveyard, and all permanents you own into your library, then draw seven cards and your life total becomes 20."
Clear the Mind,3.0,['U'],['U'],None,['Sorcery'],None,Common,PLST,None,None,None,Target player shuffles their graveyard into their library.\nDraw a card.
Fusion Elemental,5.0,"['B', 'G', 'R', 'U', 'W']","['B', 'G', 'R', 'U', 'W']",None,['Creature'],['Elemental'],Uncommon,PLST,8,8,None,None
Return to the Earth,4.0,['G'],['G'],None,['Instant'],None,Common,PLST,None,None,None,"Destroy target artifact, enchantment, or creature with flying."
Crashing Tide,3.0,['U'],['U'],None,['Sorcery'],None,Common,PLST,None,None,None,This spell has flash as long as you control a Merfolk.\nReturn target creature to its owner's hand.\nDraw a card.
Feral Abomination,6.0,['B'],['B'],None,['Creature'],['Thrull'],Common,PLST,5,5,None,Deathtouch (Any amount of damage this deals to a creature is enough to destroy it.)
Drana's Emissary,3.0,"['B', 'W']","['B', 'W']",None,['Creature'],"['Vampire', 'Cleric', 'Ally']",Uncommon,PLST,2,2,None,"Flying\nAt the beginning of your upkeep, each opponent loses 1 life and you gain 1 life."
Sleeping Potion,2.0,['U'],['U'],None,['Enchantment'],['Aura'],Common,PLST,None,None,None,"Enchant creature\nWhen Sleeping Potion enters the battlefield, tap enchanted creature.\nEnchanted creature doesn't untap during its controller's untap step.\nWhen enchanted creature becomes the target of a spell or ability, sacrifice Sleeping Potion."
Frontline Devastator,4.0,['R'],['R'],None,['Creature'],"['Zombie', 'Minotaur', 'Warrior']",Common,PLST,3,3,None,"Afflict 2 (Whenever this creature becomes blocked, defending player loses 2 life.)\n{1}{R}: Frontline Devastator gets +1/+0 until end of turn."
Fledgling Mawcor,4.0,['U'],['U'],None,['Creature'],['Beast'],Uncommon,PLST,2,2,None,Flying\n{T}: Fledgling Mawcor deals 1 damage to any target.\nMorph {U}{U} (You may cast this card face down as a 2/2 creature for {3}. Turn it face up any time for its morph cost.)
Auramancer's Guise,4.0,['U'],['U'],None,['Enchantment'],['Aura'],Uncommon,PLST,None,None,None,Enchant creature\nEnchanted creature gets +2/+2 for each Aura attached to it and has vigilance.
Ruthless Invasion,4.0,['R'],['R'],None,['Sorcery'],None,Common,PLST,None,None,None,({R/P} can be paid with either {R} or 2 life.)\nNonartifact creatures can't block this turn.
Supreme Verdict,4.0,"['U', 'W']","['U', 'W']",None,['Sorcery'],None,Rare,PLST,None,None,None,This spell can't be countered.\nDestroy all creatures.
Suppression Bonds,4.0,['W'],['W'],None,['Enchantment'],['Aura'],Common,PLST,None,None,None,"Enchant nonland permanent\nEnchanted permanent can't attack or block, and its activated abilities can't be activated."
Zulaport Chainmage,4.0,['B'],['B'],None,['Creature'],"['Human', 'Shaman', 'Ally']",Common,PLST,4,2,None,"Cohort — {T}, Tap an untapped Ally you control: Target opponent loses 2 life."
Electrostatic Pummeler,3.0,None,None,None,"['Artifact', 'Creature']",['Construct'],Rare,PLST,1,1,None,"When Electrostatic Pummeler enters the battlefield, you get {E}{E}{E} (three energy counters).\nPay {E}{E}{E}: Electrostatic Pummeler gets +X/+X until end of turn, where X is its power."
Lightning Crafter,4.0,['R'],['R'],None,['Creature'],"['Goblin', 'Shaman']",Rare,PLST,3,3,None,"Champion a Goblin or Shaman (When this enters the battlefield, sacrifice it unless you exile another Goblin or Shaman you control. When this leaves the battlefield, that card returns to the battlefield.)\n{T}: Lightning Crafter deals 3 damage to any target."
Utter End,4.0,"['B', 'W']","['B', 'W']",None,['Instant'],None,Rare,PLST,None,None,None,Exile target nonland permanent.
Rout,5.0,['W'],['W'],None,['Sorcery'],None,Rare,PLST,None,None,None,You may cast Rout as though it had flash if you pay {2} more to cast it. (You may cast it any time you could cast an instant.)\nDestroy all creatures. They can't be regenerated.
Pandemonium,4.0,['R'],['R'],None,['Enchantment'],None,Rare,PLST,None,None,None,"Whenever a creature enters the battlefield, that creature's controller may have it deal damage equal to its power to any target of their choice."
Bonehoard,4.0,None,None,None,['Artifact'],['Equipment'],Rare,PLST,None,None,None,"Living weapon (When this Equipment enters the battlefield, create a 0/0 black Phyrexian Germ creature token, then attach this to it.)\nEquipped creature gets +X/+X, where X is the number of creature cards in all graveyards.\nEquip {2}"
Survival Cache,3.0,['W'],['W'],None,['Sorcery'],None,Common,PLST,None,None,None,"You gain 2 life. Then if you have more life than an opponent, draw a card.\nRebound (If you cast this spell from your hand, exile it as it resolves. At the beginning of your next upkeep, you may cast this card from exile without paying its mana cost.)"
"Liliana, the Last Hope",3.0,['B'],['B'],['Legendary'],['Planeswalker'],['Liliana'],Mythic,PLST,None,None,3,"[+1]: Up to one target creature gets -2/-1 until your next turn.\n[−2]: Mill two cards, then you may return a creature card from your graveyard to your hand.\n[−7]: You get an emblem with ""At the beginning of your end step, create X 2/2 black Zombie creature tokens, where X is two plus the number of Zombies you control."""
Forging the Tyrite Sword,3.0,"['R', 'W']","['R', 'W']",None,['Enchantment'],['Saga'],Uncommon,PLST,None,None,None,"(As this Saga enters and after your draw step, add a lore counter. Sacrifice after III.)\nI, II — Create a Treasure token.\nIII — Search your library for a card named Halvar, God of Battle or an Equipment card, reveal it, put it into your hand, then shuffle."
Dazzling Lights,1.0,['U'],['U'],None,['Instant'],None,Common,PLST,None,None,None,"Target creature gets -3/-0 until end of turn.\nSurveil 2. (Look at the top two cards of your library, then put any number of them into your graveyard and the rest on top of your library in any order.)"
Boiling Blood,3.0,['R'],['R'],None,['Instant'],None,Common,PLST,None,None,None,Target creature attacks this turn if able.\nDraw a card.
Fabrication Module,3.0,None,None,None,['Artifact'],None,Uncommon,PLST,None,None,None,"Whenever you get one or more {E} (energy counters), put a +1/+1 counter on target creature you control.\n{4}, {T}: You get {E}."
Fascination,2.0,['U'],['U'],None,['Sorcery'],None,Uncommon,PLST,None,None,None,Choose one —\n• Each player draws X cards.\n• Each player mills X cards.
Fires of Yavimaya,3.0,"['G', 'R']","['G', 'R']",None,['Enchantment'],None,Uncommon,PLST,None,None,None,Creatures you control have haste.\nSacrifice Fires of Yavimaya: Target creature gets +2/+2 until end of turn.
Manamorphose,2.0,"['G', 'R']","['G', 'R']",None,['Instant'],None,Common,PLST,None,None,None,Add two mana in any combination of colors.\nDraw a card.
Wall of Omens,2.0,['W'],['W'],None,['Creature'],['Wall'],Uncommon,PLST,0,4,None,"Defender\nWhen Wall of Omens enters the battlefield, draw a card."
Vampire Envoy,3.0,['B'],['B'],None,['Creature'],"['Vampire', 'Cleric', 'Ally']",Common,PLST,1,4,None,"Flying\nWhenever Vampire Envoy becomes tapped, you gain 1 life."
"Arlinn, the Pack's Hope // Arlinn, the Moon's Fury",4.0,"['G', 'R']","['G', 'R']",['Legendary'],['Planeswalker'],['Arlinn'],Mythic,PLST,None,None,4,"Daybound (If a player casts no spells during their own turn, it becomes night next turn.)\n[+1]: Until your next turn, you may cast creature spells as though they had flash, and each creature you control enters the battlefield with an additional +1/+1 counter on it.\n[−3]: Create two 2/2 green Wolf creature tokens."
Sandstorm Charger,5.0,['W'],['W'],None,['Creature'],['Beast'],Common,PLST,3,4,None,Megamorph {4}{W} (You may cast this card face down as a 2/2 creature for {3}. Turn it face up any time for its megamorph cost and put a +1/+1 counter on it.)
Commit // Memory,10.0,['U'],['U'],None,['Instant'],None,Rare,PLST,None,None,None,Put target spell or nonland permanent into its owner's library second from the top.
Serra Disciple,2.0,['W'],['W'],None,['Creature'],"['Bird', 'Cleric']",Common,PLST,1,1,None,"Flying, first strike\nWhenever you cast a historic spell, Serra Disciple gets +1/+1 until end of turn. (Artifacts, legendaries, and Sagas are historic.)"
Hymn to Tourach,2.0,['B'],['B'],None,['Sorcery'],None,Uncommon,PLST,None,None,None,Target player discards two cards at random.
Curse of Echoes,5.0,['U'],['U'],None,['Enchantment'],"['Aura', 'Curse']",Rare,PLST,None,None,None,"Enchant player\nWhenever enchanted player casts an instant or sorcery spell, each other player may copy that spell and may choose new targets for the copy they control."
Rishadan Brigand,5.0,['U'],['U'],None,['Creature'],"['Human', 'Pirate']",Rare,PLST,3,2,None,"Flying\nWhen Rishadan Brigand enters the battlefield, each opponent sacrifices a permanent unless they pay {3}.\nRishadan Brigand can block only creatures with flying."
Kor Bladewhirl,2.0,['W'],['W'],None,['Creature'],"['Kor', 'Soldier', 'Ally']",Uncommon,PLST,2,2,None,"Rally — Whenever Kor Bladewhirl or another Ally enters the battlefield under your control, creatures you control gain first strike until end of turn."
Beastmaster Ascension,3.0,['G'],['G'],None,['Enchantment'],None,Rare,PLST,None,None,None,"Whenever a creature you control attacks, you may put a quest counter on Beastmaster Ascension.\nAs long as Beastmaster Ascension has seven or more quest counters on it, creatures you control get +5/+5."
Warden of the Eye,5.0,"['R', 'U', 'W']","['R', 'U', 'W']",None,['Creature'],"['Djinn', 'Wizard']",Uncommon,PLST,3,3,None,"When Warden of the Eye enters the battlefield, return target noncreature, nonland card from your graveyard to your hand."
Hinterland Drake,3.0,['U'],['U'],None,['Creature'],['Drake'],Common,PLST,2,3,None,Flying\nHinterland Drake can't block artifact creatures.
"Thrun, the Last Troll",4.0,['G'],['G'],['Legendary'],['Creature'],"['Troll', 'Shaman']",Mythic,PLST,4,4,None,"This spell can't be countered.\nHexproof (This creature can't be the target of spells or abilities your opponents control.)\n{1}{G}: Regenerate Thrun, the Last Troll."
Esper Sentinel,1.0,['W'],['W'],None,"['Artifact', 'Creature']","['Human', 'Soldier']",Rare,PLST,1,1,None,"Whenever an opponent casts their first noncreature spell each turn, draw a card unless that player pays {X}, where X is Esper Sentinel's power."
Quest for the Holy Relic,1.0,['W'],['W'],None,['Enchantment'],None,Uncommon,PLST,None,None,None,"Whenever you cast a creature spell, you may put a quest counter on Quest for the Holy Relic.\nRemove five quest counters from Quest for the Holy Relic and sacrifice it: Search your library for an Equipment card, put it onto the battlefield, attach it to a creature you control, then shuffle."
Firebrand Archer,2.0,['R'],['R'],None,['Creature'],"['Human', 'Archer']",Common,PLST,2,1,None,"Whenever you cast a noncreature spell, Firebrand Archer deals 1 damage to each opponent."
Bounding Krasis,3.0,"['G', 'U']","['G', 'U']",None,['Creature'],"['Fish', 'Lizard']",Uncommon,PLST,3,3,None,"Flash (You may cast this spell any time you could cast an instant.)\nWhen Bounding Krasis enters the battlefield, you may tap or untap target creature."
Sanguine Sacrament,2.0,['W'],['W'],None,['Instant'],None,Rare,PLST,None,None,None,You gain twice X life. Put Sanguine Sacrament on the bottom of its owner's library.
Barging Sergeant,5.0,['R'],['R'],None,['Creature'],"['Minotaur', 'Soldier']",Common,PLST,4,2,None,"Haste\nMentor (Whenever this creature attacks, put a +1/+1 counter on target attacking creature with lesser power.)"
Tower of Calamities,4.0,None,None,None,['Artifact'],None,Rare,PLST,None,None,None,"{8}, {T}: Tower of Calamities deals 12 damage to target creature."
Grand Architect,3.0,['U'],['U'],None,['Creature'],"['Vedalken', 'Artificer']",Rare,PLST,1,3,None,Other blue creatures you control get +1/+1.\n{U}: Target artifact creature becomes blue until end of turn.\nTap an untapped blue creature you control: Add {C}{C}. Spend this mana only to cast artifact spells or activate abilities of artifacts.
Expedition Raptor,5.0,['W'],['W'],None,['Creature'],['Bird'],Common,PLST,2,2,None,"Flying\nWhen Expedition Raptor enters the battlefield, support 2. (Put a +1/+1 counter on each of up to two other target creatures.)"
Biomass Mutation,2.0,"['G', 'U']","['G', 'U']",None,['Instant'],None,Rare,PLST,None,None,None,Creatures you control have base power and toughness X/X until end of turn.
Chillbringer,5.0,['U'],['U'],None,['Creature'],['Elemental'],Common,PLST,3,3,None,"Flying\nWhen Chillbringer enters the battlefield, tap target creature an opponent controls. It doesn't untap during its controller's next untap step."
Bishop of the Bloodstained,5.0,['B'],['B'],None,['Creature'],"['Vampire', 'Cleric']",Uncommon,PLST,3,3,None,"When Bishop of the Bloodstained enters the battlefield, target opponent loses 1 life for each Vampire you control."
Early Harvest,3.0,['G'],['G'],None,['Instant'],None,Rare,PLST,None,None,None,Target player untaps all basic lands they control.
Searing Light,1.0,['W'],['W'],None,['Instant'],None,Common,PLST,None,None,None,Destroy target attacking or blocking creature with power 2 or less.
Coalition Victory,8.0,"['B', 'G', 'R', 'U', 'W']","['B', 'G', 'R', 'U', 'W']",None,['Sorcery'],None,Special,PLST,None,None,None,You win the game if you control a land of each basic land type and a creature of each color.
Court Homunculus,1.0,['W'],['W'],None,"['Artifact', 'Creature']",['Homunculus'],Common,PLST,1,1,None,Court Homunculus gets +1/+1 as long as you control another artifact.
Oaken Brawler,4.0,['W'],['W'],None,['Creature'],"['Treefolk', 'Warrior']",Common,PLST,2,4,None,"When Oaken Brawler enters the battlefield, clash with an opponent. If you win, put a +1/+1 counter on Oaken Brawler. (Each clashing player reveals the top card of their library, then puts that card on the top or bottom. A player wins if their card had a higher mana value.)"
Training Grounds,1.0,['U'],['U'],None,['Enchantment'],None,Rare,PLST,None,None,None,Activated abilities of creatures you control cost {2} less to activate. This effect can't reduce the mana in that cost to less than one mana.
Citadel Castellan,3.0,"['G', 'W']","['G', 'W']",None,['Creature'],"['Human', 'Knight']",Uncommon,PLST,2,3,None,"Vigilance (Attacking doesn't cause this creature to tap.)\nRenown 2 (When this creature deals combat damage to a player, if it isn't renowned, put two +1/+1 counters on it and it becomes renowned.)"
Cancel,3.0,['U'],['U'],None,['Instant'],None,Common,PLST,None,None,None,Counter target spell.
Act of Treason,3.0,['R'],['R'],None,['Sorcery'],None,Common,PLST,None,None,None,Gain control of target creature until end of turn. Untap that creature. It gains haste until end of turn. (It can attack and {T} this turn.)
"Emeria, the Sky Ruin",0.0,None,['W'],None,['Land'],None,Rare,PLST,None,None,None,"Emeria, the Sky Ruin enters the battlefield tapped.\nAt the beginning of your upkeep, if you control seven or more Plains, you may return target creature card from your graveyard to the battlefield.\n{T}: Add {W}."
Diluvian Primordial,7.0,['U'],['U'],None,['Creature'],['Avatar'],Rare,PLST,5,5,None,"Flying\nWhen Diluvian Primordial enters the battlefield, for each opponent, you may cast up to one target instant or sorcery card from that player's graveyard without paying its mana cost. If a spell cast this way would be put into a graveyard, exile it instead."
Shrouded Lore,1.0,['B'],['B'],None,['Sorcery'],None,Uncommon,PLST,None,None,None,"Target opponent chooses a card in your graveyard. You may pay {B}. If you do, repeat this process except that opponent can't choose a card already chosen for Shrouded Lore. Then put the last chosen card into your hand."
Artisan of Kozilek,9.0,None,None,None,['Creature'],['Eldrazi'],Uncommon,PLST,10,9,None,"When you cast this spell, you may return target creature card from your graveyard to the battlefield.\nAnnihilator 2 (Whenever this creature attacks, defending player sacrifices two permanents.)"
Citywatch Sphinx,6.0,['U'],['U'],None,['Creature'],['Sphinx'],Uncommon,PLST,5,4,None,"Flying\nWhen Citywatch Sphinx dies, surveil 2. (Look at the top two cards of your library, then put any number of them into your graveyard and the rest on top of your library in any order.)"
Untamed Hunger,3.0,['B'],['B'],None,['Enchantment'],['Aura'],Common,PLST,None,None,None,Enchant creature\nEnchanted creature gets +2/+1 and has menace. (It can't be blocked except by two or more creatures.)
Forebear's Blade,3.0,None,None,None,['Artifact'],['Equipment'],Rare,PLST,None,None,None,"Equipped creature gets +3/+0 and has vigilance and trample.\nWhenever equipped creature dies, attach Forebear's Blade to target creature you control.\nEquip {3}"
Akki Coalflinger,3.0,['R'],['R'],None,['Creature'],"['Goblin', 'Shaman']",Uncommon,PLST,2,2,None,"First strike\n{R}, {T}: Attacking creatures gain first strike until end of turn."
Putrefy,3.0,"['B', 'G']","['B', 'G']",None,['Instant'],None,Uncommon,PLST,None,None,None,Destroy target artifact or creature. It can't be regenerated.
Wee Dragonauts,3.0,"['R', 'U']","['R', 'U']",None,['Creature'],"['Faerie', 'Wizard']",Uncommon,PLST,1,3,None,"Flying\nWhenever you cast an instant or sorcery spell, Wee Dragonauts gets +2/+0 until end of turn."
Counterlash,6.0,['U'],['U'],None,['Instant'],None,Rare,PLST,None,None,None,Counter target spell. You may cast a spell that shares a card type with it from your hand without paying its mana cost.
Five-Alarm Fire,3.0,['R'],['R'],None,['Enchantment'],None,Rare,PLST,None,None,None,"Whenever a creature you control deals combat damage, put a blaze counter on Five-Alarm Fire.\nRemove five blaze counters from Five-Alarm Fire: It deals 5 damage to any target."
Iroas's Champion,3.0,"['R', 'W']","['R', 'W']",None,['Creature'],"['Human', 'Soldier']",Uncommon,PLST,2,2,None,Double strike (This creature deals both first-strike and regular combat damage.)
Spell Snare,1.0,['U'],['U'],None,['Instant'],None,Uncommon,PLST,None,None,None,Counter target spell with mana value 2.
Tombstalker,8.0,['B'],['B'],None,['Creature'],['Demon'],Rare,PLST,5,5,None,Flying\nDelve (Each card you exile from your graveyard while casting this spell pays for {1}.)
Dryad Militant,1.0,"['G', 'W']","['G', 'W']",None,['Creature'],"['Dryad', 'Soldier']",Uncommon,PLST,2,1,None,"If an instant or sorcery card would be put into a graveyard from anywhere, exile it instead."
Jwari Shapeshifter,2.0,['U'],['U'],None,['Creature'],"['Shapeshifter', 'Ally']",Rare,PLST,0,0,None,You may have Jwari Shapeshifter enter the battlefield as a copy of any Ally creature on the battlefield.
Coat with Venom,1.0,['B'],['B'],None,['Instant'],None,Common,PLST,None,None,None,Target creature gets +1/+2 and gains deathtouch until end of turn. (Any amount of damage it deals to a creature is enough to destroy it.)
Sarkhan the Mad,5.0,"['B', 'R']","['B', 'R']",['Legendary'],['Planeswalker'],['Sarkhan'],Mythic,PLST,None,None,7,"[0]: Reveal the top card of your library and put it into your hand. Sarkhan the Mad deals damage to himself equal to that card's mana value.\n[−2]: Target creature's controller sacrifices it, then that player creates a 5/5 red Dragon creature token with flying.\n[−4]: Each Dragon creature you control deals damage equal to its power to target player or planeswalker."
Pentarch Paladin,5.0,['W'],['W'],None,['Creature'],"['Human', 'Knight']",Rare,PLST,3,3,None,"Flanking (Whenever a creature without flanking blocks this creature, the blocking creature gets -1/-1 until end of turn.)\nAs Pentarch Paladin enters the battlefield, choose a color.\n{W}{W}, {T}: Destroy target permanent of the chosen color."
Aether Vial,1.0,None,None,None,['Artifact'],None,Uncommon,PLST,None,None,None,"At the beginning of your upkeep, you may put a charge counter on Aether Vial.\n{T}: You may put a creature card with mana value equal to the number of charge counters on Aether Vial from your hand onto the battlefield."
Vigor,6.0,['G'],['G'],None,['Creature'],"['Elemental', 'Incarnation']",Rare,PLST,6,6,None,"Trample\nIf damage would be dealt to another creature you control, prevent that damage. Put a +1/+1 counter on that creature for each 1 damage prevented this way.\nWhen Vigor is put into a graveyard from anywhere, shuffle it into its owner's library."
Denying Wind,9.0,['U'],['U'],None,['Sorcery'],None,Rare,PLST,None,None,None,Search target player's library for up to seven cards and exile them. Then that player shuffles.
Riftwing Cloudskate,5.0,['U'],['U'],None,['Creature'],['Illusion'],Uncommon,PLST,2,2,None,"Flying\nWhen Riftwing Cloudskate enters the battlefield, return target permanent to its owner's hand.\nSuspend 3—{1}{U} (Rather than cast this card from your hand, you may pay {1}{U} and exile it with three time counters on it. At the beginning of your upkeep, remove a time counter. When the last is removed, you may cast it without paying its mana cost. It has haste.)"
Stalwart Aven,3.0,['W'],['W'],None,['Creature'],"['Bird', 'Soldier']",Common,PLST,1,3,None,"Flying (This creature can't be blocked except by creatures with flying or reach.)\nRenown 1 (When this creature deals combat damage to a player, if it isn't renowned, put a +1/+1 counter on it and it becomes renowned.)"
Foulmire Knight // Profane Insight,1.0,['B'],['B'],None,['Creature'],"['Zombie', 'Knight']",Uncommon,PLST,1,1,None,Deathtouch
Cunning Breezedancer,6.0,"['U', 'W']","['U', 'W']",None,['Creature'],['Dragon'],Uncommon,PLST,4,4,None,"Flying\nWhenever you cast a noncreature spell, Cunning Breezedancer gets +2/+2 until end of turn."
Chemister's Insight,4.0,['U'],['U'],None,['Instant'],None,Uncommon,PLST,None,None,None,Draw two cards.\nJump-start (You may cast this card from your graveyard by discarding a card in addition to paying its other costs. Then exile this card.)
Flameshot,4.0,['R'],['R'],None,['Sorcery'],None,Uncommon,PLST,None,None,None,"You may discard a Mountain card rather than pay this spell's mana cost.\nFlameshot deals 3 damage divided as you choose among one, two, or three target creatures."
Foundry Inspector,3.0,None,None,None,"['Artifact', 'Creature']",['Construct'],Uncommon,PLST,3,2,None,Artifact spells you cast cost {1} less to cast.
Equilibrium,3.0,['U'],['U'],None,['Enchantment'],None,Rare,PLST,None,None,None,"Whenever you cast a creature spell, you may pay {1}. If you do, return target creature to its owner's hand."
Tar Snare,3.0,['B'],['B'],None,['Instant'],None,Common,PLST,None,None,None,Target creature gets -3/-2 until end of turn.
Angelheart Vial,5.0,None,None,None,['Artifact'],None,Rare,PLST,None,None,None,"Whenever you're dealt damage, you may put that many charge counters on Angelheart Vial.\n{2}, {T}, Remove four charge counters from Angelheart Vial: You gain 2 life and draw a card."
Dispersal Technician,5.0,['U'],['U'],None,['Creature'],"['Vedalken', 'Artificer']",Common,PLST,3,2,None,"When Dispersal Technician enters the battlefield, you may return target artifact to its owner's hand."
Pedantic Learning,2.0,['U'],['U'],None,['Enchantment'],None,Rare,PLST,None,None,None,"Whenever a land card is put into your graveyard from your library, you may pay {1}. If you do, draw a card."
Scryb Ranger,2.0,['G'],['G'],None,['Creature'],"['Faerie', 'Ranger']",Uncommon,PLST,1,1,None,"Flash\nFlying, protection from blue\nReturn a Forest you control to its owner's hand: Untap target creature. Activate only once each turn."
Reveillark,5.0,['W'],['W'],None,['Creature'],['Elemental'],Rare,PLST,4,3,None,"Flying\nWhen Reveillark leaves the battlefield, return up to two target creature cards with power 2 or less from your graveyard to the battlefield.\nEvoke {5}{W} (You may cast this spell for its evoke cost. If you do, it's sacrificed when it enters the battlefield.)"
Fiery Gambit,3.0,['R'],['R'],None,['Sorcery'],None,Rare,PLST,None,None,None,"Flip a coin until you lose a flip or choose to stop flipping. If you lose a flip, Fiery Gambit has no effect. If you win one or more flips, Fiery Gambit deals 3 damage to target creature. If you win two or more flips, Fiery Gambit deals 6 damage to each opponent. If you win three or more flips, draw nine cards and untap all lands you control."
Eldrazi Monument,5.0,None,None,None,['Artifact'],None,Mythic,PLST,None,None,None,"Creatures you control get +1/+1 and have flying and indestructible.\nAt the beginning of your upkeep, sacrifice a creature. If you can't, sacrifice Eldrazi Monument."
"Odric, Lunarch Marshal",4.0,['W'],['W'],['Legendary'],['Creature'],"['Human', 'Soldier']",Rare,PLST,3,3,None,"At the beginning of each combat, creatures you control gain first strike until end of turn if a creature you control has first strike. The same is true for flying, deathtouch, double strike, haste, hexproof, indestructible, lifelink, menace, reach, skulk, trample, and vigilance."
Festering Newt,1.0,['B'],['B'],None,['Creature'],['Salamander'],Common,PLST,1,1,None,"When Festering Newt dies, target creature an opponent controls gets -1/-1 until end of turn. That creature gets -4/-4 instead if you control a creature named Bogbrew Witch."
Lieutenants of the Guard,5.0,['W'],['W'],None,['Creature'],"['Human', 'Soldier']",Common,PLST,2,2,None,"Council's dilemma — When Lieutenants of the Guard enters the battlefield, starting with you, each player votes for strength or numbers. Put a +1/+1 counter on Lieutenants of the Guard for each strength vote and create a 1/1 white Soldier creature token for each numbers vote."
Kor Spiritdancer,2.0,['W'],['W'],None,['Creature'],"['Kor', 'Wizard']",Rare,PLST,0,2,None,"Kor Spiritdancer gets +2/+2 for each Aura attached to it.\nWhenever you cast an Aura spell, you may draw a card."
"Alesha, Who Smiles at Death",3.0,['R'],"['B', 'R', 'W']",['Legendary'],['Creature'],"['Human', 'Warrior']",Rare,PLST,3,2,None,"First strike\nWhenever Alesha, Who Smiles at Death attacks, you may pay {W/B}{W/B}. If you do, return target creature card with power 2 or less from your graveyard to the battlefield tapped and attacking."
Dragonlord Atarka,7.0,"['G', 'R']","['G', 'R']",['Legendary'],['Creature'],"['Elder', 'Dragon']",Mythic,PLST,8,8,None,"Flying, trample\nWhen Dragonlord Atarka enters the battlefield, it deals 5 damage divided as you choose among any number of target creatures and/or planeswalkers your opponents control."
Ondu War Cleric,2.0,['W'],['W'],None,['Creature'],"['Human', 'Cleric', 'Ally']",Common,PLST,2,2,None,"Cohort — {T}, Tap an untapped Ally you control: You gain 2 life."
The Eldest Reborn,5.0,['B'],['B'],None,['Enchantment'],['Saga'],Uncommon,PLST,None,None,None,"(As this Saga enters and after your draw step, add a lore counter. Sacrifice after III.)\nI — Each opponent sacrifices a creature or planeswalker.\nII — Each opponent discards a card.\nIII — Put target creature or planeswalker card from a graveyard onto the battlefield under your control."
Eutropia the Twice-Favored,3.0,"['G', 'U']","['G', 'U']",['Legendary'],['Creature'],"['Human', 'Wizard']",Uncommon,PLST,2,2,None,"Constellation — Whenever an enchantment enters the battlefield under your control, put a +1/+1 counter on target creature. That creature gains flying until end of turn."
Broodstar,10.0,['U'],['U'],None,['Creature'],['Beast'],Rare,PLST,*,*,None,Affinity for artifacts (This spell costs {1} less to cast for each artifact you control.)\nFlying\nBroodstar's power and toughness are each equal to the number of artifacts you control.
Lovisa Coldeyes,5.0,['R'],['R'],['Legendary'],['Creature'],['Human'],Rare,PLST,3,3,None,"Each creature that's a Barbarian, a Warrior, or a Berserker gets +2/+2 and has haste."
Reduce // Rubble,6.0,['U'],"['R', 'U']",None,['Instant'],None,Uncommon,PLST,None,None,None,Counter target spell unless its controller pays {3}.
Eternal Thirst,2.0,['B'],['B'],None,['Enchantment'],['Aura'],Common,PLST,None,None,None,"Enchant creature\nEnchanted creature has lifelink and ""Whenever a creature an opponent controls dies, put a +1/+1 counter on this creature."" (Damage dealt by a creature with lifelink also causes its controller to gain that much life.)"
Capture Sphere,4.0,['U'],['U'],None,['Enchantment'],['Aura'],Common,PLST,None,None,None,"Flash (You may cast this spell any time you could cast an instant.)\nEnchant creature\nWhen Capture Sphere enters the battlefield, tap enchanted creature.\nEnchanted creature doesn't untap during its controller's untap step."
Invasion Plans,3.0,['R'],['R'],None,['Enchantment'],None,Rare,PLST,None,None,None,All creatures block each combat if able.\nThe attacking player chooses how each creature blocks each combat.
"Omnath, Locus of Rage",7.0,"['G', 'R']","['G', 'R']",['Legendary'],['Creature'],['Elemental'],Mythic,PLST,5,5,None,"Landfall — Whenever a land enters the battlefield under your control, create a 5/5 red and green Elemental creature token.\nWhenever Omnath, Locus of Rage or another Elemental you control dies, Omnath deals 3 damage to any target."
Seht's Tiger,4.0,['W'],['W'],None,['Creature'],['Cat'],Rare,PLST,3,3,None,"Flash (You may cast this spell any time you could cast an instant.)\nWhen Seht's Tiger enters the battlefield, you gain protection from the color of your choice until end of turn. (You can't be targeted, dealt damage, or enchanted by anything of the chosen color.)"
Spellbound Dragon,5.0,"['R', 'U']","['R', 'U']",None,['Creature'],['Dragon'],Rare,PLST,3,5,None,"Flying\nWhenever Spellbound Dragon attacks, draw a card, then discard a card. Spellbound Dragon gets +X/+0 until end of turn, where X is the discarded card's mana value."
Helm of the Host,4.0,None,None,['Legendary'],['Artifact'],['Equipment'],Rare,PLST,None,None,None,"At the beginning of combat on your turn, create a token that's a copy of equipped creature, except the token isn't legendary. That token gains haste.\nEquip {5}"
Reshape,2.0,['U'],['U'],None,['Sorcery'],None,Rare,PLST,None,None,None,"As an additional cost to cast this spell, sacrifice an artifact.\nSearch your library for an artifact card with mana value X or less, put it onto the battlefield, then shuffle."
Soratami Savant,4.0,['U'],['U'],None,['Creature'],"['Moonfolk', 'Wizard']",Uncommon,PLST,2,2,None,"Flying\n{3}, Return a land you control to its owner's hand: Counter target spell unless its controller pays {3}."
Dragonlord Dromoka,6.0,"['G', 'W']","['G', 'W']",['Legendary'],['Creature'],"['Elder', 'Dragon']",Mythic,PLST,5,7,None,"This spell can't be countered.\nFlying, lifelink\nYour opponents can't cast spells during your turn."
Counterbalance,2.0,['U'],['U'],None,['Enchantment'],None,Uncommon,PLST,None,None,None,"Whenever an opponent casts a spell, you may reveal the top card of your library. If you do, counter that spell if it has the same mana value as the revealed card."
Gatekeeper of Malakir,2.0,['B'],['B'],None,['Creature'],"['Vampire', 'Warrior']",Uncommon,PLST,2,2,None,"Kicker {B} (You may pay an additional {B} as you cast this spell.)\nWhen Gatekeeper of Malakir enters the battlefield, if it was kicked, target player sacrifices a creature."
Fortify,3.0,['W'],['W'],None,['Instant'],None,Common,PLST,None,None,None,Choose one —\n• Creatures you control get +2/+0 until end of turn.\n• Creatures you control get +0/+2 until end of turn.
Master Transmuter,4.0,['U'],['U'],None,"['Artifact', 'Creature']","['Human', 'Artificer']",Rare,PLST,1,2,None,"{U}, {T}, Return an artifact you control to its owner's hand: You may put an artifact card from your hand onto the battlefield."
Sink into Takenuma,4.0,['B'],['B'],None,['Sorcery'],['Arcane'],Common,PLST,None,None,None,Sweep — Return any number of Swamps you control to their owner's hand. Target player discards a card for each Swamp returned this way.
Time Sieve,2.0,"['B', 'U']","['B', 'U']",None,['Artifact'],None,Rare,PLST,None,None,None,"{T}, Sacrifice five artifacts: Take an extra turn after this one."
Undercity's Embrace,3.0,['B'],['B'],None,['Instant'],None,Common,PLST,None,None,None,"Target opponent sacrifices a creature. If you control a creature with power 4 or greater, you gain 4 life."
Palace Jailer,4.0,['W'],['W'],None,['Creature'],"['Human', 'Soldier']",Uncommon,PLST,2,2,None,"When Palace Jailer enters the battlefield, you become the monarch.\nWhen Palace Jailer enters the battlefield, exile target creature an opponent controls until an opponent becomes the monarch."
Dark Dabbling,3.0,['B'],['B'],None,['Instant'],None,Common,PLST,None,None,None,"Regenerate target creature. Draw a card. (The next time the creature would be destroyed this turn, it isn't. Instead tap it, remove all damage from it, and remove it from combat.)\nSpell mastery — If there are two or more instant and/or sorcery cards in your graveyard, also regenerate each other creature you control."
Enchanted Carriage,5.0,None,None,None,['Artifact'],['Vehicle'],Uncommon,PLST,4,4,None,"When Enchanted Carriage enters the battlefield, create two 1/1 white Mouse creature tokens.\nCrew 2 (Tap any number of creatures you control with total power 2 or more: This Vehicle becomes an artifact creature until end of turn.)"
Ondu Inversion // Ondu Skyruins,8.0,['W'],['W'],None,['Sorcery'],None,Rare,PLST,None,None,None,Destroy all nonland permanents.
"Ixidor, Reality Sculptor",5.0,['U'],['U'],['Legendary'],['Creature'],"['Human', 'Wizard']",Rare,PLST,3,4,None,Face-down creatures get +1/+1.\n{2}{U}: Turn target face-down creature face up.
Spectral Force,5.0,['G'],['G'],None,['Creature'],"['Elemental', 'Spirit']",Rare,PLST,8,8,None,"Trample\nWhenever Spectral Force attacks, if defending player controls no black permanents, it doesn't untap during your next untap step."
Resurrection,4.0,['W'],['W'],None,['Sorcery'],None,Common,PLST,None,None,None,Return target creature card from your graveyard to the battlefield.
Remorseless Punishment,5.0,['B'],['B'],None,['Sorcery'],None,Rare,PLST,None,None,None,Target opponent loses 5 life unless that player discards two cards or sacrifices a creature or planeswalker. Repeat this process once.
Ashnod's Altar,3.0,None,None,None,['Artifact'],None,Uncommon,PLST,None,None,None,Sacrifice a creature: Add {C}{C}.
"Zetalpa, Primal Dawn",8.0,['W'],['W'],['Legendary'],['Creature'],"['Elder', 'Dinosaur']",Rare,PLST,4,8,None,"Flying, double strike, vigilance, trample, indestructible"
Shambling Attendants,8.0,['B'],['B'],None,['Creature'],['Zombie'],Common,PLST,3,5,None,Delve (Each card you exile from your graveyard while casting this spell pays for {1}.)\nDeathtouch (Any amount of damage this deals to a creature is enough to destroy it.)
"Dennick, Pious Apprentice // Dennick, Pious Apparition",2.0,"['U', 'W']","['U', 'W']",['Legendary'],['Creature'],"['Human', 'Soldier']",Rare,PLST,2,3,None,Lifelink\nCards in graveyards can't be the targets of spells or abilities.\nDisturb {2}{W}{U} (You may cast this card from your graveyard transformed for its disturb cost.)
Sinew Sliver,2.0,['W'],['W'],None,['Creature'],['Sliver'],Common,PLST,1,1,None,All Sliver creatures get +1/+1.
Patron Wizard,3.0,['U'],['U'],None,['Creature'],"['Human', 'Wizard']",Rare,PLST,2,2,None,Tap an untapped Wizard you control: Counter target spell unless its controller pays {1}.
Thieves' Auction,7.0,['R'],['R'],None,['Sorcery'],None,Rare,PLST,None,None,None,"Exile all nontoken permanents. Starting with you, each player chooses one of the exiled cards and puts it onto the battlefield tapped under their control. Repeat this process until all cards exiled this way have been chosen."
Sparring Mummy,4.0,['W'],['W'],None,['Creature'],['Zombie'],Common,PLST,3,3,None,"When Sparring Mummy enters the battlefield, untap target creature."
Drudge Sentinel,3.0,['B'],['B'],None,['Creature'],"['Skeleton', 'Warrior']",Common,PLST,2,1,None,"{3}: Tap Drudge Sentinel. It gains indestructible until end of turn. (Damage and effects that say ""destroy"" don't destroy it.)"
Sneak Attack,4.0,['R'],['R'],None,['Enchantment'],None,Rare,PLST,None,None,None,{R}: You may put a creature card from your hand onto the battlefield. That creature gains haste. Sacrifice the creature at the beginning of the next end step.
Concentrate,4.0,['U'],['U'],None,['Sorcery'],None,Uncommon,PLST,None,None,None,Draw three cards.
Sapphire Charm,1.0,['U'],['U'],None,['Instant'],None,Common,PLST,None,None,None,"Choose one —\n• Target player draws a card at the beginning of the next turn's upkeep.\n• Target creature gains flying until end of turn.\n• Target creature an opponent controls phases out. (While it's phased out, it's treated as though it doesn't exist. It phases in before its controller untaps during their next untap step.)"
Belligerent Brontodon,7.0,"['G', 'W']","['G', 'W']",None,['Creature'],['Dinosaur'],Uncommon,PLST,4,6,None,Each creature you control assigns combat damage equal to its toughness rather than its power.
Tocasia's Welcome,3.0,['W'],['W'],None,['Enchantment'],None,Rare,PLST,None,None,None,"Whenever one or more creatures with mana value 3 or less enter the battlefield under your control, draw a card. This ability triggers only once each turn."
Spellstutter Sprite,2.0,['U'],['U'],None,['Creature'],"['Faerie', 'Wizard']",Common,PLST,1,1,None,"Flash\nFlying\nWhen Spellstutter Sprite enters the battlefield, counter target spell with mana value X or less, where X is the number of Faeries you control."
Bruenor Battlehammer,4.0,"['R', 'W']","['R', 'W']",['Legendary'],['Creature'],"['Dwarf', 'Warrior']",Uncommon,PLST,5,3,None,Each creature you control gets +2/+0 for each Equipment attached to it.\nYou may pay {0} rather than pay the equip cost of the first equip ability you activate each turn.
Arcane Denial,2.0,['U'],['U'],None,['Instant'],None,Common,PLST,None,None,None,Counter target spell. Its controller may draw up to two cards at the beginning of the next turn's upkeep.\nYou draw a card at the beginning of the next turn's upkeep.
Lightning Storm,3.0,['R'],['R'],None,['Instant'],None,Uncommon,PLST,None,None,None,"Lightning Storm deals X damage to any target, where X is 3 plus the number of charge counters on Lightning Storm.\nDiscard a land card: Put two charge counters on Lightning Storm. You may choose a new target for it. Any player may activate this ability but only if Lightning Storm is on the stack."
Palace Sentinels,4.0,['W'],['W'],None,['Creature'],"['Human', 'Soldier']",Common,PLST,2,4,None,"When Palace Sentinels enters the battlefield, you become the monarch."
Bastion Inventor,6.0,['U'],['U'],None,['Creature'],"['Vedalken', 'Artificer']",Common,PLST,4,4,None,Improvise (Your artifacts can help cast this spell. Each artifact you tap after you're done activating mana abilities pays for {1}.)\nHexproof (This creature can't be the target of spells or abilities your opponents control.)
Battle Mastery,3.0,['W'],['W'],None,['Enchantment'],['Aura'],Uncommon,PLST,None,None,None,Enchant creature\nEnchanted creature has double strike. (It deals both first-strike and regular combat damage.)
Dragonlord Ojutai,5.0,"['U', 'W']","['U', 'W']",['Legendary'],['Creature'],"['Elder', 'Dragon']",Mythic,PLST,5,4,None,"Flying\nDragonlord Ojutai has hexproof as long as it's untapped.\nWhenever Dragonlord Ojutai deals combat damage to a player, look at the top three cards of your library. Put one of them into your hand and the rest on the bottom of your library in any order."
Volunteer Reserves,2.0,['W'],['W'],None,['Creature'],"['Human', 'Soldier']",Uncommon,PLST,2,4,None,"Banding (Any creatures with banding, and up to one without, can attack in a band. Bands are blocked as a group. If any creatures with banding you control are blocking or being blocked by a creature, you divide that creature's combat damage, not its controller, among any of the creatures it's being blocked by or is blocking.)\nCumulative upkeep {1} (At the beginning of your upkeep, put an age counter on this permanent, then sacrifice it unless you pay its upkeep cost for each age counter on it.)"
Wind Strider,5.0,['U'],['U'],None,['Creature'],"['Merfolk', 'Wizard']",Common,PLST,3,3,None,Flash\nFlying
Dragon Throne of Tarkir,4.0,None,None,['Legendary'],['Artifact'],['Equipment'],Rare,PLST,None,None,None,"Equipped creature has defender and ""{2}, {T}: Other creatures you control gain trample and get +X/+X until end of turn, where X is this creature's power.""\nEquip {3}"
Brain Freeze,2.0,['U'],['U'],None,['Instant'],None,Uncommon,PLST,None,None,None,"Target player mills three cards.\nStorm (When you cast this spell, copy it for each spell cast before it this turn. You may choose new targets for the copies.)"
Twilight Prophet,4.0,['B'],['B'],None,['Creature'],"['Vampire', 'Cleric']",Mythic,PLST,2,4,None,"Flying\nAscend (If you control ten or more permanents, you get the city's blessing for the rest of the game.)\nAt the beginning of your upkeep, if you have the city's blessing, reveal the top card of your library and put it into your hand. Each opponent loses X life and you gain X life, where X is that card's mana value."
Blighted Agent,2.0,['U'],['U'],None,['Creature'],"['Phyrexian', 'Human', 'Rogue']",Common,PLST,1,1,None,Infect (This creature deals damage to creatures in the form of -1/-1 counters and to players in the form of poison counters.)\nBlighted Agent can't be blocked.
Helldozer,6.0,['B'],['B'],None,['Creature'],"['Zombie', 'Giant']",Rare,PLST,6,5,None,"{B}{B}{B}, {T}: Destroy target land. If that land was nonbasic, untap Helldozer."
Icy Manipulator,4.0,None,None,None,['Artifact'],None,Uncommon,PLST,None,None,None,"{1}, {T}: Tap target artifact, creature, or land."
Arrest,3.0,['W'],['W'],None,['Enchantment'],['Aura'],Common,PLST,None,None,None,"Enchant creature\nEnchanted creature can't attack or block, and its activated abilities can't be activated."
Detonate,1.0,['R'],['R'],None,['Sorcery'],None,Uncommon,PLST,None,None,None,Destroy target artifact with mana value X. It can't be regenerated. Detonate deals X damage to that artifact's controller.
Admiral Beckett Brass,4.0,"['B', 'R', 'U']","['B', 'R', 'U']",['Legendary'],['Creature'],"['Human', 'Pirate']",Mythic,PLST,3,3,None,"Other Pirates you control get +1/+1.\nAt the beginning of your end step, gain control of target nonland permanent controlled by a player who was dealt combat damage by three or more Pirates this turn."
War Behemoth,6.0,['W'],['W'],None,['Creature'],['Beast'],Common,PLST,3,6,None,Morph {4}{W} (You may cast this card face down as a 2/2 creature for {3}. Turn it face up any time for its morph cost.)
Mogg Assassin,3.0,['R'],['R'],None,['Creature'],"['Goblin', 'Assassin']",Uncommon,PLST,2,1,None,"{T}: You choose target creature an opponent controls, and that opponent chooses target creature. Flip a coin. If you win the flip, destroy the creature you chose. If you lose the flip, destroy the creature your opponent chose."
Zendikar Incarnate,4.0,"['G', 'R']","['G', 'R']",None,['Creature'],['Elemental'],Uncommon,PLST,*,4,None,Zendikar Incarnate's power is equal to the number of lands you control.
"Gideon, Ally of Zendikar",4.0,['W'],['W'],['Legendary'],['Planeswalker'],['Gideon'],Mythic,PLST,None,None,4,"[+1]: Until end of turn, Gideon, Ally of Zendikar becomes a 5/5 Human Soldier Ally creature with indestructible that's still a planeswalker. Prevent all damage that would be dealt to him this turn.\n[0]: Create a 2/2 white Knight Ally creature token.\n[−4]: You get an emblem with ""Creatures you control get +1/+1."""
Eyeblight's Ending,3.0,['B'],['B'],None,"['Tribal', 'Instant']",['Elf'],Common,PLST,None,None,None,Destroy target non-Elf creature.
Errant Ephemeron,7.0,['U'],['U'],None,['Creature'],['Illusion'],Common,PLST,4,4,None,"Flying\nSuspend 4—{1}{U} (Rather than cast this card from your hand, you may pay {1}{U} and exile it with four time counters on it. At the beginning of your upkeep, remove a time counter. When the last is removed, you may cast it without paying its mana cost. It has haste.)"
Shining Armor,2.0,['W'],['W'],None,['Artifact'],['Equipment'],Common,PLST,None,None,None,"Flash\nWhen Shining Armor enters the battlefield, attach it to target Knight you control.\nEquipped creature gets +0/+2 and has vigilance.\nEquip {3} ({3}: Attach to target creature you control. Equip only as a sorcery.)"
Sulfurous Blast,4.0,['R'],['R'],None,['Instant'],None,Uncommon,PLST,None,None,None,"Sulfurous Blast deals 2 damage to each creature and each player. If you cast this spell during your main phase, Sulfurous Blast deals 3 damage to each creature and each player instead."
Alchemist's Vial,2.0,None,None,None,['Artifact'],None,Common,PLST,None,None,None,"When Alchemist's Vial enters the battlefield, draw a card.\n{1}, {T}, Sacrifice Alchemist's Vial: Target creature can't attack or block this turn."
Throat Slitter,5.0,['B'],['B'],None,['Creature'],"['Rat', 'Ninja']",Uncommon,PLST,2,2,None,"Ninjutsu {2}{B} ({2}{B}, Return an unblocked attacker you control to hand: Put this card onto the battlefield from your hand tapped and attacking.)\nWhenever Throat Slitter deals combat damage to a player, destroy target nonblack creature that player controls."
"Quintorius, Field Historian",5.0,"['R', 'W']","['R', 'W']",['Legendary'],['Creature'],"['Elephant', 'Cleric']",Uncommon,PLST,2,4,None,"Spirits you control get +1/+0.\nWhenever one or more cards leave your graveyard, create a 3/2 red and white Spirit creature token."
Ravnica at War,4.0,['W'],['W'],None,['Sorcery'],None,Rare,PLST,None,None,None,Exile all multicolored permanents.
Archetype of Aggression,3.0,['R'],['R'],None,"['Enchantment', 'Creature']","['Human', 'Warrior']",Uncommon,PLST,3,2,None,Creatures you control have trample.\nCreatures your opponents control lose trample and can't have or gain trample.
"Tamiyo, Collector of Tales",4.0,"['G', 'U']","['G', 'U']",['Legendary'],['Planeswalker'],['Tamiyo'],Rare,PLST,None,None,5,"Spells and abilities your opponents control can't cause you to discard cards or sacrifice permanents.\n[+1]: Choose a nonland card name, then reveal the top four cards of your library. Put all cards with the chosen name from among them into your hand and the rest into your graveyard.\n[−3]: Return target card from your graveyard to your hand."
Pulse of the Grid,3.0,['U'],['U'],None,['Instant'],None,Rare,PLST,None,None,None,"Draw two cards, then discard a card. Then if an opponent has more cards in hand than you, return Pulse of the Grid to its owner's hand."
Lawless Broker,3.0,['B'],['B'],None,['Creature'],"['Aetherborn', 'Rogue']",Common,PLST,3,2,None,"When Lawless Broker dies, put a +1/+1 counter on target creature you control."
Emmessi Tome,4.0,None,None,None,['Artifact'],None,Uncommon,PLST,None,None,None,"{5}, {T}: Draw two cards, then discard a card."
Commandeer,7.0,['U'],['U'],None,['Instant'],None,Rare,PLST,None,None,None,"You may exile two blue cards from your hand rather than pay this spell's mana cost.\nGain control of target noncreature spell. You may choose new targets for it. (If that spell is an artifact, enchantment, or planeswalker, the permanent enters the battlefield under your control.)"
Tomb Robber,3.0,['B'],['B'],None,['Creature'],"['Human', 'Pirate']",Rare,PLST,1,1,None,"Menace\n{1}, Discard a card: Tomb Robber explores. (Reveal the top card of your library. Put that card into your hand if it's a land. Otherwise, put a +1/+1 counter on this creature, then put the card back or put it into your graveyard.)"
Mishra's Bauble,0.0,None,None,None,['Artifact'],None,Uncommon,PLST,None,None,None,"{T}, Sacrifice Mishra's Bauble: Look at the top card of target player's library. Draw a card at the beginning of the next turn's upkeep."
Vanguard of Brimaz,2.0,['W'],['W'],None,['Creature'],"['Cat', 'Soldier']",Uncommon,PLST,2,2,None,"Vigilance\nHeroic — Whenever you cast a spell that targets Vanguard of Brimaz, create a 1/1 white Cat Soldier creature token with vigilance."
Angelic Gift,2.0,['W'],['W'],None,['Enchantment'],['Aura'],Common,PLST,None,None,None,"Enchant creature\nWhen Angelic Gift enters the battlefield, draw a card.\nEnchanted creature has flying."
Metalspinner's Puzzleknot,2.0,None,['B'],None,['Artifact'],None,Common,PLST,None,None,None,"When Metalspinner's Puzzleknot enters the battlefield, you draw a card and you lose 1 life.\n{2}{B}, Sacrifice Metalspinner's Puzzleknot: You draw a card and you lose 1 life."
Blackblade Reforged,2.0,None,None,['Legendary'],['Artifact'],['Equipment'],Rare,PLST,None,None,None,Equipped creature gets +1/+1 for each land you control.\nEquip legendary creature {3}\nEquip {7}
Wave-Wing Elemental,6.0,['U'],['U'],None,['Creature'],['Elemental'],Common,PLST,3,4,None,"Flying\nLandfall — Whenever a land enters the battlefield under your control, Wave-Wing Elemental gets +2/+2 until end of turn."
Alhammarret's Archive,5.0,None,None,['Legendary'],['Artifact'],None,Mythic,PLST,None,None,None,"If you would gain life, you gain twice that much life instead.\nIf you would draw a card except the first one you draw in each of your draw steps, draw two cards instead."
Apostle's Blessing,2.0,['W'],['W'],None,['Instant'],None,Common,PLST,None,None,None,({W/P} can be paid with either {W} or 2 life.)\nTarget artifact or creature you control gains protection from artifacts or from the color of your choice until end of turn.
Cragganwick Cremator,4.0,['R'],['R'],None,['Creature'],"['Giant', 'Shaman']",Rare,PLST,5,4,None,"When Cragganwick Cremator enters the battlefield, discard a card at random. If you discard a creature card this way, Cragganwick Cremator deals damage equal to that card's power to target player or planeswalker."
Recruiter of the Guard,3.0,['W'],['W'],None,['Creature'],"['Human', 'Soldier']",Rare,PLST,1,1,None,"When Recruiter of the Guard enters the battlefield, you may search your library for a creature card with toughness 2 or less, reveal it, put it into your hand, then shuffle."
Veteran Swordsmith,3.0,['W'],['W'],None,['Creature'],"['Human', 'Soldier']",Common,PLST,3,2,None,Other Soldier creatures you control get +1/+0.
Golgari Thug,2.0,['B'],['B'],None,['Creature'],"['Human', 'Warrior']",Uncommon,PLST,1,1,None,"When Golgari Thug dies, put target creature card from your graveyard on top of your library.\nDredge 4 (If you would draw a card, you may mill four cards instead. If you do, return this card from your graveyard to your hand.)"
Moonglove Extract,3.0,None,None,None,['Artifact'],None,Common,PLST,None,None,None,Sacrifice Moonglove Extract: It deals 2 damage to any target.
Orcish Cannonade,3.0,['R'],['R'],None,['Instant'],None,Common,PLST,None,None,None,Orcish Cannonade deals 2 damage to any target and 3 damage to you.\nDraw a card.
Cruel Tutor,3.0,['B'],['B'],None,['Sorcery'],None,Rare,PLST,None,None,None,"Search your library for a card, then shuffle and put that card on top. You lose 2 life."
"Maja, Bretagard Protector",5.0,"['G', 'W']","['G', 'W']",['Legendary'],['Creature'],"['Human', 'Warrior']",Uncommon,PLST,2,3,None,"Other creatures you control get +1/+1.\nLandfall — Whenever a land enters the battlefield under your control, create a 1/1 white Human Warrior creature token."
Jubilant Mascot,3.0,['W'],['W'],None,['Creature'],['Homunculus'],Uncommon,PLST,1,1,None,"At the beginning of combat on your turn, you may pay {3}{W}. If you do, support 2. (Put a +1/+1 counter on each of up to two other target creatures.)"
"Korlash, Heir to Blackblade",4.0,['B'],['B'],['Legendary'],['Creature'],"['Zombie', 'Warrior']",Rare,PLST,*,*,None,"Korlash, Heir to Blackblade's power and toughness are each equal to the number of Swamps you control.\n{1}{B}: Regenerate Korlash.\nGrandeur — Discard another card named Korlash, Heir to Blackblade: Search your library for up to two Swamp cards, put them onto the battlefield tapped, then shuffle."
Nykthos Paragon,6.0,['W'],['W'],None,"['Enchantment', 'Creature']","['Human', 'Soldier']",Rare,PLST,4,6,None,"Whenever you gain life, you may put that many +1/+1 counters on each creature you control. Do this only once each turn."
Nemesis of Reason,5.0,"['B', 'U']","['B', 'U']",None,['Creature'],"['Leviathan', 'Horror']",Rare,PLST,3,7,None,"Whenever Nemesis of Reason attacks, defending player mills ten cards."
Doomed Dissenter,2.0,['B'],['B'],None,['Creature'],['Human'],Common,PLST,1,1,None,"When Doomed Dissenter dies, create a 2/2 black Zombie creature token."
Witches' Eye,1.0,None,None,None,['Artifact'],['Equipment'],Uncommon,PLST,None,None,None,"Equipped creature has ""{1}, {T}: Scry 1."" (To scry 1, look at the top card of your library, then you may put that card on the bottom of your library.)\nEquip {1}"
Seraph of the Suns,7.0,['W'],['W'],None,['Creature'],['Angel'],Uncommon,PLST,4,4,None,"Flying\nIndestructible (Damage and effects that say ""destroy"" don't destroy this creature. If its toughness is 0 or less, it's still put into its owner's graveyard.)"
"Kari Zev, Skyship Raider",2.0,['R'],['R'],['Legendary'],['Creature'],"['Human', 'Pirate']",Rare,PLST,1,3,None,"First strike, menace\nWhenever Kari Zev, Skyship Raider attacks, create Ragavan, a legendary 2/1 red Monkey creature token. Ragavan enters the battlefield tapped and attacking. Exile that token at end of combat."
Daze,2.0,['U'],['U'],None,['Instant'],None,Common,PLST,None,None,None,You may return an Island you control to its owner's hand rather than pay this spell's mana cost.\nCounter target spell unless its controller pays {1}.
Rite of the Serpent,6.0,['B'],['B'],None,['Sorcery'],None,Common,PLST,None,None,None,"Destroy target creature. If that creature had a +1/+1 counter on it, create a 1/1 green Snake creature token."
Mishra's Self-Replicator,5.0,None,None,None,"['Artifact', 'Creature']",['Assembly-Worker'],Rare,PLST,2,2,None,"Whenever you cast a historic spell, you may pay {1}. If you do, create a token that's a copy of Mishra's Self-Replicator. (Artifacts, legendaries, and Sagas are historic.)"
"Rune-Tail, Kitsune Ascendant // Rune-Tail's Essence",3.0,['W'],['W'],['Legendary'],['Creature'],"['Fox', 'Monk']",Rare,PLST,2,2,None,"When you have 30 or more life, flip Rune-Tail, Kitsune Ascendant."
Silent Observer,4.0,['U'],['U'],None,['Creature'],['Spirit'],Common,PLST,1,5,None,Flying
Risky Move,6.0,['R'],['R'],None,['Enchantment'],None,Rare,PLST,None,None,None,"At the beginning of each player's upkeep, that player gains control of Risky Move.\nWhen you gain control of Risky Move from another player, choose a creature you control and an opponent. Flip a coin. If you lose the flip, that opponent gains control of that creature."
Light of Day,4.0,['W'],['W'],None,['Enchantment'],None,Uncommon,PLST,None,None,None,Black creatures can't attack or block.
Dead Reveler,3.0,['B'],['B'],None,['Creature'],['Zombie'],Common,PLST,2,3,None,Unleash (You may have this creature enter the battlefield with a +1/+1 counter on it. It can't block as long as it has a +1/+1 counter on it.)
"Nykthos, Shrine to Nyx",0.0,None,None,['Legendary'],['Land'],None,Rare,PLST,None,None,None,"{T}: Add {C}.\n{2}, {T}: Choose a color. Add an amount of mana of that color equal to your devotion to that color. (Your devotion to a color is the number of mana symbols of that color in the mana costs of permanents you control.)"
Search for Glory,3.0,['W'],['W'],['Snow'],['Sorcery'],None,Rare,PLST,None,None,None,"Search your library for a snow permanent card, a legendary card, or a Saga card, reveal it, put it into your hand, then shuffle. You gain 1 life for each {S} spent to cast this spell. ({S} is mana from a snow source.)"
Catacomb Slug,5.0,['B'],['B'],None,['Creature'],['Slug'],Common,PLST,2,6,None,None
Time Wipe,5.0,"['U', 'W']","['U', 'W']",None,['Sorcery'],None,Rare,PLST,None,None,None,"Return a creature you control to its owner's hand, then destroy all creatures."
Pentarch Ward,3.0,['W'],['W'],None,['Enchantment'],['Aura'],Common,PLST,None,None,None,"Enchant creature\nAs Pentarch Ward enters the battlefield, choose a color.\nWhen Pentarch Ward enters the battlefield, draw a card.\nEnchanted creature has protection from the chosen color. This effect doesn't remove Pentarch Ward."
"Kalitas, Traitor of Ghet",4.0,['B'],['B'],['Legendary'],['Creature'],"['Vampire', 'Warrior']",Mythic,PLST,3,4,None,"Lifelink\nIf a nontoken creature an opponent controls would die, instead exile that card and create a 2/2 black Zombie creature token.\n{2}{B}, Sacrifice another Vampire or Zombie: Put two +1/+1 counters on Kalitas, Traitor of Ghet."
Cut // Ribbons,4.0,['R'],"['B', 'R']",None,['Sorcery'],None,Rare,PLST,None,None,None,Cut deals 4 damage to target creature.
"Greensleeves, Maro-Sorcerer",5.0,['G'],['G'],['Legendary'],['Creature'],['Elemental'],Mythic,PLST,*,*,None,"Protection from planeswalkers and from Wizards\nGreensleeves, Maro-Sorcerer's power and toughness are each equal to the number of lands you control.\nLandfall — Whenever a land enters the battlefield under your control, create a 3/3 green Badger creature token."
Sultai Runemark,3.0,['B'],['B'],None,['Enchantment'],['Aura'],Common,PLST,None,None,None,Enchant creature\nEnchanted creature gets +2/+2.\nEnchanted creature has deathtouch as long as you control a green or blue permanent. (Any amount of damage it deals to a creature is enough to destroy it.)
Keeper of the Accord,4.0,['W'],['W'],None,['Creature'],"['Human', 'Soldier']",Rare,PLST,3,4,None,"At the beginning of each opponent's end step, if that player controls more creatures than you, create a 1/1 white Soldier creature token.\nAt the beginning of each opponent's end step, if that player controls more lands than you, you may search your library for a basic Plains card, put it onto the battlefield tapped, then shuffle."
Orc Sureshot,4.0,['B'],['B'],None,['Creature'],"['Orc', 'Archer']",Uncommon,PLST,4,2,None,"Whenever another creature enters the battlefield under your control, target creature an opponent controls gets -1/-1 until end of turn."
Spirit of the Labyrinth,2.0,['W'],['W'],None,"['Enchantment', 'Creature']",['Spirit'],Rare,PLST,3,1,None,Each player can't draw more than one card each turn.
Duress,1.0,['B'],['B'],None,['Sorcery'],None,Common,PLST,None,None,None,"Target opponent reveals their hand. You choose a noncreature, nonland card from it. That player discards that card."
Kolaghan's Command,3.0,"['B', 'R']","['B', 'R']",None,['Instant'],None,Rare,PLST,None,None,None,Choose two —\n• Return target creature card from your graveyard to your hand.\n• Target player discards a card.\n• Destroy target artifact.\n• Kolaghan's Command deals 2 damage to any target.
Sacred Cat,1.0,['W'],['W'],None,['Creature'],['Cat'],Common,PLST,1,1,None,"Lifelink\nEmbalm {W} ({W}, Exile this card from your graveyard: Create a token that's a copy of it, except it's a white Zombie Cat with no mana cost. Embalm only as a sorcery.)"
Karplusan Minotaur,4.0,['R'],['R'],None,['Creature'],"['Minotaur', 'Warrior']",Rare,PLST,3,3,None,"Cumulative upkeep—Flip a coin. (At the beginning of your upkeep, put an age counter on this permanent, then sacrifice it unless you pay its upkeep cost for each age counter on it.)\nWhenever you win a coin flip, Karplusan Minotaur deals 1 damage to any target.\nWhenever you lose a coin flip, Karplusan Minotaur deals 1 damage to any target of an opponent's choice."
"Narfi, Betrayer King",5.0,"['B', 'U']","['B', 'U']","['Legendary', 'Snow']",['Creature'],"['Zombie', 'Wizard']",Uncommon,PLST,4,3,None,"Other snow and Zombie creatures you control get +1/+1.\n{S}{S}{S}: Return Narfi, Betrayer King from your graveyard to the battlefield tapped. ({S} can be paid with one mana from a snow source.)"
Aura Thief,4.0,['U'],['U'],None,['Creature'],['Illusion'],Rare,PLST,2,2,None,"Flying\nWhen Aura Thief dies, you gain control of all enchantments. (You don't get to move Auras.)"
Strength of Night,3.0,['G'],"['B', 'G']",None,['Instant'],None,Common,PLST,None,None,None,"Kicker {B} (You may pay an additional {B} as you cast this spell.)\nCreatures you control get +1/+1 until end of turn. If this spell was kicked, Zombie creatures you control get an additional +2/+2 until end of turn."
Root Out,3.0,['G'],['G'],None,['Sorcery'],None,Common,PLST,None,None,None,"Destroy target artifact or enchantment.\nInvestigate. (Create a Clue token. It's an artifact with ""{2}, Sacrifice this artifact: Draw a card."")"
Knight of Dawn,3.0,['W'],['W'],None,['Creature'],"['Human', 'Knight']",Uncommon,PLST,2,2,None,First strike\n{W}{W}: Knight of Dawn gains protection from the color of your choice until end of turn.
Harmonize,4.0,['G'],['G'],None,['Sorcery'],None,Rare,PLST,None,None,None,Draw three cards.
"Tolsimir, Friend to Wolves",5.0,"['G', 'W']","['G', 'W']",['Legendary'],['Creature'],"['Elf', 'Scout']",Rare,PLST,3,3,None,"When Tolsimir, Friend to Wolves enters the battlefield, create Voja, Friend to Elves, a legendary 3/3 green and white Wolf creature token.\nWhenever a Wolf enters the battlefield under your control, you gain 3 life and that creature fights up to one target creature you don't control."
Lion Sash,2.0,['W'],['W'],None,"['Artifact', 'Creature']","['Equipment', 'Cat']",Rare,PLST,1,1,None,"{W}: Exile target card from a graveyard. If it was a permanent card, put a +1/+1 counter on Lion Sash.\nEquipped creature gets +1/+1 for each +1/+1 counter on Lion Sash.\nReconfigure {2} ({2}: Attach to target creature you control; or unattach from a creature. Reconfigure only as a sorcery. While attached, this isn't a creature.)"
Volrath's Dungeon,4.0,['B'],['B'],None,['Enchantment'],None,Rare,PLST,None,None,None,Pay 5 life: Destroy Volrath's Dungeon. Any player may activate this ability but only during their turn.\nDiscard a card: Target player puts a card from their hand on top of their library. Activate only as a sorcery.
Alchemist's Refuge,0.0,None,"['G', 'U']",None,['Land'],None,Rare,PLST,None,None,None,"{T}: Add {C}.\n{G}{U}, {T}: You may cast spells this turn as though they had flash."
Soul Summons,2.0,['W'],['W'],None,['Sorcery'],None,Common,PLST,None,None,None,Manifest the top card of your library. (Put it onto the battlefield face down as a 2/2 creature. Turn it face up any time for its mana cost if it's a creature card.)
Turn Aside,1.0,['U'],['U'],None,['Instant'],None,Common,PLST,None,None,None,Counter target spell that targets a permanent you control.
Kiss of the Amesha,6.0,"['U', 'W']","['U', 'W']",None,['Sorcery'],None,Uncommon,PLST,None,None,None,Target player gains 7 life and draws two cards.
Seal of Cleansing,2.0,['W'],['W'],None,['Enchantment'],None,Common,PLST,None,None,None,Sacrifice Seal of Cleansing: Destroy target artifact or enchantment.
Animate Dead,2.0,['B'],['B'],None,['Enchantment'],['Aura'],Uncommon,PLST,None,None,None,"Enchant creature card in a graveyard\nWhen Animate Dead enters the battlefield, if it's on the battlefield, it loses ""enchant creature card in a graveyard"" and gains ""enchant creature put onto the battlefield with Animate Dead."" Return enchanted creature card to the battlefield under your control and attach Animate Dead to it. When Animate Dead leaves the battlefield, that creature's controller sacrifices it.\nEnchanted creature gets -1/-0."
Mana Crypt,0.0,None,None,None,['Artifact'],None,Mythic,PLST,None,None,None,"At the beginning of your upkeep, flip a coin. If you lose the flip, Mana Crypt deals 3 damage to you.\n{T}: Add {C}{C}."
Nucklavee,6.0,"['R', 'U']","['R', 'U']",None,['Creature'],['Beast'],Uncommon,PLST,4,4,None,"When Nucklavee enters the battlefield, you may return target red sorcery card from your graveyard to your hand.\nWhen Nucklavee enters the battlefield, you may return target blue instant card from your graveyard to your hand."
Braid of Fire,2.0,['R'],['R'],None,['Enchantment'],None,Rare,PLST,None,None,None,"Cumulative upkeep—Add {R}. (At the beginning of your upkeep, put an age counter on this permanent, then sacrifice it unless you pay its upkeep cost for each age counter on it.)"
Mirran Crusader,3.0,['W'],['W'],None,['Creature'],"['Human', 'Knight']",Rare,PLST,2,2,None,"Double strike, protection from black and from green"
Mist Raven,4.0,['U'],['U'],None,['Creature'],['Bird'],Common,PLST,2,2,None,"Flying\nWhen Mist Raven enters the battlefield, return target creature to its owner's hand."
Destructive Tampering,3.0,['R'],['R'],None,['Sorcery'],None,Common,PLST,None,None,None,Choose one —\n• Destroy target artifact.\n• Creatures without flying can't block this turn.
Elven Warhounds,4.0,['G'],['G'],None,['Creature'],['Dog'],Rare,PLST,2,2,None,"Whenever Elven Warhounds becomes blocked by a creature, put that creature on top of its owner's library."
Felidar Sovereign,6.0,['W'],['W'],None,['Creature'],"['Cat', 'Beast']",Rare,PLST,4,6,None,"Vigilance, lifelink\nAt the beginning of your upkeep, if you have 40 or more life, you win the game."
Storm Sculptor,4.0,['U'],['U'],None,['Creature'],"['Merfolk', 'Wizard']",Common,PLST,3,2,None,"Storm Sculptor can't be blocked.\nWhen Storm Sculptor enters the battlefield, return a creature you control to its owner's hand."
Fire // Ice,4.0,['R'],"['R', 'U']",None,['Instant'],None,Common,PLST,None,None,None,Fire deals 2 damage divided as you choose among one or two targets.
Rhet-Crop Spearmaster,3.0,['W'],['W'],None,['Creature'],"['Human', 'Warrior']",Common,PLST,3,1,None,"You may exert Rhet-Crop Spearmaster as it attacks. When you do, it gets +1/+0 and gains first strike until end of turn. (An exerted creature won't untap during your next untap step.)"
Boggart Arsonists,3.0,['R'],['R'],None,['Creature'],"['Goblin', 'Rogue']",Common,PLST,2,1,None,"Plainswalk (This creature can't be blocked as long as defending player controls a Plains.)\n{2}{R}, Sacrifice Boggart Arsonists: Destroy target Scarecrow or Plains."
Paladin of the Bloodstained,4.0,['W'],['W'],None,['Creature'],"['Vampire', 'Knight']",Common,PLST,3,2,None,"When Paladin of the Bloodstained enters the battlefield, create a 1/1 white Vampire creature token with lifelink."
Decree of Annihilation,10.0,['R'],['R'],None,['Sorcery'],None,Rare,PLST,None,None,None,"Exile all artifacts, creatures, and lands from the battlefield, all cards from all graveyards, and all cards from all hands.\nCycling {5}{R}{R} ({5}{R}{R}, Discard this card: Draw a card.)\nWhen you cycle Decree of Annihilation, destroy all lands."
Jungle Shrine,0.0,None,"['G', 'R', 'W']",None,['Land'],None,Uncommon,PLST,None,None,None,"Jungle Shrine enters the battlefield tapped.\n{T}: Add {R}, {G}, or {W}."
Reduce to Memory,3.0,['W'],['W'],None,['Sorcery'],['Lesson'],Uncommon,PLST,None,None,None,Exile target nonland permanent. Its controller creates a 3/2 red and white Spirit creature token.
"Nemata, Grove Guardian",6.0,['G'],['G'],['Legendary'],['Creature'],['Treefolk'],Rare,PLST,4,5,None,{2}{G}: Create a 1/1 green Saproling creature token.\nSacrifice a Saproling: Saproling creatures get +1/+1 until end of turn.
Cavern of Souls,0.0,None,None,None,['Land'],None,Rare,PLST,None,None,None,"As Cavern of Souls enters the battlefield, choose a creature type.\n{T}: Add {C}.\n{T}: Add one mana of any color. Spend this mana only to cast a creature spell of the chosen type, and that spell can't be countered."
Loxodon Gatekeeper,4.0,['W'],['W'],None,['Creature'],"['Elephant', 'Soldier']",Rare,PLST,2,3,None,"Artifacts, creatures, and lands your opponents control enter the battlefield tapped."
Lucky Clover,2.0,None,None,None,['Artifact'],None,Uncommon,PLST,None,None,None,"Whenever you cast an Adventure instant or sorcery spell, copy it. You may choose new targets for the copy."
Mana Tithe,1.0,['W'],['W'],None,['Instant'],None,Common,PLST,None,None,None,Counter target spell unless its controller pays {1}.
Child of Night,2.0,['B'],['B'],None,['Creature'],['Vampire'],Common,PLST,2,1,None,Lifelink
Millikin,2.0,None,None,None,"['Artifact', 'Creature']",['Construct'],Uncommon,PLST,0,1,None,"{T}, Mill a card: Add {C}. (To mill a card, put the top card of your library into your graveyard.)"
Stonybrook Schoolmaster,3.0,['W'],['W'],None,['Creature'],"['Merfolk', 'Wizard']",Common,PLST,1,2,None,"Whenever Stonybrook Schoolmaster becomes tapped, you may create a 1/1 blue Merfolk Wizard creature token."
Collective Brutality,2.0,['B'],['B'],None,['Sorcery'],None,Rare,PLST,None,None,None,Escalate—Discard a card. (Pay this cost for each mode chosen beyond the first.)\nChoose one or more —\n• Target opponent reveals their hand. You choose an instant or sorcery card from it. That player discards that card.\n• Target creature gets -2/-2 until end of turn.\n• Target opponent loses 2 life and you gain 2 life.
Grimoire of the Dead,4.0,None,None,['Legendary'],['Artifact'],None,Mythic,PLST,None,None,None,"{1}, {T}, Discard a card: Put a study counter on Grimoire of the Dead.\n{T}, Remove three study counters from Grimoire of the Dead and sacrifice it: Put all creature cards from all graveyards onto the battlefield under your control. They're black Zombies in addition to their other colors and types."
Refurbish,4.0,['W'],['W'],None,['Sorcery'],None,Uncommon,PLST,None,None,None,Return target artifact card from your graveyard to the battlefield.
Deadbridge Shaman,3.0,['B'],['B'],None,['Creature'],"['Elf', 'Shaman']",Common,PLST,3,1,None,"When Deadbridge Shaman dies, target opponent discards a card."
Panharmonicon,4.0,None,None,None,['Artifact'],None,Rare,PLST,None,None,None,"If an artifact or creature entering the battlefield causes a triggered ability of a permanent you control to trigger, that ability triggers an additional time."
Soulcatchers' Aerie,2.0,['W'],['W'],None,['Enchantment'],None,Uncommon,PLST,None,None,None,"Whenever a Bird is put into your graveyard from the battlefield, put a feather counter on Soulcatchers' Aerie.\nBird creatures get +1/+1 for each feather counter on Soulcatchers' Aerie."
Demonic Vigor,1.0,['B'],['B'],None,['Enchantment'],['Aura'],Common,PLST,None,None,None,"Enchant creature\nEnchanted creature gets +1/+1.\nWhen enchanted creature dies, return that card to its owner's hand."
Kaito Shizuki,3.0,"['B', 'U']","['B', 'U']",['Legendary'],['Planeswalker'],['Kaito'],Mythic,PLST,None,None,3,"At the beginning of your end step, if Kaito Shizuki entered the battlefield this turn, he phases out.\n[+1]: Draw a card. Then discard a card unless you attacked this turn.\n[−2]: Create a 1/1 blue Ninja creature token with ""This creature can't be blocked.""\n[−7]: You get an emblem with ""Whenever a creature you control deals combat damage to a player, search your library for a blue or black creature card, put it onto the battlefield, then shuffle."""
Iona's Judgment,5.0,['W'],['W'],None,['Sorcery'],None,Common,PLST,None,None,None,Exile target creature or enchantment.
Mystery Key,2.0,['U'],['U'],None,['Artifact'],['Equipment'],Uncommon,PLST,None,None,None,"When equipped creature deals combat damage to a player, sacrifice Mystery Key. If you do, draw three cards.\nEquip {1} ({1}: Attach to target creature you control. Equip only as a sorcery.)"
Chromatic Lantern,3.0,None,None,None,['Artifact'],None,Rare,PLST,None,None,None,"Lands you control have ""{T}: Add one mana of any color.""\n{T}: Add one mana of any color."
Lumithread Field,2.0,['W'],['W'],None,['Enchantment'],None,Common,PLST,None,None,None,Creatures you control get +0/+1.\nMorph {1}{W} (You may cast this card face down as a 2/2 creature for {3}. Turn it face up any time for its morph cost.)
Cursed Minotaur,3.0,['B'],['B'],None,['Creature'],"['Zombie', 'Minotaur']",Common,PLST,3,2,None,Menace (This creature can't be blocked except by two or more creatures.)
Raging Swordtooth,5.0,"['G', 'R']","['G', 'R']",None,['Creature'],['Dinosaur'],Uncommon,PLST,5,5,None,"Trample\nWhen Raging Swordtooth enters the battlefield, it deals 1 damage to each other creature."
Faithbearer Paladin,5.0,['W'],['W'],None,['Creature'],"['Human', 'Knight']",Common,PLST,3,4,None,Lifelink (Damage dealt by this creature also causes you to gain that much life.)
Plains,0.0,None,['W'],['Basic'],['Land'],['Plains'],Common,PLST,None,None,None,({T}: Add {W}.)
"Linvala, Shield of Sea Gate",3.0,"['U', 'W']","['U', 'W']",['Legendary'],['Creature'],"['Angel', 'Wizard']",Rare,PLST,3,3,None,"Flying\nAt the beginning of combat on your turn, if you have a full party, choose target nonland permanent an opponent controls. Until your next turn, it can't attack or block, and its activated abilities can't be activated.\nSacrifice Linvala: Choose hexproof or indestructible. Creatures you control gain that ability until end of turn."
Rally the Peasants,3.0,['W'],"['R', 'W']",None,['Instant'],None,Common,PLST,None,None,None,Creatures you control get +2/+0 until end of turn.\nFlashback {2}{R} (You may cast this card from your graveyard for its flashback cost. Then exile it.)
Spike Feeder,3.0,['G'],['G'],None,['Creature'],['Spike'],Rare,PLST,0,0,None,"Spike Feeder enters the battlefield with two +1/+1 counters on it.\n{2}, Remove a +1/+1 counter from Spike Feeder: Put a +1/+1 counter on target creature.\nRemove a +1/+1 counter from Spike Feeder: You gain 2 life."
Incubation // Incongruity,4.0,"['U', 'G']","['G', 'U']",None,['Sorcery'],None,Uncommon,PLST,None,None,None,Look at the top five cards of your library. You may reveal a creature card from among them and put it into your hand. Put the rest on the bottom of your library in a random order.
Rest in Peace,2.0,['W'],['W'],None,['Enchantment'],None,Rare,PLST,None,None,None,"When Rest in Peace enters the battlefield, exile all graveyards.\nIf a card or token would be put into a graveyard from anywhere, exile it instead."
One with Nothing,1.0,['B'],['B'],None,['Instant'],None,Rare,PLST,None,None,None,Discard your hand.
Inquisitor's Ox,4.0,['W'],['W'],None,['Creature'],['Ox'],Common,PLST,2,5,None,Delirium — Inquisitor's Ox gets +1/+0 and has vigilance as long as there are four or more card types among cards in your graveyard.
Bloodbraid Elf,4.0,"['G', 'R']","['G', 'R']",None,['Creature'],"['Elf', 'Berserker']",Uncommon,PLST,3,2,None,"Haste\nCascade (When you cast this spell, exile cards from the top of your library until you exile a nonland card that costs less. You may cast it without paying its mana cost. Put the exiled cards on the bottom of your library in a random order.)"
Trokin High Guard,4.0,['W'],['W'],None,['Creature'],"['Human', 'Knight']",Common,PLST,3,3,None,None
Sakashima's Student,4.0,['U'],['U'],None,['Creature'],"['Human', 'Ninja']",Rare,PLST,0,0,None,"Ninjutsu {1}{U} ({1}{U}, Return an unblocked attacker you control to hand: Put this card onto the battlefield from your hand tapped and attacking.)\nYou may have Sakashima's Student enter the battlefield as a copy of any creature on the battlefield, except it's a Ninja in addition to its other creature types."
Abrade,2.0,['R'],['R'],None,['Instant'],None,Uncommon,PLST,None,None,None,Choose one —\n• Abrade deals 3 damage to target creature.\n• Destroy target artifact.
"Minsc, Beloved Ranger",3.0,"['G', 'R', 'W']","['G', 'R', 'W']",['Legendary'],['Creature'],"['Human', 'Ranger']",Mythic,PLST,3,3,None,"When Minsc, Beloved Ranger enters the battlefield, create Boo, a legendary 1/1 red Hamster creature token with trample and haste.\n{X}: Until end of turn, target creature you control has base power and toughness X/X and becomes a Giant in addition to its other types. Activate only as a sorcery."
Kor Sky Climber,3.0,['W'],['W'],None,['Creature'],"['Kor', 'Soldier', 'Ally']",Common,PLST,3,2,None,{1}{W}: Kor Sky Climber gains flying until end of turn.
Dwarven Bloodboiler,3.0,['R'],['R'],None,['Creature'],['Dwarf'],Rare,PLST,2,2,None,Tap an untapped Dwarf you control: Target creature gets +2/+0 until end of turn.
"Skullbriar, the Walking Grave",2.0,"['B', 'G']","['B', 'G']",['Legendary'],['Creature'],"['Zombie', 'Elemental']",Rare,PLST,1,1,None,"Haste\nWhenever Skullbriar, the Walking Grave deals combat damage to a player, put a +1/+1 counter on it.\nCounters remain on Skullbriar as it moves to any zone other than a player's hand or library."
Graceful Antelope,4.0,['W'],['W'],None,['Creature'],['Antelope'],Rare,PLST,1,4,None,"Plainswalk (This creature can't be blocked as long as defending player controls a Plains.)\nWhenever Graceful Antelope deals combat damage to a player, you may have target land become a Plains until Graceful Antelope leaves the battlefield."
Rakshasa's Secret,3.0,['B'],['B'],None,['Sorcery'],None,Common,PLST,None,None,None,Target opponent discards two cards. Mill two cards.
Gush,5.0,['U'],['U'],None,['Instant'],None,Common,PLST,None,None,None,You may return two Islands you control to their owner's hand rather than pay this spell's mana cost.\nDraw two cards.
Righteous Valkyrie,3.0,['W'],['W'],None,['Creature'],"['Angel', 'Cleric']",Rare,PLST,2,4,None,"Flying\nWhenever another Angel or Cleric enters the battlefield under your control, you gain life equal to that creature's toughness.\nAs long as you have at least 7 life more than your starting life total, creatures you control get +2/+2."
Toxin Sliver,4.0,['B'],['B'],None,['Creature'],['Sliver'],Rare,PLST,3,3,None,"Whenever a Sliver deals combat damage to a creature, destroy that creature. It can't be regenerated."
Powerstone Shard,3.0,None,None,None,['Artifact'],None,Common,PLST,None,None,None,{T}: Add {C} for each artifact you control named Powerstone Shard.
Pledge of Loyalty,2.0,['W'],['W'],None,['Enchantment'],['Aura'],Uncommon,PLST,None,None,None,Enchant creature\nEnchanted creature has protection from the colors of permanents you control. This effect doesn't remove Pledge of Loyalty.
"Gonti, Lord of Luxury",4.0,['B'],['B'],['Legendary'],['Creature'],"['Aetherborn', 'Rogue']",Rare,PLST,2,3,None,"Deathtouch\nWhen Gonti, Lord of Luxury enters the battlefield, look at the top four cards of target opponent's library, exile one of them face down, then put the rest on the bottom of that library in a random order. You may cast that card for as long as it remains exiled, and mana of any type can be spent to cast that spell."
Perpetual Timepiece,2.0,None,None,None,['Artifact'],None,Uncommon,PLST,None,None,None,"{T}: Mill two cards.\n{2}, Exile Perpetual Timepiece: Shuffle any number of target cards from your graveyard into your library."
Steadfast Sentinel,4.0,['W'],['W'],None,['Creature'],"['Human', 'Cleric']",Common,PLST,2,3,None,"Vigilance\nEternalize {4}{W}{W} ({4}{W}{W}, Exile this card from your graveyard: Create a token that's a copy of it, except it's a 4/4 black Zombie Human Cleric with no mana cost. Eternalize only as a sorcery.)"
Moonlit Strider,4.0,['W'],['W'],None,['Creature'],['Spirit'],Common,PLST,1,4,None,"Sacrifice Moonlit Strider: Target creature you control gains protection from the color of your choice until end of turn.\nSoulshift 3 (When this creature dies, you may return target Spirit card with mana value 3 or less from your graveyard to your hand.)"
Territorial Baloth,5.0,['G'],['G'],None,['Creature'],['Beast'],Common,PLST,4,4,None,"Landfall — Whenever a land enters the battlefield under your control, Territorial Baloth gets +2/+2 until end of turn."
Butcher's Glee,3.0,['B'],['B'],None,['Instant'],None,Common,PLST,None,None,None,Target creature gets +3/+0 and gains lifelink until end of turn. Regenerate it. (Damage dealt by a creature with lifelink also causes its controller to gain that much life.)
"Angrath, Captain of Chaos",4.0,"['B', 'R']","['B', 'R']",['Legendary'],['Planeswalker'],['Angrath'],Uncommon,PLST,None,None,5,"Creatures you control have menace.\n[−2]: Amass Zombies 2. (Put two +1/+1 counters on an Army you control. It's also a Zombie. If you don't control an Army, create a 0/0 black Zombie Army creature token first.)"
Soul Parry,2.0,['W'],['W'],None,['Instant'],None,Common,PLST,None,None,None,Prevent all damage one or two target creatures would deal this turn.
Blur of Blades,2.0,['R'],['R'],None,['Instant'],None,Common,PLST,None,None,None,Put a -1/-1 counter on target creature. Blur of Blades deals 2 damage to that creature's controller.
Gate to the Afterlife,3.0,None,None,None,['Artifact'],None,Uncommon,PLST,None,None,None,"Whenever a nontoken creature you control dies, you gain 1 life. Then you may draw a card. If you do, discard a card.\n{2}, {T}, Sacrifice Gate to the Afterlife: Search your graveyard, hand, and/or library for a card named God-Pharaoh's Gift and put it onto the battlefield. If you search your library this way, shuffle. Activate only if there are six or more creature cards in your graveyard."
Goblin Bombardment,2.0,['R'],['R'],None,['Enchantment'],None,Uncommon,PLST,None,None,None,Sacrifice a creature: Goblin Bombardment deals 1 damage to any target.
Certain Death,6.0,['B'],['B'],None,['Sorcery'],None,Common,PLST,None,None,None,Destroy target creature. Its controller loses 2 life and you gain 2 life.
Savage Lands,0.0,None,"['B', 'G', 'R']",None,['Land'],None,Uncommon,PLST,None,None,None,"Savage Lands enters the battlefield tapped.\n{T}: Add {B}, {R}, or {G}."
Plea for Power,4.0,['U'],['U'],None,['Sorcery'],None,Rare,PLST,None,None,None,"Will of the council — Starting with you, each player votes for time or knowledge. If time gets more votes, take an extra turn after this one. If knowledge gets more votes or the vote is tied, draw three cards."
Youthful Scholar,4.0,['U'],['U'],None,['Creature'],"['Human', 'Wizard']",Uncommon,PLST,2,2,None,"When Youthful Scholar dies, draw two cards."
Seraph Sanctuary,0.0,None,None,None,['Land'],None,Common,PLST,None,None,None,"When Seraph Sanctuary enters the battlefield, you gain 1 life.\nWhenever an Angel enters the battlefield under your control, you gain 1 life.\n{T}: Add {C}."
"Daretti, Scrap Savant",4.0,['R'],['R'],['Legendary'],['Planeswalker'],['Daretti'],Mythic,PLST,None,None,3,"[+2]: Discard up to two cards, then draw that many cards.\n[−2]: Sacrifice an artifact. If you do, return target artifact card from your graveyard to the battlefield.\n[−10]: You get an emblem with ""Whenever an artifact is put into your graveyard from the battlefield, return that card to the battlefield at the beginning of the next end step.""\nDaretti, Scrap Savant can be your commander."
Preordain,1.0,['U'],['U'],None,['Sorcery'],None,Common,PLST,None,None,None,"Scry 2, then draw a card. (To scry 2, look at the top two cards of your library, then put any number of them on the bottom and the rest on top in any order.)"
Riptide Crab,3.0,"['U', 'W']","['U', 'W']",None,['Creature'],['Crab'],Common,PLST,1,3,None,"Vigilance\nWhen Riptide Crab dies, draw a card."
Lich Lord of Unx,3.0,"['B', 'U']","['B', 'U']",None,['Creature'],"['Zombie', 'Wizard']",Rare,PLST,2,2,None,"{U}{B}, {T}: Create a 1/1 blue and black Zombie Wizard creature token.\n{U}{U}{B}{B}: Target player loses X life and mills X cards, where X is the number of Zombies you control."
Fretwork Colony,2.0,['B'],['B'],None,['Creature'],['Insect'],Uncommon,PLST,1,1,None,"Fretwork Colony can't block.\nAt the beginning of your upkeep, put a +1/+1 counter on Fretwork Colony and you lose 1 life."
"Sarulf, Realm Eater",3.0,"['B', 'G']","['B', 'G']",['Legendary'],['Creature'],['Wolf'],Rare,PLST,3,3,None,"Whenever a permanent an opponent controls is put into a graveyard from the battlefield, put a +1/+1 counter on Sarulf, Realm Eater.\nAt the beginning of your upkeep, if Sarulf has one or more +1/+1 counters on it, you may remove all of them. If you do, exile each other nonland permanent with mana value less than or equal to the number of counters removed this way."
Ice Cave,5.0,['U'],['U'],None,['Enchantment'],None,Rare,PLST,None,None,None,"Whenever a player casts a spell, any other player may pay that spell's mana cost. If a player does, counter the spell. (Mana cost includes color.)"
Sea of Clouds,0.0,None,"['U', 'W']",None,['Land'],None,Rare,PLST,None,None,None,Sea of Clouds enters the battlefield tapped unless you have two or more opponents.\n{T}: Add {W} or {U}.
Guardians of Meletis,3.0,None,None,None,"['Artifact', 'Creature']",['Golem'],Common,PLST,0,6,None,Defender (This creature can't attack.)
Regal Caracal,5.0,['W'],['W'],None,['Creature'],['Cat'],Rare,PLST,3,3,None,"Other Cats you control get +1/+1 and have lifelink.\nWhen Regal Caracal enters the battlefield, create two 1/1 white Cat creature tokens with lifelink."
Bloodied Ghost,3.0,"['B', 'W']","['B', 'W']",None,['Creature'],['Spirit'],Uncommon,PLST,3,3,None,Flying\nBloodied Ghost enters the battlefield with a -1/-1 counter on it.
Codex Shredder,1.0,None,None,None,['Artifact'],None,Uncommon,PLST,None,None,None,"{T}: Target player mills a card. (They put the top card of their library into their graveyard.)\n{5}, {T}, Sacrifice Codex Shredder: Return target card from your graveyard to your hand."
Bloodghast,2.0,['B'],['B'],None,['Creature'],"['Vampire', 'Spirit']",Rare,PLST,2,1,None,"Bloodghast can't block.\nBloodghast has haste as long as an opponent has 10 or less life.\nLandfall — Whenever a land enters the battlefield under your control, you may return Bloodghast from your graveyard to the battlefield."
Doomed Traveler,1.0,['W'],['W'],None,['Creature'],"['Human', 'Soldier']",Common,PLST,1,1,None,"When Doomed Traveler dies, create a 1/1 white Spirit creature token with flying."
Seaside Citadel,0.0,None,"['G', 'U', 'W']",None,['Land'],None,Uncommon,PLST,None,None,None,"Seaside Citadel enters the battlefield tapped.\n{T}: Add {G}, {W}, or {U}."
"Kytheon, Hero of Akros // Gideon, Battle-Forged",1.0,['W'],['W'],['Legendary'],['Creature'],"['Human', 'Soldier']",Mythic,PLST,2,1,None,"At end of combat, if Kytheon, Hero of Akros and at least two other creatures attacked this combat, exile Kytheon, then return him to the battlefield transformed under his owner's control.\n{2}{W}: Kytheon gains indestructible until end of turn."
Bituminous Blast,5.0,"['B', 'R']","['B', 'R']",None,['Instant'],None,Uncommon,PLST,None,None,None,"Cascade (When you cast this spell, exile cards from the top of your library until you exile a nonland card that costs less. You may cast it without paying its mana cost. Put the exiled cards on the bottom of your library in a random order.)\nBituminous Blast deals 4 damage to target creature."
Myojin of Life's Web,9.0,['G'],['G'],['Legendary'],['Creature'],['Spirit'],Rare,PLST,8,8,None,Myojin of Life's Web enters the battlefield with a divinity counter on it if you cast it from your hand.\nMyojin of Life's Web has indestructible as long as it has a divinity counter on it.\nRemove a divinity counter from Myojin of Life's Web: Put any number of creature cards from your hand onto the battlefield.
Looming Altisaur,4.0,['W'],['W'],None,['Creature'],['Dinosaur'],Common,PLST,1,7,None,None
Pitiless Plunderer,4.0,['B'],['B'],None,['Creature'],"['Human', 'Pirate']",Uncommon,PLST,1,4,None,"Whenever another creature you control dies, create a Treasure token. (It's an artifact with ""{T}, Sacrifice this artifact: Add one mana of any color."")"
Coveted Peacock,5.0,['U'],['U'],None,['Creature'],['Bird'],Uncommon,PLST,3,4,None,"Flying\nWhenever Coveted Peacock attacks, you may goad target creature defending player controls. (Until your next turn, that creature attacks each combat if able and attacks a player other than you if able.)"
Lotus-Eye Mystics,4.0,['W'],['W'],None,['Creature'],"['Human', 'Monk']",Common,PLST,3,2,None,"Prowess (Whenever you cast a noncreature spell, this creature gets +1/+1 until end of turn.)\nWhen Lotus-Eye Mystics enters the battlefield, return target enchantment card from your graveyard to your hand."
Spell Swindle,5.0,['U'],['U'],None,['Instant'],None,Rare,PLST,None,None,None,"Counter target spell. Create X Treasure tokens, where X is that spell's mana value. (They're artifacts with ""{T}, Sacrifice this artifact: Add one mana of any color."")"
Short Sword,1.0,None,None,None,['Artifact'],['Equipment'],Common,PLST,None,None,None,Equipped creature gets +1/+1.\nEquip {1} ({1}: Attach to target creature you control. Equip only as a sorcery.)
Snubhorn Sentry,1.0,['W'],['W'],None,['Creature'],['Dinosaur'],Common,PLST,0,3,None,"Ascend (If you control ten or more permanents, you get the city's blessing for the rest of the game.)\nSnubhorn Sentry gets +3/+0 as long as you have the city's blessing."
Cabal Therapy,1.0,['B'],['B'],None,['Sorcery'],None,Uncommon,PLST,None,None,None,Choose a nonland card name. Target player reveals their hand and discards all cards with that name.\nFlashback—Sacrifice a creature. (You may cast this card from your graveyard for its flashback cost. Then exile it.)
Belfry Spirit,5.0,['W'],['W'],None,['Creature'],['Spirit'],Uncommon,PLST,1,1,None,"Flying\nHaunt (When this creature dies, exile it haunting target creature.)\nWhen Belfry Spirit enters the battlefield or the creature it haunts dies, create two 1/1 black Bat creature tokens with flying."
Shattered Angel,5.0,['W'],['W'],None,['Creature'],"['Phyrexian', 'Angel']",Uncommon,PLST,3,3,None,"Flying\nWhenever a land enters the battlefield under an opponent's control, you may gain 3 life."
Melira's Keepers,5.0,['G'],['G'],None,['Creature'],"['Human', 'Warrior']",Uncommon,PLST,4,4,None,Melira's Keepers can't have counters put on it.
Showdown of the Skalds,4.0,"['R', 'W']","['R', 'W']",None,['Enchantment'],['Saga'],Rare,PLST,None,None,None,"(As this Saga enters and after your draw step, add a lore counter. Sacrifice after III.)\nI — Exile the top four cards of your library. Until the end of your next turn, you may play those cards.\nII, III — Whenever you cast a spell this turn, put a +1/+1 counter on target creature you control."
Arcbound Mouser,1.0,['W'],['W'],None,"['Artifact', 'Creature']",['Cat'],Common,PLST,0,0,None,"Lifelink\nModular 1 (This creature enters the battlefield with a +1/+1 counter on it. When it dies, you may put its +1/+1 counters on target artifact creature.)"
Bloodchief Ascension,1.0,['B'],['B'],None,['Enchantment'],None,Rare,PLST,None,None,None,"At the beginning of each end step, if an opponent lost 2 or more life this turn, you may put a quest counter on Bloodchief Ascension. (Damage causes loss of life.)\nWhenever a card is put into an opponent's graveyard from anywhere, if Bloodchief Ascension has three or more quest counters on it, you may have that player lose 2 life. If you do, you gain 2 life."
Skirk Fire Marshal,5.0,['R'],['R'],None,['Creature'],['Goblin'],Rare,PLST,2,2,None,Protection from red\nTap five untapped Goblins you control: Skirk Fire Marshal deals 10 damage to each creature and each player.
Siegecraft,4.0,['W'],['W'],None,['Enchantment'],['Aura'],Common,PLST,None,None,None,Enchant creature\nEnchanted creature gets +2/+4.
Impending Disaster,2.0,['R'],['R'],None,['Enchantment'],None,Rare,PLST,None,None,None,"At the beginning of your upkeep, if there are seven or more lands on the battlefield, sacrifice Impending Disaster and destroy all lands."
"Uro, Titan of Nature's Wrath",3.0,"['G', 'U']","['G', 'U']",['Legendary'],['Creature'],"['Elder', 'Giant']",Mythic,PLST,6,6,None,"When Uro enters the battlefield, sacrifice it unless it escaped.\nWhenever Uro enters the battlefield or attacks, you gain 3 life and draw a card, then you may put a land card from your hand onto the battlefield.\nEscape—{G}{G}{U}{U}, Exile five other cards from your graveyard. (You may cast this card from your graveyard for its escape cost.)"
Guided Strike,2.0,['W'],['W'],None,['Instant'],None,Common,PLST,None,None,None,Target creature gets +1/+0 and gains first strike until end of turn.\nDraw a card.
Plague Wight,2.0,['B'],['B'],None,['Creature'],['Zombie'],Common,PLST,2,1,None,"Whenever Plague Wight becomes blocked, each creature blocking it gets -1/-1 until end of turn."
Blighted Fen,0.0,None,['B'],None,['Land'],None,Uncommon,PLST,None,None,None,"{T}: Add {C}.\n{4}{B}, {T}, Sacrifice Blighted Fen: Target opponent sacrifices a creature."
Triton Tactics,1.0,['U'],['U'],None,['Instant'],None,Uncommon,PLST,None,None,None,"Up to two target creatures each get +0/+3 until end of turn. Untap those creatures. At this turn's next end of combat, tap each creature that was blocked by one of those creatures this turn and it doesn't untap during its controller's next untap step."
Ravenous Chupacabra,4.0,['B'],['B'],None,['Creature'],"['Beast', 'Horror']",Uncommon,PLST,2,2,None,"When Ravenous Chupacabra enters the battlefield, destroy target creature an opponent controls."
Expropriate,9.0,['U'],['U'],None,['Sorcery'],None,Mythic,PLST,None,None,None,"Council's dilemma — Starting with you, each player votes for time or money. For each time vote, take an extra turn after this one. For each money vote, choose a permanent owned by the voter and gain control of it. Exile Expropriate."
Voice of the Provinces,6.0,['W'],['W'],None,['Creature'],['Angel'],Common,PLST,3,3,None,"Flying\nWhen Voice of the Provinces enters the battlefield, create a 1/1 white Human creature token."
Magnigoth Treefolk,5.0,['G'],['G'],None,['Creature'],['Treefolk'],Rare,PLST,2,6,None,"Domain — For each basic land type among lands you control, Magnigoth Treefolk has landwalk of that type. (It can't be blocked as long as defending player controls a land of that type.)"
Thran Dynamo,4.0,None,None,None,['Artifact'],None,Uncommon,PLST,None,None,None,{T}: Add {C}{C}{C}.
Wall of Shards,2.0,['W'],['W'],['Snow'],['Creature'],['Wall'],Uncommon,PLST,1,8,None,"Defender, flying\nCumulative upkeep—An opponent gains 1 life. (At the beginning of your upkeep, put an age counter on this permanent, then sacrifice it unless you pay its upkeep cost for each age counter on it.)"
Baleful Strix,2.0,"['B', 'U']","['B', 'U']",None,"['Artifact', 'Creature']",['Bird'],Uncommon,PLST,1,1,None,"Flying, deathtouch\nWhen Baleful Strix enters the battlefield, draw a card."
Shambling Shell,3.0,"['B', 'G']","['B', 'G']",None,['Creature'],"['Plant', 'Zombie']",Common,PLST,3,1,None,"Sacrifice Shambling Shell: Put a +1/+1 counter on target creature.\nDredge 3 (If you would draw a card, you may mill three cards instead. If you do, return this card from your graveyard to your hand.)"
Encircling Fissure,3.0,['W'],['W'],None,['Instant'],None,Uncommon,PLST,None,None,None,"Prevent all combat damage that would be dealt this turn by creatures target opponent controls.\nAwaken 2—{4}{W} (If you cast this spell for {4}{W}, also put two +1/+1 counters on target land you control and it becomes a 0/0 Elemental creature with haste. It's still a land.)"
Frontline Rebel,3.0,['R'],['R'],None,['Creature'],"['Human', 'Warrior']",Common,PLST,3,3,None,Frontline Rebel attacks each combat if able.
Sorcerer's Wand,1.0,None,None,None,['Artifact'],['Equipment'],Uncommon,PLST,None,None,None,"Equipped creature has ""{T}: This creature deals 1 damage to target player or planeswalker. If this creature is a Wizard, it deals 2 damage instead.""\nEquip {3}"
Loyal Warhound,2.0,['W'],['W'],None,['Creature'],['Dog'],Rare,PLST,3,1,None,"Vigilance\nWhen Loyal Warhound enters the battlefield, if an opponent controls more lands than you, search your library for a basic Plains card, put it onto the battlefield tapped, then shuffle."
Wall of Blood,3.0,['B'],['B'],None,['Creature'],['Wall'],Uncommon,PLST,0,2,None,Defender (This creature can't attack.)\nPay 1 life: Wall of Blood gets +1/+1 until end of turn.
Signpost Scarecrow,4.0,None,None,None,"['Artifact', 'Creature']",['Scarecrow'],Common,PLST,2,4,None,Vigilance\n{2}: Add one mana of any color.
Murderous Cut,5.0,['B'],['B'],None,['Instant'],None,Uncommon,PLST,None,None,None,Delve (Each card you exile from your graveyard while casting this spell pays for {1}.)\nDestroy target creature.
Illusionist's Bracers,2.0,None,None,None,['Artifact'],['Equipment'],Rare,PLST,None,None,None,"Whenever an ability of equipped creature is activated, if it isn't a mana ability, copy that ability. You may choose new targets for the copy.\nEquip {3}"
"Legion's Landing // Adanto, the First Fort",1.0,['W'],['W'],['Legendary'],['Enchantment'],None,Rare,PLST,None,None,None,"When Legion's Landing enters the battlefield, create a 1/1 white Vampire creature token with lifelink.\nWhen you attack with three or more creatures, transform Legion's Landing."
Plaguecrafter,3.0,['B'],['B'],None,['Creature'],"['Human', 'Shaman']",Uncommon,PLST,3,2,None,"When Plaguecrafter enters the battlefield, each player sacrifices a creature or planeswalker. Each player who can't discards a card."
Trepanation Blade,3.0,None,None,None,['Artifact'],['Equipment'],Uncommon,PLST,None,None,None,"Whenever equipped creature attacks, defending player reveals cards from the top of their library until they reveal a land card. The creature gets +1/+0 until end of turn for each card revealed this way. That player puts the revealed cards into their graveyard.\nEquip {2}"
Hanna's Custody,3.0,['W'],['W'],None,['Enchantment'],None,Rare,PLST,None,None,None,All artifacts have shroud. (They can't be the targets of spells or abilities.)
Master of Cruelties,5.0,"['B', 'R']","['B', 'R']",None,['Creature'],['Demon'],Mythic,PLST,1,4,None,"First strike, deathtouch\nMaster of Cruelties can only attack alone.\nWhenever Master of Cruelties attacks a player and isn't blocked, that player's life total becomes 1. Master of Cruelties assigns no combat damage this combat."
Exquisite Blood,5.0,['B'],['B'],None,['Enchantment'],None,Rare,PLST,None,None,None,"Whenever an opponent loses life, you gain that much life."
Sunblast Angel,6.0,['W'],['W'],None,['Creature'],['Angel'],Rare,PLST,4,5,None,"Flying\nWhen Sunblast Angel enters the battlefield, destroy all tapped creatures."
Retreat to Coralhelm,3.0,['U'],['U'],None,['Enchantment'],None,Uncommon,PLST,None,None,None,"Landfall — Whenever a land enters the battlefield under your control, choose one —\n• You may tap or untap target creature.\n• Scry 1. (Look at the top card of your library. You may put that card on the bottom of your library.)"
Stoic Builder,3.0,['G'],['G'],None,['Creature'],['Human'],Common,PLST,2,3,None,"When Stoic Builder enters the battlefield, you may return target land card from your graveyard to your hand."
Whitemane Lion,2.0,['W'],['W'],None,['Creature'],['Cat'],Common,PLST,2,2,None,"Flash\nWhen Whitemane Lion enters the battlefield, return a creature you control to its owner's hand."
Verdant Force,8.0,['G'],['G'],None,['Creature'],['Elemental'],Rare,PLST,7,7,None,"At the beginning of each upkeep, create a 1/1 green Saproling creature token."
Altar of the Pantheon,3.0,None,None,None,['Artifact'],None,Common,PLST,None,None,None,"Your devotion to each color and each combination of colors is increased by one.\n{T}: Add one mana of any color. If you control a God, a Demigod, or a legendary enchantment, you gain 1 life."
Isolation Zone,4.0,['W'],['W'],None,['Enchantment'],None,Common,PLST,None,None,None,"When Isolation Zone enters the battlefield, exile target creature or enchantment an opponent controls until Isolation Zone leaves the battlefield. (That permanent returns under its owner's control.)"
Bridge from Below,3.0,['B'],['B'],None,['Enchantment'],None,Rare,PLST,None,None,None,"Whenever a nontoken creature is put into your graveyard from the battlefield, if Bridge from Below is in your graveyard, create a 2/2 black Zombie creature token.\nWhen a creature is put into an opponent's graveyard from the battlefield, if Bridge from Below is in your graveyard, exile Bridge from Below."
Borderland Ranger,3.0,['G'],['G'],None,['Creature'],"['Human', 'Scout', 'Ranger']",Common,PLST,2,2,None,"When Borderland Ranger enters the battlefield, you may search your library for a basic land card, reveal it, put it into your hand, then shuffle."
Corrupted Conscience,5.0,['U'],['U'],None,['Enchantment'],['Aura'],Uncommon,PLST,None,None,None,Enchant creature\nYou control enchanted creature.\nEnchanted creature has infect. (It deals damage to creatures in the form of -1/-1 counters and to players in the form of poison counters.)
Boon of Emrakul,3.0,['B'],['B'],None,['Enchantment'],['Aura'],Common,PLST,None,None,None,Enchant creature\nEnchanted creature gets +3/-3.
Air Elemental,5.0,['U'],['U'],None,['Creature'],['Elemental'],Uncommon,PLST,4,4,None,Flying
Seeker of the Way,2.0,['W'],['W'],None,['Creature'],"['Human', 'Warrior']",Uncommon,PLST,2,2,None,"Prowess (Whenever you cast a noncreature spell, this creature gets +1/+1 until end of turn.)\nWhenever you cast a noncreature spell, Seeker of the Way gains lifelink until end of turn."
Cauldron Familiar,1.0,['B'],['B'],None,['Creature'],['Cat'],Uncommon,PLST,1,1,None,"When Cauldron Familiar enters the battlefield, each opponent loses 1 life and you gain 1 life.\nSacrifice a Food: Return Cauldron Familiar from your graveyard to the battlefield."
Stonehewer Giant,5.0,['W'],['W'],None,['Creature'],"['Giant', 'Warrior']",Rare,PLST,4,4,None,"Vigilance\n{1}{W}, {T}: Search your library for an Equipment card, put it onto the battlefield, attach it to a creature you control, then shuffle."
Ninth Bridge Patrol,2.0,['W'],['W'],None,['Creature'],"['Dwarf', 'Soldier']",Common,PLST,1,1,None,"Whenever another creature you control leaves the battlefield, put a +1/+1 counter on Ninth Bridge Patrol."
Cast Down,2.0,['B'],['B'],None,['Instant'],None,Uncommon,PLST,None,None,None,Destroy target nonlegendary creature.
Sorcerer's Broom,2.0,None,None,None,"['Artifact', 'Creature']",['Spirit'],Uncommon,PLST,2,1,None,"Whenever you sacrifice another permanent, you may pay {3}. If you do, create a token that's a copy of Sorcerer's Broom."
Invoke the Divine,3.0,['W'],['W'],None,['Instant'],None,Common,PLST,None,None,None,Destroy target artifact or enchantment. You gain 4 life.
Dragon Whelp,4.0,['R'],['R'],None,['Creature'],['Dragon'],Uncommon,PLST,2,3,None,"Flying\n{R}: Dragon Whelp gets +1/+0 until end of turn. If this ability has been activated four or more times this turn, sacrifice Dragon Whelp at the beginning of the next end step."
Old Ghastbark,5.0,"['G', 'W']","['G', 'W']",None,['Creature'],"['Treefolk', 'Warrior']",Common,PLST,3,6,None,None
Village Bell-Ringer,3.0,['W'],['W'],None,['Creature'],"['Human', 'Scout']",Common,PLST,1,4,None,"Flash (You may cast this spell any time you could cast an instant.)\nWhen Village Bell-Ringer enters the battlefield, untap all creatures you control."
Wizard Class,1.0,['U'],['U'],None,['Enchantment'],['Class'],Uncommon,PLST,None,None,None,"(Gain the next level as a sorcery to add its ability.)\nYou have no maximum hand size.\n{2}{U}: Level 2\nWhen this Class becomes level 2, draw two cards.\n{4}{U}: Level 3\nWhenever you draw a card, put a +1/+1 counter on target creature you control."
Phyrexian Altar,3.0,None,None,None,['Artifact'],None,Rare,PLST,None,None,None,Sacrifice a creature: Add one mana of any color.
Emeria Shepherd,7.0,['W'],['W'],None,['Creature'],['Angel'],Rare,PLST,4,4,None,"Flying\nLandfall — Whenever a land enters the battlefield under your control, you may return target nonland permanent card from your graveyard to your hand. If that land is a Plains, you may return that nonland permanent card to the battlefield instead."
Torment of Venom,4.0,['B'],['B'],None,['Instant'],None,Common,PLST,None,None,None,Put three -1/-1 counters on target creature. Its controller loses 3 life unless they sacrifice another nonland permanent or discards a card.
Desert,0.0,None,None,None,['Land'],['Desert'],Uncommon,PLST,None,None,None,{T}: Add {C}.\n{T}: Desert deals 1 damage to target attacking creature. Activate only during the end of combat step.
Beacon of Immortality,6.0,['W'],['W'],None,['Instant'],None,Rare,PLST,None,None,None,Double target player's life total. Shuffle Beacon of Immortality into its owner's library.
Never Happened,3.0,['B'],['B'],None,['Sorcery'],None,Common,PLST,None,None,None,Target opponent reveals their hand. You choose a nonland card from that player's graveyard or hand and exile it.
Sensei's Divining Top,1.0,None,None,None,['Artifact'],None,Rare,PLST,None,None,None,"{1}: Look at the top three cards of your library, then put them back in any order.\n{T}: Draw a card, then put Sensei's Divining Top on top of its owner's library."
Glissa's Courier,3.0,['G'],['G'],None,['Creature'],"['Phyrexian', 'Horror']",Common,PLST,2,3,None,Mountainwalk (This creature can't be blocked as long as defending player controls a Mountain.)
Oketra's Monument,3.0,None,None,['Legendary'],['Artifact'],None,Uncommon,PLST,None,None,None,"White creature spells you cast cost {1} less to cast.\nWhenever you cast a creature spell, create a 1/1 white Warrior creature token with vigilance."
Lonesome Unicorn // Rider in Need,5.0,['W'],['W'],None,['Creature'],['Unicorn'],Common,PLST,3,3,None,Vigilance
Assassin's Blade,2.0,['B'],['B'],None,['Instant'],None,Uncommon,PLST,None,None,None,Cast this spell only during the declare attackers step and only if you've been attacked this step.\nDestroy target nonblack attacking creature.
Skyhunter Skirmisher,3.0,['W'],['W'],None,['Creature'],"['Cat', 'Knight']",Common,PLST,1,1,None,"Flying, double strike"
Hyena Umbra,1.0,['W'],['W'],None,['Enchantment'],['Aura'],Common,PLST,None,None,None,"Enchant creature\nEnchanted creature gets +1/+1 and has first strike.\nTotem armor (If enchanted creature would be destroyed, instead remove all damage from it and destroy this Aura.)"
Temporal Manipulation,5.0,['U'],['U'],None,['Sorcery'],None,Mythic,PLST,None,None,None,Take an extra turn after this one.
Jeering Homunculus,2.0,['U'],['U'],None,['Creature'],['Homunculus'],Common,PLST,0,4,None,"When Jeering Homunculus enters the battlefield, you may goad target creature. (Until your next turn, that creature attacks each combat if able and attacks a player other than you if able.)"
Skymarcher Aspirant,1.0,['W'],['W'],None,['Creature'],"['Vampire', 'Soldier']",Uncommon,PLST,2,1,None,"Ascend (If you control ten or more permanents, you get the city's blessing for the rest of the game.)\nSkymarcher Aspirant has flying as long as you have the city's blessing."
Death by Dragons,6.0,['R'],['R'],None,['Sorcery'],None,Uncommon,PLST,None,None,None,Each player other than target player creates a 5/5 red Dragon creature token with flying.
Puresteel Paladin,2.0,['W'],['W'],None,['Creature'],"['Human', 'Knight']",Rare,PLST,2,2,None,"Whenever an Equipment enters the battlefield under your control, you may draw a card.\nMetalcraft — Equipment you control have equip {0} as long as you control three or more artifacts."
Blightsoil Druid,2.0,['B'],"['B', 'G']",None,['Creature'],"['Elf', 'Druid']",Common,PLST,1,2,None,"{T}, Pay 1 life: Add {G}."
Komainu Battle Armor,3.0,['R'],['R'],None,"['Artifact', 'Creature']","['Equipment', 'Dog']",Rare,PLST,2,2,None,"Menace\nEquipped creature gets +2/+2 and has menace.\nWhenever Komainu Battle Armor or equipped creature deals combat damage to a player, goad each creature that player controls.\nReconfigure {4} ({4}: Attach to target creature you control; or unattach from a creature. Reconfigure only as a sorcery. While attached, this isn't a creature.)"
Balustrade Spy,4.0,['B'],['B'],None,['Creature'],"['Vampire', 'Rogue']",Common,PLST,2,3,None,"Flying\nWhen Balustrade Spy enters the battlefield, target player reveals cards from the top of their library until they reveal a land card, then puts those cards into their graveyard."
"Vega, the Watcher",3.0,"['U', 'W']","['U', 'W']",['Legendary'],['Creature'],"['Bird', 'Spirit']",Uncommon,PLST,2,2,None,"Flying\nWhenever you cast a spell from anywhere other than your hand, draw a card."
Skyhunter Strike Force,3.0,['W'],['W'],None,['Creature'],"['Cat', 'Knight']",Rare,PLST,2,2,None,"Flying\nMelee (Whenever this creature attacks, it gets +1/+1 until end of turn for each opponent you attacked this combat.)\nLieutenant — As long as you control your commander, other creatures you control have melee."
Caligo Skin-Witch,2.0,['B'],['B'],None,['Creature'],"['Human', 'Wizard']",Common,PLST,1,3,None,"Kicker {3}{B} (You may pay an additional {3}{B} as you cast this spell.)\nWhen Caligo Skin-Witch enters the battlefield, if it was kicked, each opponent discards two cards."
Chatter of the Squirrel,1.0,['G'],['G'],None,['Sorcery'],None,Common,PLST,None,None,None,Create a 1/1 green Squirrel creature token.\nFlashback {1}{G} (You may cast this card from your graveyard for its flashback cost. Then exile it.)
Hour of Reckoning,7.0,['W'],['W'],None,['Sorcery'],None,Rare,PLST,None,None,None,Convoke (Your creatures can help cast this spell. Each creature you tap while casting this spell pays for {1} or one mana of that creature's color.)\nDestroy all nontoken creatures.
Blighted Bat,3.0,['B'],['B'],None,['Creature'],"['Zombie', 'Bat']",Common,PLST,2,1,None,Flying\n{1}: Blighted Bat gains haste until end of turn.
Selesnya Keyrune,3.0,None,"['G', 'W']",None,['Artifact'],None,Uncommon,PLST,None,None,None,{T}: Add {G} or {W}.\n{G}{W}: Selesnya Keyrune becomes a 3/3 green and white Wolf artifact creature until end of turn.
Earnest Fellowship,2.0,['W'],['W'],None,['Enchantment'],None,Rare,PLST,None,None,None,Each creature has protection from its colors.
"Skithiryx, the Blight Dragon",5.0,['B'],['B'],['Legendary'],['Creature'],"['Phyrexian', 'Dragon', 'Skeleton']",Mythic,PLST,4,4,None,"Flying\nInfect (This creature deals damage to creatures in the form of -1/-1 counters and to players in the form of poison counters.)\n{B}: Skithiryx, the Blight Dragon gains haste until end of turn.\n{B}{B}: Regenerate Skithiryx."
Tireless Tracker,3.0,['G'],['G'],None,['Creature'],"['Human', 'Scout']",Rare,PLST,3,2,None,"Landfall — Whenever a land enters the battlefield under your control, investigate. (Create a Clue token. It's an artifact with ""{2}, Sacrifice this artifact: Draw a card."")\nWhenever you sacrifice a Clue, put a +1/+1 counter on Tireless Tracker."
All Is Dust,7.0,None,None,None,"['Tribal', 'Sorcery']",['Eldrazi'],Rare,PLST,None,None,None,Each player sacrifices all permanents they control that are one or more colors.
Bala Ged Scorpion,4.0,['B'],['B'],None,['Creature'],['Scorpion'],Common,PLST,2,3,None,"When Bala Ged Scorpion enters the battlefield, you may destroy target creature with power 1 or less."
Oracle of Nectars,3.0,"['G', 'W']","['G', 'W']",None,['Creature'],"['Elf', 'Cleric']",Rare,PLST,2,2,None,"{X}, {T}: You gain X life."
Great Teacher's Decree,4.0,['W'],['W'],None,['Sorcery'],None,Uncommon,PLST,None,None,None,"Creatures you control get +2/+1 until end of turn.\nRebound (If you cast this spell from your hand, exile it as it resolves. At the beginning of your next upkeep, you may cast this card from exile without paying its mana cost.)"
Moment of Craving,2.0,['B'],['B'],None,['Instant'],None,Common,PLST,None,None,None,Target creature gets -2/-2 until end of turn. You gain 2 life.
Meteorite,5.0,None,None,None,['Artifact'],None,Uncommon,PLST,None,None,None,"When Meteorite enters the battlefield, it deals 2 damage to any target.\n{T}: Add one mana of any color."
Highcliff Felidar,7.0,['W'],['W'],None,['Creature'],"['Cat', 'Beast']",Mythic,PLST,5,5,None,"Vigilance\nWhen Highcliff Felidar enters the battlefield, for each opponent, choose a creature with the greatest power among creatures that player controls. Destroy those creatures."
Annihilate,5.0,['B'],['B'],None,['Instant'],None,Uncommon,PLST,None,None,None,Destroy target nonblack creature. It can't be regenerated.\nDraw a card.
Dismal Backwater,0.0,None,"['B', 'U']",None,['Land'],None,Common,PLST,None,None,None,"Dismal Backwater enters the battlefield tapped.\nWhen Dismal Backwater enters the battlefield, you gain 1 life.\n{T}: Add {U} or {B}."
Pressure Point,2.0,['W'],['W'],None,['Instant'],None,Common,PLST,None,None,None,Tap target creature.\nDraw a card.
Alpha Kavu,3.0,['G'],['G'],None,['Creature'],['Kavu'],Uncommon,PLST,2,2,None,{1}{G}: Target Kavu creature gets -1/+1 until end of turn.
Argothian Elder,4.0,['G'],['G'],None,['Creature'],"['Elf', 'Druid']",Uncommon,PLST,2,2,None,{T}: Untap two target lands.
Desperate Sentry,3.0,['W'],['W'],None,['Creature'],"['Human', 'Soldier']",Common,PLST,1,2,None,"When Desperate Sentry dies, create a 3/2 colorless Eldrazi Horror creature token.\nDelirium — Desperate Sentry gets +3/+0 as long as there are four or more card types among cards in your graveyard."
Tukatongue Thallid,1.0,['G'],['G'],None,['Creature'],['Fungus'],Common,PLST,1,1,None,"When Tukatongue Thallid dies, create a 1/1 green Saproling creature token."
"Ludevic, Necrogenius // Olag, Ludevic's Hubris",2.0,"['B', 'U']","['B', 'U']",['Legendary'],['Creature'],"['Human', 'Wizard']",Rare,PLST,2,3,None,"Whenever Ludevic, Necrogenius enters the battlefield or attacks, mill a card.\n{X}{U}{U}{B}{B}, Exile X creature cards from your graveyard: Transform Ludevic. X can't be 0. Activate only as a sorcery."
Hundred-Handed One,4.0,['W'],['W'],None,['Creature'],['Giant'],Rare,PLST,3,5,None,"Vigilance\n{3}{W}{W}{W}: Monstrosity 3. (If this creature isn't monstrous, put three +1/+1 counters on it and it becomes monstrous.)\nAs long as Hundred-Handed One is monstrous, it has reach and can block an additional ninety-nine creatures each combat."
Silhana Ledgewalker,2.0,['G'],['G'],None,['Creature'],"['Elf', 'Rogue']",Common,PLST,1,1,None,Hexproof (This creature can't be the target of spells or abilities your opponents control.)\nSilhana Ledgewalker can't be blocked except by creatures with flying.
History of Benalia,3.0,['W'],['W'],None,['Enchantment'],['Saga'],Mythic,PLST,None,None,None,"(As this Saga enters and after your draw step, add a lore counter. Sacrifice after III.)\nI, II — Create a 2/2 white Knight creature token with vigilance.\nIII — Knights you control get +2/+1 until end of turn."
Artillerize,4.0,['R'],['R'],None,['Instant'],None,Common,PLST,None,None,None,"As an additional cost to cast this spell, sacrifice an artifact or creature.\nArtillerize deals 5 damage to any target."
Canopy Vista,0.0,None,"['G', 'W']",None,['Land'],"['Forest', 'Plains']",Rare,PLST,None,None,None,({T}: Add {G} or {W}.)\nCanopy Vista enters the battlefield tapped unless you control two or more basic lands.
Second Sunrise,3.0,['W'],['W'],None,['Instant'],None,Rare,PLST,None,None,None,"Each player returns to the battlefield all artifact, creature, enchantment, and land cards in their graveyard that were put there from the battlefield this turn."
Baleful Ammit,3.0,['B'],['B'],None,['Creature'],"['Crocodile', 'Demon']",Uncommon,PLST,4,3,None,"Lifelink\nWhen Baleful Ammit enters the battlefield, put a -1/-1 counter on target creature you control."
Frontier Bivouac,0.0,None,"['G', 'R', 'U']",None,['Land'],None,Uncommon,PLST,None,None,None,"Frontier Bivouac enters the battlefield tapped.\n{T}: Add {G}, {U}, or {R}."
Serra's Embrace,4.0,['W'],['W'],None,['Enchantment'],['Aura'],Uncommon,PLST,None,None,None,Enchant creature\nEnchanted creature gets +2/+2 and has flying and vigilance.
Noxious Ghoul,5.0,['B'],['B'],None,['Creature'],['Zombie'],Uncommon,PLST,3,3,None,"Whenever Noxious Ghoul or another Zombie enters the battlefield, all non-Zombie creatures get -1/-1 until end of turn."
Sunlance,1.0,['W'],['W'],None,['Sorcery'],None,Common,PLST,None,None,None,Sunlance deals 3 damage to target nonwhite creature.
Righteous Cause,5.0,['W'],['W'],None,['Enchantment'],None,Uncommon,PLST,None,None,None,"Whenever a creature attacks, you gain 1 life."
Krumar Bond-Kin,5.0,['B'],['B'],None,['Creature'],"['Orc', 'Warrior']",Common,PLST,5,3,None,Morph {4}{B} (You may cast this card face down as a 2/2 creature for {3}. Turn it face up any time for its morph cost.)
Tiamat,7.0,"['B', 'G', 'R', 'U', 'W']","['B', 'G', 'R', 'U', 'W']",['Legendary'],['Creature'],"['Dragon', 'God']",Mythic,PLST,7,7,None,"Flying\nWhen Tiamat enters the battlefield, if you cast it, search your library for up to five Dragon cards not named Tiamat that each have different names, reveal them, put them into your hand, then shuffle."
Ranger of Eos,4.0,['W'],['W'],None,['Creature'],"['Human', 'Soldier', 'Ranger']",Rare,PLST,3,2,None,"When Ranger of Eos enters the battlefield, you may search your library for up to two creature cards with mana value 1 or less, reveal them, put them into your hand, then shuffle."
Dukhara Scavenger,6.0,['B'],['B'],None,['Creature'],['Crocodile'],Common,PLST,4,6,None,"When Dukhara Scavenger enters the battlefield, you may put target artifact or creature card from your graveyard on top of your library."
Cinder Glade,0.0,None,"['G', 'R']",None,['Land'],"['Mountain', 'Forest']",Rare,PLST,None,None,None,({T}: Add {R} or {G}.)\nCinder Glade enters the battlefield tapped unless you control two or more basic lands.
Monastery Mentor,3.0,['W'],['W'],None,['Creature'],"['Human', 'Monk']",Mythic,PLST,2,2,None,"Prowess (Whenever you cast a noncreature spell, this creature gets +1/+1 until end of turn.)\nWhenever you cast a noncreature spell, create a 1/1 white Monk creature token with prowess."
Torment of Hailfire,2.0,['B'],['B'],None,['Sorcery'],None,Rare,PLST,None,None,None,Repeat the following process X times. Each opponent loses 3 life unless that player sacrifices a nonland permanent or discards a card.
Messenger Jays,5.0,['U'],['U'],None,['Creature'],['Bird'],Common,PLST,2,1,None,"Flying\nCouncil's dilemma — When Messenger Jays enters the battlefield, starting with you, each player votes for feather or quill. Put a +1/+1 counter on Messenger Jays for each feather vote and draw a card for each quill vote. For each card drawn this way, discard a card."
"Linden, the Steadfast Queen",3.0,['W'],['W'],['Legendary'],['Creature'],"['Human', 'Noble']",Rare,PLST,3,3,None,"Vigilance\nWhenever a white creature you control attacks, you gain 1 life."
Noxious Dragon,6.0,['B'],['B'],None,['Creature'],['Dragon'],Uncommon,PLST,4,4,None,"Flying\nWhen Noxious Dragon dies, you may destroy target creature with mana value 3 or less."
Stonecoil Serpent,0.0,None,None,None,"['Artifact', 'Creature']",['Snake'],Rare,PLST,0,0,None,"Reach, trample, protection from multicolored\nStonecoil Serpent enters the battlefield with X +1/+1 counters on it."
Healing Grace,1.0,['W'],['W'],None,['Instant'],None,Common,PLST,None,None,None,Prevent the next 3 damage that would be dealt to any target this turn by a source of your choice. You gain 3 life.
Barrow Witches,5.0,['B'],['B'],None,['Creature'],"['Human', 'Warlock']",Common,PLST,3,4,None,"When Barrow Witches enters the battlefield, return target Knight card from your graveyard to your hand."
Bloodline Pretender,3.0,None,None,None,"['Artifact', 'Creature']",['Shapeshifter'],Uncommon,PLST,2,2,None,"Changeling (This card is every creature type.)\nAs Bloodline Pretender enters the battlefield, choose a creature type.\nWhenever another creature of the chosen type enters the battlefield under your control, put a +1/+1 counter on Bloodline Pretender."
Tidal Warrior,1.0,['U'],['U'],None,['Creature'],"['Merfolk', 'Warrior']",Common,PLST,1,1,None,{T}: Target land becomes an Island until end of turn.
Blessing of Belzenlok,1.0,['B'],['B'],None,['Instant'],None,Common,PLST,None,None,None,"Target creature gets +2/+1 until end of turn. If it's legendary, it also gains lifelink until end of turn."
Jungle Hollow,0.0,None,"['B', 'G']",None,['Land'],None,Common,PLST,None,None,None,"Jungle Hollow enters the battlefield tapped.\nWhen Jungle Hollow enters the battlefield, you gain 1 life.\n{T}: Add {B} or {G}."
Young Pyromancer,2.0,['R'],['R'],None,['Creature'],"['Human', 'Shaman']",Uncommon,PLST,2,1,None,"Whenever you cast an instant or sorcery spell, create a 1/1 red Elemental creature token."
Ghitu War Cry,3.0,['R'],['R'],None,['Enchantment'],None,Uncommon,PLST,None,None,None,{R}: Target creature gets +1/+0 until end of turn.
Dowsing Dagger // Lost Vale,2.0,None,None,None,['Artifact'],['Equipment'],Rare,PLST,None,None,None,"When Dowsing Dagger enters the battlefield, target opponent creates two 0/2 green Plant creature tokens with defender.\nEquipped creature gets +2/+1.\nWhenever equipped creature deals combat damage to a player, you may transform Dowsing Dagger.\nEquip {2}"
Seek the Horizon,4.0,['G'],['G'],None,['Sorcery'],None,Uncommon,PLST,None,None,None,"Search your library for up to three basic land cards, reveal them, put them into your hand, then shuffle."
Chandra's Revolution,4.0,['R'],['R'],None,['Sorcery'],None,Common,PLST,None,None,None,Chandra's Revolution deals 4 damage to target creature. Tap target land. That land doesn't untap during its controller's next untap step.
Mother of Runes,1.0,['W'],['W'],None,['Creature'],"['Human', 'Cleric']",Uncommon,PLST,1,1,None,{T}: Target creature you control gains protection from the color of your choice until end of turn.
Disenchant,2.0,['W'],['W'],None,['Instant'],None,Rare,PLST,None,None,None,Destroy target artifact or enchantment.
Rhonas's Monument,3.0,None,None,['Legendary'],['Artifact'],None,Uncommon,PLST,None,None,None,"Green creature spells you cast cost {1} less to cast.\nWhenever you cast a creature spell, target creature you control gets +2/+2 and gains trample until end of turn."
Serrated Arrows,4.0,None,None,None,['Artifact'],None,Common,PLST,None,None,None,"Serrated Arrows enters the battlefield with three arrowhead counters on it.\nAt the beginning of your upkeep, if there are no arrowhead counters on Serrated Arrows, sacrifice it.\n{T}, Remove an arrowhead counter from Serrated Arrows: Put a -1/-1 counter on target creature."
Shipwreck Looter,2.0,['U'],['U'],None,['Creature'],"['Human', 'Pirate']",Common,PLST,2,1,None,"Raid — When Shipwreck Looter enters the battlefield, if you attacked this turn, you may draw a card. If you do, discard a card."
Skittering Crustacean,3.0,['U'],['U'],None,['Creature'],['Crab'],Common,PLST,2,3,None,"{6}{U}: Monstrosity 4. (If this creature isn't monstrous, put four +1/+1 counters on it and it becomes monstrous.)\nAs long as Skittering Crustacean is monstrous, it has hexproof. (It can't be the target of spells or abilities your opponents control.)"
Academy Elite,4.0,['U'],['U'],None,['Creature'],"['Human', 'Wizard']",Rare,PLST,0,0,None,"Academy Elite enters the battlefield with X +1/+1 counters on it, where X is the number of instant and sorcery cards in all graveyards.\n{2}{U}, Remove a +1/+1 counter from Academy Elite: Draw a card, then discard a card."
Aid the Fallen,2.0,['B'],['B'],None,['Sorcery'],None,Common,PLST,None,None,None,Choose one or both —\n• Return target creature card from your graveyard to your hand.\n• Return target planeswalker card from your graveyard to your hand.
Witchbane Orb,4.0,None,None,None,['Artifact'],None,Rare,PLST,None,None,None,"When Witchbane Orb enters the battlefield, destroy all Curses attached to you.\nYou have hexproof. (You can't be the target of spells or abilities your opponents control, including Aura spells.)"
Cliffside Lookout,1.0,['W'],['W'],None,['Creature'],"['Kor', 'Scout', 'Ally']",Common,PLST,1,1,None,{4}{W}: Creatures you control get +1/+1 until end of turn.
Niblis of Dusk,3.0,['U'],['U'],None,['Creature'],['Spirit'],Common,PLST,2,1,None,"Flying\nProwess (Whenever you cast a noncreature spell, this creature gets +1/+1 until end of turn.)"
Deep Reconnaissance,3.0,['G'],['G'],None,['Sorcery'],None,Uncommon,PLST,None,None,None,"Search your library for a basic land card, put that card onto the battlefield tapped, then shuffle.\nFlashback {4}{G} (You may cast this card from your graveyard for its flashback cost. Then exile it.)"
Entreat the Angels,3.0,['W'],['W'],None,['Sorcery'],None,Mythic,PLST,None,None,None,Create X 4/4 white Angel creature tokens with flying.\nMiracle {X}{W}{W} (You may cast this card for its miracle cost when you draw it if it's the first card you drew this turn.)
Energy Flux,3.0,['U'],['U'],None,['Enchantment'],None,Uncommon,PLST,None,None,None,"All artifacts have ""At the beginning of your upkeep, sacrifice this artifact unless you pay {2}."""
Ulvenwald Mysteries,3.0,['G'],['G'],None,['Enchantment'],None,Uncommon,PLST,None,None,None,"Whenever a nontoken creature you control dies, investigate. (Create a Clue token. It's an artifact with ""{2}, Sacrifice this artifact: Draw a card."")\nWhenever you sacrifice a Clue, create a 1/1 white Human Soldier creature token."
"Michiko Konda, Truth Seeker",4.0,['W'],['W'],['Legendary'],['Creature'],"['Human', 'Advisor']",Rare,PLST,2,2,None,"Whenever a source an opponent controls deals damage to you, that player sacrifices a permanent."
Arcane Teachings,3.0,['R'],['R'],None,['Enchantment'],['Aura'],Common,PLST,None,None,None,"Enchant creature (Target a creature as you cast this. This card enters the battlefield attached to that creature.)\nEnchanted creature gets +2/+2 and has ""{T}: This creature deals 1 damage to any target."""
Shadowspear,1.0,None,None,['Legendary'],['Artifact'],['Equipment'],Rare,PLST,None,None,None,Equipped creature gets +1/+1 and has trample and lifelink.\n{1}: Permanents your opponents control lose hexproof and indestructible until end of turn.\nEquip {2}
Expose Evil,2.0,['W'],['W'],None,['Instant'],None,Common,PLST,None,None,None,"Tap up to two target creatures.\nInvestigate. (Create a Clue token. It's an artifact with ""{2}, Sacrifice this artifact: Draw a card."")"
Die Young,2.0,['B'],['B'],None,['Sorcery'],None,Common,PLST,None,None,None,"Choose target creature. You get {E}{E} (two energy counters), then you may pay any amount of {E}. The creature gets -1/-1 until end of turn for each {E} paid this way."
Hexplate Golem,7.0,None,None,None,"['Artifact', 'Creature']",['Golem'],Common,PLST,5,7,None,None
Raptor Companion,2.0,['W'],['W'],None,['Creature'],['Dinosaur'],Common,PLST,3,1,None,None
Treacherous Werewolf,3.0,['B'],['B'],None,['Creature'],"['Werewolf', 'Minion']",Common,PLST,2,2,None,"Threshold — As long as seven or more cards are in your graveyard, Treacherous Werewolf gets +2/+2 and has ""When Treacherous Werewolf dies, you lose 4 life."""
Rootrunner,4.0,['G'],['G'],None,['Creature'],['Spirit'],Uncommon,PLST,3,3,None,"{G}{G}, Sacrifice Rootrunner: Put target land on top of its owner's library.\nSoulshift 3 (When this creature dies, you may return target Spirit card with mana value 3 or less from your graveyard to your hand.)"
Fountain Watch,5.0,['W'],['W'],None,['Creature'],"['Human', 'Cleric']",Rare,PLST,2,4,None,Artifacts and enchantments you control have shroud. (They can't be the targets of spells or abilities.)
Thought Scour,1.0,['U'],['U'],None,['Instant'],None,Common,PLST,None,None,None,Target player mills two cards.\nDraw a card.
Weatherlight,4.0,None,None,['Legendary'],['Artifact'],['Vehicle'],Mythic,PLST,4,5,None,"Flying\nWhenever Weatherlight deals combat damage to a player, look at the top five cards of your library. You may reveal a historic card from among them and put it into your hand. Put the rest on the bottom of your library in a random order. (Artifacts, legendaries, and Sagas are historic.)\nCrew 3"
White Sun's Zenith,3.0,['W'],['W'],None,['Instant'],None,Rare,PLST,None,None,None,Create X 2/2 white Cat creature tokens. Shuffle White Sun's Zenith into its owner's library.
Scrounger of Souls,5.0,['B'],['B'],None,['Creature'],['Horror'],Common,PLST,3,4,None,Lifelink (Damage dealt by this creature also causes you to gain that much life.)
Witch's Oven,1.0,None,None,None,['Artifact'],None,Uncommon,PLST,None,None,None,"{T}, Sacrifice a creature: Create a Food token. If the sacrificed creature's toughness was 4 or greater, create two Food tokens instead. (They're artifacts with ""{2}, {T}, Sacrifice this artifact: You gain 3 life."")"
Emerge Unscathed,1.0,['W'],['W'],None,['Instant'],None,Common,PLST,None,None,None,"Target creature you control gains protection from the color of your choice until end of turn.\nRebound (If you cast this spell from your hand, exile it as it resolves. At the beginning of your next upkeep, you may cast this card from exile without paying its mana cost.)"
Mephitic Vapors,3.0,['B'],['B'],None,['Sorcery'],None,Common,PLST,None,None,None,"All creatures get -1/-1 until end of turn.\nSurveil 2. (Look at the top two cards of your library, then put any number of them into your graveyard and the rest on top of your library in any order.)"
Wooden Stake,2.0,None,None,None,['Artifact'],['Equipment'],Common,PLST,None,None,None,"Equipped creature gets +1/+0.\nWhenever equipped creature blocks or becomes blocked by a Vampire, destroy that creature. It can't be regenerated.\nEquip {1} ({1}: Attach to target creature you control. Equip only as a sorcery.)"
Storm Herd,10.0,['W'],['W'],None,['Sorcery'],None,Rare,PLST,None,None,None,"Create X 1/1 white Pegasus creature tokens with flying, where X is your life total."
Warden of Evos Isle,3.0,['U'],['U'],None,['Creature'],"['Bird', 'Wizard']",Common,PLST,2,2,None,Flying\nCreature spells with flying you cast cost {1} less to cast.
Cosmos Elixir,4.0,None,None,None,['Artifact'],None,Rare,PLST,None,None,None,"At the beginning of your end step, draw a card if your life total is greater than your starting life total. Otherwise, you gain 2 life."
Spectral Gateguards,5.0,['W'],['W'],None,['Creature'],"['Spirit', 'Soldier']",Common,PLST,2,5,None,"Soulbond (You may pair this creature with another unpaired creature when either enters the battlefield. They remain paired for as long as you control both of them.)\nAs long as Spectral Gateguards is paired with another creature, both creatures have vigilance."
Bake into a Pie,4.0,['B'],['B'],None,['Instant'],None,Common,PLST,None,None,None,"Destroy target creature. Create a Food token. (It's an artifact with ""{2}, {T}, Sacrifice this artifact: You gain 3 life."")"
Terashi's Grasp,3.0,['W'],['W'],None,['Sorcery'],['Arcane'],Common,PLST,None,None,None,Destroy target artifact or enchantment. You gain life equal to its mana value.
Mortal's Ardor,1.0,['W'],['W'],None,['Instant'],None,Common,PLST,None,None,None,Target creature gets +1/+1 and gains lifelink until end of turn. (Damage dealt by the creature also causes its controller to gain that much life.)
Silumgar Sorcerer,3.0,['U'],['U'],None,['Creature'],"['Human', 'Wizard']",Uncommon,PLST,2,1,None,"Flash (You may cast this spell any time you could cast an instant.)\nFlying\nExploit (When this creature enters the battlefield, you may sacrifice a creature.)\nWhen Silumgar Sorcerer exploits a creature, counter target creature spell."
Rhys the Redeemed,1.0,"['G', 'W']","['G', 'W']",['Legendary'],['Creature'],"['Elf', 'Warrior']",Rare,PLST,1,1,None,"{2}{G/W}, {T}: Create a 1/1 green and white Elf Warrior creature token.\n{4}{G/W}{G/W}, {T}: For each creature token you control, create a token that's a copy of that creature."
Martyr's Bond,6.0,['W'],['W'],None,['Enchantment'],None,Rare,PLST,None,None,None,"Whenever Martyr's Bond or another nonland permanent you control is put into a graveyard from the battlefield, each opponent sacrifices a permanent that shares a card type with it."
Balduvian Rage,1.0,['R'],['R'],None,['Instant'],None,Uncommon,PLST,None,None,None,Target attacking creature gets +X/+0 until end of turn.\nDraw a card at the beginning of the next turn's upkeep.
Mongrel Pack,4.0,['G'],['G'],None,['Creature'],['Dog'],Rare,PLST,4,1,None,"When Mongrel Pack dies during combat, create four 1/1 green Dog creature tokens."
"Isamaru, Hound of Konda",1.0,['W'],['W'],['Legendary'],['Creature'],['Dog'],Rare,PLST,2,2,None,None
Dispel,1.0,['U'],['U'],None,['Instant'],None,Common,PLST,None,None,None,Counter target instant spell.
Spoils of Adventure,6.0,"['U', 'W']","['U', 'W']",None,['Instant'],None,Uncommon,PLST,None,None,None,"This spell costs {1} less to cast for each creature in your party. (Your party consists of up to one each of Cleric, Rogue, Warrior, and Wizard.)\nYou gain 3 life and draw three cards."
Ondu Greathorn,4.0,['W'],['W'],None,['Creature'],['Beast'],Common,PLST,2,3,None,"First strike\nLandfall — Whenever a land enters the battlefield under your control, Ondu Greathorn gets +2/+2 until end of turn."
Gruesome Fate,3.0,['B'],['B'],None,['Sorcery'],None,Common,PLST,None,None,None,Each opponent loses 1 life for each creature you control.
Juggernaut,4.0,None,None,None,"['Artifact', 'Creature']",['Juggernaut'],Uncommon,PLST,5,3,None,Juggernaut attacks each combat if able.\nJuggernaut can't be blocked by Walls.
Deny Reality,5.0,"['B', 'U']","['B', 'U']",None,['Sorcery'],None,Common,PLST,None,None,None,"Cascade (When you cast this spell, exile cards from the top of your library until you exile a nonland card that costs less. You may cast it without paying its mana cost. Put the exiled cards on the bottom of your library in a random order.)\nReturn target permanent to its owner's hand."
Quiet Disrepair,2.0,['G'],['G'],None,['Enchantment'],['Aura'],Common,PLST,None,None,None,"Enchant artifact or enchantment\nAt the beginning of your upkeep, choose one —\n• Destroy enchanted permanent.\n• You gain 2 life."
Akoum Refuge,0.0,None,"['B', 'R']",None,['Land'],None,Uncommon,PLST,None,None,None,"Akoum Refuge enters the battlefield tapped.\nWhen Akoum Refuge enters the battlefield, you gain 1 life.\n{T}: Add {B} or {R}."
Felidar Guardian,4.0,['W'],['W'],None,['Creature'],"['Cat', 'Beast']",Uncommon,PLST,1,4,None,"When Felidar Guardian enters the battlefield, you may exile another target permanent you control, then return that card to the battlefield under its owner's control."
Ruin Rat,2.0,['B'],['B'],None,['Creature'],['Rat'],Common,PLST,1,1,None,"Deathtouch\nWhen Ruin Rat dies, exile target card from an opponent's graveyard."
Stunt Double,4.0,['U'],['U'],None,['Creature'],['Shapeshifter'],Rare,PLST,0,0,None,Flash\nYou may have Stunt Double enter the battlefield as a copy of any creature on the battlefield.
Gods Willing,1.0,['W'],['W'],None,['Instant'],None,Common,PLST,None,None,None,"Target creature you control gains protection from the color of your choice until end of turn. (It can't be blocked, targeted, dealt damage, enchanted, or equipped by anything of that color.)\nScry 1."
Tidal Wave,3.0,['U'],['U'],None,['Instant'],None,Common,PLST,None,None,None,Create a 5/5 blue Wall creature token with defender. Sacrifice it at the beginning of the next end step.
Opulent Palace,0.0,None,"['B', 'G', 'U']",None,['Land'],None,Uncommon,PLST,None,None,None,"Opulent Palace enters the battlefield tapped.\n{T}: Add {B}, {G}, or {U}."
Planar Collapse,2.0,['W'],['W'],None,['Enchantment'],None,Rare,PLST,None,None,None,"At the beginning of your upkeep, if there are four or more creatures on the battlefield, sacrifice Planar Collapse and destroy all creatures. They can't be regenerated."
Wizard's Retort,3.0,['U'],['U'],None,['Instant'],None,Uncommon,PLST,None,None,None,This spell costs {1} less to cast if you control a Wizard.\nCounter target spell.
Sabertooth Cobra,3.0,['G'],['G'],None,['Creature'],['Snake'],Common,PLST,2,2,None,"Whenever Sabertooth Cobra deals damage to a player, that player gets a poison counter. The player gets another poison counter at the beginning of their next upkeep unless they pay {2} before that step. (A player with ten or more poison counters loses the game.)"
Prison Term,3.0,['W'],['W'],None,['Enchantment'],['Aura'],Uncommon,PLST,None,None,None,"Enchant creature\nEnchanted creature can't attack or block, and its activated abilities can't be activated.\nWhenever a creature enters the battlefield under an opponent's control, you may attach Prison Term to that creature."
Voracious Dragon,5.0,['R'],['R'],None,['Creature'],['Dragon'],Rare,PLST,4,4,None,"Flying\nDevour 1 (As this enters the battlefield, you may sacrifice any number of creatures. This creature enters the battlefield with that many +1/+1 counters on it.)\nWhen Voracious Dragon enters the battlefield, it deals damage to any target equal to twice the number of Goblins it devoured."
Muscle Sliver,2.0,['G'],['G'],None,['Creature'],['Sliver'],Common,PLST,1,1,None,All Sliver creatures get +1/+1.
Heavy Infantry,5.0,['W'],['W'],None,['Creature'],"['Human', 'Soldier']",Common,PLST,3,4,None,"When Heavy Infantry enters the battlefield, tap target creature an opponent controls."
Azra Oddsmaker,3.0,"['B', 'R']","['B', 'R']",None,['Creature'],"['Azra', 'Warrior']",Uncommon,PLST,3,3,None,"At the beginning of combat on your turn, you may discard a card. If you do, choose a creature. Whenever that creature deals combat damage to a player this turn, you draw two cards."
Jungle Barrier,4.0,"['G', 'U']","['G', 'U']",None,['Creature'],"['Plant', 'Wall']",Uncommon,PLST,2,6,None,"Defender (This creature can't attack.)\nWhen Jungle Barrier enters the battlefield, draw a card."
Witch of the Moors,5.0,['B'],['B'],None,['Creature'],"['Human', 'Warlock']",Rare,PLST,4,4,None,"Deathtouch\nAt the beginning of your end step, if you gained life this turn, each opponent sacrifices a creature and you return up to one target creature card from your graveyard to your hand."
Deepglow Skate,5.0,['U'],['U'],None,['Creature'],['Fish'],Rare,PLST,3,3,None,"When Deepglow Skate enters the battlefield, double the number of each kind of counter on any number of target permanents."
"Elesh Norn, Grand Cenobite",7.0,['W'],['W'],['Legendary'],['Creature'],"['Phyrexian', 'Praetor']",Mythic,PLST,4,7,None,Vigilance\nOther creatures you control get +2/+2.\nCreatures your opponents control get -2/-2.
"Search for Azcanta // Azcanta, the Sunken Ruin",2.0,['U'],['U'],['Legendary'],['Enchantment'],None,Rare,PLST,None,None,None,"At the beginning of your upkeep, surveil 1. Then if you have seven or more cards in your graveyard, you may transform Search for Azcanta. (Look at the top card of your library. You may put that card into your graveyard.)"
Clifftop Retreat,0.0,None,"['R', 'W']",None,['Land'],None,Rare,PLST,None,None,None,Clifftop Retreat enters the battlefield tapped unless you control a Mountain or a Plains.\n{T}: Add {R} or {W}.
Nine-Tail White Fox,3.0,['U'],['U'],None,['Creature'],"['Fox', 'Spirit']",Common,PLST,2,2,None,"Whenever Nine-Tail White Fox deals combat damage to a player, draw a card."
Merrow Harbinger,4.0,['U'],['U'],None,['Creature'],"['Merfolk', 'Wizard']",Uncommon,PLST,2,3,None,"Islandwalk (This creature can't be blocked as long as defending player controls an Island.)\nWhen Merrow Harbinger enters the battlefield, you may search your library for a Merfolk card, reveal it, then shuffle and put that card on top."
Debtors' Knell,7.0,"['B', 'W']","['B', 'W']",None,['Enchantment'],None,Rare,PLST,None,None,None,"({W/B} can be paid with either {W} or {B}.)\nAt the beginning of your upkeep, put target creature card from a graveyard onto the battlefield under your control."
Spelltithe Enforcer,5.0,['W'],['W'],None,['Creature'],"['Elephant', 'Wizard']",Rare,PLST,3,3,None,"Whenever an opponent casts a spell, that player sacrifices a permanent unless they pay {1}."
Grasping Scoundrel,1.0,['B'],['B'],None,['Creature'],"['Human', 'Pirate']",Common,PLST,1,1,None,Grasping Scoundrel gets +1/+0 as long as it's attacking.
Aethersnipe,6.0,['U'],['U'],None,['Creature'],['Elemental'],Common,PLST,4,4,None,"When Aethersnipe enters the battlefield, return target nonland permanent to its owner's hand.\nEvoke {1}{U}{U} (You may cast this spell for its evoke cost. If you do, it's sacrificed when it enters the battlefield.)"
Call of the Nightwing,4.0,"['B', 'U']","['B', 'U']",None,['Sorcery'],None,Uncommon,PLST,None,None,None,"Create a 1/1 blue and black Horror creature token with flying.\nCipher (Then you may exile this spell card encoded on a creature you control. Whenever that creature deals combat damage to a player, its controller may cast a copy of the encoded card without paying its mana cost.)"
Tortured Existence,1.0,['B'],['B'],None,['Enchantment'],None,Common,PLST,None,None,None,"{B}, Discard a creature card: Return target creature card from your graveyard to your hand."
Druid's Call,2.0,['G'],['G'],None,['Enchantment'],['Aura'],Uncommon,PLST,None,None,None,"Enchant creature\nWhenever enchanted creature is dealt damage, its controller creates that many 1/1 green Squirrel creature tokens."
Kor Hookmaster,3.0,['W'],['W'],None,['Creature'],"['Kor', 'Soldier']",Common,PLST,2,2,None,"When Kor Hookmaster enters the battlefield, tap target creature an opponent controls. That creature doesn't untap during its controller's next untap step."
Avalanche Riders,4.0,['R'],['R'],None,['Creature'],"['Human', 'Nomad']",Uncommon,PLST,2,2,None,"Haste\nEcho {3}{R} (At the beginning of your upkeep, if this came under your control since the beginning of your last upkeep, sacrifice it unless you pay its echo cost.)\nWhen Avalanche Riders enters the battlefield, destroy target land."
Sigil of Valor,2.0,None,None,None,['Artifact'],['Equipment'],Uncommon,PLST,None,None,None,"Whenever equipped creature attacks alone, it gets +1/+1 until end of turn for each other creature you control.\nEquip {1} ({1}: Attach to target creature you control. Equip only as a sorcery.)"
Glaring Aegis,1.0,['W'],['W'],None,['Enchantment'],['Aura'],Common,PLST,None,None,None,"Enchant creature\nWhen Glaring Aegis enters the battlefield, tap target creature an opponent controls.\nEnchanted creature gets +1/+3."
Nagging Thoughts,2.0,['U'],['U'],None,['Sorcery'],None,Common,PLST,None,None,None,"Look at the top two cards of your library. Put one of them into your hand and the other into your graveyard.\nMadness {1}{U} (If you discard this card, discard it into exile. When you do, cast it for its madness cost or put it into your graveyard.)"
Watcher in the Web,5.0,['G'],['G'],None,['Creature'],['Spider'],Common,PLST,2,5,None,Reach (This creature can block creatures with flying.)\nWatcher in the Web can block an additional seven creatures each combat.
Fall of the Thran,6.0,['W'],['W'],None,['Enchantment'],['Saga'],Rare,PLST,None,None,None,"(As this Saga enters and after your draw step, add a lore counter. Sacrifice after III.)\nI — Destroy all lands.\nII, III — Each player returns two land cards from their graveyard to the battlefield."
Skaab Goliath,6.0,['U'],['U'],None,['Creature'],"['Zombie', 'Giant']",Uncommon,PLST,6,9,None,"As an additional cost to cast this spell, exile two creature cards from your graveyard.\nTrample"
Ghostflame Sliver,2.0,"['B', 'R']","['B', 'R']",None,['Creature'],['Sliver'],Uncommon,PLST,2,2,None,All Slivers are colorless.
Llanowar Empath,4.0,['G'],['G'],None,['Creature'],"['Elf', 'Shaman']",Common,PLST,2,2,None,"When Llanowar Empath enters the battlefield, scry 2, then reveal the top card of your library. If it's a creature card, put it into your hand. (To scry 2, look at the top two cards of your library, then put any number of them on the bottom of your library and the rest on top in any order.)"
Grisly Transformation,3.0,['B'],['B'],None,['Enchantment'],['Aura'],Common,PLST,None,None,None,"Enchant creature\nWhen Grisly Transformation enters the battlefield, draw a card.\nEnchanted creature has intimidate. (It can't be blocked except by artifact creatures and/or creatures that share a color with it.)"
Castle Garenbrig,0.0,None,['G'],None,['Land'],None,Rare,PLST,None,None,None,"Castle Garenbrig enters the battlefield tapped unless you control a Forest.\n{T}: Add {G}.\n{2}{G}{G}, {T}: Add six {G}. Spend this mana only to cast creature spells or activate abilities of creatures."
Dark Ritual,1.0,['B'],['B'],None,['Instant'],None,Common,PLST,None,None,None,Add {B}{B}{B}.
Ana Sanctuary,3.0,['G'],['G'],None,['Enchantment'],None,Uncommon,PLST,None,None,None,"At the beginning of your upkeep, if you control a blue or black permanent, target creature gets +1/+1 until end of turn. If you control a blue permanent and a black permanent, that creature gets +5/+5 until end of turn instead."
Maskwood Nexus,4.0,None,None,None,['Artifact'],None,Rare,PLST,None,None,None,"Creatures you control are every creature type. The same is true for creature spells you control and creature cards you own that aren't on the battlefield.\n{3}, {T}: Create a 2/2 blue Shapeshifter creature token with changeling. (It is every creature type.)"
Angel of Renewal,6.0,['W'],['W'],None,['Creature'],"['Angel', 'Ally']",Uncommon,PLST,4,4,None,"Flying\nWhen Angel of Renewal enters the battlefield, you gain 1 life for each creature you control."
Mortify,3.0,"['B', 'W']","['B', 'W']",None,['Instant'],None,Rare,PLST,None,None,None,Destroy target creature or enchantment.
Ixalan's Binding,4.0,['W'],['W'],None,['Enchantment'],None,Uncommon,PLST,None,None,None,"When Ixalan's Binding enters the battlefield, exile target nonland permanent an opponent controls until Ixalan's Binding leaves the battlefield.\nYour opponents can't cast spells with the same name as the exiled card."
Thunder Drake,4.0,['U'],['U'],None,['Creature'],"['Elemental', 'Drake']",Common,PLST,2,3,None,"Flying\nWhenever you cast your second spell each turn, put a +1/+1 counter on Thunder Drake."
Simic Locket,3.0,None,"['G', 'U']",None,['Artifact'],None,Common,PLST,None,None,None,"{T}: Add {G} or {U}.\n{G/U}{G/U}{G/U}{G/U}, {T}, Sacrifice Simic Locket: Draw two cards."
"Heliod, God of the Sun",4.0,['W'],['W'],['Legendary'],"['Enchantment', 'Creature']",['God'],Mythic,PLST,5,6,None,"Indestructible\nAs long as your devotion to white is less than five, Heliod isn't a creature. (Each {W} in the mana costs of permanents you control counts toward your devotion to white.)\nOther creatures you control have vigilance.\n{2}{W}{W}: Create a 2/1 white Cleric enchantment creature token."
"Sheoldred, Whispering One",7.0,['B'],['B'],['Legendary'],['Creature'],"['Phyrexian', 'Praetor']",Mythic,PLST,6,6,None,"Swampwalk (This creature can't be blocked as long as defending player controls a Swamp.)\nAt the beginning of your upkeep, return target creature card from your graveyard to the battlefield.\nAt the beginning of each opponent's upkeep, that player sacrifices a creature."
Harmonic Sliver,3.0,"['G', 'W']","['G', 'W']",None,['Creature'],['Sliver'],Uncommon,PLST,1,1,None,"All Slivers have ""When this permanent enters the battlefield, destroy target artifact or enchantment."""
Prowling Caracal,2.0,['W'],['W'],None,['Creature'],['Cat'],Common,PLST,3,1,None,None
Energy Field,2.0,['U'],['U'],None,['Enchantment'],None,Rare,PLST,None,None,None,"Prevent all damage that would be dealt to you by sources you don't control.\nWhen a card is put into your graveyard from anywhere, sacrifice Energy Field."
Carpet of Flowers,1.0,['G'],['G'],None,['Enchantment'],None,Uncommon,PLST,None,None,None,"At the beginning of each of your main phases, if you haven't added mana with this ability this turn, you may add X mana of any one color, where X is the number of Islands target opponent controls."
Guard Gomazoa,3.0,['U'],['U'],None,['Creature'],['Jellyfish'],Uncommon,PLST,1,3,None,"Defender, flying\nPrevent all combat damage that would be dealt to Guard Gomazoa."
Wishful Merfolk,2.0,['U'],['U'],None,['Creature'],['Merfolk'],Common,PLST,3,2,None,Defender\n{1}{U}: Wishful Merfolk loses defender and becomes a Human until end of turn.
Mycosynth Lattice,6.0,None,None,None,['Artifact'],None,Mythic,PLST,None,None,None,"All permanents are artifacts in addition to their other types.\nAll cards that aren't on the battlefield, spells, and permanents are colorless.\nPlayers may spend mana as though it were mana of any color."
Healing Hands,3.0,['W'],['W'],None,['Sorcery'],None,Common,PLST,None,None,None,Target player gains 4 life.\nDraw a card.
Grim Haruspex,3.0,['B'],['B'],None,['Creature'],"['Human', 'Wizard']",Rare,PLST,3,2,None,"Morph {B} (You may cast this card face down as a 2/2 creature for {3}. Turn it face up any time for its morph cost.)\nWhenever another nontoken creature you control dies, draw a card."
Seshiro the Anointed,6.0,['G'],['G'],['Legendary'],['Creature'],"['Snake', 'Monk']",Rare,PLST,3,4,None,"Other Snake creatures you control get +2/+2.\nWhenever a Snake you control deals combat damage to a player, you may draw a card."
Norn's Annex,5.0,['W'],['W'],None,['Artifact'],None,Rare,PLST,None,None,None,({W/P} can be paid with either {W} or 2 life.)\nCreatures can't attack you or planeswalkers you control unless their controller pays {W/P} for each of those creatures.
Thing from the Deep,9.0,['U'],['U'],None,['Creature'],['Leviathan'],Rare,PLST,9,9,None,"Whenever Thing from the Deep attacks, sacrifice it unless you sacrifice an Island."
Acorn Catapult,4.0,None,None,None,['Artifact'],None,Rare,PLST,None,None,None,"{1}, {T}: Acorn Catapult deals 1 damage to any target. That permanent's controller or that player creates a 1/1 green Squirrel creature token."
Parallax Wave,4.0,['W'],['W'],None,['Enchantment'],None,Rare,PLST,None,None,None,"Fading 5 (This enchantment enters the battlefield with five fade counters on it. At the beginning of your upkeep, remove a fade counter from it. If you can't, sacrifice it.)\nRemove a fade counter from Parallax Wave: Exile target creature.\nWhen Parallax Wave leaves the battlefield, each player returns to the battlefield all cards they own exiled with Parallax Wave."
Sigiled Starfish,2.0,['U'],['U'],None,['Creature'],['Starfish'],Uncommon,PLST,0,3,None,{T}: Scry 1. (Look at the top card of your library. You may put that card on the bottom of your library.)
"Lathliss, Dragon Queen",6.0,['R'],['R'],['Legendary'],['Creature'],['Dragon'],Rare,PLST,6,6,None,"Flying\nWhenever another nontoken Dragon enters the battlefield under your control, create a 5/5 red Dragon creature token with flying.\n{1}{R}: Dragons you control get +1/+0 until end of turn."
Ephemerate,1.0,['W'],['W'],None,['Instant'],None,Common,PLST,None,None,None,"Exile target creature you control, then return it to the battlefield under its owner's control.\nRebound (If you cast this spell from your hand, exile it as it resolves. At the beginning of your next upkeep, you may cast this card from exile without paying its mana cost.)"
Kor Chant,3.0,['W'],['W'],None,['Instant'],None,Common,PLST,None,None,None,All damage that would be dealt this turn to target creature you control by a source of your choice is dealt to another target creature instead.
Izzet Boilerworks,0.0,None,"['R', 'U']",None,['Land'],None,Uncommon,PLST,None,None,None,"Izzet Boilerworks enters the battlefield tapped.\nWhen Izzet Boilerworks enters the battlefield, return a land you control to its owner's hand.\n{T}: Add {U}{R}."
Mardu Hordechief,3.0,['W'],['W'],None,['Creature'],"['Human', 'Warrior']",Common,PLST,2,3,None,"Raid — When Mardu Hordechief enters the battlefield, if you attacked this turn, create a 1/1 white Warrior creature token."
Pir's Whim,4.0,['G'],['G'],None,['Sorcery'],None,Rare,PLST,None,None,None,"For each player, choose friend or foe. Each friend searches their library for a land card, puts it onto the battlefield tapped, then shuffles. Each foe sacrifices an artifact or enchantment they control."
Sandsteppe Citadel,0.0,None,"['B', 'G', 'W']",None,['Land'],None,Uncommon,PLST,None,None,None,"Sandsteppe Citadel enters the battlefield tapped.\n{T}: Add {W}, {B}, or {G}."
Glint-Sleeve Artisan,3.0,['W'],['W'],None,['Creature'],"['Dwarf', 'Artificer']",Common,PLST,2,2,None,"Fabricate 1 (When this creature enters the battlefield, put a +1/+1 counter on it or create a 1/1 colorless Servo artifact creature token.)"
Jodah's Avenger,6.0,['U'],['U'],None,['Creature'],['Shapeshifter'],Uncommon,PLST,4,4,None,"{0}: Until end of turn, Jodah's Avenger gets -1/-1 and gains your choice of double strike, protection from red, vigilance, or shadow. (A creature with shadow can block or be blocked by only creatures with shadow.)"
"Ith, High Arcanist",7.0,"['U', 'W']","['U', 'W']",['Legendary'],['Creature'],"['Human', 'Wizard']",Rare,PLST,3,5,None,Vigilance\n{T}: Untap target attacking creature. Prevent all combat damage that would be dealt to and dealt by that creature this turn.\nSuspend 4—{W}{U}
Dragon Bell Monk,3.0,['W'],['W'],None,['Creature'],"['Human', 'Monk']",Common,PLST,2,2,None,"Vigilance\nProwess (Whenever you cast a noncreature spell, this creature gets +1/+1 until end of turn.)"
Reaper of Sheoldred,5.0,['B'],['B'],None,['Creature'],"['Phyrexian', 'Horror']",Uncommon,PLST,2,5,None,"Infect (This creature deals damage to creatures in the form of -1/-1 counters and to players in the form of poison counters.)\nWhenever a source deals damage to Reaper of Sheoldred, that source's controller gets a poison counter."
Zealous Persecution,2.0,"['B', 'W']","['B', 'W']",None,['Instant'],None,Uncommon,PLST,None,None,None,"Until end of turn, creatures you control get +1/+1 and creatures your opponents control get -1/-1."
Intrusive Packbeast,5.0,['W'],['W'],None,['Creature'],['Beast'],Common,PLST,3,3,None,"Vigilance\nWhen Intrusive Packbeast enters the battlefield, tap up to two target creatures your opponents control."
Ambitious Aetherborn,5.0,['B'],['B'],None,['Creature'],"['Aetherborn', 'Artificer']",Common,PLST,4,3,None,"Fabricate 1 (When this creature enters the battlefield, put a +1/+1 counter on it or create a 1/1 colorless Servo artifact creature token.)"
Excavation Elephant,5.0,['W'],['W'],None,['Creature'],['Elephant'],Common,PLST,3,5,None,"Kicker {1}{W} (You may pay an additional {1}{W} as you cast this spell.)\nWhen Excavation Elephant enters the battlefield, if it was kicked, return target artifact card from your graveyard to your hand."
Stitch Together,2.0,['B'],['B'],None,['Sorcery'],None,Uncommon,PLST,None,None,None,Return target creature card from your graveyard to your hand.\nThreshold — Return that card from your graveyard to the battlefield instead if seven or more cards are in your graveyard.
Aether Hub,0.0,None,None,None,['Land'],None,Uncommon,PLST,None,None,None,"When Aether Hub enters the battlefield, you get {E} (an energy counter).\n{T}: Add {C}.\n{T}, Pay {E}: Add one mana of any color."
Scroll Thief,3.0,['U'],['U'],None,['Creature'],"['Merfolk', 'Rogue']",Common,PLST,1,3,None,"Whenever Scroll Thief deals combat damage to a player, draw a card."
Toxic Iguanar,1.0,['R'],['R'],None,['Creature'],['Lizard'],Common,PLST,1,1,None,Toxic Iguanar has deathtouch as long as you control a green permanent. (Any amount of damage a creature with deathtouch deals to a creature is enough to destroy it.)
Floodhound,1.0,['U'],['U'],None,['Creature'],"['Elemental', 'Dog']",Common,PLST,1,2,None,"{3}, {T}: Investigate. (Create a Clue token. It's an artifact with ""{2}, Sacrifice this artifact: Draw a card."")"
Oran-Rief Invoker,2.0,['G'],['G'],None,['Creature'],"['Human', 'Shaman']",Common,PLST,2,2,None,{8}: Oran-Rief Invoker gets +5/+5 and gains trample until end of turn.
"Glacian, Powerstone Engineer",6.0,['U'],['U'],['Legendary'],['Creature'],"['Human', 'Artificer']",Uncommon,PLST,3,6,None,"{T}, Tap X untapped artifacts you control: Look at the top X cards of your library. Put one of those cards into your hand and the rest into your graveyard.\nPartner (You can have two commanders if both have partner.)"
Cloud Elemental,3.0,['U'],['U'],None,['Creature'],['Elemental'],Common,PLST,2,3,None,Flying\nCloud Elemental can block only creatures with flying.
Loxodon Partisan,5.0,['W'],['W'],None,['Creature'],"['Elephant', 'Soldier']",Common,PLST,3,4,None,"Battle cry (Whenever this creature attacks, each other attacking creature gets +1/+0 until end of turn.)"
Victimize,3.0,['B'],['B'],None,['Sorcery'],None,Uncommon,PLST,None,None,None,"Choose two target creature cards in your graveyard. Sacrifice a creature. If you do, return the chosen cards to the battlefield tapped."
Shield of the Oversoul,3.0,"['G', 'W']","['G', 'W']",None,['Enchantment'],['Aura'],Common,PLST,None,None,None,"Enchant creature\nAs long as enchanted creature is green, it gets +1/+1 and has indestructible. (Damage and effects that say ""destroy"" don't destroy it. If its toughness is 0 or less, it's still put into its owner's graveyard.)\nAs long as enchanted creature is white, it gets +1/+1 and has flying."
Nature's Lore,2.0,['G'],['G'],None,['Sorcery'],None,Common,PLST,None,None,None,"Search your library for a Forest card, put that card onto the battlefield, then shuffle."
Clutch of Currents,1.0,['U'],['U'],None,['Sorcery'],None,Common,PLST,None,None,None,"Return target creature to its owner's hand.\nAwaken 3—{4}{U} (If you cast this spell for {4}{U}, also put three +1/+1 counters on target land you control and it becomes a 0/0 Elemental creature with haste. It's still a land.)"
Peace Strider,4.0,None,None,None,"['Artifact', 'Creature']",['Construct'],Common,PLST,3,3,None,"When Peace Strider enters the battlefield, you gain 3 life."
Far Traveler,3.0,['W'],['W'],['Legendary'],['Enchantment'],['Background'],Uncommon,PLST,None,None,None,"Commander creatures you own have ""At the beginning of your end step, exile up to one target tapped creature you control, then return it to the battlefield under its owner's control."""
Jungle Wayfinder,3.0,['G'],['G'],None,['Creature'],"['Elf', 'Warrior']",Common,PLST,3,3,None,"When Jungle Wayfinder enters the battlefield, each player may search their library for a basic land card, reveal it, put it into their hand, then shuffle."
Memorial to Genius,0.0,None,['U'],None,['Land'],None,Uncommon,PLST,None,None,None,"Memorial to Genius enters the battlefield tapped.\n{T}: Add {U}.\n{4}{U}, {T}, Sacrifice Memorial to Genius: Draw two cards."
Architects of Will,4.0,"['B', 'U']","['B', 'U']",None,"['Artifact', 'Creature']","['Human', 'Wizard']",Common,PLST,3,3,None,"When Architects of Will enters the battlefield, look at the top three cards of target player's library, then put them back in any order.\nCycling {U/B} ({U/B}, Discard this card: Draw a card.)"
Wild Research,3.0,['R'],"['R', 'U', 'W']",None,['Enchantment'],None,Rare,PLST,None,None,None,"{1}{W}: Search your library for an enchantment card and reveal that card. Put it into your hand, then discard a card at random. Then shuffle.\n{1}{U}: Search your library for an instant card and reveal that card. Put it into your hand, then discard a card at random. Then shuffle."
Wheel of Sun and Moon,2.0,"['G', 'W']","['G', 'W']",None,['Enchantment'],['Aura'],Rare,PLST,None,None,None,"Enchant player\nIf a card would be put into enchanted player's graveyard from anywhere, instead that card is revealed and put on the bottom of that player's library."
Knight-Captain of Eos,5.0,['W'],['W'],None,['Creature'],"['Human', 'Knight']",Rare,PLST,2,2,None,"When Knight-Captain of Eos enters the battlefield, create two 1/1 white Soldier creature tokens.\n{W}, Sacrifice a Soldier: Prevent all combat damage that would be dealt this turn."
"Mishra, Artificer Prodigy",4.0,"['B', 'R', 'U']","['B', 'R', 'U']",['Legendary'],['Creature'],"['Human', 'Artificer']",Rare,PLST,4,4,None,"Whenever you cast an artifact spell, you may search your graveyard, hand, and/or library for a card with the same name as that spell and put it onto the battlefield. If you search your library this way, shuffle."
Gust Walker,2.0,['W'],['W'],None,['Creature'],"['Human', 'Wizard']",Common,PLST,2,2,None,"You may exert Gust Walker as it attacks. When you do, it gets +1/+1 and gains flying until end of turn. (An exerted creature won't untap during your next untap step.)"
Paradox Haze,3.0,['U'],['U'],None,['Enchantment'],['Aura'],Uncommon,PLST,None,None,None,"Enchant player\nAt the beginning of enchanted player's first upkeep each turn, that player gets an additional upkeep step after this step."
"Arlinn Kord // Arlinn, Embraced by the Moon",4.0,"['G', 'R']","['G', 'R']",['Legendary'],['Planeswalker'],['Arlinn'],Mythic,PLST,None,None,3,"[+1]: Until end of turn, up to one target creature gets +2/+2 and gains vigilance and haste.\n[0]: Create a 2/2 green Wolf creature token. Transform Arlinn Kord."
Felidar Retreat,4.0,['W'],['W'],None,['Enchantment'],None,Rare,PLST,None,None,None,"Landfall — Whenever a land enters the battlefield under your control, choose one —\n• Create a 2/2 white Cat Beast creature token.\n• Put a +1/+1 counter on each creature you control. Those creatures gain vigilance until end of turn."
Ondu Giant,4.0,['G'],['G'],None,['Creature'],"['Giant', 'Druid']",Common,PLST,2,4,None,"When Ondu Giant enters the battlefield, you may search your library for a basic land card, put it onto the battlefield tapped, then shuffle."
Kazandu Blademaster,2.0,['W'],['W'],None,['Creature'],"['Human', 'Soldier', 'Ally']",Uncommon,PLST,1,1,None,"First strike, vigilance\nWhenever Kazandu Blademaster or another Ally enters the battlefield under your control, you may put a +1/+1 counter on Kazandu Blademaster."
Send to Sleep,2.0,['U'],['U'],None,['Instant'],None,Common,PLST,None,None,None,"Tap up to two target creatures.\nSpell mastery — If there are two or more instant and/or sorcery cards in your graveyard, those creatures don't untap during their controllers' next untap steps."
Fifty Feet of Rope,1.0,None,None,None,['Artifact'],None,Uncommon,PLST,None,None,None,"Climb Over — {T}: Target Wall can't block this turn.\nTie Up — {3}, {T}: Target creature doesn't untap during its controller's next untap step.\nRappel Down — {4}, {T}: Venture into the dungeon. Activate only as a sorcery. (Enter the first room or advance to the next room.)"
Faith's Fetters,4.0,['W'],['W'],None,['Enchantment'],['Aura'],Common,PLST,None,None,None,"Enchant permanent\nWhen Faith's Fetters enters the battlefield, you gain 4 life.\nEnchanted permanent can't attack or block, and its activated abilities can't be activated unless they're mana abilities."
Rooftop Storm,6.0,['U'],['U'],None,['Enchantment'],None,Rare,PLST,None,None,None,You may pay {0} rather than pay the mana cost for Zombie creature spells you cast.
"Sosuke, Son of Seshiro",4.0,['G'],['G'],['Legendary'],['Creature'],"['Snake', 'Warrior']",Uncommon,PLST,3,4,None,"Other Snake creatures you control get +1/+0.\nWhenever a Warrior you control deals combat damage to a creature, destroy that creature at end of combat."
Riverwheel Aerialists,6.0,['U'],['U'],None,['Creature'],"['Djinn', 'Monk']",Common,PLST,4,5,None,"Flying\nProwess (Whenever you cast a noncreature spell, this creature gets +1/+1 until end of turn.)"
"Dromar, the Banisher",6.0,"['B', 'U', 'W']","['B', 'U', 'W']",['Legendary'],['Creature'],['Dragon'],Rare,PLST,6,6,None,"Flying\nWhenever Dromar, the Banisher deals combat damage to a player, you may pay {2}{U}. If you do, choose a color, then return all creatures of that color to their owners' hands."
Mystical Tutor,1.0,['U'],['U'],None,['Instant'],None,Rare,PLST,None,None,None,"Search your library for an instant or sorcery card, reveal it, then shuffle and put that card on top."
Ghost of Ramirez DePietro,3.0,['U'],['U'],['Legendary'],['Creature'],"['Spirit', 'Pirate']",Uncommon,PLST,2,3,None,"Ghost of Ramirez DePietro can't be blocked by creatures with toughness 3 or greater.\nWhenever Ghost of Ramirez DePietro deals combat damage to a player, choose up to one target card in a graveyard that was discarded or put there from a library this turn. Put that card into its owner's hand.\nPartner (You can have two commanders if both have partner.)"
Words of War,3.0,['R'],['R'],None,['Enchantment'],None,Rare,PLST,None,None,None,"{1}: The next time you would draw a card this turn, Words of War deals 2 damage to any target instead."
Sunscape Battlemage,3.0,['W'],"['G', 'U', 'W']",None,['Creature'],"['Human', 'Wizard']",Uncommon,PLST,2,2,None,"Kicker {1}{G} and/or {2}{U} (You may pay an additional {1}{G} and/or {2}{U} as you cast this spell.)\nWhen Sunscape Battlemage enters the battlefield, if it was kicked with its {1}{G} kicker, destroy target creature with flying.\nWhen Sunscape Battlemage enters the battlefield, if it was kicked with its {2}{U} kicker, draw two cards."
"Ink-Eyes, Servant of Oni",6.0,['B'],['B'],['Legendary'],['Creature'],"['Rat', 'Ninja']",Rare,PLST,5,4,None,"Ninjutsu {3}{B}{B} ({3}{B}{B}, Return an unblocked attacker you control to hand: Put this card onto the battlefield from your hand tapped and attacking.)\nWhenever Ink-Eyes, Servant of Oni deals combat damage to a player, you may put target creature card from that player's graveyard onto the battlefield under your control.\n{1}{B}: Regenerate Ink-Eyes."
Citanul Hierophants,4.0,['G'],['G'],None,['Creature'],"['Human', 'Druid']",Rare,PLST,3,2,None,"Creatures you control have ""{T}: Add {G}."""
Priests of Norn,3.0,['W'],['W'],None,['Creature'],"['Phyrexian', 'Cleric']",Common,PLST,1,4,None,Vigilance\nInfect (This creature deals damage to creatures in the form of -1/-1 counters and to players in the form of poison counters.)
Slither Blade,1.0,['U'],['U'],None,['Creature'],"['Naga', 'Rogue']",Common,PLST,1,2,None,Slither Blade can't be blocked.
Memory Erosion,3.0,['U'],['U'],None,['Enchantment'],None,Rare,PLST,None,None,None,"Whenever an opponent casts a spell, that player mills two cards."
Enduring Victory,5.0,['W'],['W'],None,['Instant'],None,Common,PLST,None,None,None,Destroy target attacking or blocking creature. Bolster 1. (Choose a creature with the least toughness among creatures you control and put a +1/+1 counter on it.)
Bonders' Enclave,0.0,None,None,None,['Land'],None,Rare,PLST,None,None,None,"{T}: Add {C}.\n{3}, {T}: Draw a card. Activate only if you control a creature with power 4 or greater."
"Evra, Halcyon Witness",6.0,['W'],['W'],['Legendary'],['Creature'],['Avatar'],Rare,PLST,4,4,None,"Lifelink\n{4}: Exchange your life total with Evra, Halcyon Witness's power."
Jushi Apprentice // Tomoya the Revealer,2.0,['U'],['U'],None,['Creature'],"['Human', 'Wizard']",Rare,PLST,1,2,None,"{2}{U}, {T}: Draw a card. If you have nine or more cards in hand, flip Jushi Apprentice."
Flashfreeze,2.0,['U'],['U'],None,['Instant'],None,Uncommon,PLST,None,None,None,Counter target red or green spell.
Opal Lake Gatekeepers,4.0,['U'],['U'],None,['Creature'],"['Vedalken', 'Soldier']",Common,PLST,2,4,None,"When Opal Lake Gatekeepers enters the battlefield, if you control two or more Gates, you may draw a card."
Snapcaster Mage,2.0,['U'],['U'],None,['Creature'],"['Human', 'Wizard']",Rare,PLST,2,1,None,"Flash\nWhen Snapcaster Mage enters the battlefield, target instant or sorcery card in your graveyard gains flashback until end of turn. The flashback cost is equal to its mana cost. (You may cast that card from your graveyard for its flashback cost. Then exile it.)"
The Gitrog Monster,5.0,"['B', 'G']","['B', 'G']",['Legendary'],['Creature'],"['Frog', 'Horror']",Mythic,PLST,6,6,None,"Deathtouch\nAt the beginning of your upkeep, sacrifice The Gitrog Monster unless you sacrifice a land.\nYou may play an additional land on each of your turns.\nWhenever one or more land cards are put into your graveyard from anywhere, draw a card."
Lead the Stampede,3.0,['G'],['G'],None,['Sorcery'],None,Common,PLST,None,None,None,Look at the top five cards of your library. You may reveal any number of creature cards from among them and put the revealed cards into your hand. Put the rest on the bottom of your library in any order.
Dusk Legion Zealot,2.0,['B'],['B'],None,['Creature'],"['Vampire', 'Soldier']",Common,PLST,1,1,None,"When Dusk Legion Zealot enters the battlefield, you draw a card and you lose 1 life."
Cradle Guard,3.0,['G'],['G'],None,['Creature'],['Treefolk'],Uncommon,PLST,4,4,None,"Trample\nEcho {1}{G}{G} (At the beginning of your upkeep, if this came under your control since the beginning of your last upkeep, sacrifice it unless you pay its echo cost.)"
Grapeshot,2.0,['R'],['R'],None,['Sorcery'],None,Common,PLST,None,None,None,"Grapeshot deals 1 damage to any target.\nStorm (When you cast this spell, copy it for each spell cast before it this turn. You may choose new targets for the copies.)"
Planeswalker's Fury,3.0,['R'],['R'],None,['Enchantment'],None,Rare,PLST,None,None,None,{3}{R}: Target opponent reveals a card at random from their hand. Planeswalker's Fury deals damage equal to that card's mana value to that player. Activate only as a sorcery.
Tapestry of the Ages,4.0,None,None,None,['Artifact'],None,Uncommon,PLST,None,None,None,"{2}, {T}: Draw a card. Activate only if you've cast a noncreature spell this turn."
Kor Skyfisher,2.0,['W'],['W'],None,['Creature'],"['Kor', 'Soldier']",Common,PLST,2,3,None,"Flying\nWhen Kor Skyfisher enters the battlefield, return a permanent you control to its owner's hand."
Gempalm Polluter,6.0,['B'],['B'],None,['Creature'],['Zombie'],Common,PLST,4,3,None,"Cycling {B}{B} ({B}{B}, Discard this card: Draw a card.)\nWhen you cycle Gempalm Polluter, you may have target player lose life equal to the number of Zombies on the battlefield."
Hard Evidence,1.0,['U'],['U'],None,['Sorcery'],None,Common,PLST,None,None,None,"Create a 0/3 blue Crab creature token.\nInvestigate. (Create a Clue token. It's an artifact with ""{2}, Sacrifice this artifact: Draw a card."")"
Lignify,2.0,['G'],['G'],None,"['Tribal', 'Enchantment']","['Treefolk', 'Aura']",Common,PLST,None,None,None,Enchant creature\nEnchanted creature is a Treefolk with base power and toughness 0/4 and loses all abilities.
Disowned Ancestor,1.0,['B'],['B'],None,['Creature'],"['Spirit', 'Warrior']",Common,PLST,0,4,None,"Outlast {1}{B} ({1}{B}, {T}: Put a +1/+1 counter on this creature. Outlast only as a sorcery.)"
Food Chain,3.0,['G'],['G'],None,['Enchantment'],None,Rare,PLST,None,None,None,"Exile a creature you control: Add X mana of any one color, where X is 1 plus the exiled creature's mana value. Spend this mana only to cast creature spells."
Council's Judgment,3.0,['W'],['W'],None,['Sorcery'],None,Rare,PLST,None,None,None,"Will of the council — Starting with you, each player votes for a nonland permanent you don't control. Exile each permanent with the most votes or tied for most votes."
Wind Drake,3.0,['U'],['U'],None,['Creature'],['Drake'],Common,PLST,2,2,None,Flying
Court of Grace,4.0,['W'],['W'],None,['Enchantment'],None,Rare,PLST,None,None,None,"When Court of Grace enters the battlefield, you become the monarch.\nAt the beginning of your upkeep, create a 1/1 white Spirit creature token with flying. If you're the monarch, create a 4/4 white Angel creature token with flying instead."
Marauding Boneslasher,3.0,['B'],['B'],None,['Creature'],"['Zombie', 'Minotaur']",Common,PLST,3,3,None,Marauding Boneslasher can't block unless you control another Zombie.
Gateway Plaza,0.0,None,None,None,['Land'],['Gate'],Common,PLST,None,None,None,"Gateway Plaza enters the battlefield tapped.\nWhen Gateway Plaza enters the battlefield, sacrifice it unless you pay {1}.\n{T}: Add one mana of any color."
Mirror Entity,3.0,['W'],['W'],None,['Creature'],['Shapeshifter'],Rare,PLST,1,1,None,"Changeling (This card is every creature type.)\n{X}: Until end of turn, creatures you control have base power and toughness X/X and gain all creature types."
Serendib Efreet,3.0,['U'],['U'],None,['Creature'],['Efreet'],Rare,PLST,3,4,None,"Flying\nAt the beginning of your upkeep, Serendib Efreet deals 1 damage to you."
Inventors' Fair,0.0,None,None,['Legendary'],['Land'],None,Rare,PLST,None,None,None,"At the beginning of your upkeep, if you control three or more artifacts, you gain 1 life.\n{T}: Add {C}.\n{4}, {T}, Sacrifice Inventors' Fair: Search your library for an artifact card, reveal it, put it into your hand, then shuffle. Activate only if you control three or more artifacts."
Wall of Denial,3.0,"['U', 'W']","['U', 'W']",None,['Creature'],['Wall'],Uncommon,PLST,0,8,None,"Defender, flying\nShroud (This creature can't be the target of spells or abilities.)"
Profaner of the Dead,4.0,['U'],['U'],None,['Creature'],"['Naga', 'Wizard']",Rare,PLST,3,3,None,"Exploit (When this creature enters the battlefield, you may sacrifice a creature.)\nWhen Profaner of the Dead exploits a creature, return to their owners' hands all creatures your opponents control with toughness less than the exploited creature's toughness."
"Doran, the Siege Tower",3.0,"['B', 'G', 'W']","['B', 'G', 'W']",['Legendary'],['Creature'],"['Treefolk', 'Shaman']",Rare,PLST,0,5,None,Each creature assigns combat damage equal to its toughness rather than its power.
Decommission,3.0,['W'],['W'],None,['Instant'],None,Common,PLST,None,None,None,"Destroy target artifact or enchantment.\nRevolt — If a permanent you controlled left the battlefield this turn, you gain 3 life."
Time of Ice,4.0,['U'],['U'],None,['Enchantment'],['Saga'],Uncommon,PLST,None,None,None,"(As this Saga enters and after your draw step, add a lore counter. Sacrifice after III.)\nI, II — Tap target creature an opponent controls. It doesn't untap during its controller's untap step for as long as you control Time of Ice.\nIII — Return all tapped creatures to their owners' hands."
Scattered Groves,0.0,None,"['G', 'W']",None,['Land'],"['Forest', 'Plains']",Rare,PLST,None,None,None,"({T}: Add {G} or {W}.)\nScattered Groves enters the battlefield tapped.\nCycling {2} ({2}, Discard this card: Draw a card.)"
Excoriate,4.0,['W'],['W'],None,['Sorcery'],None,Common,PLST,None,None,None,Exile target tapped creature.
Whiplash Trap,5.0,['U'],['U'],None,['Instant'],['Trap'],Common,PLST,None,None,None,"If an opponent had two or more creatures enter the battlefield under their control this turn, you may pay {U} rather than pay this spell's mana cost.\nReturn two target creatures to their owners' hands."
Blight Sickle,2.0,None,None,None,['Artifact'],['Equipment'],Common,PLST,None,None,None,Equipped creature gets +1/+0 and has wither. (It deals damage to creatures in the form of -1/-1 counters.)\nEquip {2}
Rune of Protection: Lands,2.0,['W'],['W'],None,['Enchantment'],None,Rare,PLST,None,None,None,"{W}: The next time a land source of your choice would deal damage to you this turn, prevent that damage.\nCycling {2} ({2}, Discard this card: Draw a card.)"
Seething Song,3.0,['R'],['R'],None,['Instant'],None,Common,PLST,None,None,None,Add {R}{R}{R}{R}{R}.
Sulfur Falls,0.0,None,"['R', 'U']",None,['Land'],None,Rare,PLST,None,None,None,Sulfur Falls enters the battlefield tapped unless you control an Island or a Mountain.\n{T}: Add {U} or {R}.
Dismantling Blow,3.0,['W'],"['U', 'W']",None,['Instant'],None,Uncommon,PLST,None,None,None,"Kicker {2}{U} (You may pay an additional {2}{U} as you cast this spell.)\nDestroy target artifact or enchantment. If this spell was kicked, draw two cards."
Brilliant Spectrum,4.0,['U'],['U'],None,['Sorcery'],None,Common,PLST,None,None,None,"Converge — Draw X cards, where X is the number of colors of mana spent to cast this spell. Then discard two cards."
Mistveil Plains,0.0,None,['W'],None,['Land'],['Plains'],Uncommon,PLST,None,None,None,"({T}: Add {W}.)\nMistveil Plains enters the battlefield tapped.\n{W}, {T}: Put target card from your graveyard on the bottom of your library. Activate only if you control two or more white permanents."
"Kels, Fight Fixer",4.0,['B'],"['B', 'U']",['Legendary'],['Creature'],"['Azra', 'Warlock']",Rare,PLST,4,3,None,"Menace\nWhenever you sacrifice a creature, you may pay {U/B}. If you do, draw a card. ({U/B} can be paid with either {U} or {B}.)\n{1}, Sacrifice a creature: Kels, Fight Fixer gains indestructible until end of turn."
Shimmerscale Drake,5.0,['U'],['U'],None,['Creature'],['Drake'],Common,PLST,3,4,None,"Flying\nCycling {2} ({2}, Discard this card: Draw a card.)"
Interplanar Beacon,0.0,None,None,None,['Land'],None,Uncommon,PLST,None,None,None,"Whenever you cast a planeswalker spell, you gain 1 life.\n{T}: Add {C}.\n{1}, {T}: Add two mana of different colors. Spend this mana only to cast planeswalker spells."
Welkin Tern,2.0,['U'],['U'],None,['Creature'],['Bird'],Common,PLST,2,1,None,Flying (This creature can't be blocked except by creatures with flying or reach.)\nWelkin Tern can block only creatures with flying.
Prosperous Pirates,5.0,['U'],['U'],None,['Creature'],"['Human', 'Pirate']",Common,PLST,3,4,None,"When Prosperous Pirates enters the battlefield, create two Treasure tokens. (They're artifacts with ""{T}, Sacrifice this artifact: Add one mana of any color."")"
Leather Armor,1.0,None,None,None,['Artifact'],['Equipment'],Common,PLST,None,None,None,"Equipped creature gets +0/+1 and has ward {1}. (Whenever equipped creature becomes the target of a spell or ability an opponent controls, counter it unless that player pays {1}.)\nEquip {0}. Activate only once each turn."
Springjack Shepherd,4.0,['W'],['W'],None,['Creature'],"['Kithkin', 'Wizard']",Uncommon,PLST,1,2,None,"Chroma — When Springjack Shepherd enters the battlefield, create a 0/1 white Goat creature token for each white mana symbol in the mana costs of permanents you control."
Dusk Charger,4.0,['B'],['B'],None,['Creature'],['Horse'],Common,PLST,3,3,None,"Ascend (If you control ten or more permanents, you get the city's blessing for the rest of the game.)\nDusk Charger gets +2/+2 as long as you have the city's blessing."
Sheltered Thicket,0.0,None,"['G', 'R']",None,['Land'],"['Mountain', 'Forest']",Rare,PLST,None,None,None,"({T}: Add {R} or {G}.)\nSheltered Thicket enters the battlefield tapped.\nCycling {2} ({2}, Discard this card: Draw a card.)"
Proclamation of Rebirth,3.0,['W'],['W'],None,['Sorcery'],None,Rare,PLST,None,None,None,"Return up to three target creature cards with mana value 1 or less from your graveyard to the battlefield.\nForecast — {5}{W}, Reveal Proclamation of Rebirth from your hand: Return target creature card with mana value 1 or less from your graveyard to the battlefield. (Activate only during your upkeep and only once each turn.)"
Nest Invader,2.0,['G'],['G'],None,['Creature'],"['Eldrazi', 'Drone']",Common,PLST,2,2,None,"When Nest Invader enters the battlefield, create a 0/1 colorless Eldrazi Spawn creature token. It has ""Sacrifice this creature: Add {C}."""
Faerie Conclave,0.0,None,['U'],None,['Land'],None,Uncommon,PLST,None,None,None,Faerie Conclave enters the battlefield tapped.\n{T}: Add {U}.\n{1}{U}: Faerie Conclave becomes a 2/1 blue Faerie creature with flying until end of turn. It's still a land.
Affa Protector,3.0,['W'],['W'],None,['Creature'],"['Human', 'Soldier', 'Ally']",Common,PLST,1,4,None,Vigilance
Weldfast Wingsmith,4.0,['U'],['U'],None,['Creature'],"['Human', 'Artificer']",Common,PLST,3,3,None,"Whenever an artifact enters the battlefield under your control, Weldfast Wingsmith gains flying until end of turn."
Thorn of the Black Rose,4.0,['B'],['B'],None,['Creature'],"['Human', 'Assassin']",Common,PLST,1,3,None,"Deathtouch\nWhen Thorn of the Black Rose enters the battlefield, you become the monarch."
Angelsong,2.0,['W'],['W'],None,['Instant'],None,Common,PLST,None,None,None,"Prevent all combat damage that would be dealt this turn.\nCycling {2} ({2}, Discard this card: Draw a card.)"
Argivian Restoration,4.0,['U'],['U'],None,['Sorcery'],None,Uncommon,PLST,None,None,None,Return target artifact card from your graveyard to the battlefield.
Hurkyl's Recall,2.0,['U'],['U'],None,['Instant'],None,Rare,PLST,None,None,None,Return all artifacts target player owns to their hand.
Oakgnarl Warrior,7.0,['G'],['G'],None,['Creature'],"['Treefolk', 'Warrior']",Common,PLST,5,7,None,"Vigilance, trample"
Honden of Seeing Winds,5.0,['U'],['U'],['Legendary'],['Enchantment'],['Shrine'],Uncommon,PLST,None,None,None,"At the beginning of your upkeep, draw a card for each Shrine you control."
Thespian's Stage,0.0,None,None,None,['Land'],None,Rare,PLST,None,None,None,"{T}: Add {C}.\n{2}, {T}: Thespian's Stage becomes a copy of target land, except it has this ability."
Misdirection,5.0,['U'],['U'],None,['Instant'],None,Rare,PLST,None,None,None,You may exile a blue card from your hand rather than pay this spell's mana cost.\nChange the target of target spell with a single target.
Renegade's Getaway,3.0,['B'],['B'],None,['Instant'],None,Common,PLST,None,None,None,"Target permanent gains indestructible until end of turn. Create a 1/1 colorless Servo artifact creature token. (Effects that say ""destroy"" don't destroy a permanent with indestructible, and if it's a creature, it can't be destroyed by damage.)"
Fellwar Stone,2.0,None,None,None,['Artifact'],None,Uncommon,PLST,None,None,None,{T}: Add one mana of any color that a land an opponent controls could produce.
Groundswell,1.0,['G'],['G'],None,['Instant'],None,Common,PLST,None,None,None,"Target creature gets +2/+2 until end of turn.\nLandfall — If you had a land enter the battlefield under your control this turn, that creature gets +4/+4 until end of turn instead."
Spark Double,4.0,['U'],['U'],None,['Creature'],['Illusion'],Rare,PLST,0,0,None,"You may have Spark Double enter the battlefield as a copy of a creature or planeswalker you control, except it enters with an additional +1/+1 counter on it if it's a creature, it enters with an additional loyalty counter on it if it's a planeswalker, and it isn't legendary."
Mulldrifter,5.0,['U'],['U'],None,['Creature'],['Elemental'],Common,PLST,2,2,None,"Flying\nWhen Mulldrifter enters the battlefield, draw two cards.\nEvoke {2}{U} (You may cast this spell for its evoke cost. If you do, it's sacrificed when it enters the battlefield.)"
Elvish Warrior,2.0,['G'],['G'],None,['Creature'],"['Elf', 'Warrior']",Common,PLST,2,3,None,None
Moonlace,1.0,['U'],['U'],None,['Instant'],None,Rare,PLST,None,None,None,Target spell or permanent becomes colorless.
"Olivia, Mobilized for War",3.0,"['B', 'R']","['B', 'R']",['Legendary'],['Creature'],"['Vampire', 'Knight']",Mythic,PLST,3,3,None,"Flying\nWhenever another creature enters the battlefield under your control, you may discard a card. If you do, put a +1/+1 counter on that creature, it gains haste until end of turn, and it becomes a Vampire in addition to its other types."
Path to Exile,1.0,['W'],['W'],None,['Instant'],None,Uncommon,PLST,None,None,None,"Exile target creature. Its controller may search their library for a basic land card, put that card onto the battlefield tapped, then shuffle."
Invasive Surgery,1.0,['U'],['U'],None,['Instant'],None,Uncommon,PLST,None,None,None,"Counter target sorcery spell.\nDelirium — If there are four or more card types among cards in your graveyard, search the graveyard, hand, and library of that spell's controller for any number of cards with the same name as that spell, exile those cards, then that player shuffles."
Yotian Soldier,3.0,None,None,None,"['Artifact', 'Creature']",['Soldier'],Common,PLST,1,4,None,Vigilance
Council Guardian,6.0,['W'],['W'],None,['Creature'],"['Giant', 'Soldier']",Uncommon,PLST,5,5,None,"Will of the council — When Council Guardian enters the battlefield, starting with you, each player votes for blue, black, red, or green. Council Guardian gains protection from each color with the most votes or tied for most votes."
Dash Hopes,2.0,['B'],['B'],None,['Instant'],None,Common,PLST,None,None,None,"When you cast this spell, any player may pay 5 life. If a player does, counter Dash Hopes.\nCounter target spell."
Slipstream Eel,7.0,['U'],['U'],None,['Creature'],"['Fish', 'Beast']",Common,PLST,6,6,None,"Slipstream Eel can't attack unless defending player controls an Island.\nCycling {1}{U} ({1}{U}, Discard this card: Draw a card.)"
Ringwarden Owl,5.0,['U'],['U'],None,['Creature'],['Bird'],Common,PLST,3,3,None,"Flying (This creature can't be blocked except by creatures with flying or reach.)\nProwess (Whenever you cast a noncreature spell, this creature gets +1/+1 until end of turn.)"
Zhalfirin Void,0.0,None,None,None,['Land'],None,Uncommon,PLST,None,None,None,"When Zhalfirin Void enters the battlefield, scry 1. (Look at the top card of your library. You may put that card on the bottom of your library.)\n{T}: Add {C}."
Giant Killer // Chop Down,1.0,['W'],['W'],None,['Creature'],"['Human', 'Peasant']",Rare,PLST,1,2,None,"{1}{W}, {T}: Tap target creature."
Douse in Gloom,3.0,['B'],['B'],None,['Instant'],None,Common,PLST,None,None,None,Douse in Gloom deals 2 damage to target creature and you gain 2 life.
Endless Wurm,5.0,['G'],['G'],None,['Creature'],['Wurm'],Rare,PLST,9,9,None,"Trample\nAt the beginning of your upkeep, sacrifice Endless Wurm unless you sacrifice an enchantment."
Augury Owl,2.0,['U'],['U'],None,['Creature'],['Bird'],Common,PLST,1,1,None,"Flying\nWhen Augury Owl enters the battlefield, scry 3. (Look at the top three cards of your library, then put any number of them on the bottom of your library and the rest on top in any order.)"
Helix Pinnacle,1.0,['G'],['G'],None,['Enchantment'],None,Rare,PLST,None,None,None,"Shroud (This enchantment can't be the target of spells or abilities.)\n{X}: Put X tower counters on Helix Pinnacle.\nAt the beginning of your upkeep, if there are 100 or more tower counters on Helix Pinnacle, you win the game."
Thaumatic Compass // Spires of Orazca,2.0,None,None,None,['Artifact'],None,Rare,PLST,None,None,None,"{3}, {T}: Search your library for a basic land card, reveal it, put it into your hand, then shuffle.\nAt the beginning of your end step, if you control seven or more lands, transform Thaumatic Compass."
"Kataki, War's Wage",2.0,['W'],['W'],['Legendary'],['Creature'],['Spirit'],Rare,PLST,2,1,None,"All artifacts have ""At the beginning of your upkeep, sacrifice this artifact unless you pay {1}."""
Tempest Djinn,3.0,['U'],['U'],None,['Creature'],['Djinn'],Rare,PLST,0,4,None,Flying\nTempest Djinn gets +1/+0 for each basic Island you control.
Enlightened Tutor,1.0,['W'],['W'],None,['Instant'],None,Uncommon,PLST,None,None,None,"Search your library for an artifact or enchantment card, reveal it, then shuffle and put that card on top."
Eldrazi Temple,0.0,None,None,None,['Land'],None,Uncommon,PLST,None,None,None,{T}: Add {C}.\n{T}: Add {C}{C}. Spend this mana only to cast colorless Eldrazi spells or activate abilities of colorless Eldrazi.
Crown-Hunter Hireling,5.0,['R'],['R'],None,['Creature'],"['Ogre', 'Mercenary']",Common,PLST,4,4,None,"When Crown-Hunter Hireling enters the battlefield, you become the monarch.\nCrown-Hunter Hireling can't attack unless defending player is the monarch."
Devilthorn Fox,2.0,['W'],['W'],None,['Creature'],['Fox'],Common,PLST,3,1,None,None
Shriekmaw,5.0,['B'],['B'],None,['Creature'],['Elemental'],Uncommon,PLST,3,2,None,"Fear (This creature can't be blocked except by artifact creatures and/or black creatures.)\nWhen Shriekmaw enters the battlefield, destroy target nonartifact, nonblack creature.\nEvoke {1}{B} (You may cast this spell for its evoke cost. If you do, it's sacrificed when it enters the battlefield.)"
Ketria Triome,0.0,None,"['G', 'R', 'U']",None,['Land'],"['Forest', 'Island', 'Mountain']",Rare,PLST,None,None,None,"({T}: Add {G}, {U}, or {R}.)\nKetria Triome enters the battlefield tapped.\nCycling {3} ({3}, Discard this card: Draw a card.)"
"Giada, Font of Hope",2.0,['W'],['W'],['Legendary'],['Creature'],['Angel'],Rare,PLST,2,2,None,"Flying, vigilance\nEach other Angel you control enters the battlefield with an additional +1/+1 counter on it for each Angel you already control.\n{T}: Add {W}. Spend this mana only to cast an Angel spell."
The Crowd Goes Wild,1.0,['G'],['G'],None,['Sorcery'],None,Uncommon,PLST,None,None,None,Assist (Another player can pay up to {X} of this spell's cost. You choose the value of X.)\nSupport X. (Put a +1/+1 counter on each of up to X target creatures.)\nEach creature with a +1/+1 counter on it gains trample until end of turn.
Jetmir's Garden,0.0,None,"['G', 'R', 'W']",None,['Land'],"['Mountain', 'Forest', 'Plains']",Rare,PLST,None,None,None,"({T}: Add {R}, {G}, or {W}.)\nJetmir's Garden enters the battlefield tapped.\nCycling {3} ({3}, Discard this card: Draw a card.)"
Knight of Sorrows,5.0,['W'],['W'],None,['Creature'],"['Human', 'Knight']",Common,PLST,3,3,None,"Knight of Sorrows can block an additional creature each combat.\nAfterlife 1 (When this creature dies, create a 1/1 white and black Spirit creature token with flying.)"
Misthollow Griffin,4.0,['U'],['U'],None,['Creature'],['Griffin'],Mythic,PLST,3,3,None,Flying\nYou may cast Misthollow Griffin from exile.
Rogue's Passage,0.0,None,None,None,['Land'],None,Uncommon,PLST,None,None,None,"{T}: Add {C}.\n{4}, {T}: Target creature can't be blocked this turn."
Conspiracy,5.0,['B'],['B'],None,['Enchantment'],None,Rare,PLST,None,None,None,"As Conspiracy enters the battlefield, choose a creature type.\nCreatures you control are the chosen type. The same is true for creature spells you control and creature cards you own that aren't on the battlefield."
Enlisted Wurm,6.0,"['G', 'W']","['G', 'W']",None,['Creature'],['Wurm'],Uncommon,PLST,5,5,None,"Cascade (When you cast this spell, exile cards from the top of your library until you exile a nonland card that costs less. You may cast it without paying its mana cost. Put the exiled cards on the bottom of your library in a random order.)"
Treasure Map // Treasure Cove,2.0,None,None,None,['Artifact'],None,Rare,PLST,None,None,None,"{1}, {T}: Scry 1. Put a landmark counter on Treasure Map. Then if there are three or more landmark counters on it, remove those counters, transform Treasure Map, and create three Treasure tokens. (They're artifacts with ""{T}, Sacrifice this artifact: Add one mana of any color."")"
Fragmentize,1.0,['W'],['W'],None,['Sorcery'],None,Common,PLST,None,None,None,Destroy target artifact or enchantment with mana value 4 or less.
Confront the Past,1.0,['B'],['B'],None,['Sorcery'],['Lesson'],Rare,PLST,None,None,None,Choose one —\n• Return target planeswalker card with mana value X or less from your graveyard to the battlefield.\n• Remove twice X loyalty counters from target planeswalker an opponent controls.
God-Pharaoh's Faithful,1.0,['W'],['W'],None,['Creature'],"['Human', 'Wizard']",Common,PLST,0,4,None,"Whenever you cast a blue, black, or red spell, you gain 1 life."
Gone Missing,5.0,['U'],['U'],None,['Sorcery'],None,Common,PLST,None,None,None,"Put target permanent on top of its owner's library.\nInvestigate. (Create a Clue token. It's an artifact with ""{2}, Sacrifice this artifact: Draw a card."")"
Island,0.0,None,['U'],['Basic'],['Land'],['Island'],Common,PLST,None,None,None,({T}: Add {U}.)
Healer's Hawk,1.0,['W'],['W'],None,['Creature'],['Bird'],Common,PLST,1,1,None,"Flying, lifelink"
Catacomb Crocodile,5.0,['B'],['B'],None,['Creature'],['Crocodile'],Common,PLST,3,7,None,None
Centaur Glade,5.0,['G'],['G'],None,['Enchantment'],None,Uncommon,PLST,None,None,None,{2}{G}{G}: Create a 3/3 green Centaur creature token.
Pegasus Stampede,2.0,['W'],['W'],None,['Sorcery'],None,Uncommon,PLST,None,None,None,"Buyback—Sacrifice a land. (You may sacrifice a land in addition to any other costs as you cast this spell. If you do, put this card into your hand as it resolves.)\nCreate a 1/1 white Pegasus creature token with flying."
Dinosaur Hunter,2.0,['B'],['B'],None,['Creature'],"['Human', 'Pirate']",Common,PLST,2,2,None,"Whenever Dinosaur Hunter deals damage to a Dinosaur, destroy that creature."
Chromatic Star,1.0,None,None,None,['Artifact'],None,Common,PLST,None,None,None,"{1}, {T}, Sacrifice Chromatic Star: Add one mana of any color.\nWhen Chromatic Star is put into a graveyard from the battlefield, draw a card."
Borrowed Grace,3.0,['W'],['W'],None,['Instant'],None,Common,PLST,None,None,None,Escalate {1}{W} (Pay this cost for each mode chosen beyond the first.)\nChoose one or both —\n• Creatures you control get +2/+0 until end of turn.\n• Creatures you control get +0/+2 until end of turn.
Floodgate,4.0,['U'],['U'],None,['Creature'],['Wall'],Uncommon,PLST,0,5,None,"Defender (This creature can't attack.)\nWhen Floodgate has flying, sacrifice it.\nWhen Floodgate leaves the battlefield, it deals damage equal to half the number of Islands you control, rounded down, to each nonblue creature without flying."
Vanquisher's Banner,5.0,None,None,None,['Artifact'],None,Rare,PLST,None,None,None,"As Vanquisher's Banner enters the battlefield, choose a creature type.\nCreatures you control of the chosen type get +1/+1.\nWhenever you cast a creature spell of the chosen type, draw a card."
Sphinx's Tutelage,3.0,['U'],['U'],None,['Enchantment'],None,Uncommon,PLST,None,None,None,"Whenever you draw a card, target opponent mills two cards. If two nonland cards that share a color were milled this way, repeat this process.\n{5}{U}: Draw a card, then discard a card."
Siege of Towers,2.0,['R'],['R'],None,['Sorcery'],None,Rare,PLST,None,None,None,"Replicate {1}{R} (When you cast this spell, copy it for each time you paid its replicate cost. You may choose new targets for the copies.)\nTarget Mountain becomes a 3/1 creature. It's still a land."
Inferno Jet,6.0,['R'],['R'],None,['Sorcery'],None,Uncommon,PLST,None,None,None,"Inferno Jet deals 6 damage to target opponent or planeswalker.\nCycling {2} ({2}, Discard this card: Draw a card.)"
