Name,CMC,Colors,Color identity,Supertypes,Types,Subtypes,Rarity,Set,Power,Toughness,Loyalty,Text
"Chandra, Fire Artisan",4.0,['R'],['R'],['Legendary'],['Planeswalker'],['Chandra'],Rare,PRM,None,None,4,"Whenever one or more loyalty counters are removed from Chandra, Fire Artisan, she deals that much damage to target opponent or planeswalker.\n[+1]: Exile the top card of your library. You may play it this turn.\n[−7]: Exile the top seven cards of your library. You may play them this turn."
"Jace, Wielder of Mysteries",4.0,['U'],['U'],['Legendary'],['Planeswalker'],['Jace'],Rare,PRM,None,None,4,"If you would draw a card while your library has no cards in it, you win the game instead.\n[+1]: Target player mills two cards. Draw a card.\n[−8]: Draw seven cards. Then if your library has no cards in it, you win the game."
The Wanderer,4.0,['W'],['W'],['Legendary'],['Planeswalker'],None,Uncommon,PRM,None,None,5,Prevent all noncombat damage that would be dealt to you and other permanents you control.\n[−2]: Exile target creature with power 4 or greater.
"Narset, Parter of Veils",3.0,['U'],['U'],['Legendary'],['Planeswalker'],['Narset'],Uncommon,PRM,None,None,5,"Each opponent can't draw more than one card each turn.\n[−2]: Look at the top four cards of your library. You may reveal a noncreature, nonland card from among them and put it into your hand. Put the rest on the bottom of your library in a random order."
"Davriel, Rogue Shadowmage",3.0,['B'],['B'],['Legendary'],['Planeswalker'],['Davriel'],Uncommon,PRM,None,None,3,"At the beginning of each opponent's upkeep, if that player has one or fewer cards in hand, Davriel, Rogue Shadowmage deals 2 damage to them.\n[−1]: Target player discards a card."
"Tamiyo, Collector of Tales",4.0,"['G', 'U']","['G', 'U']",['Legendary'],['Planeswalker'],['Tamiyo'],Rare,PRM,None,None,5,"Spells and abilities your opponents control can't cause you to discard cards or sacrifice permanents.\n[+1]: Choose a nonland card name, then reveal the top four cards of your library. Put all cards with the chosen name from among them into your hand and the rest into your graveyard.\n[−3]: Return target card from your graveyard to your hand."
"Jiang Yanggu, Wildcrafter",3.0,['G'],['G'],['Legendary'],['Planeswalker'],['Yanggu'],Uncommon,PRM,None,None,3,"Each creature you control with a +1/+1 counter on it has ""{T}: Add one mana of any color.""\n[−1]: Put a +1/+1 counter on target creature."
"Sorin, Vengeful Bloodlord",4.0,"['B', 'W']","['B', 'W']",['Legendary'],['Planeswalker'],['Sorin'],Rare,PRM,None,None,4,"As long as it's your turn, creatures and planeswalkers you control have lifelink.\n[+2]: Sorin, Vengeful Bloodlord deals 1 damage to target player or planeswalker.\n[−X]: Return target creature card with mana value X from your graveyard to the battlefield. That creature is a Vampire in addition to its other types."
"Vivien, Champion of the Wilds",3.0,['G'],['G'],['Legendary'],['Planeswalker'],['Vivien'],Rare,PRM,None,None,4,"You may cast creature spells as though they had flash.\n[+1]: Until your next turn, up to one target creature gains vigilance and reach.\n[−2]: Look at the top three cards of your library. Exile one face down and put the rest on the bottom of your library in any order. For as long as it remains exiled, you may look at that card and you may cast it if it's a creature spell."
"Nicol Bolas, Dragon-God",5.0,"['B', 'R', 'U']","['B', 'R', 'U']",['Legendary'],['Planeswalker'],['Bolas'],Mythic,PRM,None,None,4,"Nicol Bolas, Dragon-God has all loyalty abilities of all other planeswalkers on the battlefield.\n[+1]: You draw a card. Each opponent exiles a card from their hand or a permanent they control.\n[−3]: Destroy target creature or planeswalker.\n[−8]: Each opponent who doesn't control a legendary creature or planeswalker loses the game."
"Liliana, Dreadhorde General",6.0,['B'],['B'],['Legendary'],['Planeswalker'],['Liliana'],Mythic,PRM,None,None,6,"Whenever a creature you control dies, draw a card.\n[+1]: Create a 2/2 black Zombie creature token.\n[−4]: Each player sacrifices two creatures.\n[−9]: Each opponent chooses a permanent they control of each permanent type and sacrifices the rest."
Gideon Blackblade,3.0,['W'],['W'],['Legendary'],['Planeswalker'],['Gideon'],Mythic,PRM,None,None,4,"As long as it's your turn, Gideon Blackblade is a 4/4 Human Soldier creature with indestructible that's still a planeswalker.\nPrevent all damage that would be dealt to Gideon Blackblade during your turn.\n[+1]: Up to one other target creature you control gains your choice of vigilance, lifelink, or indestructible until end of turn.\n[−6]: Exile target nonland permanent."
"Saheeli, Sublime Artificer",3.0,"['R', 'U']","['R', 'U']",['Legendary'],['Planeswalker'],['Saheeli'],Uncommon,PRM,None,None,5,"Whenever you cast a noncreature spell, create a 1/1 colorless Servo artifact creature token.\n[−2]: Target artifact you control becomes a copy of another target artifact or creature you control until end of turn, except it's an artifact in addition to its other types."
"Vraska, Swarm's Eminence",4.0,"['B', 'G']","['B', 'G']",['Legendary'],['Planeswalker'],['Vraska'],Uncommon,PRM,None,None,5,"Whenever a creature you control with deathtouch deals damage to a player or planeswalker, put a +1/+1 counter on that creature.\n[−2]: Create a 1/1 black Assassin creature token with deathtouch and ""Whenever this creature deals damage to a planeswalker, destroy that planeswalker."""
"Nahiri, Storm of Stone",4.0,"['R', 'W']","['R', 'W']",['Legendary'],['Planeswalker'],['Nahiri'],Uncommon,PRM,None,None,6,"As long as it's your turn, creatures you control have first strike and equip abilities you activate cost {1} less to activate.\n[−X]: Nahiri, Storm of Stone deals X damage to target tapped creature."
"Kiora, Behemoth Beckoner",3.0,"['G', 'U']","['G', 'U']",['Legendary'],['Planeswalker'],['Kiora'],Uncommon,PRM,None,None,7,"Whenever a creature with power 4 or greater enters the battlefield under your control, draw a card.\n[−1]: Untap target permanent."
"Ajani, the Greathearted",4.0,"['G', 'W']","['G', 'W']",['Legendary'],['Planeswalker'],['Ajani'],Rare,PRM,None,None,5,Creatures you control have vigilance.\n[+1]: You gain 3 life.\n[−2]: Put a +1/+1 counter on each creature you control and a loyalty counter on each other planeswalker you control.
Hallowed Fountain,0.0,None,"['U', 'W']",None,['Land'],"['Plains', 'Island']",Rare,PRM,None,None,None,"({T}: Add {W} or {U}.)\nAs Hallowed Fountain enters the battlefield, you may pay 2 life. If you don't, it enters the battlefield tapped."
Watery Grave,0.0,None,"['B', 'U']",None,['Land'],"['Island', 'Swamp']",Rare,PRM,None,None,None,"({T}: Add {U} or {B}.)\nAs Watery Grave enters the battlefield, you may pay 2 life. If you don't, it enters the battlefield tapped."
Blood Crypt,0.0,None,"['B', 'R']",None,['Land'],"['Swamp', 'Mountain']",Rare,PRM,None,None,None,"({T}: Add {B} or {R}.)\nAs Blood Crypt enters the battlefield, you may pay 2 life. If you don't, it enters the battlefield tapped."
Temple Garden,0.0,None,"['G', 'W']",None,['Land'],"['Forest', 'Plains']",Rare,PRM,None,None,None,"({T}: Add {G} or {W}.)\nAs Temple Garden enters the battlefield, you may pay 2 life. If you don't, it enters the battlefield tapped."
Godless Shrine,0.0,None,"['B', 'W']",None,['Land'],"['Plains', 'Swamp']",Rare,PRM,None,None,None,"({T}: Add {W} or {B}.)\nAs Godless Shrine enters the battlefield, you may pay 2 life. If you don't, it enters the battlefield tapped."
Steam Vents,0.0,None,"['R', 'U']",None,['Land'],"['Island', 'Mountain']",Rare,PRM,None,None,None,"({T}: Add {U} or {R}.)\nAs Steam Vents enters the battlefield, you may pay 2 life. If you don't, it enters the battlefield tapped."
Sacred Foundry,0.0,None,"['R', 'W']",None,['Land'],"['Mountain', 'Plains']",Rare,PRM,None,None,None,"({T}: Add {R} or {W}.)\nAs Sacred Foundry enters the battlefield, you may pay 2 life. If you don't, it enters the battlefield tapped."
Breeding Pool,0.0,None,"['G', 'U']",None,['Land'],"['Forest', 'Island']",Rare,PRM,None,None,None,"({T}: Add {G} or {U}.)\nAs Breeding Pool enters the battlefield, you may pay 2 life. If you don't, it enters the battlefield tapped."
Stomping Ground,0.0,None,"['G', 'R']",None,['Land'],"['Mountain', 'Forest']",Rare,PRM,None,None,None,"({T}: Add {R} or {G}.)\nAs Stomping Ground enters the battlefield, you may pay 2 life. If you don't, it enters the battlefield tapped."
Overgrown Tomb,0.0,None,"['B', 'G']",None,['Land'],"['Swamp', 'Forest']",Rare,PRM,None,None,None,"({T}: Add {B} or {G}.)\nAs Overgrown Tomb enters the battlefield, you may pay 2 life. If you don't, it enters the battlefield tapped."
Bolas's Citadel,6.0,['B'],['B'],['Legendary'],['Artifact'],None,Rare,PRM,None,None,None,"You may look at the top card of your library any time.\nYou may play lands and cast spells from the top of your library. If you cast a spell this way, pay life equal to its mana value rather than pay its mana cost.\n{T}, Sacrifice ten nonland permanents: Each opponent loses 10 life."
Arcbound Ravager,2.0,None,None,None,"['Artifact', 'Creature']",['Beast'],Rare,PRM,0,0,None,"Sacrifice an artifact: Put a +1/+1 counter on Arcbound Ravager.\nModular 1 (This creature enters the battlefield with a +1/+1 counter on it. When it dies, you may put its +1/+1 counters on target artifact creature.)"
Astral Drift,3.0,['W'],['W'],None,['Enchantment'],None,Rare,PRM,None,None,None,"Whenever you cycle Astral Drift or cycle another card while Astral Drift is on the battlefield, you may exile target creature. If you do, return that card to the battlefield under its owner's control at the beginning of the next end step.\nCycling {2}{W} ({2}{W}, Discard this card: Draw a card.)"
Plains,0.0,None,['W'],['Basic'],['Land'],['Plains'],Common,PRM,None,None,None,({T}: Add {W}.)
Forest,0.0,None,['G'],['Basic'],['Land'],['Forest'],Common,PRM,None,None,None,({T}: Add {G}.)
Mountain,0.0,None,['R'],['Basic'],['Land'],['Mountain'],Common,PRM,None,None,None,({T}: Add {R}.)
Swamp,0.0,None,['B'],['Basic'],['Land'],['Swamp'],Common,PRM,None,None,None,({T}: Add {B}.)
Island,0.0,None,['U'],['Basic'],['Land'],['Island'],Common,PRM,None,None,None,({T}: Add {U}.)
Chandra's Regulator,2.0,['R'],['R'],['Legendary'],['Artifact'],None,Rare,PRM,None,None,None,"Whenever you activate a loyalty ability of a Chandra planeswalker, you may pay {1}. If you do, copy that ability. You may choose new targets for the copy.\n{1}, {T}, Discard a Mountain card or a red card: Draw a card."
Rest in Peace,2.0,['W'],['W'],None,['Enchantment'],None,Rare,PRM,None,None,None,"When Rest in Peace enters the battlefield, exile all graveyards.\nIf a card or token would be put into a graveyard from anywhere, exile it instead."
Martyr's Bond,6.0,['W'],['W'],None,['Enchantment'],None,Rare,PRM,None,None,None,"Whenever Martyr's Bond or another nonland permanent you control is put into a graveyard from the battlefield, each opponent sacrifices a permanent that shares a card type with it."
Blackblade Reforged,2.0,None,None,['Legendary'],['Artifact'],['Equipment'],Rare,PRM,None,None,None,Equipped creature gets +1/+1 for each land you control.\nEquip legendary creature {3}\nEquip {7}
True Conviction,6.0,['W'],['W'],None,['Enchantment'],None,Rare,PRM,None,None,None,Creatures you control have double strike and lifelink.
Shielded by Faith,3.0,['W'],['W'],None,['Enchantment'],['Aura'],Rare,PRM,None,None,None,"Enchant creature\nEnchanted creature has indestructible.\nWhenever a creature enters the battlefield, you may attach Shielded by Faith to that creature."
Worship,4.0,['W'],['W'],None,['Enchantment'],None,Rare,PRM,None,None,None,"If you control a creature, damage that would reduce your life total to less than 1 reduces it to 1 instead."
Fae of Wishes // Granted,2.0,['U'],['U'],None,['Creature'],"['Faerie', 'Wizard']",Rare,PRM,1,4,None,"Flying\n{1}{U}, Discard two cards: Return Fae of Wishes to its owner's hand."
Oakhame Ranger // Bring Back,4.0,"['W', 'G']","['G', 'W']",None,['Creature'],"['Elf', 'Knight', 'Ranger']",Uncommon,PRM,2,2,None,{T}: Creatures you control get +1/+1 until end of turn.
Hypnotic Sprite // Mesmeric Glare,2.0,['U'],['U'],None,['Creature'],['Faerie'],Uncommon,PRM,2,1,None,Flying
Animating Faerie // Bring to Life,3.0,['U'],['U'],None,['Creature'],['Faerie'],Uncommon,PRM,2,2,None,Flying
Rimrock Knight // Boulder Rush,2.0,['R'],['R'],None,['Creature'],"['Dwarf', 'Knight']",Common,PRM,3,1,None,Rimrock Knight can't block.
Curious Pair // Treats to Share,2.0,['G'],['G'],None,['Creature'],"['Human', 'Peasant']",Common,PRM,1,3,None,None
Lonesome Unicorn // Rider in Need,5.0,['W'],['W'],None,['Creature'],['Unicorn'],Common,PRM,3,3,None,Vigilance
Queen of Ice // Rage of Winter,3.0,['U'],['U'],None,['Creature'],"['Human', 'Noble', 'Wizard']",Common,PRM,2,3,None,"Whenever Queen of Ice deals combat damage to a creature, tap that creature. It doesn't untap during its controller's next untap step."
Smitten Swordmaster // Curry Favor,2.0,['B'],['B'],None,['Creature'],"['Human', 'Knight']",Common,PRM,2,1,None,Lifelink
Reaper of Night // Harvest Fear,7.0,['B'],['B'],None,['Creature'],['Specter'],Common,PRM,4,5,None,"Whenever Reaper of Night attacks, if defending player has two or fewer cards in hand, it gains flying until end of turn."
Embereth Shieldbreaker // Battle Display,2.0,['R'],['R'],None,['Creature'],"['Human', 'Knight']",Uncommon,PRM,2,1,None,None
Merchant of the Vale // Haggle,3.0,['R'],['R'],None,['Creature'],"['Human', 'Peasant']",Common,PRM,2,3,None,"{2}{R}, Discard a card: Draw a card."
Garenbrig Carver // Shield's Might,4.0,['G'],['G'],None,['Creature'],"['Human', 'Warrior']",Common,PRM,3,2,None,None
Beanstalk Giant // Fertile Footsteps,7.0,['G'],['G'],None,['Creature'],['Giant'],Uncommon,PRM,*,*,None,Beanstalk Giant's power and toughness are each equal to the number of lands you control.
Ardenvale Tactician // Dizzying Swoop,3.0,['W'],['W'],None,['Creature'],"['Human', 'Knight']",Common,PRM,2,3,None,Flying
Giant Killer // Chop Down,1.0,['W'],['W'],None,['Creature'],"['Human', 'Peasant']",Rare,PRM,1,2,None,"{1}{W}, {T}: Tap target creature."
Realm-Cloaked Giant // Cast Off,7.0,['W'],['W'],None,['Creature'],['Giant'],Mythic,PRM,7,7,None,Vigilance
Shepherd of the Flock // Usher to Safety,2.0,['W'],['W'],None,['Creature'],"['Human', 'Peasant']",Uncommon,PRM,3,1,None,None
Foulmire Knight // Profane Insight,1.0,['B'],['B'],None,['Creature'],"['Zombie', 'Knight']",Uncommon,PRM,1,1,None,Deathtouch
Bonecrusher Giant // Stomp,3.0,['R'],['R'],None,['Creature'],['Giant'],Rare,PRM,4,3,None,"Whenever Bonecrusher Giant becomes the target of a spell, Bonecrusher Giant deals 2 damage to that spell's controller."
Flaxen Intruder // Welcome Home,1.0,['G'],['G'],None,['Creature'],"['Human', 'Berserker']",Uncommon,PRM,1,2,None,"Whenever Flaxen Intruder deals combat damage to a player, you may sacrifice it. When you do, destroy target artifact or enchantment."
Tuinvale Treefolk // Oaken Boon,6.0,['G'],['G'],None,['Creature'],"['Treefolk', 'Druid']",Common,PRM,6,5,None,None
Merfolk Secretkeeper // Venture Deeper,1.0,['U'],['U'],None,['Creature'],"['Merfolk', 'Wizard']",Common,PRM,0,4,None,None
Brazen Borrower // Petty Theft,3.0,['U'],['U'],None,['Creature'],"['Faerie', 'Rogue']",Mythic,PRM,3,1,None,Flash\nFlying\nBrazen Borrower can block only creatures with flying.
Lovestruck Beast // Heart's Desire,3.0,['G'],['G'],None,['Creature'],"['Beast', 'Noble']",Rare,PRM,5,5,None,Lovestruck Beast can't attack unless you control a 1/1 creature.
Silverflame Squire // On Alert,2.0,['W'],['W'],None,['Creature'],"['Human', 'Soldier']",Common,PRM,2,1,None,None
Order of Midnight // Alter Fate,2.0,['B'],['B'],None,['Creature'],"['Human', 'Knight']",Uncommon,PRM,2,2,None,Flying\nOrder of Midnight can't block.
Rosethorn Acolyte // Seasonal Ritual,3.0,['G'],['G'],None,['Creature'],"['Elf', 'Druid']",Common,PRM,2,3,None,{T}: Add one mana of any color.
Murderous Rider // Swift End,3.0,['B'],['B'],None,['Creature'],"['Zombie', 'Knight']",Rare,PRM,2,3,None,"Lifelink\nWhen Murderous Rider dies, put it on the bottom of its owner's library."
Faerie Guidemother // Gift of the Fae,1.0,['W'],['W'],None,['Creature'],['Faerie'],Common,PRM,1,1,None,Flying
The Royal Scions,3.0,"['R', 'U']","['R', 'U']",['Legendary'],['Planeswalker'],"['Will', 'Rowan']",Mythic,PRM,None,None,5,"[+1]: Draw a card, then discard a card.\n[+1]: Target creature gets +2/+0 and gains first strike and trample until end of turn.\n[−8]: Draw four cards. When you do, The Royal Scions deals damage to any target equal to the number of cards in your hand."
"Garruk, Cursed Huntsman",6.0,"['B', 'G']","['B', 'G']",['Legendary'],['Planeswalker'],['Garruk'],Mythic,PRM,None,None,5,"[0]: Create two 2/2 black and green Wolf creature tokens with ""When this creature dies, put a loyalty counter on each Garruk you control.""\n[−3]: Destroy target creature. Draw a card.\n[−6]: You get an emblem with ""Creatures you control get +3/+3 and have trample."""
"Calix, Destiny's Hand",4.0,"['G', 'W']","['G', 'W']",['Legendary'],['Planeswalker'],['Calix'],Mythic,PRM,None,None,4,[+1]: Look at the top four cards of your library. You may reveal an enchantment card from among them and put that card into your hand. Put the rest on the bottom of your library in a random order.\n[−3]: Exile target creature or enchantment you don't control until target enchantment you control leaves the battlefield.\n[−7]: Return all enchantment cards from your graveyard to the battlefield.
"Elspeth, Sun's Nemesis",4.0,['W'],['W'],['Legendary'],['Planeswalker'],['Elspeth'],Mythic,PRM,None,None,5,"[−1]: Up to two target creatures you control each get +2/+1 until end of turn.\n[−2]: Create two 1/1 white Human Soldier creature tokens.\n[−3]: You gain 5 life.\nEscape—{4}{W}{W}, Exile four other cards from your graveyard. (You may cast this card from your graveyard for its escape cost.)"
"Ashiok, Nightmare Muse",5.0,"['B', 'U']","['B', 'U']",['Legendary'],['Planeswalker'],['Ashiok'],Mythic,PRM,None,None,5,"[+1]: Create a 2/3 blue and black Nightmare creature token with ""Whenever this creature attacks or blocks, each opponent exiles the top two cards of their library.""\n[−3]: Return target nonland permanent to its owner's hand, then that player exiles a card from their hand.\n[−7]: You may cast up to three spells from among face-up cards your opponents own from exile without paying their mana costs."
"Oko, Thief of Crowns",3.0,"['G', 'U']","['G', 'U']",['Legendary'],['Planeswalker'],['Oko'],Mythic,PRM,None,None,4,"[+2]: Create a Food token. (It's an artifact with ""{2}, {T}, Sacrifice this artifact: You gain 3 life."")\n[+1]: Target artifact or creature loses all abilities and becomes a green Elk creature with base power and toughness 3/3.\n[−5]: Exchange control of target artifact or creature you control and target creature an opponent controls with power 3 or less."
"Heliod, Sun-Crowned",3.0,['W'],['W'],['Legendary'],"['Enchantment', 'Creature']",['God'],Mythic,PRM,5,5,None,"Indestructible\nAs long as your devotion to white is less than five, Heliod isn't a creature.\nWhenever you gain life, put a +1/+1 counter on target creature or enchantment you control.\n{1}{W}: Another target creature gains lifelink until end of turn."
Piper of the Swarm,2.0,['B'],['B'],None,['Creature'],"['Human', 'Warlock']",Rare,PRM,1,3,None,"Rats you control have menace.\n{1}{B}, {T}: Create a 1/1 black Rat creature token.\n{2}{B}{B}, {T}, Sacrifice three Rats: Gain control of target creature."
"Erebos, Bleak-Hearted",4.0,['B'],['B'],['Legendary'],"['Enchantment', 'Creature']",['God'],Mythic,PRM,5,6,None,"Indestructible\nAs long as your devotion to black is less than five, Erebos isn't a creature.\nWhenever another creature you control dies, you may pay 2 life. If you do, draw a card.\n{1}{B}, Sacrifice another creature: Target creature gets -2/-1 until end of turn."
"Thassa, Deep-Dwelling",4.0,['U'],['U'],['Legendary'],"['Enchantment', 'Creature']",['God'],Mythic,PRM,6,5,None,"Indestructible\nAs long as your devotion to blue is less than five, Thassa isn't a creature.\nAt the beginning of your end step, exile up to one other target creature you control, then return that card to the battlefield under your control.\n{3}{U}: Tap another target creature."
"Nylea, Keen-Eyed",4.0,['G'],['G'],['Legendary'],"['Enchantment', 'Creature']",['God'],Mythic,PRM,5,6,None,"Indestructible\nAs long as your devotion to green is less than five, Nylea isn't a creature.\nCreature spells you cast cost {1} less to cast.\n{2}{G}: Reveal the top card of your library. If it's a creature card, put it into your hand. Otherwise, you may put it into your graveyard."
"Purphoros, Bronze-Blooded",5.0,['R'],['R'],['Legendary'],"['Enchantment', 'Creature']",['God'],Mythic,PRM,7,6,None,"Indestructible\nAs long as your devotion to red is less than five, Purphoros isn't a creature.\nOther creatures you control have haste.\n{2}{R}: You may put a red creature card or an artifact creature card from your hand onto the battlefield. Sacrifice it at the beginning of the next end step."
"Renata, Called to the Hunt",4.0,['G'],['G'],['Legendary'],"['Enchantment', 'Creature']",['Demigod'],Uncommon,PRM,*,3,None,Renata's power is equal to your devotion to green. (Each {G} in the mana costs of permanents you control counts toward your devotion to green.)\nEach other creature you control enters the battlefield with an additional +1/+1 counter on it.
"Anax, Hardened in the Forge",3.0,['R'],['R'],['Legendary'],"['Enchantment', 'Creature']",['Demigod'],Uncommon,PRM,*,3,None,"Anax's power is equal to your devotion to red. (Each {R} in the mana costs of permanents you control counts toward your devotion to red.)\nWhenever Anax or another nontoken creature you control dies, create a 1/1 red Satyr creature token with ""This creature can't block."" If the creature had power 4 or greater, create two of those tokens instead."
"Callaphe, Beloved of the Sea",3.0,['U'],['U'],['Legendary'],"['Enchantment', 'Creature']",['Demigod'],Uncommon,PRM,*,3,None,"Callaphe's power is equal to your devotion to blue. (Each {U} in the mana costs of permanents you control counts toward your devotion to blue.)\nCreatures and enchantments you control have ""Spells your opponents cast that target this permanent cost {1} more to cast."""
"Tymaret, Chosen from Death",2.0,['B'],['B'],['Legendary'],"['Enchantment', 'Creature']",['Demigod'],Uncommon,PRM,2,*,None,Tymaret's toughness is equal to your devotion to black. (Each {B} in the mana costs of permanents you control counts toward your devotion to black.)\n{1}{B}: Exile up to two target cards from graveyards. You gain 1 life for each creature card exiled this way.
"Klothys, God of Destiny",3.0,"['G', 'R']","['G', 'R']",['Legendary'],"['Enchantment', 'Creature']",['God'],Mythic,PRM,4,5,None,"Indestructible\nAs long as your devotion to red and green is less than seven, Klothys isn't a creature.\nAt the beginning of your precombat main phase, exile target card from a graveyard. If it was a land card, add {R} or {G}. Otherwise, you gain 2 life and Klothys deals 2 damage to each opponent."
Titania's Song,4.0,['G'],['G'],None,['Enchantment'],None,Rare,PRM,None,None,None,"Each noncreature artifact loses all abilities and becomes an artifact creature with power and toughness each equal to its mana value. If Titania's Song leaves the battlefield, this effect continues until end of turn."
Ludevic's Test Subject // Ludevic's Abomination,2.0,['U'],['U'],None,['Creature'],"['Lizard', 'Egg']",Rare,PRM,0,3,None,"Defender\n{1}{U}: Put a hatchling counter on Ludevic's Test Subject. Then if there are five or more hatchling counters on it, remove all of them and transform it."
"Daxos, Blessed by the Sun",2.0,['W'],['W'],['Legendary'],"['Enchantment', 'Creature']",['Demigod'],Uncommon,PRM,2,*,None,"Daxos's toughness is equal to your devotion to white. (Each {W} in the mana costs of permanents you control counts toward your devotion to white.)\nWhenever another creature you control enters the battlefield or dies, you gain 1 life."
Temple of Enlightenment,0.0,None,"['U', 'W']",None,['Land'],None,Rare,PRM,None,None,None,"Temple of Enlightenment enters the battlefield tapped.\nWhen Temple of Enlightenment enters the battlefield, scry 1.\n{T}: Add {W} or {U}."
Temple of Deceit,0.0,None,"['B', 'U']",None,['Land'],None,Rare,PRM,None,None,None,"Temple of Deceit enters the battlefield tapped.\nWhen Temple of Deceit enters the battlefield, scry 1.\n{T}: Add {U} or {B}."
Temple of Malice,0.0,None,"['B', 'R']",None,['Land'],None,Rare,PRM,None,None,None,"Temple of Malice enters the battlefield tapped.\nWhen Temple of Malice enters the battlefield, scry 1.\n{T}: Add {B} or {R}."
Temple of Abandon,0.0,None,"['G', 'R']",None,['Land'],None,Rare,PRM,None,None,None,"Temple of Abandon enters the battlefield tapped.\nWhen Temple of Abandon enters the battlefield, scry 1.\n{T}: Add {R} or {G}."
Temple of Plenty,0.0,None,"['G', 'W']",None,['Land'],None,Rare,PRM,None,None,None,"Temple of Plenty enters the battlefield tapped.\nWhen Temple of Plenty enters the battlefield, scry 1.\n{T}: Add {G} or {W}."
"Aphemia, the Cacophony",2.0,['B'],['B'],['Legendary'],"['Enchantment', 'Creature']",['Harpy'],Rare,PRM,2,1,None,"Flying\nAt the beginning of your end step, you may exile an enchantment card from your graveyard. If you do, create a 2/2 black Zombie creature token."
"Thryx, the Sudden Storm",5.0,['U'],['U'],['Legendary'],['Creature'],"['Elemental', 'Giant']",Rare,PRM,4,5,None,Flash\nFlying\nSpells you cast with mana value 5 or greater cost {1} less to cast and can't be countered.
Mantle of the Wolf,4.0,['G'],['G'],None,['Enchantment'],['Aura'],Rare,PRM,None,None,None,"Enchant creature\nEnchanted creature gets +4/+4.\nWhen Mantle of the Wolf is put into a graveyard from the battlefield, create two 2/2 green Wolf creature tokens."
Shatter the Sky,4.0,['W'],['W'],None,['Sorcery'],None,Rare,PRM,None,None,None,Each player who controls a creature with power 4 or greater draws a card. Then destroy all creatures.
"Kunoros, Hound of Athreos",3.0,"['B', 'W']","['B', 'W']",['Legendary'],['Creature'],['Dog'],Rare,PRM,3,3,None,"Vigilance, menace, lifelink\nCreature cards in graveyards can't enter the battlefield.\nPlayers can't cast spells from graveyards."
Setessan Champion,3.0,['G'],['G'],None,['Creature'],"['Human', 'Warrior']",Rare,PRM,1,3,None,"Constellation — Whenever an enchantment enters the battlefield under your control, put a +1/+1 counter on Setessan Champion and draw a card."
Gallia of the Endless Dance,2.0,"['G', 'R']","['G', 'R']",['Legendary'],['Creature'],['Satyr'],Rare,PRM,2,2,None,"Haste\nOther Satyrs you control get +1/+1 and have haste.\nWhenever you attack with three or more creatures, you may discard a card at random. If you do, draw two cards."
Tectonic Giant,4.0,['R'],['R'],None,['Creature'],"['Elemental', 'Giant']",Rare,PRM,3,4,None,"Whenever Tectonic Giant attacks or becomes the target of a spell an opponent controls, choose one —\n• Tectonic Giant deals 3 damage to each opponent.\n• Exile the top two cards of your library. Choose one of them. Until the end of your next turn, you may play that card."
Ashiok's Erasure,4.0,['U'],['U'],None,['Enchantment'],None,Rare,PRM,None,None,None,"Flash\nWhen Ashiok's Erasure enters the battlefield, exile target spell.\nYour opponents can't cast spells with the same name as the exiled card.\nWhen Ashiok's Erasure leaves the battlefield, return the exiled card to its owner's hand."
Purphoros's Intervention,1.0,['R'],['R'],None,['Sorcery'],None,Rare,PRM,None,None,None,Choose one —\n• Create an X/1 red Elemental creature token with trample and haste. Sacrifice it at the beginning of the next end step.\n• Purphoros's Intervention deals twice X damage to target creature or planeswalker.
Dream Trawler,6.0,"['U', 'W']","['U', 'W']",None,['Creature'],['Sphinx'],Rare,PRM,3,5,None,"Flying, lifelink\nWhenever you draw a card, Dream Trawler gets +1/+0 until end of turn.\nWhenever Dream Trawler attacks, draw a card.\nDiscard a card: Dream Trawler gains hexproof until end of turn. Tap it."
Heliod's Intervention,2.0,['W'],['W'],None,['Instant'],None,Rare,PRM,None,None,None,Choose one —\n• Destroy X target artifacts and/or enchantments.\n• Target player gains twice X life.
Nightmare Shepherd,4.0,['B'],['B'],None,"['Enchantment', 'Creature']",['Demon'],Rare,PRM,4,4,None,"Flying\nWhenever another nontoken creature you control dies, you may exile it. If you do, create a token that's a copy of that creature, except it's 1/1 and it's a Nightmare in addition to its other types."
Storm Herald,3.0,['R'],['R'],None,['Creature'],"['Human', 'Shaman']",Rare,PRM,3,2,None,"Haste\nWhen Storm Herald enters the battlefield, return any number of Aura cards from your graveyard to the battlefield attached to creatures you control. Exile those Auras at the beginning of your next end step. If those Auras would leave the battlefield, exile them instead of putting them anywhere else."
Thassa's Oracle,2.0,['U'],['U'],None,['Creature'],"['Merfolk', 'Wizard']",Rare,PRM,1,3,None,"When Thassa's Oracle enters the battlefield, look at the top X cards of your library, where X is your devotion to blue. Put up to one of them on top of your library and the rest on the bottom of your library in a random order. If X is greater than or equal to the number of cards in your library, you win the game. (Each {U} in the mana costs of permanents you control counts toward your devotion to blue.)"
Nessian Boar,5.0,['G'],['G'],None,['Creature'],['Boar'],Rare,PRM,10,6,None,"All creatures able to block Nessian Boar do so.\nWhenever Nessian Boar becomes blocked by a creature, that creature's controller draws a card."
Nadir Kraken,3.0,['U'],['U'],None,['Creature'],['Kraken'],Rare,PRM,2,3,None,"Whenever you draw a card, you may pay {1}. If you do, put a +1/+1 counter on Nadir Kraken and create a 1/1 blue Tentacle creature token."
Phoenix of Ash,3.0,['R'],['R'],None,['Creature'],['Phoenix'],Rare,PRM,2,2,None,"Flying, haste\n{2}{R}: Phoenix of Ash gets +2/+0 until end of turn.\nEscape—{2}{R}{R}, Exile three other cards from your graveyard. (You may cast this card from your graveyard for its escape cost.)\nPhoenix of Ash escapes with a +1/+1 counter on it."
Nyx Lotus,4.0,None,None,['Legendary'],['Artifact'],None,Rare,PRM,None,None,None,Nyx Lotus enters the battlefield tapped.\n{T}: Choose a color. Add an amount of mana of that color equal to your devotion to that color. (Your devotion to a color is the number of mana symbols of that color in the mana costs of permanents you control.)
Nylea's Intervention,2.0,['G'],['G'],None,['Sorcery'],None,Rare,PRM,None,None,None,"Choose one —\n• Search your library for up to X land cards, reveal them, put them into your hand, then shuffle.\n• Nylea's Intervention deals twice X damage to each creature with flying."
Labyrinth of Skophos,0.0,None,None,None,['Land'],None,Rare,PRM,None,None,None,"{T}: Add {C}.\n{4}, {T}: Remove target attacking or blocking creature from combat."
Enigmatic Incarnation,4.0,"['G', 'U']","['G', 'U']",None,['Enchantment'],None,Rare,PRM,None,None,None,"At the beginning of your end step, you may sacrifice another enchantment. If you do, search your library for a creature card with mana value equal to 1 plus the sacrificed enchantment's mana value, put that card onto the battlefield, then shuffle."
Woe Strider,3.0,['B'],['B'],None,['Creature'],['Horror'],Rare,PRM,3,2,None,"When Woe Strider enters the battlefield, create a 0/1 white Goat creature token.\nSacrifice another creature: Scry 1.\nEscape—{3}{B}{B}, Exile four other cards from your graveyard. (You may cast this card from your graveyard for its escape cost.)\nWoe Strider escapes with two +1/+1 counters on it."
Eat to Extinction,4.0,['B'],['B'],None,['Instant'],None,Rare,PRM,None,None,None,Exile target creature or planeswalker. Surveil 1. (Look at the top card of your library. You may put that card into your graveyard.)
Storm's Wrath,4.0,['R'],['R'],None,['Sorcery'],None,Rare,PRM,None,None,None,Storm's Wrath deals 4 damage to each creature and each planeswalker.
"Polukranos, Unchained",4.0,"['B', 'G']","['B', 'G']",['Legendary'],['Creature'],"['Zombie', 'Hydra']",Mythic,PRM,0,0,None,"Polukranos enters the battlefield with six +1/+1 counters on it. It escapes with twelve +1/+1 counters on it instead.\nIf damage would be dealt to Polukranos while it has a +1/+1 counter on it, prevent that damage and remove that many +1/+1 counters from it.\n{1}{B}{G}: Polukranos fights another target creature.\nEscape—{4}{B}{G}, Exile six other cards from your graveyard."
Haktos the Unscarred,4.0,"['R', 'W']","['R', 'W']",['Legendary'],['Creature'],"['Human', 'Warrior']",Rare,PRM,6,1,None,"Haktos the Unscarred attacks each combat if able.\nAs Haktos enters the battlefield, choose 2, 3, or 4 at random.\nHaktos has protection from each mana value other than the chosen number."
"Atris, Oracle of Half-Truths",4.0,"['B', 'U']","['B', 'U']",['Legendary'],['Creature'],"['Human', 'Advisor']",Rare,PRM,3,2,None,"Menace\nWhen Atris, Oracle of Half-Truths enters the battlefield, target opponent looks at the top three cards of your library and separates them into a face-down pile and a face-up pile. Put one pile into your hand and the other into your graveyard."
Allure of the Unknown,5.0,"['B', 'R']","['B', 'R']",None,['Sorcery'],None,Rare,PRM,None,None,None,"Reveal the top six cards of your library. An opponent exiles a nonland card from among them, then you put the rest into your hand. That opponent may cast the exiled card without paying its mana cost."
"Dalakos, Crafter of Wonders",3.0,"['R', 'U']","['R', 'U']",['Legendary'],['Creature'],"['Merfolk', 'Artificer']",Rare,PRM,2,4,None,{T}: Add {C}{C}. Spend this mana only to cast artifact spells or activate abilities of artifacts.\nEquipped creatures you control have flying and haste.
Archon of Sun's Grace,4.0,['W'],['W'],None,['Creature'],['Archon'],Rare,PRM,3,4,None,"Flying, lifelink\nPegasus creatures you control have lifelink.\nConstellation — Whenever an enchantment enters the battlefield under your control, create a 2/2 white Pegasus creature token with flying."
Ox of Agonas,5.0,['R'],['R'],None,['Creature'],['Ox'],Mythic,PRM,4,2,None,"When Ox of Agonas enters the battlefield, discard your hand, then draw three cards.\nEscape—{R}{R}, Exile eight other cards from your graveyard. (You may cast this card from your graveyard for its escape cost.)\nOx of Agonas escapes with a +1/+1 counter on it."
Protean Thaumaturge,2.0,['U'],['U'],None,['Creature'],"['Human', 'Wizard']",Rare,PRM,1,1,None,"Constellation — Whenever an enchantment enters the battlefield under your control, you may have Protean Thaumaturge become a copy of another target creature, except it has this ability."
Erebos's Intervention,1.0,['B'],['B'],None,['Instant'],None,Rare,PRM,None,None,None,Choose one —\n• Target creature gets -X/-X until end of turn. You gain X life.\n• Exile up to twice X target cards from graveyards.
Treacherous Blessing,3.0,['B'],['B'],None,['Enchantment'],None,Rare,PRM,None,None,None,"When Treacherous Blessing enters the battlefield, draw three cards.\nWhenever you cast a spell, you lose 1 life.\nWhen Treacherous Blessing becomes the target of a spell or ability, sacrifice it."
Wavebreak Hippocamp,3.0,['U'],['U'],None,"['Enchantment', 'Creature']","['Horse', 'Fish']",Rare,PRM,2,2,None,"Whenever you cast your first spell during each opponent's turn, draw a card."
Dryad of the Ilysian Grove,3.0,['G'],['G'],None,"['Enchantment', 'Creature']","['Nymph', 'Dryad']",Rare,PRM,2,4,None,You may play an additional land on each of your turns.\nLands you control are every basic land type in addition to their other types.
Eidolon of Obstruction,2.0,['W'],['W'],None,"['Enchantment', 'Creature']",['Spirit'],Rare,PRM,2,1,None,First strike\nLoyalty abilities of planeswalkers your opponents control cost {1} more to activate.
Thassa's Intervention,2.0,['U'],['U'],None,['Instant'],None,Rare,PRM,None,None,None,Choose one —\n• Look at the top X cards of your library. Put up to two of them into your hand and the rest on the bottom of your library in a random order.\n• Counter target spell unless its controller pays twice {X}.
"Kroxa, Titan of Death's Hunger",2.0,"['B', 'R']","['B', 'R']",['Legendary'],['Creature'],"['Elder', 'Giant']",Mythic,PRM,6,6,None,"When Kroxa enters the battlefield, sacrifice it unless it escaped.\nWhenever Kroxa enters the battlefield or attacks, each opponent discards a card, then each opponent who didn't discard a nonland card this way loses 3 life.\nEscape—{B}{B}{R}{R}, Exile five other cards from your graveyard. (You may cast this card from your graveyard for its escape cost.)"
"Uro, Titan of Nature's Wrath",3.0,"['G', 'U']","['G', 'U']",['Legendary'],['Creature'],"['Elder', 'Giant']",Mythic,PRM,6,6,None,"When Uro enters the battlefield, sacrifice it unless it escaped.\nWhenever Uro enters the battlefield or attacks, you gain 3 life and draw a card, then you may put a land card from your hand onto the battlefield.\nEscape—{G}{G}{U}{U}, Exile five other cards from your graveyard. (You may cast this card from your graveyard for its escape cost.)"
Arasta of the Endless Web,4.0,['G'],['G'],['Legendary'],"['Enchantment', 'Creature']",['Spider'],Rare,PRM,3,5,None,"Reach\nWhenever an opponent casts an instant or sorcery spell, create a 1/2 green Spider creature token with reach."
Nyxbloom Ancient,7.0,['G'],['G'],None,"['Enchantment', 'Creature']",['Elemental'],Mythic,PRM,5,5,None,"Trample\nIf you tap a permanent for mana, it produces three times as much of that mana instead."
Gravebreaker Lamia,5.0,['B'],['B'],None,"['Enchantment', 'Creature']","['Snake', 'Lamia']",Rare,PRM,4,4,None,"Lifelink\nWhen Gravebreaker Lamia enters the battlefield, search your library for a card, put it into your graveyard, then shuffle.\nSpells you cast from your graveyard cost {1} less to cast."
Shadowspear,1.0,None,None,['Legendary'],['Artifact'],['Equipment'],Rare,PRM,None,None,None,Equipped creature gets +1/+1 and has trample and lifelink.\n{1}: Permanents your opponents control lose hexproof and indestructible until end of turn.\nEquip {2}
Idyllic Tutor,3.0,['W'],['W'],None,['Sorcery'],None,Rare,PRM,None,None,None,"Search your library for an enchantment card, reveal it, put it into your hand, then shuffle."
Bronzehide Lion,2.0,"['G', 'W']","['G', 'W']",None,['Creature'],['Cat'],Rare,PRM,3,3,None,"{G}{W}: Bronzehide Lion gains indestructible until end of turn.\nWhen Bronzehide Lion dies, return it to the battlefield. It's an Aura enchantment with enchant creature you control and ""{G}{W}: Enchanted creature gains indestructible until end of turn,"" and it loses all other abilities."
"Taranika, Akroan Veteran",3.0,['W'],['W'],['Legendary'],['Creature'],"['Human', 'Soldier']",Rare,PRM,3,3,None,"Vigilance\nWhenever Taranika, Akroan Veteran attacks, untap another target creature you control. Until end of turn, that creature has base power and toughness 4/4 and gains indestructible."
Underworld Breach,2.0,['R'],['R'],None,['Enchantment'],None,Rare,PRM,None,None,None,"Each nonland card in your graveyard has escape. The escape cost is equal to the card's mana cost plus exile three other cards from your graveyard. (You may cast cards from your graveyard for their escape cost.)\nAt the beginning of the end step, sacrifice Underworld Breach."
"Athreos, Shroud-Veiled",6.0,"['B', 'W']","['B', 'W']",['Legendary'],"['Enchantment', 'Creature']",['God'],Mythic,PRM,4,7,None,"Indestructible\nAs long as your devotion to white and black is less than seven, Athreos isn't a creature.\nAt the beginning of your end step, put a coin counter on another target creature.\nWhenever a creature with a coin counter on it dies or is put into exile, return that card to the battlefield under your control."
"Vivien, Monsters' Advocate",5.0,['G'],['G'],['Legendary'],['Planeswalker'],['Vivien'],Mythic,PRM,None,None,3,"You may look at the top card of your library any time.\nYou may cast creature spells from the top of your library.\n[+1]: Create a 3/3 green Beast creature token. Put your choice of a vigilance counter, a reach counter, or a trample counter on it.\n[−2]: When you next cast a creature spell this turn, search your library for a creature card with lesser mana value, put it onto the battlefield, then shuffle."
"Lukka, Coppercoat Outcast",5.0,['R'],['R'],['Legendary'],['Planeswalker'],['Lukka'],Mythic,PRM,None,None,5,"[+1]: Exile the top three cards of your library. Creature cards exiled this way gain ""You may cast this card from exile as long as you control a Lukka planeswalker.""\n[−2]: Exile target creature you control, then reveal cards from the top of your library until you reveal a creature card with higher mana value. Put that card onto the battlefield and the rest on the bottom of your library in a random order.\n[−7]: Each creature you control deals damage equal to its power to each opponent."
Narset of the Ancient Way,4.0,"['R', 'U', 'W']","['R', 'U', 'W']",['Legendary'],['Planeswalker'],['Narset'],Mythic,PRM,None,None,4,"[+1]: You gain 2 life. Add {U}, {R}, or {W}. Spend this mana only to cast a noncreature spell.\n[−2]: Draw a card, then you may discard a card. When you discard a nonland card this way, Narset of the Ancient Way deals damage equal to that card's mana value to target creature or planeswalker.\n[−6]: You get an emblem with ""Whenever you cast a noncreature spell, this emblem deals 2 damage to any target."""
General Kudro of Drannith,3.0,"['B', 'W']","['B', 'W']",['Legendary'],['Creature'],"['Human', 'Soldier']",Mythic,PRM,3,3,None,"Other Humans you control get +1/+1.\nWhenever General Kudro of Drannith or another Human enters the battlefield under your control, exile target card from an opponent's graveyard.\n{2}, Sacrifice two Humans: Destroy target creature with power 4 or greater."
"Winota, Joiner of Forces",4.0,"['R', 'W']","['R', 'W']",['Legendary'],['Creature'],"['Human', 'Warrior']",Mythic,PRM,4,4,None,"Whenever a non-Human creature you control attacks, look at the top six cards of your library. You may put a Human creature card from among them onto the battlefield tapped and attacking. It gains indestructible until end of turn. Put the rest of the cards on the bottom of your library in a random order."
"Chevill, Bane of Monsters",2.0,"['B', 'G']","['B', 'G']",['Legendary'],['Creature'],"['Human', 'Rogue']",Mythic,PRM,1,3,None,"Deathtouch\nAt the beginning of your upkeep, if your opponents control no permanents with bounty counters on them, put a bounty counter on target creature or planeswalker an opponent controls.\nWhenever a permanent an opponent controls with a bounty counter on it dies, you gain 3 life and draw a card."
"Jegantha, the Wellspring",5.0,"['G', 'R']","['B', 'G', 'R', 'U', 'W']",['Legendary'],['Creature'],"['Elemental', 'Elk']",Rare,PRM,5,5,None,"Companion — No card in your starting deck has more than one of the same mana symbol in its mana cost. (If this card is your chosen companion, you may put it into your hand from outside the game for {3} as a sorcery.)\n{T}: Add {W}{U}{B}{R}{G}. This mana can't be spent to pay generic mana costs."
"Umori, the Collector",4.0,"['B', 'G']","['B', 'G']",['Legendary'],['Creature'],['Ooze'],Rare,PRM,4,5,None,"Companion — Each nonland card in your starting deck shares a card type. (If this card is your chosen companion, you may put it into your hand from outside the game for {3} as a sorcery.)\nAs Umori, the Collector enters the battlefield, choose a card type.\nSpells you cast of the chosen type cost {1} less to cast."
Frondland Felidar,4.0,"['G', 'W']","['G', 'W']",None,['Creature'],"['Cat', 'Beast']",Rare,PRM,3,5,None,"Vigilance\nCreatures you control with vigilance have ""{1}, {T}: Tap target creature."""
Labyrinth Raptor,2.0,"['B', 'R']","['B', 'R']",None,['Creature'],"['Nightmare', 'Dinosaur']",Rare,PRM,2,2,None,"Menace\nWhenever a creature you control with menace becomes blocked, defending player sacrifices a creature blocking it.\n{B}{R}: Creatures you control with menace get +1/+0 until end of turn."
Skycat Sovereign,2.0,"['U', 'W']","['U', 'W']",None,['Creature'],"['Elemental', 'Cat']",Rare,PRM,1,1,None,Flying\nSkycat Sovereign gets +1/+1 for each other creature you control with flying.\n{2}{W}{U}: Create a 1/1 white Cat Bird creature token with flying.
Quartzwood Crasher,5.0,"['G', 'R']","['G', 'R']",None,['Creature'],"['Dinosaur', 'Beast']",Rare,PRM,6,6,None,"Trample\nWhenever one or more creatures you control with trample deal combat damage to a player, create an X/X green Dinosaur Beast creature token with trample, where X is the amount of damage those creatures dealt to that player."
Slitherwisp,3.0,"['B', 'U']","['B', 'U']",None,['Creature'],"['Elemental', 'Nightmare']",Rare,PRM,3,2,None,"Flash\nWhenever you cast another spell that has flash, you draw a card and each opponent loses 1 life."
Mythos of Brokkos,4.0,['G'],"['B', 'G', 'U']",None,['Sorcery'],None,Rare,PRM,None,None,None,"If {U}{B} was spent to cast this spell, search your library for a card, put that card into your graveyard, then shuffle.\nReturn up to two permanent cards from your graveyard to your hand."
Mythos of Nethroi,3.0,['B'],"['B', 'G', 'W']",None,['Instant'],None,Rare,PRM,None,None,None,Destroy target nonland permanent if it's a creature or if {G}{W} was spent to cast this spell.
Mythos of Snapdax,4.0,['W'],"['B', 'R', 'W']",None,['Sorcery'],None,Rare,PRM,None,None,None,"Each player chooses an artifact, a creature, an enchantment, and a planeswalker from among the nonland permanents they control, then sacrifices the rest. If {B}{R} was spent to cast this spell, you choose the permanents for each player instead."
Mythos of Vadrok,4.0,['R'],"['R', 'U', 'W']",None,['Sorcery'],None,Rare,PRM,None,None,None,"Mythos of Vadrok deals 5 damage divided as you choose among any number of target creatures and/or planeswalkers. If {W}{U} was spent to cast this spell, until your next turn, those permanents can't attack or block and their activated abilities can't be activated."
Mythos of Illuna,4.0,['U'],"['G', 'R', 'U']",None,['Sorcery'],None,Rare,PRM,None,None,None,"Create a token that's a copy of target permanent. If {R}{G} was spent to cast this spell, instead create a token that's a copy of that permanent, except the token has ""When this permanent enters the battlefield, if it's a creature, it fights up to one target creature you don't control."""
Death's Oasis,3.0,"['B', 'G', 'W']","['B', 'G', 'W']",None,['Enchantment'],None,Rare,PRM,None,None,None,"Whenever a nontoken creature you control dies, mill two cards. Then return a creature card with lesser mana value than the creature that died from your graveyard to your hand.\n{1}, Sacrifice Death's Oasis: You gain life equal to the highest mana value among creatures you control."
Whirlwind of Thought,4.0,"['R', 'U', 'W']","['R', 'U', 'W']",None,['Enchantment'],None,Rare,PRM,None,None,None,"Whenever you cast a noncreature spell, draw a card."
Titans' Nest,4.0,"['B', 'G', 'U']","['B', 'G', 'U']",None,['Enchantment'],None,Rare,PRM,None,None,None,"At the beginning of your upkeep, surveil 1. (Look at the top card of your library. You may put that card into your graveyard.)\nExile a card from your graveyard: Add {C}. Spend this mana only to cast a spell that's one or more colors without {X} in its mana cost."
Offspring's Revenge,5.0,"['B', 'R', 'W']","['B', 'R', 'W']",None,['Enchantment'],None,Rare,PRM,None,None,None,"At the beginning of combat on your turn, exile target red, white, or black creature card from your graveyard. Create a token that's a copy of that card, except it's 1/1. It gains haste until your next turn."
Song of Creation,4.0,"['G', 'R', 'U']","['G', 'R', 'U']",None,['Enchantment'],None,Rare,PRM,None,None,None,"You may play an additional land on each of your turns.\nWhenever you cast a spell, draw two cards.\nAt the beginning of your end step, discard your hand."
Lurrus of the Dream-Den,3.0,"['B', 'W']","['B', 'W']",['Legendary'],['Creature'],"['Cat', 'Nightmare']",Rare,PRM,3,2,None,"Companion — Each permanent card in your starting deck has mana value 2 or less. (If this card is your chosen companion, you may put it into your hand from outside the game for {3} as a sorcery.)\nLifelink\nOnce during each of your turns, you may cast a permanent spell with mana value 2 or less from your graveyard."
"Keruga, the Macrosage",5.0,"['G', 'U']","['G', 'U']",['Legendary'],['Creature'],"['Dinosaur', 'Hippo']",Rare,PRM,5,4,None,"Companion — Your starting deck contains only cards with mana value 3 or greater and land cards. (If this card is your chosen companion, you may put it into your hand from outside the game for {3} as a sorcery.)\nWhen Keruga, the Macrosage enters the battlefield, draw a card for each other permanent you control with mana value 3 or greater."
"Kogla, the Titan Ape",6.0,['G'],['G'],['Legendary'],['Creature'],['Ape'],Rare,PRM,7,6,None,"When Kogla, the Titan Ape enters the battlefield, it fights up to one target creature you don't control.\nWhenever Kogla attacks, destroy target artifact or enchantment defending player controls.\n{1}{G}: Return target Human you control to its owner's hand. Kogla gains indestructible until end of turn."
"Kinnan, Bonder Prodigy",2.0,"['G', 'U']","['G', 'U']",['Legendary'],['Creature'],"['Human', 'Druid']",Mythic,PRM,2,2,None,"Whenever you tap a nonland permanent for mana, add one mana of any type that permanent produced.\n{5}{G}{U}: Look at the top five cards of your library. You may put a non-Human creature card from among them onto the battlefield. Put the rest on the bottom of your library in a random order."
"Gyruda, Doom of Depths",6.0,"['B', 'U']","['B', 'U']",['Legendary'],['Creature'],"['Demon', 'Kraken']",Rare,PRM,6,6,None,"Companion — Your starting deck contains only cards with even mana values. (If this card is your chosen companion, you may put it into your hand from outside the game for {3} as a sorcery.)\nWhen Gyruda enters the battlefield, each player mills four cards. Put a creature card with an even mana value from among the milled cards onto the battlefield under your control."
"Kaheera, the Orphanguard",3.0,"['G', 'W']","['G', 'W']",['Legendary'],['Creature'],"['Cat', 'Beast']",Rare,PRM,3,2,None,"Companion — Each creature card in your starting deck is a Cat, Elemental, Nightmare, Dinosaur, or Beast card. (If this card is your chosen companion, you may put it into your hand from outside the game for {3} as a sorcery.)\nVigilance\nEach other creature you control that's a Cat, Elemental, Nightmare, Dinosaur, or Beast gets +1/+1 and has vigilance."
"Obosh, the Preypiercer",5.0,"['B', 'R']","['B', 'R']",['Legendary'],['Creature'],"['Hellion', 'Horror']",Rare,PRM,3,5,None,"Companion — Your starting deck contains only cards with odd mana values and land cards. (If this card is your chosen companion, you may put it into your hand from outside the game for {3} as a sorcery.)\nIf a source you control with an odd mana value would deal damage to a permanent or player, it deals double that damage to that permanent or player instead."
The Ozolith,1.0,None,None,['Legendary'],['Artifact'],None,Rare,PRM,None,None,None,"Whenever a creature you control leaves the battlefield, if it had counters on it, put those counters on The Ozolith.\nAt the beginning of combat on your turn, if The Ozolith has counters on it, you may move all counters from The Ozolith onto target creature."
"Yorion, Sky Nomad",5.0,"['U', 'W']","['U', 'W']",['Legendary'],['Creature'],"['Bird', 'Serpent']",Rare,PRM,4,5,None,"Companion — Your starting deck contains at least twenty cards more than the minimum deck size. (If this card is your chosen companion, you may put it into your hand from outside the game for {3} as a sorcery.)\nFlying\nWhen Yorion enters the battlefield, exile any number of other nonland permanents you own and control. Return those cards to the battlefield at the beginning of the next end step."
Shark Typhoon,6.0,['U'],['U'],None,['Enchantment'],None,Rare,PRM,None,None,None,"Whenever you cast a noncreature spell, create an X/X blue Shark creature token with flying, where X is that spell's mana value.\nCycling {X}{1}{U} ({X}{1}{U}, Discard this card: Draw a card.)\nWhen you cycle Shark Typhoon, create an X/X blue Shark creature token with flying."
"Zirda, the Dawnwaker",3.0,"['R', 'W']","['R', 'W']",['Legendary'],['Creature'],"['Elemental', 'Fox']",Rare,PRM,3,3,None,"Companion — Each permanent card in your starting deck has an activated ability. (If this card is your chosen companion, you may put it into your hand from outside the game for {3} as a sorcery.)\nAbilities you activate that aren't mana abilities cost {2} less to activate. This effect can't reduce the mana in that cost to less than one mana.\n{1}, {T}: Target creature can't block this turn."
Drannith Magistrate,2.0,['W'],['W'],None,['Creature'],"['Human', 'Wizard']",Rare,PRM,1,3,None,Your opponents can't cast spells from anywhere other than their hands.
Luminous Broodmoth,4.0,['W'],['W'],None,['Creature'],['Insect'],Mythic,PRM,3,4,None,"Flying\nWhenever a creature you control without flying dies, return it to the battlefield under its owner's control with a flying counter on it."
Voracious Greatshark,5.0,['U'],['U'],None,['Creature'],['Shark'],Rare,PRM,5,4,None,"Flash\nWhen Voracious Greatshark enters the battlefield, counter target artifact or creature spell."
Hunted Nightmare,3.0,['B'],['B'],None,['Creature'],['Nightmare'],Rare,PRM,4,5,None,"Menace\nWhen Hunted Nightmare enters the battlefield, target opponent puts a deathtouch counter on a creature they control."
Colossification,7.0,['G'],['G'],None,['Enchantment'],['Aura'],Rare,PRM,None,None,None,"Enchant creature\nWhen Colossification enters the battlefield, tap enchanted creature.\nEnchanted creature gets +20/+20."
"Lutri, the Spellchaser",3.0,"['R', 'U']","['R', 'U']",['Legendary'],['Creature'],"['Elemental', 'Otter']",Rare,PRM,3,2,None,"Companion — Each nonland card in your starting deck has a different name. (If this card is your chosen companion, you may put it into your hand from outside the game for {3} as a sorcery.)\nFlash\nWhen Lutri, the Spellchaser enters the battlefield, if you cast it, copy target instant or sorcery spell you control. You may choose new targets for the copy."
Extinction Event,4.0,['B'],['B'],None,['Sorcery'],None,Rare,PRM,None,None,None,Choose odd or even. Exile each creature with mana value of the chosen quality. (Zero is even.)
"Rielle, the Everwise",3.0,"['R', 'U']","['R', 'U']",['Legendary'],['Creature'],"['Human', 'Wizard']",Mythic,PRM,0,3,None,"Rielle, the Everwise gets +1/+0 for each instant and sorcery card in your graveyard.\nWhenever you discard one or more cards for the first time each turn, draw that many cards."
Fiend Artisan,2.0,"['B', 'G']","['B', 'G']",None,['Creature'],['Nightmare'],Mythic,PRM,1,1,None,"Fiend Artisan gets +1/+1 for each creature card in your graveyard.\n{X}{B/G}, {T}, Sacrifice another creature: Search your library for a creature card with mana value X or less, put it onto the battlefield, then shuffle. Activate only as a sorcery."
Unpredictable Cyclone,5.0,['R'],['R'],None,['Enchantment'],None,Rare,PRM,None,None,None,"If a cycling ability of another nonland card would cause you to draw a card, instead exile cards from the top of your library until you exile a card that shares a card type with the cycled card. You may cast that card without paying its mana cost. Then put the exiled cards that weren't cast this way on the bottom of your library in a random order.\nCycling {2} ({2}, Discard this card: Draw a card.)"
Crystalline Giant,3.0,None,None,None,"['Artifact', 'Creature']",['Giant'],Rare,PRM,3,3,None,"At the beginning of combat on your turn, choose a kind of counter at random that Crystalline Giant doesn't have on it from among flying, first strike, deathtouch, hexproof, lifelink, menace, reach, trample, vigilance, and +1/+1. Put a counter of that kind on Crystalline Giant."
Lavabrink Venturer,3.0,['W'],['W'],None,['Creature'],"['Human', 'Soldier']",Rare,PRM,3,3,None,"As Lavabrink Venturer enters the battlefield, choose odd or even. (Zero is even.)\nLavabrink Venturer has protection from each mana value of the chosen quality."
"Yidaro, Wandering Monster",7.0,['R'],['R'],['Legendary'],['Creature'],"['Dinosaur', 'Turtle']",Rare,PRM,8,8,None,"Trample, haste\nCycling {1}{R}\nWhen you cycle Yidaro, Wandering Monster, shuffle it into your library from your graveyard. If you've cycled a card named Yidaro, Wandering Monster four or more times this game, put it onto the battlefield from your graveyard instead. (Do this before you draw.)"
Ruinous Ultimatum,7.0,"['B', 'R', 'W']","['B', 'R', 'W']",None,['Sorcery'],None,Rare,PRM,None,None,None,Destroy all nonland permanents your opponents control.
Eerie Ultimatum,7.0,"['B', 'G', 'W']","['B', 'G', 'W']",None,['Sorcery'],None,Rare,PRM,None,None,None,Return any number of permanent cards with different names from your graveyard to the battlefield.
Emergent Ultimatum,7.0,"['B', 'G', 'U']","['B', 'G', 'U']",None,['Sorcery'],None,Rare,PRM,None,None,None,Search your library for up to three monocolored cards with different names and exile them. An opponent chooses one of those cards. Shuffle that card into your library. You may cast the other cards without paying their mana costs. Exile Emergent Ultimatum.
Inspired Ultimatum,7.0,"['R', 'U', 'W']","['R', 'U', 'W']",None,['Sorcery'],None,Rare,PRM,None,None,None,"Target player gains 5 life, Inspired Ultimatum deals 5 damage to any target, then you draw five cards."
Genesis Ultimatum,7.0,"['G', 'R', 'U']","['G', 'R', 'U']",None,['Sorcery'],None,Rare,PRM,None,None,None,Look at the top five cards of your library. Put any number of permanent cards from among them onto the battlefield and the rest into your hand. Exile Genesis Ultimatum.
Bonders' Enclave,0.0,None,None,None,['Land'],None,Rare,PRM,None,None,None,"{T}: Add {C}.\n{3}, {T}: Draw a card. Activate only if you control a creature with power 4 or greater."
"Nethroi, Apex of Death",5.0,"['B', 'G', 'W']","['B', 'G', 'W']",['Legendary'],['Creature'],"['Cat', 'Nightmare', 'Beast']",Mythic,PRM,5,5,None,"Mutate {4}{G/W}{B}{B} (If you cast this spell for its mutate cost, put it over or under target non-Human creature you own. They mutate into the creature on top plus all abilities from under it.)\nDeathtouch, lifelink\nWhenever this creature mutates, return any number of target creature cards with total power 10 or less from your graveyard to the battlefield."
"Vadrok, Apex of Thunder",3.0,"['R', 'U', 'W']","['R', 'U', 'W']",['Legendary'],['Creature'],"['Elemental', 'Dinosaur', 'Cat']",Mythic,PRM,3,3,None,"Mutate {1}{W/U}{R}{R} (If you cast this spell for its mutate cost, put it over or under target non-Human creature you own. They mutate into the creature on top plus all abilities from under it.)\nFlying, first strike\nWhenever this creature mutates, you may cast target noncreature card with mana value 3 or less from your graveyard without paying its mana cost."
"Brokkos, Apex of Forever",5.0,"['B', 'G', 'U']","['B', 'G', 'U']",['Legendary'],['Creature'],"['Nightmare', 'Beast', 'Elemental']",Mythic,PRM,6,6,None,"Mutate {2}{U/B}{G}{G} (If you cast this spell for its mutate cost, put it over or under target non-Human creature you own. They mutate into the creature on top plus all abilities from under it.)\nTrample\nYou may cast Brokkos, Apex of Forever from your graveyard using its mutate ability."
"Snapdax, Apex of the Hunt",4.0,"['B', 'R', 'W']","['B', 'R', 'W']",['Legendary'],['Creature'],"['Dinosaur', 'Cat', 'Nightmare']",Mythic,PRM,3,5,None,"Mutate {2}{B/R}{W}{W} (If you cast this spell for its mutate cost, put it over or under target non-Human creature you own. They mutate into the creature on top plus all abilities from under it.)\nDouble strike\nWhenever this creature mutates, it deals 4 damage to target creature or planeswalker an opponent controls and you gain 4 life."
"Illuna, Apex of Wishes",5.0,"['G', 'R', 'U']","['G', 'R', 'U']",['Legendary'],['Creature'],"['Beast', 'Elemental', 'Dinosaur']",Mythic,PRM,6,6,None,"Mutate {3}{R/G}{U}{U} (If you cast this spell for its mutate cost, put it over or under target non-Human creature you own. They mutate into the creature on top plus all abilities from under it.)\nFlying, trample\nWhenever this creature mutates, exile cards from the top of your library until you exile a nonland permanent card. Put that card onto the battlefield or into your hand."
Gemrazer,4.0,['G'],['G'],None,['Creature'],['Beast'],Rare,PRM,4,4,None,"Mutate {1}{G}{G} (If you cast this spell for its mutate cost, put it over or under target non-Human creature you own. They mutate into the creature on top plus all abilities from under it.)\nReach, trample\nWhenever this creature mutates, destroy target artifact or enchantment an opponent controls."
Void Beckoner,8.0,['B'],['B'],None,['Creature'],"['Nightmare', 'Horror']",Uncommon,PRM,8,8,None,"Deathtouch\nCycling {2}{B} ({2}{B}, Discard this card: Draw a card.)\nWhen you cycle Void Beckoner, put a deathtouch counter on target creature you control."
Titanoth Rex,9.0,['G'],['G'],None,['Creature'],"['Dinosaur', 'Beast']",Uncommon,PRM,11,11,None,"Trample\nCycling {1}{G} ({1}{G}, Discard this card: Draw a card.)\nWhen you cycle Titanoth Rex, put a trample counter on target creature you control."
Huntmaster Liger,4.0,['W'],['W'],None,['Creature'],['Cat'],Uncommon,PRM,3,4,None,"Mutate {2}{W} (If you cast this spell for its mutate cost, put it over or under target non-Human creature you own. They mutate into the creature on top plus all abilities from under it.)\nWhenever this creature mutates, other creatures you control get +X/+X until end of turn, where X is the number of times this creature has mutated."
Everquill Phoenix,4.0,['R'],['R'],None,['Creature'],['Phoenix'],Rare,PRM,4,4,None,"Mutate {3}{R} (If you cast this spell for its mutate cost, put it over or under target non-Human creature you own. They mutate into the creature on top plus all abilities from under it.)\nFlying\nWhenever this creature mutates, create a red artifact token named Feather with ""{1}, Sacrifice Feather: Return target Phoenix card from your graveyard to the battlefield tapped."""
Pollywog Symbiote,2.0,['U'],['U'],None,['Creature'],['Frog'],Uncommon,PRM,1,3,None,"Each creature spell you cast costs {1} less to cast if it has mutate.\nWhenever you cast a creature spell, if it has mutate, draw a card, then discard a card."
Sprite Dragon,2.0,"['R', 'U']","['R', 'U']",None,['Creature'],"['Faerie', 'Dragon']",Uncommon,PRM,1,1,None,"Flying, haste\nWhenever you cast a noncreature spell, put a +1/+1 counter on Sprite Dragon."
Dirge Bat,4.0,['B'],['B'],None,['Creature'],['Bat'],Rare,PRM,3,3,None,"Mutate {4}{B}{B} (If you cast this spell for its mutate cost, put it over or under target non-Human creature you own. They mutate into the creature on top plus all abilities from under it.)\nFlash\nFlying\nWhenever this creature mutates, destroy target creature or planeswalker an opponent controls."
Mysterious Egg,1.0,None,None,None,['Creature'],['Egg'],Common,PRM,0,2,None,"Whenever this creature mutates, put a +1/+1 counter on it."
Raugrin Triome,0.0,None,"['R', 'U', 'W']",None,['Land'],"['Island', 'Mountain', 'Plains']",Rare,PRM,None,None,None,"({T}: Add {U}, {R}, or {W}.)\nRaugrin Triome enters the battlefield tapped.\nCycling {3} ({3}, Discard this card: Draw a card.)"
Indatha Triome,0.0,None,"['B', 'G', 'W']",None,['Land'],"['Plains', 'Swamp', 'Forest']",Rare,PRM,None,None,None,"({T}: Add {W}, {B}, or {G}.)\nIndatha Triome enters the battlefield tapped.\nCycling {3} ({3}, Discard this card: Draw a card.)"
Zagoth Triome,0.0,None,"['B', 'G', 'U']",None,['Land'],"['Swamp', 'Forest', 'Island']",Rare,PRM,None,None,None,"({T}: Add {B}, {G}, or {U}.)\nZagoth Triome enters the battlefield tapped.\nCycling {3} ({3}, Discard this card: Draw a card.)"
Savai Triome,0.0,None,"['B', 'R', 'W']",None,['Land'],"['Mountain', 'Plains', 'Swamp']",Rare,PRM,None,None,None,"({T}: Add {R}, {W}, or {B}.)\nSavai Triome enters the battlefield tapped.\nCycling {3} ({3}, Discard this card: Draw a card.)"
Ketria Triome,0.0,None,"['G', 'R', 'U']",None,['Land'],"['Forest', 'Island', 'Mountain']",Rare,PRM,None,None,None,"({T}: Add {G}, {U}, or {R}.)\nKetria Triome enters the battlefield tapped.\nCycling {3} ({3}, Discard this card: Draw a card.)"
Majestic Auricorn,5.0,['W'],['W'],None,['Creature'],['Unicorn'],Uncommon,PRM,4,4,None,"Mutate {3}{W} (If you cast this spell for its mutate cost, put it over or under target non-Human creature you own. They mutate into the creature on top plus all abilities from under it.)\nVigilance\nWhenever this creature mutates, you gain 4 life."
Necropanther,3.0,"['B', 'W']","['B', 'W']",None,['Creature'],"['Cat', 'Nightmare']",Uncommon,PRM,3,3,None,"Mutate {2}{W/B}{W/B} (If you cast this spell for its mutate cost, put it over or under target non-Human creature you own. They mutate into the creature on top plus all abilities from under it.)\nWhenever this creature mutates, return target creature card with mana value 3 or less from your graveyard to the battlefield."
Dreamtail Heron,5.0,['U'],['U'],None,['Creature'],"['Elemental', 'Bird']",Common,PRM,3,4,None,"Mutate {3}{U} (If you cast this spell for its mutate cost, put it over or under target non-Human creature you own. They mutate into the creature on top plus all abilities from under it.)\nFlying\nWhenever this creature mutates, draw a card."
Lore Drakkis,3.0,"['R', 'U']","['R', 'U']",None,['Creature'],"['Lizard', 'Beast']",Uncommon,PRM,2,3,None,"Mutate {U/R}{U/R} (If you cast this spell for its mutate cost, put it over or under target non-Human creature you own. They mutate into the creature on top plus all abilities from under it.)\nWhenever this creature mutates, return target instant or sorcery card from your graveyard to your hand."
Chittering Harvester,6.0,['B'],['B'],None,['Creature'],['Nightmare'],Uncommon,PRM,4,6,None,"Mutate {4}{B} (If you cast this spell for its mutate cost, put it over or under target non-Human creature you own. They mutate into the creature on top plus all abilities from under it.)\nWhenever this creature mutates, each opponent sacrifices a creature."
Boneyard Lurker,4.0,"['B', 'G']","['B', 'G']",None,['Creature'],"['Nightmare', 'Beast']",Uncommon,PRM,4,4,None,"Mutate {2}{B/G}{B/G} (If you cast this spell for its mutate cost, put it over or under target non-Human creature you own. They mutate into the creature on top plus all abilities from under it.)\nWhenever this creature mutates, return target permanent card from your graveyard to your hand."
Porcuparrot,4.0,['R'],['R'],None,['Creature'],"['Bird', 'Beast']",Uncommon,PRM,3,4,None,"Mutate {2}{R} (If you cast this spell for its mutate cost, put it over or under target non-Human creature you own. They mutate into the creature on top plus all abilities from under it.)\n{T}: This creature deals X damage to any target, where X is the number of times this creature has mutated."
Regal Leosaur,2.0,"['R', 'W']","['R', 'W']",None,['Creature'],"['Dinosaur', 'Cat']",Uncommon,PRM,2,2,None,"Mutate {1}{R/W}{R/W} (If you cast this spell for its mutate cost, put it over or under target non-Human creature you own. They mutate into the creature on top plus all abilities from under it.)\nWhenever this creature mutates, other creatures you control get +2/+1 until end of turn."
Glowstone Recluse,3.0,['G'],['G'],None,['Creature'],['Spider'],Uncommon,PRM,2,3,None,"Mutate {3}{G} (If you cast this spell for its mutate cost, put it over or under target non-Human creature you own. They mutate into the creature on top plus all abilities from under it.)\nReach\nWhenever this creature mutates, put two +1/+1 counters on it."
Trumpeting Gnarr,3.0,"['G', 'U']","['G', 'U']",None,['Creature'],['Beast'],Uncommon,PRM,3,3,None,"Mutate {3}{G/U}{G/U} (If you cast this spell for its mutate cost, put it over or under target non-Human creature you own. They mutate into the creature on top plus all abilities from under it.)\nWhenever this creature mutates, create a 3/3 green Beast creature token."
Vulpikeet,4.0,['W'],['W'],None,['Creature'],"['Fox', 'Bird']",Common,PRM,2,3,None,"Mutate {2}{W} (If you cast this spell for its mutate cost, put it over or under target non-Human creature you own. They mutate into the creature on top plus all abilities from under it.)\nFlying\nWhenever this creature mutates, put a +1/+1 counter on it."
Pouncing Shoreshark,5.0,['U'],['U'],None,['Creature'],"['Shark', 'Beast']",Uncommon,PRM,4,3,None,"Mutate {3}{U} (If you cast this spell for its mutate cost, put it over or under target non-Human creature you own. They mutate into the creature on top plus all abilities from under it.)\nFlash\nWhenever this creature mutates, you may return target creature an opponent controls to its owner's hand."
Cavern Whisperer,5.0,['B'],['B'],None,['Creature'],['Nightmare'],Common,PRM,4,4,None,"Mutate {3}{B} (If you cast this spell for its mutate cost, put it over or under target non-Human creature you own. They mutate into the creature on top plus all abilities from under it.)\nMenace (This creature can't be blocked except by two or more creatures.)\nWhenever this creature mutates, each opponent discards a card."
Cloudpiercer,5.0,['R'],['R'],None,['Creature'],['Dinosaur'],Common,PRM,5,4,None,"Mutate {3}{R} (If you cast this spell for its mutate cost, put it over or under target non-Human creature you own. They mutate into the creature on top plus all abilities from under it.)\nReach\nWhenever this creature mutates, you may discard a card. If you do, draw a card."
Migratory Greathorn,4.0,['G'],['G'],None,['Creature'],['Beast'],Common,PRM,3,4,None,"Mutate {2}{G} (If you cast this spell for its mutate cost, put it over or under target non-Human creature you own. They mutate into the creature on top plus all abilities from under it.)\nWhenever this creature mutates, search your library for a basic land card, put it onto the battlefield tapped, then shuffle."
Cubwarden,4.0,['W'],['W'],None,['Creature'],['Cat'],Rare,PRM,3,5,None,"Mutate {2}{W}{W} (If you cast this spell for its mutate cost, put it over or under target non-Human creature you own. They mutate into the creature on top plus all abilities from under it.)\nLifelink\nWhenever this creature mutates, create two 1/1 white Cat creature tokens with lifelink."
Sea-Dasher Octopus,3.0,['U'],['U'],None,['Creature'],['Octopus'],Rare,PRM,2,2,None,"Mutate {1}{U} (If you cast this spell for its mutate cost, put it over or under target non-Human creature you own. They mutate into the creature on top plus all abilities from under it.)\nFlash\nWhenever this creature deals combat damage to a player, draw a card."
Parcelbeast,4.0,"['G', 'U']","['G', 'U']",None,['Creature'],"['Elemental', 'Beast']",Uncommon,PRM,2,4,None,"Mutate {G}{U} (If you cast this spell for its mutate cost, put it over or under target non-Human creature you own. They mutate into the creature on top plus all abilities from under it.)\n{1}, {T}: Look at the top card of your library. If it's a land card, you may put it onto the battlefield. If you don't put the card onto the battlefield, put it into your hand."
Archipelagore,7.0,['U'],['U'],None,['Creature'],['Leviathan'],Uncommon,PRM,7,7,None,"Mutate {5}{U} (If you cast this spell for its mutate cost, put it over or under target non-Human creature you own. They mutate into the creature on top plus all abilities from under it.)\nWhenever this creature mutates, tap up to X target creatures, where X is the number of times this creature has mutated. Those creatures don't untap during their controller's next untap step."
Insatiable Hemophage,4.0,['B'],['B'],None,['Creature'],['Nightmare'],Uncommon,PRM,3,3,None,"Mutate {2}{B} (If you cast this spell for its mutate cost, put it over or under target non-Human creature you own. They mutate into the creature on top plus all abilities from under it.)\nDeathtouch\nWhenever this creature mutates, each opponent loses X life and you gain X life, where X is the number of times this creature has mutated."
Auspicious Starrix,5.0,['G'],['G'],None,['Creature'],"['Elk', 'Beast']",Uncommon,PRM,6,6,None,"Mutate {5}{G} (If you cast this spell for its mutate cost, put it over or under target non-Human creature you own. They mutate into the creature on top plus all abilities from under it.)\nWhenever this creature mutates, exile cards from the top of your library until you exile X permanent cards, where X is the number of times this creature has mutated. Put those permanent cards onto the battlefield."
Terramorphic Expanse,0.0,None,None,None,['Land'],None,Common,PRM,None,None,None,"{T}, Sacrifice Terramorphic Expanse: Search your library for a basic land card, put it onto the battlefield tapped, then shuffle."
Plains,0.0,None,['W'],['Basic'],['Land'],['Plains'],Common,PRM,None,None,None,({T}: Add {W}.)
Plains,0.0,None,['W'],['Basic'],['Land'],['Plains'],Common,PRM,None,None,None,({T}: Add {W}.)
Plains,0.0,None,['W'],['Basic'],['Land'],['Plains'],Common,PRM,None,None,None,({T}: Add {W}.)
Plains,0.0,None,['W'],['Basic'],['Land'],['Plains'],Common,PRM,None,None,None,({T}: Add {W}.)
Plains,0.0,None,['W'],['Basic'],['Land'],['Plains'],Common,PRM,None,None,None,({T}: Add {W}.)
Plains,0.0,None,['W'],['Basic'],['Land'],['Plains'],Common,PRM,None,None,None,({T}: Add {W}.)
Plains,0.0,None,['W'],['Basic'],['Land'],['Plains'],Common,PRM,None,None,None,({T}: Add {W}.)
Plains,0.0,None,['W'],['Basic'],['Land'],['Plains'],Common,PRM,None,None,None,({T}: Add {W}.)
Island,0.0,None,['U'],['Basic'],['Land'],['Island'],Common,PRM,None,None,None,({T}: Add {U}.)
Island,0.0,None,['U'],['Basic'],['Land'],['Island'],Common,PRM,None,None,None,({T}: Add {U}.)
Island,0.0,None,['U'],['Basic'],['Land'],['Island'],Common,PRM,None,None,None,({T}: Add {U}.)
Island,0.0,None,['U'],['Basic'],['Land'],['Island'],Common,PRM,None,None,None,({T}: Add {U}.)
Island,0.0,None,['U'],['Basic'],['Land'],['Island'],Common,PRM,None,None,None,({T}: Add {U}.)
Swamp,0.0,None,['B'],['Basic'],['Land'],['Swamp'],Common,PRM,None,None,None,({T}: Add {B}.)
Swamp,0.0,None,['B'],['Basic'],['Land'],['Swamp'],Common,PRM,None,None,None,({T}: Add {B}.)
Dramatic Finale,4.0,"['B', 'W']","['B', 'W']",None,['Enchantment'],None,Rare,PRM,None,None,None,"Creature tokens you control get +1/+1.\nWhenever one or more nontoken creatures you control die, create a 2/1 white and black Inkling creature token with flying. This ability triggers only once each turn."
Rockfall Vale,0.0,None,"['G', 'R']",None,['Land'],None,Rare,PRM,None,None,None,Rockfall Vale enters the battlefield tapped unless you control two or more other lands.\n{T}: Add {R} or {G}.
Daemogoth Titan,4.0,"['B', 'G']","['B', 'G']",None,['Creature'],['Demon'],Rare,PRM,11,10,None,"Whenever Daemogoth Titan attacks or blocks, sacrifice a creature."
Overgrown Farmland,0.0,None,"['G', 'W']",None,['Land'],None,Rare,PRM,None,None,None,Overgrown Farmland enters the battlefield tapped unless you control two or more other lands.\n{T}: Add {G} or {W}.
Witherbloom Command,2.0,"['B', 'G']","['B', 'G']",None,['Sorcery'],None,Rare,PRM,None,None,None,"Choose two —\n• Target player mills three cards, then you return a land card from your graveyard to your hand.\n• Destroy target noncreature, nonland permanent with mana value 2 or less.\n• Target creature gets -3/-1 until end of turn.\n• Target opponent loses 2 life and you gain 2 life."
Hopeful Initiate,1.0,['W'],['W'],None,['Creature'],"['Human', 'Warlock']",Rare,PRM,1,2,None,"Training (Whenever this creature attacks with another creature with greater power, put a +1/+1 counter on this creature.)\n{2}{W}, Remove two +1/+1 counters from among creatures you control: Destroy target artifact or enchantment."
Rushed Rebirth,2.0,"['B', 'G']","['B', 'G']",None,['Instant'],None,Rare,PRM,None,None,None,"Choose target creature. When that creature dies this turn, search your library for a creature card with lesser mana value, put it onto the battlefield tapped, then shuffle."
Haunted Library,2.0,['W'],['W'],None,['Enchantment'],None,Rare,PRM,None,None,None,"Whenever a creature an opponent controls dies, you may pay {1}. If you do, create a 1/1 white Spirit creature token with flying."
Culling Ritual,4.0,"['B', 'G']","['B', 'G']",None,['Sorcery'],None,Rare,PRM,None,None,None,Destroy each nonland permanent with mana value 2 or less. Add {B} or {G} for each permanent destroyed this way.
Voice of the Blessed,2.0,['W'],['W'],None,['Creature'],"['Spirit', 'Cleric']",Rare,PRM,2,2,None,"Whenever you gain life, put a +1/+1 counter on Voice of the Blessed.\nAs long as Voice of the Blessed has four or more +1/+1 counters on it, it has flying and vigilance.\nAs long as Voice of the Blessed has ten or more +1/+1 counters on it, it has indestructible."
Manifestation Sage,4.0,"['G', 'U']","['G', 'U']",None,['Creature'],"['Human', 'Wizard']",Rare,PRM,2,2,None,"When Manifestation Sage enters the battlefield, create a 0/0 green and blue Fractal creature token. Put X +1/+1 counters on it, where X is the number of cards in your hand."
Drogskol Reinforcements,4.0,['W'],['W'],None,['Creature'],"['Spirit', 'Soldier']",Rare,PRM,2,2,None,"Melee (Whenever this creature attacks, it gets +1/+1 until end of turn for each opponent you attacked this combat.)\nOther Spirits you control have melee.\nPrevent all noncombat damage that would be dealt to Spirits you control."
Double Major,2.0,"['G', 'U']","['G', 'U']",None,['Instant'],None,Rare,PRM,None,None,None,"Copy target creature spell you control, except it isn't legendary if the spell is legendary. (A copy of a creature spell becomes a token.)"
Lantern Flare,2.0,['W'],"['R', 'W']",None,['Instant'],None,Rare,PRM,None,None,None,"Cleave {X}{R}{W} (You may cast this spell for its cleave cost. If you do, remove the words in square brackets.)\nLantern Flare deals X damage to target creature or planeswalker and you gain X life. [X is the number of creatures you control.]"
Quandrix Command,3.0,"['G', 'U']","['G', 'U']",None,['Instant'],None,Rare,PRM,None,None,None,Choose two —\n• Return target creature or planeswalker to its owner's hand.\n• Counter target artifact or enchantment spell.\n• Put two +1/+1 counters on target creature.\n• Target player shuffles up to three target cards from their graveyard into their library.
Sigarda's Summons,6.0,['W'],['W'],None,['Enchantment'],None,Rare,PRM,None,None,None,"Creatures you control with +1/+1 counters on them have base power and toughness 4/4, have flying, and are Angels in addition to their other types."
Culmination of Studies,2.0,"['R', 'U']","['R', 'U']",None,['Sorcery'],None,Rare,PRM,None,None,None,"Exile the top X cards of your library. For each land card exiled this way, create a Treasure token. For each blue card exiled this way, draw a card. For each red card exiled this way, Culmination of Studies deals 1 damage to each opponent."
Reinterpret,4.0,"['R', 'U']","['R', 'U']",None,['Instant'],None,Rare,PRM,None,None,None,Counter target spell. You may cast a spell with an equal or lesser mana value from your hand without paying its mana cost.
By Invitation Only,5.0,['W'],['W'],None,['Sorcery'],None,Rare,PRM,None,None,None,Choose a number between 0 and 13. Each player sacrifices that many creatures.
Elemental Expressionist,4.0,"['R', 'U']","['R', 'U']",None,['Creature'],"['Orc', 'Wizard']",Rare,PRM,4,4,None,"Magecraft — Whenever you cast or copy an instant or sorcery spell, choose target creature you control. Until end of turn, it gains ""If this creature would leave the battlefield, exile it instead of putting it anywhere else"" and ""When this creature is put into exile, create a 4/4 blue and red Elemental creature token."" (Each instance of that ability triggers separately.)"
"Rhoda, Geist Avenger",4.0,['W'],['W'],['Legendary'],['Creature'],"['Human', 'Soldier']",Rare,PRM,3,3,None,"Partner with Timin, Youthful Geist (When this creature enters the battlefield, target player may put Timin into their hand from their library, then shuffle.)\nVigilance\nWhenever a creature an opponent controls becomes tapped, if it isn't being declared as an attacker, put a +1/+1 counter on Rhoda, Geist Avenger."
Prismari Command,3.0,"['R', 'U']","['R', 'U']",None,['Instant'],None,Rare,PRM,None,None,None,"Choose two —\n• Prismari Command deals 2 damage to any target.\n• Target player draws two cards, then discards two cards.\n• Target player creates a Treasure token.\n• Destroy target artifact."
Wedding Announcement // Wedding Festivity,3.0,['W'],['W'],None,['Enchantment'],None,Rare,PRM,None,None,None,"At the beginning of your end step, put an invitation counter on Wedding Announcement. If you attacked with two or more creatures this turn, draw a card. Otherwise, create a 1/1 white Human creature token. Then if Wedding Announcement has three or more invitation counters on it, transform it."
Venerable Warsinger,3.0,"['R', 'W']","['R', 'W']",None,['Creature'],"['Spirit', 'Cleric']",Rare,PRM,3,3,None,"Vigilance, trample\nWhenever Venerable Warsinger deals combat damage to a player, you may return target creature card with mana value X or less from your graveyard to the battlefield, where X is the amount of damage Venerable Warsinger dealt to that player."
Blade Historian,4.0,"['R', 'W']","['R', 'W']",None,['Creature'],"['Human', 'Cleric']",Rare,PRM,2,3,None,Attacking creatures you control have double strike.
Cemetery Protector,4.0,['W'],['W'],None,['Creature'],"['Human', 'Soldier']",Mythic,PRM,3,4,None,"Flash\nWhen Cemetery Protector enters the battlefield, exile a card from a graveyard.\nWhenever you play a land or cast a spell, if it shares a card type with the exiled card, create a 1/1 white Human creature token."
Radiant Scrollwielder,4.0,"['R', 'W']","['R', 'W']",None,['Creature'],"['Dwarf', 'Cleric']",Rare,PRM,2,4,None,"Instant and sorcery spells you control have lifelink.\nAt the beginning of your upkeep, exile an instant or sorcery card at random from your graveyard. You may cast it this turn. If a spell cast this way would be put into your graveyard, exile it instead."
Savior of Ollenbock,3.0,['W'],['W'],None,['Creature'],"['Human', 'Soldier']",Mythic,PRM,1,2,None,"Training (Whenever this creature attacks with another creature with greater power, put a +1/+1 counter on this creature.)\nWhenever Savior of Ollenbock trains, exile up to one other target creature from the battlefield or creature card from a graveyard.\nWhen Savior of Ollenbock leaves the battlefield, put the exiled cards onto the battlefield under their owners' control."
Lorehold Command,5.0,"['R', 'W']","['R', 'W']",None,['Instant'],None,Rare,PRM,None,None,None,"Choose two —\n• Create a 3/2 red and white Spirit creature token.\n• Creatures you control get +1/+0 and gain indestructible and haste until end of turn.\n• Lorehold Command deals 3 damage to any target. Target player gains 3 life.\n• Sacrifice a permanent, then draw two cards."
Hallowed Haunting,4.0,['W'],['W'],None,['Enchantment'],None,Mythic,PRM,None,None,None,"As long as you control seven or more enchantments, creatures you control have flying and vigilance.\nWhenever you cast an enchantment spell, create a white Spirit Cleric creature token with ""This creature's power and toughness are each equal to the number of Spirits you control."""
Wake the Past,7.0,"['R', 'W']","['R', 'W']",None,['Sorcery'],None,Rare,PRM,None,None,None,Return all artifact cards from your graveyard to the battlefield. They gain haste until end of turn.
Faithbound Judge // Sinner's Judgment,3.0,['W'],['W'],None,['Creature'],"['Spirit', 'Soldier']",Mythic,PRM,4,4,None,"Defender, flying, vigilance\nAt the beginning of your upkeep, if Faithbound Judge has two or fewer judgment counters on it, put a judgment counter on it.\nAs long as Faithbound Judge has three or more judgment counters on it, it can attack as though it didn't have defender.\nDisturb {5}{W}{W}"
Revival Experiment,6.0,"['B', 'G']","['B', 'G']",None,['Sorcery'],None,Rare,PRM,None,None,None,"For each permanent type, return up to one card of that type from your graveyard to the battlefield. You lose 3 life for each card returned this way. Exile Revival Experiment."
Oversimplify,5.0,"['G', 'U']","['G', 'U']",None,['Sorcery'],None,Rare,PRM,None,None,None,Exile all creatures. Each player creates a 0/0 green and blue Fractal creature token and puts a number of +1/+1 counters on it equal to the total power of creatures they controlled that were exiled this way.
Patchwork Crawler,2.0,['U'],['U'],None,['Creature'],"['Zombie', 'Horror']",Rare,PRM,1,2,None,{2}{U}: Exile target creature card from your graveyard and put a +1/+1 counter on Patchwork Crawler.\nPatchwork Crawler has all activated abilities of all creature cards exiled with it.
Selfless Glyphweaver // Deadly Vanity,3.0,['W'],"['B', 'W']",None,['Creature'],"['Human', 'Cleric']",Rare,PRM,2,3,None,Exile Selfless Glyphweaver: Creatures you control gain indestructible until end of turn.
Dreamshackle Geist,3.0,['U'],['U'],None,['Creature'],['Spirit'],Rare,PRM,3,1,None,"Flying\nAt the beginning of combat on your turn, choose up to one —\n• Tap target creature.\n• Target creature doesn't untap during its controller's next untap step."
Breath of the Sleepless,4.0,['U'],['U'],None,['Enchantment'],None,Rare,PRM,None,None,None,"You may cast Spirit spells as though they had flash.\nWhenever you cast a creature spell during an opponent's turn, tap up to one target creature."
"Shaile, Dean of Radiance // Embrose, Dean of Shadow",2.0,['W'],"['B', 'W']",['Legendary'],['Creature'],"['Bird', 'Cleric']",Rare,PRM,1,1,None,"Flying, vigilance\n{T}: Put a +1/+1 counter on each creature that entered the battlefield under your control this turn."
Overcharged Amalgam,4.0,['U'],['U'],None,['Creature'],"['Zombie', 'Horror']",Rare,PRM,3,3,None,"Flash\nFlying\nExploit (When this creature enters the battlefield, you may sacrifice a creature.)\nWhen Overcharged Amalgam exploits a creature, counter target spell, activated ability, or triggered ability."
Ethereal Investigator,4.0,['U'],['U'],None,['Creature'],['Spirit'],Rare,PRM,2,3,None,"Flying\nWhen Ethereal Investigator enters the battlefield, investigate X times, where X is the number of opponents you have. (To investigate, create a Clue token. It's an artifact with ""{2}, Sacrifice this artifact: Draw a card."")\nWhenever you draw your second card each turn, create a 1/1 white Spirit creature token with flying."
Pestilent Cauldron // Restorative Burst,3.0,['B'],"['B', 'G']",None,['Artifact'],None,Rare,PRM,None,None,None,"{T}, Discard a card: Create a 1/1 black and green Pest creature token with ""When this creature dies, you gain 1 life.""\n{1}, {T}: Each opponent mills cards equal to the amount of life you gained this turn.\n{4}, {T}: Exile four target cards from a single graveyard. Draw a card."
Hullbreaker Horror,7.0,['U'],['U'],None,['Creature'],"['Kraken', 'Horror']",Rare,PRM,7,8,None,"Flash\nThis spell can't be countered.\nWhenever you cast a spell, choose up to one —\n• Return target spell you don't control to its owner's hand.\n• Return target nonland permanent to its owner's hand."
Augmenter Pugilist // Echoing Equation,3.0,['G'],"['G', 'U']",None,['Creature'],"['Troll', 'Druid']",Rare,PRM,3,3,None,"Trample\nAs long as you control eight or more lands, Augmenter Pugilist gets +5/+5."
Consuming Tide,4.0,['U'],['U'],None,['Sorcery'],None,Rare,PRM,None,None,None,Each player chooses a nonland permanent they control. Return all nonland permanents not chosen this way to their owners' hands. Then you draw a card for each opponent who has more cards in their hand than you.
Imperious Mindbreaker,3.0,['U'],['U'],None,['Creature'],"['Human', 'Wizard']",Rare,PRM,1,4,None,"Soulbond (You may pair this creature with another unpaired creature when either enters the battlefield. They remain paired for as long as you control both of them.)\nAs long as Imperious Mindbreaker is paired with another creature, each of those creatures has ""Whenever this creature attacks, each opponent mills cards equal to its toughness."""
"Kianne, Dean of Substance // Imbraham, Dean of Theory",3.0,['G'],"['G', 'U']",['Legendary'],['Creature'],"['Elf', 'Druid']",Rare,PRM,2,2,None,"{T}: Exile the top card of your library. If it's a land card, put it into your hand. Otherwise, put a study counter on it.\n{4}{G}: Create a 0/0 green and blue Fractal creature token. Put a +1/+1 counter on it for each different mana value among nonland cards you own in exile with study counters on them."
Inspired Idea,3.0,['U'],['U'],None,['Sorcery'],None,Rare,PRM,None,None,None,"Cleave {3}{U}{U} (You may cast this spell for its cleave cost. If you do, remove the words in square brackets.)\nDraw three cards. [Your maximum hand size is reduced by three for the rest of the game.]"
Winged Portent,3.0,['U'],"['G', 'U']",None,['Instant'],None,Rare,PRM,None,None,None,"Cleave {4}{G}{U} (You may cast this spell for its cleave cost. If you do, remove the words in square brackets.)\nDraw a card for each creature [with flying] you control."
"Timin, Youthful Geist",5.0,['U'],['U'],['Legendary'],['Creature'],['Spirit'],Rare,PRM,3,4,None,"Partner with Rhoda, Geist Avenger (When this creature enters the battlefield, target player may put Rhoda into their hand from their library, then shuffle.)\nFlying\nAt the beginning of each combat, tap up to one target creature."
Mirrorhall Mimic // Ghastly Mimicry,4.0,['U'],['U'],None,['Creature'],['Spirit'],Rare,PRM,0,0,None,"You may have Mirrorhall Mimic enter the battlefield as a copy of any creature on the battlefield, except it's a Spirit in addition to its other types.\nDisturb {3}{U}{U} (You may cast this card from your graveyard transformed for its disturb cost.)"
Torrent Sculptor // Flamethrower Sonata,4.0,['U'],"['R', 'U']",None,['Creature'],"['Merfolk', 'Wizard']",Rare,PRM,2,2,None,"Ward {2} (Whenever this creature becomes the target of a spell or ability an opponent controls, counter it unless that player pays {2}.)\nWhen Torrent Sculptor enters the battlefield, exile an instant or sorcery card from your graveyard. Put a number of +1/+1 counters on Torrent Sculptor equal to half that card's mana value, rounded up."
Cemetery Illuminator,3.0,['U'],['U'],None,['Creature'],['Spirit'],Mythic,PRM,2,3,None,"Flying\nWhenever Cemetery Illuminator enters the battlefield or attacks, exile a card from a graveyard.\nYou may look at the top card of your library any time.\nOnce each turn, you may cast a spell from the top of your library if it shares a card type with a card exiled with Cemetery Illuminator."
"Uvilda, Dean of Perfection // Nassari, Dean of Expression",3.0,['U'],"['R', 'U']",['Legendary'],['Creature'],"['Djinn', 'Wizard']",Rare,PRM,2,2,None,"{T}: You may exile an instant or sorcery card from your hand and put three hone counters on it. It gains ""At the beginning of your upkeep, if this card is exiled, remove a hone counter from it"" and ""When the last hone counter is removed from this card, if it's exiled, you may cast it. It costs {4} less to cast this way."""
Necroduality,4.0,['U'],['U'],None,['Enchantment'],None,Mythic,PRM,None,None,None,"Whenever a nontoken Zombie enters the battlefield under your control, create a token that's a copy of that creature."
Fell Stinger,3.0,['B'],['B'],None,['Creature'],"['Zombie', 'Scorpion']",Uncommon,PRM,3,2,None,"Deathtouch\nExploit (When this creature enters the battlefield, you may sacrifice a creature.)\nWhen Fell Stinger exploits a creature, target player draws two cards and loses 2 life."
Flamescroll Celebrant // Revel in Silence,2.0,['R'],"['R', 'W']",None,['Creature'],"['Human', 'Shaman']",Rare,PRM,2,1,None,"Whenever an opponent activates an ability that isn't a mana ability, Flamescroll Celebrant deals 1 damage to that player.\n{1}{R}: Flamescroll Celebrant gets +2/+0 until end of turn."
Headless Rider,3.0,['B'],['B'],None,['Creature'],['Zombie'],Rare,PRM,3,1,None,"Whenever Headless Rider or another nontoken Zombie you control dies, create a 2/2 black Zombie creature token."
"Plargg, Dean of Chaos // Augusta, Dean of Order",2.0,['R'],"['R', 'W']",['Legendary'],['Creature'],"['Orc', 'Shaman']",Rare,PRM,2,2,None,"{T}, Discard a card: Draw a card.\n{4}{R}, {T}: Reveal cards from the top of your library until you reveal a nonlegendary, nonland card with mana value 3 or less. You may cast that card without paying its mana cost. Put all revealed cards not cast this way on the bottom of your library in a random order."
Predators' Hour,2.0,['B'],['B'],None,['Sorcery'],None,Rare,PRM,None,None,None,"Until end of turn, creatures you control gain menace and ""Whenever this creature deals combat damage to a player, exile the top card of that player's library face down. You may look at and play that card for as long as it remains exiled, and you may spend mana as though it were mana of any color to cast that spell."""
"Breena, the Demagogue",3.0,"['B', 'W']","['B', 'W']",['Legendary'],['Creature'],"['Bird', 'Warlock']",Mythic,PRM,1,3,None,"Flying\nWhenever a player attacks one of your opponents, if that opponent has more life than another of your opponents, that attacking player draws a card and you put two +1/+1 counters on a creature you control."
Graf Reaver,2.0,['B'],['B'],None,['Creature'],"['Zombie', 'Warrior']",Rare,PRM,3,3,None,"Exploit (When this creature enters the battlefield, you may sacrifice a creature.)\nWhen Graf Reaver exploits a creature, destroy target planeswalker.\nAt the beginning of your upkeep, Graf Reaver deals 1 damage to you."
Crossway Troublemakers,6.0,['B'],['B'],None,['Creature'],['Vampire'],Rare,PRM,5,5,None,"Attacking Vampires you control have deathtouch and lifelink.\nWhenever a Vampire you control dies, you may pay 2 life. If you do, draw a card."
Dreadfeast Demon,7.0,['B'],['B'],None,['Creature'],['Demon'],Rare,PRM,6,6,None,"Flying\nAt the beginning of your end step, sacrifice a non-Demon creature. If you do, create a token that's a copy of Dreadfeast Demon."
"Valentin, Dean of the Vein // Lisette, Dean of the Root",1.0,['B'],"['B', 'G']",['Legendary'],['Creature'],"['Vampire', 'Warlock']",Rare,PRM,1,1,None,"Menace, lifelink\nIf a nontoken creature an opponent controls would die, exile it instead. When you do, you may pay {2}. If you do, create a 1/1 black and green Pest creature token with ""When this creature dies, you gain 1 life."""
Shadowgrange Archfiend,7.0,['B'],['B'],None,['Creature'],['Demon'],Rare,PRM,8,4,None,"When Shadowgrange Archfiend enters the battlefield, each opponent sacrifices a creature with the greatest power among creatures they control. You gain life equal to the greatest power among creatures sacrificed this way.\nMadness—{2}{B}, Pay 8 life. (If you discard this card, discard it into exile. When you do, cast it for its madness cost or put it into your graveyard.)"
Blot Out the Sky,2.0,"['B', 'W']","['B', 'W']",None,['Sorcery'],None,Mythic,PRM,None,None,None,"Create X tapped 2/1 white and black Inkling creature tokens with flying. If X is 6 or more, destroy all noncreature, nonland permanents."
Dying to Serve,3.0,['B'],['B'],None,['Enchantment'],None,Rare,PRM,None,None,None,"Whenever you discard one or more cards, create a tapped 2/2 black Zombie creature token. This ability triggers only once each turn."
"Felisa, Fang of Silverquill",4.0,"['B', 'W']","['B', 'W']",['Legendary'],['Creature'],"['Vampire', 'Wizard']",Mythic,PRM,3,2,None,"Flying\nMentor (Whenever this creature attacks, put a +1/+1 counter on target attacking creature with lesser power.)\nWhenever a nontoken creature you control dies, if it had counters on it, create X tapped 2/1 white and black Inkling creature tokens with flying, where X is the number of counters it had on it."
Doom Weaver,6.0,['B'],['B'],None,['Creature'],"['Spider', 'Horror']",Rare,PRM,1,8,None,"Reach\nSoulbond (You may pair this creature with another unpaired creature when either enters the battlefield. They remain paired for as long as you control both of them.)\nAs long as Doom Weaver is paired with another creature, each of those creatures has ""When this creature dies, draw cards equal to its power."""
Harness Infinity,7.0,"['B', 'G']","['B', 'G']",None,['Instant'],None,Mythic,PRM,None,None,None,Exchange your hand and graveyard.\nExile Harness Infinity.
Path of Peril,3.0,['B'],"['B', 'W']",None,['Sorcery'],None,Rare,PRM,None,None,None,"Cleave {4}{W}{B} (You may cast this spell for its cleave cost. If you do, remove the words in square brackets.)\nDestroy all creatures [with mana value 2 or less]."
"Kasmina, Enigma Sage",3.0,"['G', 'U']","['G', 'U']",['Legendary'],['Planeswalker'],['Kasmina'],Mythic,PRM,None,None,2,"Each other planeswalker you control has the loyalty abilities of Kasmina, Enigma Sage.\n[+2]: Scry 1.\n[−X]: Create a 0/0 green and blue Fractal creature token. Put X +1/+1 counters on it.\n[−8]: Search your library for an instant or sorcery card that shares a color with this planeswalker, exile that card, then shuffle. You may cast that card without paying its mana cost."
Demonic Bargain,3.0,['B'],['B'],None,['Sorcery'],None,Rare,PRM,None,None,None,"Exile the top thirteen cards of your library, then search your library for a card. Put that card into your hand, then shuffle."
Body of Research,6.0,"['G', 'U']","['G', 'U']",None,['Sorcery'],None,Mythic,PRM,None,None,None,"Create a 0/0 green and blue Fractal creature token. Put X +1/+1 counters on it, where X is the number of cards in your library."
"Kamber, the Plunderer",4.0,['B'],['B'],['Legendary'],['Creature'],"['Vampire', 'Rogue']",Rare,PRM,3,4,None,"Partner with Laurine, the Diversion (When this creature enters the battlefield, target player may put Laurine into their hand from their library, then shuffle.)\nLifelink\nWhenever a creature an opponent controls dies, you gain 1 life and create a Blood token. (It's an artifact with ""{1}, {T}, Discard a card, Sacrifice this artifact: Draw a card."")"
Magma Opus,8.0,"['R', 'U']","['R', 'U']",None,['Instant'],None,Mythic,PRM,None,None,None,"Magma Opus deals 4 damage divided as you choose among any number of targets. Tap two target permanents. Create a 4/4 blue and red Elemental creature token. Draw two cards.\n{U/R}{U/R}, Discard Magma Opus: Create a Treasure token."
Concealing Curtains // Revealing Eye,1.0,['B'],['B'],None,['Creature'],['Wall'],Rare,PRM,0,4,None,Defender\n{2}{B}: Transform Concealing Curtains. Activate only as a sorcery.
Hofri Ghostforge,5.0,"['R', 'W']","['R', 'W']",['Legendary'],['Creature'],"['Dwarf', 'Cleric']",Mythic,PRM,4,5,None,"Spirits you control get +1/+1 and have trample and haste.\nWhenever another nontoken creature you control dies, exile it. If you do, create a token that's a copy of that creature, except it's a Spirit in addition to its other types and it has ""When this creature leaves the battlefield, return the exiled card to its owner's graveyard."""
"Zaffai, Thunder Conductor",4.0,"['R', 'U']","['R', 'U']",['Legendary'],['Creature'],"['Human', 'Shaman']",Mythic,PRM,1,4,None,"Magecraft — Whenever you cast or copy an instant or sorcery spell, scry 1. If that spell's mana value is 5 or greater, create a 4/4 blue and red Elemental creature token. If that spell's mana value is 10 or greater, Zaffai, Thunder Conductor deals 10 damage to an opponent chosen at random."
Sorin the Mirthless,4.0,['B'],['B'],['Legendary'],['Planeswalker'],['Sorin'],Mythic,PRM,None,None,4,"[+1]: Look at the top card of your library. You may reveal that card and put it into your hand. If you do, you lose life equal to its mana value.\n[−2]: Create a 2/3 black Vampire creature token with flying and lifelink.\n[−7]: Sorin the Mirthless deals 13 damage to any target. You gain 13 life."
"Veyran, Voice of Duality",3.0,"['R', 'U']","['R', 'U']",['Legendary'],['Creature'],"['Efreet', 'Wizard']",Mythic,PRM,2,2,None,"Magecraft — Whenever you cast or copy an instant or sorcery spell, Veyran, Voice of Duality gets +1/+1 until end of turn.\nIf you casting or copying an instant or sorcery spell causes a triggered ability of a permanent you control to trigger, that ability triggers an additional time."
Cemetery Desecrator,6.0,['B'],['B'],None,['Creature'],['Zombie'],Mythic,PRM,4,4,None,"Menace\nWhen Cemetery Desecrator enters the battlefield or dies, exile another card from a graveyard. When you do, choose one —\n• Remove X counters from target permanent, where X is the mana value of the exiled card.\n• Target creature an opponent controls gets -X/-X until end of turn, where X is the mana value of the exiled card."
"Osgir, the Reconstructor",4.0,"['R', 'W']","['R', 'W']",['Legendary'],['Creature'],"['Giant', 'Artificer']",Mythic,PRM,4,4,None,"Vigilance\n{1}, Sacrifice an artifact: Target creature you control gets +2/+0 until end of turn.\n{X}, {T}, Exile an artifact card with mana value X from your graveyard: Create two tokens that are copies of the exiled card. Activate only as a sorcery."
Kessig Wolfrider,1.0,['R'],['R'],None,['Creature'],"['Human', 'Knight']",Rare,PRM,1,2,None,"Menace\n{2}{R}, {T}, Exile three cards from your graveyard: Create a 3/2 red Wolf creature token."
"Alibou, Ancient Witness",5.0,"['R', 'W']","['R', 'W']",['Legendary'],"['Artifact', 'Creature']",['Golem'],Mythic,PRM,4,5,None,"Other artifact creatures you control have haste.\nWhenever one or more artifact creatures you control attack, Alibou, Ancient Witness deals X damage to any target and you scry X, where X is the number of tapped artifacts you control."
Scion of Opulence,3.0,['R'],['R'],None,['Creature'],"['Vampire', 'Noble']",Rare,PRM,3,1,None,"Whenever Scion of Opulence or another nontoken Vampire you control dies, create a Treasure token. (It's an artifact with ""{T}, Sacrifice this artifact: Add one mana of any color."")\n{R}, Sacrifice two artifacts: Exile the top card of your library. You may play that card this turn."
"Willowdusk, Essence Seer",3.0,"['B', 'G']","['B', 'G']",['Legendary'],['Creature'],"['Dryad', 'Druid']",Mythic,PRM,3,3,None,"{1}, {T}: Choose another target creature. Put a number of +1/+1 counters on it equal to the amount of life you gained this turn or the amount of life you lost this turn, whichever is greater. Activate only as a sorcery."
Creepy Puppeteer,4.0,['R'],['R'],None,['Creature'],"['Human', 'Rogue']",Rare,PRM,4,3,None,"Haste\nWhenever Creepy Puppeteer attacks, if you attacked with exactly one other creature this combat, you may have that creature's base power and toughness become 4/3 until end of turn."
"Gyome, Master Chef",4.0,"['B', 'G']","['B', 'G']",['Legendary'],['Creature'],"['Troll', 'Warlock']",Mythic,PRM,5,3,None,"Trample\nAt the beginning of your end step, create a number of Food tokens equal to the number of nontoken creatures you had enter the battlefield under your control this turn.\n{1}, Sacrifice a Food: Target creature gains indestructible until end of turn. Tap it."
Arterial Alchemy,3.0,['R'],['R'],None,['Enchantment'],None,Rare,PRM,None,None,None,"When Arterial Alchemy enters the battlefield, create a Blood token for each opponent you have. (It's an artifact with ""{1}, {T}, Discard a card, Sacrifice this artifact: Draw a card."")\nBlood tokens you control are Equipment in addition to their other types and have ""Equipped creature gets +2/+0"" and equip {2}."
"Adrix and Nev, Twincasters",4.0,"['G', 'U']","['G', 'U']",['Legendary'],['Creature'],"['Merfolk', 'Wizard']",Mythic,PRM,2,2,None,"Ward {2} (Whenever this creature becomes the target of a spell or ability an opponent controls, counter it unless that player pays {2}.)\nIf one or more tokens would be created under your control, twice that many of those tokens are created instead."
Markov Enforcer,6.0,['R'],['R'],None,['Creature'],"['Vampire', 'Soldier']",Rare,PRM,6,6,None,"Whenever Markov Enforcer or another Vampire enters the battlefield under your control, Markov Enforcer fights up to one target creature an opponent controls.\nWhenever a creature dealt damage by Markov Enforcer this turn dies, create a Blood token. (It's an artifact with ""{1}, {T}, Discard a card, Sacrifice this artifact: Draw a card."")"
"Extus, Oriq Overlord // Awaken the Blood Avatar",4.0,"['B', 'W']","['B', 'R', 'W']",['Legendary'],['Creature'],"['Human', 'Warlock']",Mythic,PRM,2,4,None,"Double strike\nMagecraft — Whenever you cast or copy an instant or sorcery spell, return target nonlegendary creature card from your graveyard to your hand."
Alchemist's Gambit,3.0,['R'],"['R', 'U']",None,['Sorcery'],None,Rare,PRM,None,None,None,"Cleave {4}{U}{U}{R} (You may cast this spell for its cleave cost. If you do, remove the words in square brackets.)\nTake an extra turn after this one. During that turn, damage can't be prevented. [At the beginning of that turn's end step, you lose the game.]\nExile Alchemist's Gambit."
Curse of Hospitality,3.0,['R'],['R'],None,['Enchantment'],"['Aura', 'Curse']",Rare,PRM,None,None,None,"Enchant player\nCreatures attacking enchanted player have trample.\nWhenever a creature deals combat damage to enchanted player, that player exiles the top card of their library. Until end of turn, that creature's controller may play that card and they may spend mana as though it were mana of any color to cast that spell."
"Esix, Fractal Bloom",6.0,"['G', 'U']","['G', 'U']",['Legendary'],['Creature'],['Fractal'],Mythic,PRM,4,4,None,"Flying\nThe first time you would create one or more tokens during each of your turns, you may instead choose a creature other than Esix, Fractal Bloom and create that many tokens that are copies of that creature."
Change of Fortune,4.0,['R'],['R'],None,['Sorcery'],None,Rare,PRM,None,None,None,"Discard your hand, then draw a card for each card you've discarded this turn."
"Blex, Vexing Pest // Search for Blex",3.0,['G'],"['B', 'G']",['Legendary'],['Creature'],['Pest'],Mythic,PRM,3,2,None,"Other Pests, Bats, Insects, Snakes, and Spiders you control get +1/+1.\nWhen Blex, Vexing Pest dies, you gain 4 life."
Stensia Uprising,4.0,['R'],['R'],None,['Enchantment'],None,Rare,PRM,None,None,None,"At the beginning of your end step, create a 1/1 red Human creature token. Then if you control exactly thirteen permanents, you may sacrifice Stensia Uprising. When you do, it deals 7 damage to any target."
Ill-Tempered Loner // Howlpack Avenger,4.0,['R'],['R'],None,['Creature'],"['Human', 'Werewolf']",Rare,PRM,3,3,None,"Whenever Ill-Tempered Loner is dealt damage, it deals that much damage to any target.\n{1}{R}: Ill-Tempered Loner gets +2/+0 until end of turn.\nDaybound (If a player casts no spells during their own turn, it becomes night next turn.)"
"Jadzi, Oracle of Arcavios // Journey to the Oracle",8.0,['U'],"['G', 'U']",['Legendary'],['Creature'],"['Human', 'Wizard']",Mythic,PRM,5,5,None,"Discard a card: Return Jadzi, Oracle of Arcavios to its owner's hand.\nMagecraft — Whenever you cast or copy an instant or sorcery spell, reveal the top card of your library. If it's a nonland card, you may cast it by paying {1} rather than paying its mana cost. If it's a land card, put it onto the battlefield."
"Chandra, Dressed to Kill",3.0,['R'],['R'],['Legendary'],['Planeswalker'],['Chandra'],Mythic,PRM,None,None,3,"[+1]: Add {R}. Chandra, Dressed to Kill deals 1 damage to up to one target player or planeswalker.\n[+1]: Exile the top card of your library. If it's red, you may cast it this turn.\n[−7]: Exile the top five cards of your library. You may cast red spells from among them this turn. You get an emblem with ""Whenever you cast a red spell, this emblem deals X damage to any target, where X is the amount of mana spent to cast that spell."""
"Rowan, Scholar of Sparks // Will, Scholar of Frost",3.0,['R'],"['R', 'U']",['Legendary'],['Planeswalker'],['Rowan'],Mythic,PRM,None,None,2,"Instant and sorcery spells you cast cost {1} less to cast.\n[+1]: Rowan, Scholar of Sparks deals 1 damage to each opponent. If you've drawn three or more cards this turn, she deals 3 damage to each opponent instead.\n[−4]: You get an emblem with ""Whenever you cast an instant or sorcery spell, you may pay {2}. If you do, copy that spell. You may choose new targets for the copy."""
Manaform Hellkite,4.0,['R'],['R'],None,['Creature'],['Dragon'],Mythic,PRM,4,4,None,"Flying\nWhenever you cast a noncreature spell, create an X/X red Dragon Illusion creature token with flying and haste, where X is the amount of mana spent to cast that spell. Exile that token at the beginning of the next end step."
Volatile Arsonist // Dire-Strain Anarchist,5.0,['R'],['R'],None,['Creature'],"['Human', 'Werewolf']",Mythic,PRM,4,4,None,"Menace, haste\nWhenever Volatile Arsonist attacks, it deals 1 damage to each of up to one target creature, up to one target player, and/or up to one target planeswalker.\nDaybound (If a player casts no spells during their own turn, it becomes night next turn.)"
"Mila, Crafty Companion // Lukka, Wayward Bonder",3.0,['W'],"['R', 'W']",['Legendary'],['Creature'],['Fox'],Mythic,PRM,2,3,None,"Whenever an opponent attacks one or more planeswalkers you control, put a loyalty counter on each planeswalker you control.\nWhenever a permanent you control becomes the target of a spell or ability an opponent controls, you may draw a card."
Ascendant Packleader,1.0,['G'],['G'],None,['Creature'],['Wolf'],Rare,PRM,2,1,None,"Ascendant Packleader enters the battlefield with a +1/+1 counter on it if you control a permanent with mana value 4 or greater.\nWhenever you cast a spell with mana value 4 or greater, put a +1/+1 counter on Ascendant Packleader."
Shadrix Silverquill,5.0,"['B', 'W']","['B', 'W']",['Legendary'],['Creature'],"['Elder', 'Dragon']",Mythic,PRM,2,5,None,"Flying, double strike\nAt the beginning of combat on your turn, you may choose two. Each mode must target a different player.\n• Target player creates a 2/1 white and black Inkling creature token with flying.\n• Target player draws a card and loses 1 life.\n• Target player puts a +1/+1 counter on each creature they control."
Hamlet Vanguard,3.0,['G'],['G'],None,['Creature'],"['Human', 'Warrior']",Rare,PRM,1,1,None,"Ward {2} (Whenever this creature becomes the target of a spell or ability an opponent controls, counter it unless that player pays {2}.)\nHamlet Vanguard enters the battlefield with two +1/+1 counters on it for each other nontoken Human you control."
Beledros Witherbloom,7.0,"['B', 'G']","['B', 'G']",['Legendary'],['Creature'],"['Elder', 'Dragon']",Mythic,PRM,4,4,None,"Flying\nAt the beginning of each upkeep, create a 1/1 black and green Pest creature token with ""When this creature dies, you gain 1 life.""\nPay 10 life: Untap all lands you control. Activate only once each turn."
Hiveheart Shaman,4.0,['G'],['G'],None,['Creature'],"['Human', 'Shaman']",Rare,PRM,3,5,None,"Whenever Hiveheart Shaman attacks, you may search your library for a basic land card that doesn't share a land type with a land you control, put that card onto the battlefield, then shuffle.\n{5}{G}: Create a 1/1 green Insect creature token. Put X +1/+1 counters on it, where X is the number of basic land types among lands you control. Activate only as a sorcery."
Tanazir Quandrix,5.0,"['G', 'U']","['G', 'U']",['Legendary'],['Creature'],"['Elder', 'Dragon']",Mythic,PRM,4,4,None,"Flying, trample\nWhen Tanazir Quandrix enters the battlefield, double the number of +1/+1 counters on target creature you control.\nWhenever Tanazir Quandrix attacks, you may have the base power and toughness of other creatures you control become equal to Tanazir Quandrix's power and toughness until end of turn."
Glorious Sunrise,5.0,['G'],['G'],None,['Enchantment'],None,Rare,PRM,None,None,None,"At the beginning of combat on your turn, choose one —\n• Creatures you control get +1/+1 and gain trample until end of turn.\n• Target land gains ""{T}: Add {G}{G}{G}"" until end of turn.\n• Draw a card if you control a creature with power 3 or greater.\n• You gain 3 life."
Galazeth Prismari,4.0,"['R', 'U']","['R', 'U']",['Legendary'],['Creature'],"['Elder', 'Dragon']",Mythic,PRM,3,4,None,"Flying\nWhen Galazeth Prismari enters the battlefield, create a Treasure token.\nArtifacts you control have ""{T}: Add one mana of any color. Spend this mana only to cast an instant or sorcery spell."""
Splendid Reclamation,4.0,['G'],['G'],None,['Sorcery'],None,Rare,PRM,None,None,None,Return all land cards from your graveyard to the battlefield tapped.
Velomachus Lorehold,7.0,"['R', 'W']","['R', 'W']",['Legendary'],['Creature'],"['Elder', 'Dragon']",Mythic,PRM,5,5,None,"Flying, vigilance, haste\nWhenever Velomachus Lorehold attacks, look at the top seven cards of your library. You may cast an instant or sorcery spell with mana value less than or equal to Velomachus Lorehold's power from among them without paying its mana cost. Put the rest on the bottom of your library in a random order."
Dig Up,1.0,['G'],"['B', 'G']",None,['Sorcery'],None,Rare,PRM,None,None,None,"Cleave {1}{B}{B}{G} (You may cast this spell for its cleave cost. If you do, remove the words in square brackets.)\nSearch your library for a [basic land] card, [reveal it,] put it into your hand, then shuffle."
Strixhaven Stadium,3.0,None,None,None,['Artifact'],None,Rare,PRM,None,None,None,"{T}: Add {C}. Put a point counter on Strixhaven Stadium.\nWhenever a creature deals combat damage to you, remove a point counter from Strixhaven Stadium.\nWhenever a creature you control deals combat damage to an opponent, put a point counter on Strixhaven Stadium. Then if it has ten or more point counters on it, remove them all and that player loses the game."
Thundering Mightmare,5.0,['G'],['G'],None,['Creature'],"['Horse', 'Spirit']",Rare,PRM,3,3,None,"Soulbond (You may pair this creature with another unpaired creature when either enters the battlefield. They remain paired for as long as you control both of them.)\nAs long as Thundering Mightmare is paired with another creature, each of those creatures has ""Whenever an opponent casts a spell, put a +1/+1 counter on this creature."""
Tempting Contract,4.0,None,None,None,['Artifact'],None,Rare,PRM,None,None,None,"At the beginning of your upkeep, each opponent may create a Treasure token. For each opponent who does, you create a Treasure token."
Howling Moon,3.0,['G'],['G'],None,['Enchantment'],None,Rare,PRM,None,None,None,"At the beginning of combat on your turn, target Wolf or Werewolf you control gets +2/+2 until end of turn.\nWhenever an opponent casts their second spell each turn, create a 2/2 green Wolf creature token."
"Codie, Vociferous Codex",3.0,None,"['B', 'G', 'R', 'U', 'W']",['Legendary'],"['Artifact', 'Creature']",['Construct'],Rare,PRM,1,4,None,"You can't cast permanent spells.\n{4}, {T}: Add {W}{U}{B}{R}{G}. When you next cast a spell this turn, exile cards from the top of your library until you exile an instant or sorcery card with lesser mana value. Until end of turn, you may cast that card without paying its mana cost. Put each other card exiled this way on the bottom of your library in a random order."
Ulvenwald Oddity // Ulvenwald Behemoth,4.0,['G'],['G'],None,['Creature'],['Beast'],Rare,PRM,4,4,None,"Trample, haste\n{5}{G}{G}: Transform Ulvenwald Oddity."
Elementalist's Palette,3.0,None,None,None,['Artifact'],None,Rare,PRM,None,None,None,"Whenever you cast a spell with {X} in its mana cost, put two charge counters on Elementalist's Palette.\n{T}: Add one mana of any color.\n{T}: Add {C} for each charge counter on Elementalist's Palette. Spend this mana only on costs that contain {X}."
Triplicate Titan,9.0,None,None,None,"['Artifact', 'Creature']",['Golem'],Rare,PRM,9,9,None,"Flying, vigilance, trample\nWhen Triplicate Titan dies, create a 3/3 colorless Golem artifact creature token with flying, a 3/3 colorless Golem artifact creature token with vigilance, and a 3/3 colorless Golem artifact creature token with trample."
Howlpack Piper // Wildsong Howler,4.0,['G'],['G'],None,['Creature'],"['Human', 'Werewolf']",Rare,PRM,2,2,None,"This spell can't be countered.\n{1}{G}, {T}: You may put a creature card from your hand onto the battlefield. If it's a Wolf or Werewolf, untap Howlpack Piper. Activate only as a sorcery.\nDaybound (If a player casts no spells during their own turn, it becomes night next turn.)"
Geometric Nexus,2.0,None,None,None,['Artifact'],None,Rare,PRM,None,None,None,"Whenever a player casts an instant or sorcery spell, put a number of charge counters on Geometric Nexus equal to that spell's mana value.\n{6}, {T}, Remove all charge counters from Geometric Nexus: Create a 0/0 green and blue Fractal creature token. Put X +1/+1 counters on it, where X is the number of charge counters removed this way."
Wandering Archaic // Explore the Vastlands,5.0,None,None,None,['Creature'],['Avatar'],Rare,PRM,4,4,None,"Whenever an opponent casts an instant or sorcery spell, they may pay {2}. If they don't, you may copy that spell. You may choose new targets for the copy."
Cemetery Prowler,3.0,['G'],['G'],None,['Creature'],['Wolf'],Mythic,PRM,3,4,None,"Vigilance\nWhenever Cemetery Prowler enters the battlefield or attacks, exile a card from a graveyard.\nSpells you cast cost {1} less to cast for each card type they share with cards exiled with Cemetery Prowler."
Cultivator Colossus,7.0,['G'],['G'],None,['Creature'],"['Plant', 'Beast']",Mythic,PRM,*,*,None,"Trample\nCultivator Colossus's power and toughness are each equal to the number of lands you control.\nWhen Cultivator Colossus enters the battlefield, you may put a land card from your hand onto the battlefield tapped. If you do, draw a card and repeat this process."
Mascot Exhibition,7.0,None,None,None,['Sorcery'],['Lesson'],Mythic,PRM,None,None,None,"Create a 2/1 white and black Inkling creature token with flying, a 3/2 red and white Spirit creature token, and a 4/4 blue and red Elemental creature token."
Avabruck Caretaker // Hollowhenge Huntmaster,6.0,['G'],['G'],None,['Creature'],"['Human', 'Werewolf']",Mythic,PRM,4,4,None,"Hexproof\nAt the beginning of combat on your turn, put two +1/+1 counters on another target creature you control.\nDaybound (If a player casts no spells during their own turn, it becomes night next turn.)"
Shineshadow Snarl,0.0,None,"['B', 'W']",None,['Land'],None,Rare,PRM,None,None,None,"As Shineshadow Snarl enters the battlefield, you may reveal a Plains or Swamp card from your hand. If you don't, Shineshadow Snarl enters the battlefield tapped.\n{T}: Add {W} or {B}."
Frostboil Snarl,0.0,None,"['R', 'U']",None,['Land'],None,Rare,PRM,None,None,None,"As Frostboil Snarl enters the battlefield, you may reveal an Island or Mountain card from your hand. If you don't, Frostboil Snarl enters the battlefield tapped.\n{T}: Add {U} or {R}."
"Millicent, Restless Revenant",7.0,"['U', 'W']","['U', 'W']",['Legendary'],['Creature'],"['Spirit', 'Soldier']",Mythic,PRM,4,4,None,"This spell costs {1} less to cast for each Spirit you control.\nFlying\nWhenever Millicent, Restless Revenant or another nontoken Spirit you control dies or deals combat damage to a player, create a 1/1 white Spirit creature token with flying."
Necroblossom Snarl,0.0,None,"['B', 'G']",None,['Land'],None,Rare,PRM,None,None,None,"As Necroblossom Snarl enters the battlefield, you may reveal a Swamp or Forest card from your hand. If you don't, Necroblossom Snarl enters the battlefield tapped.\n{T}: Add {B} or {G}."
"Kaya, Geist Hunter",3.0,"['B', 'W']","['B', 'W']",['Legendary'],['Planeswalker'],['Kaya'],Mythic,PRM,None,None,3,"[+1]: Creatures you control gain deathtouch until end of turn. Put a +1/+1 counter on up to one target creature token you control.\n[−2]: Until end of turn, if one or more tokens would be created under your control, twice that many of those tokens are created instead.\n[−6]: Exile all cards from all graveyards, then create a 1/1 white Spirit creature token with flying for each card exiled this way."
Furycalm Snarl,0.0,None,"['R', 'W']",None,['Land'],None,Rare,PRM,None,None,None,"As Furycalm Snarl enters the battlefield, you may reveal a Mountain or Plains card from your hand. If you don't, Furycalm Snarl enters the battlefield tapped.\n{T}: Add {R} or {W}."
Investigator's Journal,2.0,None,None,None,['Artifact'],['Clue'],Rare,PRM,None,None,None,"Investigator's Journal enters the battlefield with a number of suspect counters on it equal to the greatest number of creatures a player controls.\n{2}, {T}, Remove a suspect counter from Investigator's Journal: Draw a card.\n{2}, Sacrifice Investigator's Journal: Draw a card."
Vineglimmer Snarl,0.0,None,"['G', 'U']",None,['Land'],None,Rare,PRM,None,None,None,"As Vineglimmer Snarl enters the battlefield, you may reveal a Forest or Island card from your hand. If you don't, Vineglimmer Snarl enters the battlefield tapped.\n{T}: Add {G} or {U}."
Dollhouse of Horrors,5.0,None,None,None,['Artifact'],None,Rare,PRM,None,None,None,"{1}, {T}, Exile a creature card from your graveyard: Create a token that's a copy of the exiled card, except it's a 0/0 Construct artifact in addition to its other types and it has ""This creature gets +1/+1 for each Construct you control."" It gains haste until end of turn. Activate only as a sorcery."
Hall of Oracles,0.0,None,None,None,['Land'],None,Rare,PRM,None,None,None,"{T}: Add {C}.\n{1}, {T}: Add one mana of any color.\n{T}: Put a +1/+1 counter on target creature. Activate only as a sorcery and only if you've cast an instant or sorcery spell this turn."
Sundown Pass,0.0,None,"['R', 'W']",None,['Land'],None,Rare,PRM,None,None,None,Sundown Pass enters the battlefield tapped unless you control two or more other lands.\n{T}: Add {R} or {W}.
The Biblioplex,0.0,None,None,None,['Land'],None,Rare,PRM,None,None,None,"{T}: Add {C}.\n{2}, {T}: Look at the top card of your library. If it's an instant or sorcery card, you may reveal it and put it into your hand. If you don't put the card into your hand, you may put it into your graveyard. Activate only if you have exactly zero or seven cards in hand."
Dreamroot Cascade,0.0,None,"['G', 'U']",None,['Land'],None,Rare,PRM,None,None,None,Dreamroot Cascade enters the battlefield tapped unless you control two or more other lands.\n{T}: Add {G} or {U}.
Witch's Clinic,0.0,None,None,None,['Land'],None,Rare,PRM,None,None,None,"{T}: Add {C}.\n{2}, {T}: Target commander gains lifelink until end of turn."
Voldaren Estate,0.0,None,None,None,['Land'],None,Rare,PRM,None,None,None,"{T}: Add {C}.\n{T}, Pay 1 life: Add one mana of any color. Spend this mana only to cast a Vampire spell.\n{5}, {T}: Create a Blood token. This ability costs {1} less to activate for each Vampire you control. (It's an artifact with ""{1}, {T}, Discard a card, Sacrifice this artifact: Draw a card."")"
Solitude,5.0,['W'],['W'],None,['Creature'],"['Elemental', 'Incarnation']",Mythic,PRM,3,2,None,"Flash\nLifelink\nWhen Solitude enters the battlefield, exile up to one other target creature. That creature's controller gains life equal to its power.\nEvoke—Exile a white card from your hand."
Shattered Sanctum,0.0,None,"['B', 'W']",None,['Land'],None,Rare,PRM,None,None,None,Shattered Sanctum enters the battlefield tapped unless you control two or more other lands.\n{T}: Add {W} or {B}.
Ranger-Captain of Eos,3.0,['W'],['W'],None,['Creature'],"['Human', 'Soldier', 'Ranger']",Rare,PRM,3,3,None,"When Ranger-Captain of Eos enters the battlefield, you may search your library for a creature card with mana value 1 or less, reveal it, put it into your hand, then shuffle.\nSacrifice Ranger-Captain of Eos: Your opponents can't cast noncreature spells this turn."
Nurturing Peatland,0.0,None,"['B', 'G']",None,['Land'],None,Mythic,PRM,None,None,None,"{T}, Pay 1 life: Add {B} or {G}.\n{1}, {T}, Sacrifice Nurturing Peatland: Draw a card."
Sanctum Prelate,3.0,['W'],['W'],None,['Creature'],"['Human', 'Cleric']",Mythic,PRM,2,2,None,"As Sanctum Prelate enters the battlefield, choose a number.\nNoncreature spells with mana value equal to the chosen number can't be cast."
Deathcap Glade,0.0,None,"['B', 'G']",None,['Land'],None,Rare,PRM,None,None,None,Deathcap Glade enters the battlefield tapped unless you control two or more other lands.\n{T}: Add {B} or {G}.
Giver of Runes,1.0,['W'],['W'],None,['Creature'],"['Kor', 'Cleric']",Rare,PRM,1,2,None,{T}: Another target creature you control gains protection from colorless or from the color of your choice until end of turn.
Strionic Resonator,2.0,None,None,None,['Artifact'],None,Rare,PRM,None,None,None,"{2}, {T}: Copy target triggered ability you control. You may choose new targets for the copy. (A triggered ability uses the words ""when,"" ""whenever,"" or ""at."")"
"Sisay, Weatherlight Captain",3.0,['W'],"['B', 'G', 'R', 'U', 'W']",['Legendary'],['Creature'],"['Human', 'Soldier']",Rare,PRM,2,2,None,"Sisay, Weatherlight Captain gets +1/+1 for each color among other legendary permanents you control.\n{W}{U}{B}{R}{G}: Search your library for a legendary permanent card with mana value less than Sisay's power, put that card onto the battlefield, then shuffle."
Echo of Eons,6.0,['U'],['U'],None,['Sorcery'],None,Rare,PRM,None,None,None,"Each player shuffles their hand and graveyard into their library, then draws seven cards.\nFlashback {2}{U} (You may cast this card from your graveyard for its flashback cost. Then exile it.)"
Sanctifier en-Vec,2.0,['W'],['W'],None,['Creature'],"['Human', 'Cleric']",Rare,PRM,2,2,None,"Protection from black and from red\nWhen Sanctifier en-Vec enters the battlefield, exile all cards that are black or red from all graveyards.\nIf a black or red permanent, spell, or card not on the battlefield would be put into a graveyard, exile it instead."
Spelltwine,6.0,['U'],['U'],None,['Sorcery'],None,Rare,PRM,None,None,None,Exile target instant or sorcery card from your graveyard and target instant or sorcery card from an opponent's graveyard. Copy those cards. Cast the copies if able without paying their mana costs. Exile Spelltwine.
Timeless Dragon,5.0,['W'],['W'],None,['Creature'],['Dragon'],Rare,PRM,5,5,None,"Flying\nPlainscycling {2} ({2}, Discard this card: Search your library for a Plains card, reveal it, put it into your hand, then shuffle.)\nEternalize {2}{W}{W} ({2}{W}{W}, Exile this card from your graveyard: Create a token that's a copy of it, except it's a 4/4 black Zombie Dragon with no mana cost. Eternalize only as a sorcery.)"
Enter the Infinite,12.0,['U'],['U'],None,['Sorcery'],None,Rare,PRM,None,None,None,"Draw cards equal to the number of cards in your library, then put a card from your hand on top of your library. You have no maximum hand size until your next turn."
Resurgent Belief,0.0,['W'],['W'],None,['Sorcery'],None,Rare,PRM,None,None,None,"Suspend 2—{1}{W} (Rather than cast this card from your hand, pay {1}{W} and exile it with two time counters on it. At the beginning of your upkeep, remove a time counter. When the last is removed, you may cast it without paying its mana cost.)\nReturn all enchantment cards from your graveyard to the battlefield. (Auras with nothing to enchant remain in your graveyard.)"
Blast of Genius,6.0,"['R', 'U']","['R', 'U']",None,['Sorcery'],None,Rare,PRM,None,None,None,"Choose any target. Draw three cards, then discard a card. Blast of Genius deals damage equal to the discarded card's mana value to that permanent or player."
Out of Time,3.0,['W'],['W'],None,['Enchantment'],None,Rare,PRM,None,None,None,"When Out of Time enters the battlefield, untap all creatures, then those creatures phase out until Out of Time leaves the battlefield. Put a time counter on Out of Time for each creature that phased out this way.\nVanishing (At the beginning of your upkeep, remove a time counter from this enchantment. When the last is removed, sacrifice it.)"
Ephemerate,1.0,['W'],['W'],None,['Instant'],None,Rare,PRM,None,None,None,"Exile target creature you control, then return it to the battlefield under its owner's control.\nRebound (If you cast this spell from your hand, exile it as it resolves. At the beginning of your next upkeep, you may cast this card from exile without paying its mana cost.)"
"Light-Paws, Emperor's Voice",2.0,['W'],['W'],['Legendary'],['Creature'],"['Fox', 'Advisor']",Rare,PRM,2,2,None,"Whenever an Aura enters the battlefield under your control, if you cast it, you may search your library for an Aura card with mana value less than or equal to that Aura and with a different name than each Aura you control, put that card onto the battlefield attached to Light-Paws, Emperor's Voice, then shuffle."
Essence Warden,1.0,['G'],['G'],None,['Creature'],"['Elf', 'Shaman']",Rare,PRM,1,1,None,"Whenever another creature enters the battlefield, you gain 1 life."
King of the Pride,3.0,['W'],['W'],None,['Creature'],['Cat'],Rare,PRM,2,1,None,Other Cats you control get +2/+1.
Power Artifact,2.0,['U'],['U'],None,['Enchantment'],['Aura'],Rare,PRM,None,None,None,Enchant artifact\nEnchanted artifact's activated abilities cost {2} less to activate. This effect can't reduce the mana in that cost to less than one mana.
Subtlety,4.0,['U'],['U'],None,['Creature'],"['Elemental', 'Incarnation']",Mythic,PRM,3,3,None,"Flash\nFlying\nWhen Subtlety enters the battlefield, choose up to one target creature spell or planeswalker spell. Its owner puts it on the top or bottom of their library.\nEvoke—Exile a blue card from your hand."
Stormcarved Coast,0.0,None,"['R', 'U']",None,['Land'],None,Rare,PRM,None,None,None,Stormcarved Coast enters the battlefield tapped unless you control two or more other lands.\n{T}: Add {U} or {R}.
"Urza, Lord High Artificer",4.0,['U'],['U'],['Legendary'],['Creature'],"['Human', 'Artificer']",Rare,PRM,1,4,None,"When Urza, Lord High Artificer enters the battlefield, create a 0/0 colorless Construct artifact creature token with ""This creature gets +1/+1 for each artifact you control.""\nTap an untapped artifact you control: Add {U}.\n{5}: Shuffle your library, then exile the top card. Until end of turn, you may play that card without paying its mana cost."
"Kyodai, Soul of Kamigawa",4.0,['W'],"['B', 'G', 'R', 'U', 'W']",['Legendary'],['Creature'],"['Dragon', 'Spirit']",Rare,PRM,3,3,None,"Flash\nFlying\nWhen Kyodai, Soul of Kamigawa enters the battlefield, another target permanent gains indestructible for as long as you control Kyodai.\n{W}{U}{B}{R}{G}: Kyodai gets +5/+5 until end of turn."
Svyelun of Sea and Sky,3.0,['U'],['U'],['Legendary'],['Creature'],"['Merfolk', 'God']",Mythic,PRM,3,4,None,"Svyelun of Sea and Sky has indestructible as long as you control at least two other Merfolk.\nWhenever Svyelun attacks, draw a card.\nOther Merfolk you control have ward {1}. (Whenever another Merfolk you control becomes the target of a spell or ability an opponent controls, counter it unless that player pays {1}.)"
Archmage's Charm,3.0,['U'],['U'],None,['Instant'],None,Rare,PRM,None,None,None,Choose one —\n• Counter target spell.\n• Target player draws two cards.\n• Gain control of target nonland permanent with mana value 1 or less.
Cloudsteel Kirin,3.0,['W'],['W'],None,"['Artifact', 'Creature']","['Equipment', 'Kirin']",Rare,PRM,3,2,None,"Flying\nEquipped creature has flying and ""You can't lose the game and your opponents can't win the game.""\nReconfigure {5} ({5}: Attach to target creature you control; or unattach from a creature. Reconfigure only as a sorcery. While attached, this isn't a creature.)"
Rishadan Dockhand,1.0,['U'],['U'],None,['Creature'],['Merfolk'],Rare,PRM,1,2,None,"Islandwalk (This creature can't be blocked as long as defending player controls an Island.)\n{1}, {T}: Tap target land."
Brilliant Restoration,7.0,['W'],['W'],None,['Sorcery'],None,Rare,PRM,None,None,None,Return all artifact and enchantment cards from your graveyard to the battlefield.
Force of Negation,3.0,['U'],['U'],None,['Instant'],None,Rare,PRM,None,None,None,"If it's not your turn, you may exile a blue card from your hand rather than pay this spell's mana cost.\nCounter target noncreature spell. If that spell is countered this way, exile it instead of putting it into its owner's graveyard."
Myojin of Blooming Dawn,8.0,['W'],['W'],['Legendary'],['Creature'],['Spirit'],Rare,PRM,4,6,None,Myojin of Blooming Dawn enters the battlefield with an indestructible counter on it if you cast it from your hand.\nRemove an indestructible counter from Myojin of Blooming Dawn: Create a 1/1 colorless Spirit creature token for each permanent you control.
Inevitable Betrayal,0.0,['U'],['U'],None,['Sorcery'],None,Rare,PRM,None,None,None,"Suspend 3—{1}{U}{U} (Rather than cast this card from your hand, pay {1}{U}{U} and exile it with three time counters on it. At the beginning of your upkeep, remove a time counter. When the last is removed, you may cast it without paying its mana cost.)\nSearch target opponent's library for a creature card and put that card onto the battlefield under your control. Then that player shuffles."
Farewell,6.0,['W'],['W'],None,['Sorcery'],None,Rare,PRM,None,None,None,Choose one or more —\n• Exile all artifacts.\n• Exile all creatures.\n• Exile all enchantments.\n• Exile all graveyards.
Organic Extinction,10.0,['W'],['W'],None,['Sorcery'],None,Rare,PRM,None,None,None,Improvise (Your artifacts can help cast this spell. Each artifact you tap after you're done activating mana abilities pays for {1}.)\nDestroy all nonartifact creatures.
Suspend,1.0,['U'],['U'],None,['Instant'],None,Rare,PRM,None,None,None,"Exile target creature and put two time counters on it. If it doesn't have suspend, it gains suspend. (At the beginning of its owner's upkeep, they remove a time counter. When the last is removed, they may play it without paying its mana cost. If it's a creature, it has haste.)"
Lion Sash,2.0,['W'],['W'],None,"['Artifact', 'Creature']","['Equipment', 'Cat']",Rare,PRM,1,1,None,"{W}: Exile target card from a graveyard. If it was a permanent card, put a +1/+1 counter on Lion Sash.\nEquipped creature gets +1/+1 for each +1/+1 counter on Lion Sash.\nReconfigure {2} ({2}: Attach to target creature you control; or unattach from a creature. Reconfigure only as a sorcery. While attached, this isn't a creature.)"
Release to Memory,4.0,['W'],['W'],None,['Instant'],None,Rare,PRM,None,None,None,"Exile target opponent's graveyard. For each creature card exiled this way, create a 1/1 colorless Spirit creature token."
Faerie Seer,1.0,['U'],['U'],None,['Creature'],"['Faerie', 'Wizard']",Rare,PRM,1,1,None,"Flying\nWhen Faerie Seer enters the battlefield, scry 2."
March of Otherworldly Light,1.0,['W'],['W'],None,['Instant'],None,Rare,PRM,None,None,None,"As an additional cost to cast this spell, you may exile any number of white cards from your hand. This spell costs {2} less to cast for each card exiled this way.\nExile target artifact, creature, or enchantment with mana value X or less."
Tribute Mage,3.0,['U'],['U'],None,['Creature'],"['Human', 'Wizard']",Rare,PRM,2,2,None,"When Tribute Mage enters the battlefield, you may search your library for an artifact card with mana value 2, reveal that card, put it into your hand, then shuffle."
Swift Reconfiguration,1.0,['W'],['W'],None,['Enchantment'],['Aura'],Rare,PRM,None,None,None,Flash\nEnchant creature or Vehicle\nEnchanted permanent is a Vehicle artifact with crew 5 and it loses all other card types. (It's not a creature unless it's crewed.)
Grief,4.0,['B'],['B'],None,['Creature'],"['Elemental', 'Incarnation']",Mythic,PRM,3,2,None,"Menace\nWhen Grief enters the battlefield, target opponent reveals their hand. You choose a nonland card from it. That player discards that card.\nEvoke—Exile a black card from your hand."
Invoke Justice,5.0,['W'],['W'],None,['Sorcery'],None,Rare,PRM,None,None,None,"Return target permanent card from your graveyard to the battlefield, then distribute four +1/+1 counters among any number of creatures and/or Vehicles target player controls."
"Tourach, Dread Cantor",2.0,['B'],['B'],['Legendary'],['Creature'],"['Human', 'Cleric']",Mythic,PRM,2,1,None,"Kicker {B}{B} (You may pay an additional {B}{B} as you cast this spell.)\nProtection from white\nWhenever an opponent discards a card, put a +1/+1 counter on Tourach, Dread Cantor.\nWhen Tourach enters the battlefield, if it was kicked, target opponent discards two cards at random."
The Restoration of Eiganjo // Architect of Restoration,3.0,['W'],['W'],None,['Enchantment'],['Saga'],Rare,PRM,None,None,None,"(As this Saga enters and after your draw step, add a lore counter.)\nI — Search your library for a basic Plains card, reveal it, put it into your hand, then shuffle.\nII — You may discard a card. When you do, return target permanent card with mana value 2 or less from your graveyard to the battlefield tapped.\nIII — Exile this Saga, then return it to the battlefield transformed under your control."
Dauthi Voidwalker,2.0,['B'],['B'],None,['Creature'],"['Dauthi', 'Rogue']",Rare,PRM,3,2,None,"Shadow (This creature can block or be blocked by only creatures with shadow.)\nIf a card would be put into an opponent's graveyard from anywhere, instead exile it with a void counter on it.\n{T}, Sacrifice Dauthi Voidwalker: Choose an exiled card an opponent owns with a void counter on it. You may play it this turn without paying its mana cost."
Plague Engineer,3.0,['B'],['B'],None,['Creature'],"['Phyrexian', 'Carrier']",Rare,PRM,2,2,None,"Deathtouch\nAs Plague Engineer enters the battlefield, choose a creature type.\nCreatures of the chosen type your opponents control get -1/-1."
"Ao, the Dawn Sky",5.0,['W'],['W'],['Legendary'],['Creature'],"['Dragon', 'Spirit']",Mythic,PRM,5,4,None,"Flying, vigilance\nWhen Ao, the Dawn Sky dies, choose one —\n• Look at the top seven cards of your library. Put any number of nonland permanent cards with total mana value 4 or less from among them onto the battlefield. Put the rest on the bottom of your library in a random order.\n• Put two +1/+1 counters on each permanent you control that's a creature or Vehicle."
Necrogoyf,5.0,['B'],['B'],None,['Creature'],['Lhurgoyf'],Rare,PRM,*,4,None,"Necrogoyf's power is equal to the number of creature cards in all graveyards.\nAt the beginning of each player's upkeep, that player discards a card.\nMadness {1}{B}{B} (If you discard this card, discard it into exile. When you do, cast it for its madness cost or put it into your graveyard.)"
Profane Tutor,0.0,['B'],['B'],None,['Sorcery'],None,Rare,PRM,None,None,None,"Suspend 2—{1}{B} (Rather than cast this card from your hand, pay {1}{B} and exile it with two time counters on it. At the beginning of your upkeep, remove a time counter. When the last is removed, you may cast it without paying its mana cost.)\nSearch your library for a card, put that card into your hand, then shuffle."
"Yoshimaru, Ever Faithful",1.0,['W'],['W'],['Legendary'],['Creature'],['Dog'],Mythic,PRM,1,1,None,"Whenever another legendary permanent enters the battlefield under your control, put a +1/+1 counter on Yoshimaru, Ever Faithful.\nPartner (You can have two commanders if both have partner.)"
Unmarked Grave,2.0,['B'],['B'],None,['Sorcery'],None,Rare,PRM,None,None,None,"Search your library for a nonlegendary card, put that card into your graveyard, then shuffle."
The Wandering Emperor,4.0,['W'],['W'],['Legendary'],['Planeswalker'],None,Mythic,PRM,None,None,3,"Flash\nAs long as The Wandering Emperor entered the battlefield this turn, you may activate her loyalty abilities any time you could cast an instant.\n[+1]: Put a +1/+1 counter on up to one target creature. It gains first strike until end of turn.\n[−1]: Create a 2/2 white Samurai creature token with vigilance.\n[−2]: Exile target tapped creature. You gain 2 life."
Damn,2.0,['B'],"['B', 'W']",None,['Sorcery'],None,Rare,PRM,None,None,None,"Destroy target creature. A creature destroyed this way can't be regenerated.\nOverload {2}{W}{W} (You may cast this spell for its overload cost. If you do, change ""target"" in its text to ""each."")"
Thousand-Faced Shadow,1.0,['U'],['U'],None,['Creature'],"['Human', 'Ninja']",Rare,PRM,1,1,None,"Ninjutsu {2}{U}{U} ({2}{U}{U}, Return an unblocked attacker you control to hand: Put this card onto the battlefield from your hand tapped and attacking.)\nFlying\nWhen Thousand-Faced Shadow enters the battlefield from your hand, if it's attacking, create a token that's a copy of another target attacking creature. The token enters the battlefield tapped and attacking."
Changeling Outcast,1.0,['B'],['B'],None,['Creature'],['Shapeshifter'],Rare,PRM,1,1,None,Changeling (This card is every creature type.)\nChangeling Outcast can't block and can't be blocked.
Access Denied,5.0,['U'],['U'],None,['Instant'],None,Rare,PRM,None,None,None,"Counter target spell. Create X 1/1 colorless Thopter artifact creature tokens with flying, where X is that spell's mana value."
Defile,1.0,['B'],['B'],None,['Instant'],None,Rare,PRM,None,None,None,Target creature gets -1/-1 until end of turn for each Swamp you control.
"Tameshi, Reality Architect",3.0,['U'],"['U', 'W']",['Legendary'],['Creature'],"['Moonfolk', 'Wizard']",Rare,PRM,2,3,None,"Whenever one or more noncreature permanents are returned to hand, draw a card. This ability triggers only once each turn.\n{X}{W}, Return a land you control to its owner's hand: Return target artifact or enchantment card with mana value X or less from your graveyard to the battlefield. Activate only as a sorcery."
Undead Augur,2.0,['B'],['B'],None,['Creature'],"['Zombie', 'Wizard']",Rare,PRM,2,2,None,"Whenever Undead Augur or another Zombie you control dies, you draw a card and you lose 1 life."
Cyberdrive Awakener,6.0,['U'],['U'],None,"['Artifact', 'Creature']",['Construct'],Rare,PRM,4,4,None,"Flying\nOther artifact creatures you control have flying.\nWhen Cyberdrive Awakener enters the battlefield, until end of turn, each noncreature artifact you control becomes an artifact creature with base power and toughness 4/4."
"Ragavan, Nimble Pilferer",1.0,['R'],['R'],['Legendary'],['Creature'],"['Monkey', 'Pirate']",Mythic,PRM,2,1,None,"Whenever Ragavan, Nimble Pilferer deals combat damage to a player, create a Treasure token and exile the top card of that player's library. Until end of turn, you may cast that card.\nDash {1}{R} (You may cast this spell for its dash cost. If you do, it gains haste, and it's returned from the battlefield to its owner's hand at the beginning of the next end step.)"
The Reality Chip,2.0,['U'],['U'],['Legendary'],"['Artifact', 'Creature']","['Equipment', 'Jellyfish']",Rare,PRM,0,4,None,"You may look at the top card of your library any time.\nAs long as The Reality Chip is attached to a creature, you may play lands and cast spells from the top of your library.\nReconfigure {2}{U} ({2}{U}: Attach to target creature you control; or unattach from a creature. Reconfigure only as a sorcery. While attached, this isn't a creature.)"
Fury,5.0,['R'],['R'],None,['Creature'],"['Elemental', 'Incarnation']",Mythic,PRM,3,3,None,"Double strike\nWhen Fury enters the battlefield, it deals 4 damage divided as you choose among any number of target creatures and/or planeswalkers.\nEvoke—Exile a red card from your hand."
Imposter Mech,2.0,['U'],['U'],None,['Artifact'],['Vehicle'],Rare,PRM,3,1,None,"You may have Imposter Mech enter the battlefield as a copy of a creature an opponent controls, except it's a Vehicle artifact with crew 3 and it loses all other card types.\nCrew 3"
Breya's Apprentice,3.0,['R'],['R'],None,"['Artifact', 'Creature']","['Human', 'Artificer']",Rare,PRM,2,3,None,"When Breya's Apprentice enters the battlefield, create a 1/1 colorless Thopter artifact creature token with flying.\n{T}, Sacrifice an artifact: Choose one —\n• Exile the top card of your library. Until the end of your next turn, you may play that card.\n• Target creature gets +2/+0 until end of turn."
Mindlink Mech,3.0,['U'],['U'],None,['Artifact'],['Vehicle'],Rare,PRM,4,3,None,"Flying\nWhenever Mindlink Mech becomes crewed for the first time each turn, until end of turn, Mindlink Mech becomes a copy of target nonlegendary creature that crewed it this turn, except it's 4/3, it's a Vehicle artifact in addition to its other types, and it has flying.\nCrew 1"
Chef's Kiss,3.0,['R'],['R'],None,['Instant'],None,Rare,PRM,None,None,None,"Gain control of target spell that targets only a single permanent or player. Copy it, then reselect the targets at random for the spell and the copy. The new targets can't be you or a permanent you control."
Kappa Cannoneer,6.0,['U'],['U'],None,"['Artifact', 'Creature']","['Turtle', 'Warrior']",Rare,PRM,4,4,None,"Improvise (Your artifacts can help cast this spell. Each artifact you tap after you're done activating mana abilities pays for {1}.)\nWard {4}\nWhenever an artifact enters the battlefield under your control, put a +1/+1 counter on Kappa Cannoneer and it can't be blocked this turn."
Glimpse of Tomorrow,0.0,['R'],['R'],None,['Sorcery'],None,Rare,PRM,None,None,None,"Suspend 3—{R}{R}\nShuffle all permanents you own into your library, then reveal that many cards from the top of your library. Put all non-Aura permanent cards revealed this way onto the battlefield, then do the same for Aura cards, then put the rest on the bottom of your library in a random order."
March of Swirling Mist,1.0,['U'],['U'],None,['Instant'],None,Rare,PRM,None,None,None,"As an additional cost to cast this spell, you may exile any number of blue cards from your hand. This spell costs {2} less to cast for each card exiled this way.\nUp to X target creatures phase out. (While they're phased out, they're treated as though they don't exist. Each one phases in before its controller untaps during their next untap step.)"
Imperial Recruiter,3.0,['R'],['R'],None,['Creature'],"['Human', 'Advisor']",Mythic,PRM,1,1,None,"When Imperial Recruiter enters the battlefield, search your library for a creature card with power 2 or less, reveal it, put it into your hand, then shuffle."
Invoke the Winds,5.0,['U'],['U'],None,['Sorcery'],None,Rare,PRM,None,None,None,Gain control of target artifact or creature. Untap it.
Calibrated Blast,3.0,['R'],['R'],None,['Instant'],None,Rare,PRM,None,None,None,"Reveal cards from the top of your library until you reveal a nonland card. Put the revealed cards on the bottom of your library in a random order. When you reveal a nonland card this way, Calibrated Blast deals damage equal to that card's mana value to any target.\nFlashback {3}{R}{R} (You may cast this card from your graveyard for its flashback cost. Then exile it.)"
Research Thief,5.0,['U'],['U'],None,"['Artifact', 'Creature']","['Moonfolk', 'Wizard']",Rare,PRM,3,3,None,"Flash\nFlying\nWhenever an artifact creature you control deals combat damage to a player, draw a card."
Bloodbraid Marauder,2.0,['R'],['R'],None,['Creature'],"['Human', 'Berserker']",Rare,PRM,3,1,None,"Bloodbraid Marauder can't block.\nDelirium — This spell has cascade as long as there are four or more card types among cards in your graveyard. (When you cast this spell, exile cards from the top of your library until you exile a nonland card that costs less. You may cast it without paying its mana cost. Put the exiled cards on the bottom of your library in a random order.)"
Universal Surveillance,3.0,['U'],['U'],None,['Sorcery'],None,Rare,PRM,None,None,None,Improvise (Your artifacts can help cast this spell. Each artifact you tap after you're done activating mana abilities pays for {1}.)\nDraw X cards.
Magmatic Sinkhole,6.0,['R'],['R'],None,['Instant'],None,Rare,PRM,None,None,None,Delve (Each card you exile from your graveyard while casting this spell pays for {1}.)\nMagmatic Sinkhole deals 5 damage to target creature or planeswalker.
Inventive Iteration // Living Breakthrough,4.0,['U'],['U'],None,['Enchantment'],['Saga'],Rare,PRM,None,None,None,"(As this Saga enters and after your draw step, add a lore counter.)\nI — Return up to one target creature or planeswalker to its owner's hand.\nII — Return an artifact card from your graveyard to your hand. If you can't, draw a card.\nIII — Exile this Saga, then return it to the battlefield transformed under your control."
Shenanigans,2.0,['R'],['R'],None,['Sorcery'],None,Rare,PRM,None,None,None,"Destroy target artifact.\nDredge 1 (If you would draw a card, you may mill a card instead. If you do, return this card from your graveyard to your hand.)"
Endurance,3.0,['G'],['G'],None,['Creature'],"['Elemental', 'Incarnation']",Mythic,PRM,3,4,None,"Flash\nReach\nWhen Endurance enters the battlefield, up to one target player puts all the cards from their graveyard on the bottom of their library in a random order.\nEvoke—Exile a green card from your hand."
"Kairi, the Swirling Sky",6.0,['U'],['U'],['Legendary'],['Creature'],"['Dragon', 'Spirit']",Mythic,PRM,6,6,None,"Flying, ward {3}\nWhen Kairi, the Swirling Sky dies, choose one —\n• Return any number of target nonland permanents with total mana value 6 or less to their owners' hands.\n• Mill six cards, then return up to two instant and/or sorcery cards from your graveyard to your hand."
"Chatterfang, Squirrel General",3.0,['G'],"['B', 'G']",['Legendary'],['Creature'],"['Squirrel', 'Warrior']",Mythic,PRM,3,3,None,"Forestwalk (This creature can't be blocked as long as defending player controls a Forest.)\nIf one or more tokens would be created under your control, those tokens plus that many 1/1 green Squirrel creature tokens are created instead.\n{B}, Sacrifice X Squirrels: Target creature gets +X/-X until end of turn."
"Thrasta, Tempest's Roar",12.0,['G'],['G'],['Legendary'],['Creature'],['Dinosaur'],Mythic,PRM,7,7,None,"This spell costs {3} less to cast for each other spell cast this turn.\nTrample, haste\nTrample over planeswalkers (This creature can deal excess combat damage to the controller of the planeswalker it's attacking.)\nThrasta, Tempest's Roar has hexproof as long as it entered the battlefield this turn."
"Jin-Gitaxias, Progress Tyrant",7.0,['U'],['U'],['Legendary'],['Creature'],"['Phyrexian', 'Praetor']",Mythic,PRM,5,5,None,"Whenever you cast an artifact, instant, or sorcery spell, copy that spell. You may choose new targets for the copy. This ability triggers only once each turn. (A copy of a permanent spell becomes a token.)\nWhenever an opponent casts an artifact, instant, or sorcery spell, counter that spell. This ability triggers only once each turn."
"Ayula, Queen Among Bears",2.0,['G'],['G'],['Legendary'],['Creature'],['Bear'],Rare,PRM,2,2,None,"Whenever another Bear enters the battlefield under your control, choose one —\n• Put two +1/+1 counters on target Bear.\n• Target Bear you control fights target creature you don't control."
"Tezzeret, Betrayer of Flesh",4.0,['U'],['U'],['Legendary'],['Planeswalker'],['Tezzeret'],Mythic,PRM,None,None,4,"The first activated ability of an artifact you activate each turn costs {2} less to activate.\n[+1]: Draw two cards. Then discard two cards unless you discard an artifact card.\n[−2]: Target artifact becomes an artifact creature. If it isn't a Vehicle, it has base power and toughness 4/4.\n[−6]: You get an emblem with ""Whenever an artifact you control becomes tapped, draw a card."""
Sanctum Weaver,2.0,['G'],['G'],None,"['Enchantment', 'Creature']",['Dryad'],Rare,PRM,0,2,None,"{T}: Add X mana of any one color, where X is the number of enchantments you control."
"Hidetsugu, Devouring Chaos",4.0,['B'],"['B', 'R']",['Legendary'],['Creature'],"['Ogre', 'Demon']",Rare,PRM,4,4,None,"{B}, Sacrifice a creature: Scry 2.\n{2}{R}, {T}: Exile the top card of your library. You may play that card this turn. When you exile a nonland card this way, Hidetsugu, Devouring Chaos deals damage equal to the exiled card's mana value to any target."
Deep Forest Hermit,5.0,['G'],['G'],None,['Creature'],"['Elf', 'Druid']",Rare,PRM,1,1,None,"Vanishing 3 (This creature enters the battlefield with three time counters on it. At the beginning of your upkeep, remove a time counter from it. When the last is removed, sacrifice it.)\nWhen Deep Forest Hermit enters the battlefield, create four 1/1 green Squirrel creature tokens.\nSquirrels you control get +1/+1."
Mukotai Soulripper,2.0,['B'],['B'],None,['Artifact'],['Vehicle'],Rare,PRM,4,3,None,"Whenever Mukotai Soulripper attacks, you may sacrifice another artifact or creature. If you do, put a +1/+1 counter on Mukotai Soulripper and it gains menace until end of turn.\nCrew 2 (Tap any number of creatures you control with total power 2 or more: This Vehicle becomes an artifact creature until end of turn.)"
"Titania, Protector of Argoth",5.0,['G'],['G'],['Legendary'],['Creature'],['Elemental'],Mythic,PRM,5,3,None,"When Titania, Protector of Argoth enters the battlefield, return target land card from your graveyard to the battlefield.\nWhenever a land you control is put into a graveyard from the battlefield, create a 5/3 green Elemental creature token."
Ruthless Technomancer,4.0,['B'],['B'],None,['Creature'],"['Human', 'Wizard']",Rare,PRM,2,4,None,"When Ruthless Technomancer enters the battlefield, you may sacrifice another creature you control. If you do, create a number of Treasure tokens equal to that creature's power.\n{2}{B}, Sacrifice X artifacts: Return target creature card with power X or less from your graveyard to the battlefield. X can't be 0."
Goblin Engineer,2.0,['R'],['R'],None,['Creature'],"['Goblin', 'Artificer']",Rare,PRM,1,2,None,"When Goblin Engineer enters the battlefield, you may search your library for an artifact card, put it into your graveyard, then shuffle.\n{R}, {T}, Sacrifice an artifact: Return target artifact card with mana value 3 or less from your graveyard to the battlefield."
"Tatsunari, Toad Rider",3.0,['B'],"['B', 'G', 'U']",['Legendary'],['Creature'],"['Human', 'Ninja']",Rare,PRM,3,3,None,"Whenever you cast an enchantment spell, if you don't control a creature named Keimi, create Keimi, a legendary 3/3 black and green Frog creature token with ""Whenever you cast an enchantment spell, each opponent loses 1 life and you gain 1 life.""\n{1}{G/U}: Tatsunari, Toad Rider and target Frog you control can't be blocked this turn except by creatures with flying or reach."
Force of Vigor,4.0,['G'],['G'],None,['Instant'],None,Rare,PRM,None,None,None,"If it's not your turn, you may exile a green card from your hand rather than pay this spell's mana cost.\nDestroy up to two target artifacts and/or enchantments."
Soul Transfer,3.0,['B'],['B'],None,['Sorcery'],None,Rare,PRM,None,None,None,"Choose one. If you control an artifact and an enchantment as you cast this spell, you may choose both.\n• Exile target creature or planeswalker.\n• Return target creature or planeswalker card from your graveyard to your hand."
"Aeve, Progenitor Ooze",5.0,['G'],['G'],['Legendary'],['Creature'],['Ooze'],Rare,PRM,2,2,None,"Storm (When you cast this spell, copy it for each spell cast before it this turn. Copies become tokens.)\nAeve, Progenitor Ooze isn't legendary if it's a token.\nAeve enters the battlefield with a +1/+1 counter on it for each other Ooze you control."
Biting-Palm Ninja,3.0,['B'],['B'],None,['Creature'],"['Human', 'Ninja']",Rare,PRM,3,3,None,"Ninjutsu {2}{B}\nBiting-Palm Ninja enters the battlefield with a menace counter on it.\nWhenever Biting-Palm Ninja deals combat damage to a player, you may remove a menace counter from it. When you do, that player reveals their hand and you choose a nonland card from it. Exile that card."
Gaea's Will,0.0,['G'],['G'],None,['Sorcery'],None,Rare,PRM,None,None,None,"Suspend 4—{G}\nUntil end of turn, you may play lands and cast spells from your graveyard.\nIf a card would be put into your graveyard from anywhere this turn, exile that card instead."
March of Wretched Sorrow,1.0,['B'],['B'],None,['Instant'],None,Rare,PRM,None,None,None,"As an additional cost to cast this spell, you may exile any number of black cards from your hand. This spell costs {2} less to cast for each card exiled this way.\nMarch of Wretched Sorrow deals X damage to target creature or planeswalker and you gain X life."
Chitterspitter,3.0,['G'],['G'],None,['Artifact'],None,Rare,PRM,None,None,None,"At the beginning of your upkeep, you may sacrifice a token. If you do, put an acorn counter on Chitterspitter.\nSquirrels you control get +1/+1 for each acorn counter on Chitterspitter.\n{G}, {T}: Create a 1/1 green Squirrel creature token."
Invoke Despair,5.0,['B'],['B'],None,['Sorcery'],None,Rare,PRM,None,None,None,"Target opponent sacrifices a creature. If they can't, they lose 2 life and you draw a card. Then repeat this process for an enchantment and a planeswalker."
Llanowar Tribe,3.0,['G'],['G'],None,['Creature'],"['Elf', 'Druid']",Rare,PRM,3,3,None,{T}: Add {G}{G}{G}.
Scale Up,1.0,['G'],['G'],None,['Sorcery'],None,Rare,PRM,None,None,None,"Until end of turn, target creature you control becomes a green Wurm with base power and toughness 6/4.\nOverload {4}{G}{G} (You may cast this spell for its overload cost. If you do, change ""target"" in its text to ""each."")"
Tribute to Horobi // Echo of Death's Wail,2.0,['B'],['B'],None,['Enchantment'],['Saga'],Rare,PRM,None,None,None,"(As this Saga enters and after your draw step, add a lore counter.)\nI, II — Each opponent creates a 1/1 black Rat Rogue creature token.\nIII — Exile this Saga, then return it to the battlefield transformed under your control."
Weather the Storm,2.0,['G'],['G'],None,['Instant'],None,Rare,PRM,None,None,None,"You gain 3 life.\nStorm (When you cast this spell, copy it for each spell cast before it this turn.)"
"Dakkon, Shadow Slayer",3.0,"['B', 'U', 'W']","['B', 'U', 'W']",['Legendary'],['Planeswalker'],['Dakkon'],Mythic,PRM,None,None,0,"Dakkon, Shadow Slayer enters the battlefield with a number of loyalty counters on him equal to the number of lands you control.\n[+1]: Surveil 2.\n[−3]: Exile target creature.\n[−6]: You may put an artifact card from your hand or graveyard onto the battlefield."
"Junji, the Midnight Sky",5.0,['B'],['B'],['Legendary'],['Creature'],"['Dragon', 'Spirit']",Mythic,PRM,5,5,None,"Flying, menace\nWhen Junji, the Midnight Sky dies, choose one —\n• Each opponent discards two cards and loses 2 life.\n• Put target non-Dragon creature card from a graveyard onto the battlefield under your control. You lose 2 life."
The First Sliver,5.0,"['B', 'G', 'R', 'U', 'W']","['B', 'G', 'R', 'U', 'W']",['Legendary'],['Creature'],['Sliver'],Rare,PRM,7,7,None,"Cascade (When you cast this spell, exile cards from the top of your library until you exile a nonland card that costs less. You may cast it without paying its mana cost. Put the exiled cards on the bottom of your library in a random order.)\nSliver spells you cast have cascade."
"Grist, the Hunger Tide",3.0,"['B', 'G']","['B', 'G']",['Legendary'],['Planeswalker'],['Grist'],Mythic,PRM,None,None,3,"As long as Grist, the Hunger Tide isn't on the battlefield, it's a 1/1 Insect creature in addition to its other types.\n[+1]: Create a 1/1 black and green Insect creature token, then mill a card. If an Insect card was milled this way, put a loyalty counter on Grist and repeat this process.\n[−2]: You may sacrifice a creature. When you do, destroy target creature or planeswalker.\n[−5]: Each opponent loses life equal to the number of creature cards in your graveyard."
"Nashi, Moon Sage's Scion",3.0,['B'],['B'],['Legendary'],['Creature'],"['Rat', 'Ninja']",Mythic,PRM,3,2,None,"Ninjutsu {3}{B} ({3}{B}, Return an unblocked attacker you control to hand: Put this card onto the battlefield from your hand tapped and attacking.)\nWhenever Nashi, Moon Sage's Scion deals combat damage to a player, exile the top card of each player's library. Until end of turn, you may play one of those cards. If you cast a spell this way, pay life equal to its mana value rather than paying its mana cost."
Geyadrone Dihada,4.0,"['B', 'R', 'U']","['B', 'R', 'U']",['Legendary'],['Planeswalker'],['Dihada'],Mythic,PRM,None,None,4,Protection from permanents with corruption counters on them\n[+1]: Each opponent loses 2 life and you gain 2 life. Put a corruption counter on up to one other target creature or planeswalker.\n[−3]: Gain control of target creature or planeswalker until end of turn. Untap it and put a corruption counter on it. It gains haste until end of turn.\n[−7]: Gain control of each permanent with a corruption counter on it.
Blade of the Oni,2.0,['B'],['B'],None,"['Artifact', 'Creature']","['Equipment', 'Demon']",Mythic,PRM,3,1,None,"Menace\nEquipped creature has base power and toughness 5/5, has menace, and is a black Demon in addition to its other colors and types.\nReconfigure {2}{B}{B} ({2}{B}{B}: Attach to target creature you control; or unattach from a creature. Reconfigure only as a sorcery. While attached, this isn't a creature.)"
Ogre-Head Helm,2.0,['R'],['R'],None,"['Artifact', 'Creature']","['Equipment', 'Ogre']",Rare,PRM,2,2,None,"Equipped creature gets +2/+2.\nWhenever Ogre-Head Helm or equipped creature deals combat damage to a player, you may sacrifice it. If you do, discard your hand, then draw three cards.\nReconfigure {3} ({3}: Attach to target creature you control; or unattach from a creature. Reconfigure only as a sorcery. While attached, this isn't a creature.)"
Ice-Fang Coatl,2.0,"['G', 'U']","['G', 'U']",['Snow'],['Creature'],['Snake'],Rare,PRM,1,1,None,"Flash\nFlying\nWhen Ice-Fang Coatl enters the battlefield, draw a card.\nIce-Fang Coatl has deathtouch as long as you control at least three other snow permanents."
Lizard Blades,2.0,['R'],['R'],None,"['Artifact', 'Creature']","['Equipment', 'Lizard']",Rare,PRM,1,1,None,"Double strike\nEquipped creature has double strike.\nReconfigure {2} ({2}: Attach to target creature you control; or unattach from a creature. Reconfigure only as a sorcery. While attached, this isn't a creature.)"
Master of Death,3.0,"['B', 'U']","['B', 'U']",None,['Creature'],"['Zombie', 'Wizard']",Rare,PRM,3,1,None,"When Master of Death enters the battlefield, surveil 2. (Look at the top two cards of your library, then put any number of them into your graveyard and the rest on top of your library in any order.)\nAt the beginning of your upkeep, if Master of Death is in your graveyard, you may pay 1 life. If you do, return it to your hand."
"Goro-Goro, Disciple of Ryusei",2.0,['R'],['R'],['Legendary'],['Creature'],"['Goblin', 'Samurai']",Rare,PRM,2,2,None,"{R}: Creatures you control gain haste until end of turn.\n{3}{R}{R}: Create a 5/5 red Dragon Spirit creature token with flying. Activate only if you control an attacking modified creature. (Equipment, Auras you control, and counters are modifications.)"
Asmoranomardicadaistinaculdacar,0.0,"['B', 'R']","['B', 'R']",['Legendary'],['Creature'],"['Human', 'Wizard']",Rare,PRM,3,3,None,"As long as you've discarded a card this turn, you may pay {B/R} to cast this spell.\nWhen Asmoranomardicadaistinaculdacar enters the battlefield, you may search your library for a card named The Underworld Cookbook, reveal it, put it into your hand, then shuffle.\nSacrifice two Foods: Target creature deals 6 damage to itself."
Scrap Welder,3.0,['R'],['R'],None,['Creature'],"['Goblin', 'Artificer']",Rare,PRM,3,3,None,"{T}, Sacrifice an artifact with mana value X: Return target artifact card with mana value less than X from your graveyard to the battlefield. It gains haste until end of turn."
Territorial Kavu,2.0,"['G', 'R']","['G', 'R']",None,['Creature'],['Kavu'],Rare,PRM,*,*,None,"Domain — Territorial Kavu's power and toughness are each equal to the number of basic land types among lands you control.\nWhenever Territorial Kavu attacks, choose one —\n• Discard a card. If you do, draw a card.\n• Exile up to one target card from a graveyard."
Komainu Battle Armor,3.0,['R'],['R'],None,"['Artifact', 'Creature']","['Equipment', 'Dog']",Rare,PRM,2,2,None,"Menace\nEquipped creature gets +2/+2 and has menace.\nWhenever Komainu Battle Armor or equipped creature deals combat damage to a player, goad each creature that player controls.\nReconfigure {4} ({4}: Attach to target creature you control; or unattach from a creature. Reconfigure only as a sorcery. While attached, this isn't a creature.)"
"Yusri, Fortune's Flame",3.0,"['R', 'U']","['R', 'U']",['Legendary'],['Creature'],['Efreet'],Rare,PRM,2,3,None,"Flying\nWhenever Yusri, Fortune's Flame attacks, choose a number between 1 and 5. Flip that many coins. For each flip you win, draw a card. For each flip you lose, Yusri deals 2 damage to you. If you won five flips this way, you may cast spells from your hand this turn without paying their mana costs."
Thundering Raiju,4.0,['R'],['R'],None,['Creature'],['Spirit'],Rare,PRM,3,3,None,"Haste\nWhenever Thundering Raiju attacks, put a +1/+1 counter on target creature you control. Then Thundering Raiju deals X damage to each opponent, where X is the number of modified creatures you control other than Thundering Raiju. (Equipment, Auras you control, and counters are modifications.)"
Myojin of Roaring Blades,8.0,['R'],['R'],['Legendary'],['Creature'],['Spirit'],Rare,PRM,7,4,None,Myojin of Roaring Blades enters the battlefield with an indestructible counter on it if you cast it from your hand.\nRemove an indestructible counter from Myojin of Roaring Blades: It deals 7 damage to each of up to three targets.
Carth the Lion,4.0,"['B', 'G']","['B', 'G']",['Legendary'],['Creature'],"['Human', 'Warrior']",Rare,PRM,3,5,None,"Whenever Carth the Lion enters the battlefield or a planeswalker you control dies, look at the top seven cards of your library. You may reveal a planeswalker card from among them and put it into your hand. Put the rest on the bottom of your library in a random order.\nPlaneswalkers' loyalty abilities you activate cost an additional [+1] to activate."
March of Reckless Joy,1.0,['R'],['R'],None,['Instant'],None,Rare,PRM,None,None,None,"As an additional cost to cast this spell, you may exile any number of red cards from your hand. This spell costs {2} less to cast for each card exiled this way.\nExile the top X cards of your library. You may play up to two of those cards until the end of your next turn."
"Piru, the Volatile",8.0,"['B', 'R', 'W']","['B', 'R', 'W']",['Legendary'],['Creature'],"['Elder', 'Dragon']",Rare,PRM,7,7,None,"Flying, lifelink\nAt the beginning of your upkeep, sacrifice Piru, the Volatile unless you pay {R}{W}{B}.\nWhen Piru dies, it deals 7 damage to each nonlegendary creature."
Smoke Spirits' Aid,1.0,['R'],['R'],None,['Sorcery'],None,Rare,PRM,None,None,None,"For each of up to X target creatures, create a red Aura enchantment token named Smoke Blessing attached to that creature. Those tokens have enchant creature and ""When enchanted creature dies, it deals 1 damage to its controller and you create a Treasure token."""
Invoke Calamity,5.0,['R'],['R'],None,['Instant'],None,Rare,PRM,None,None,None,"You may cast up to two instant and/or sorcery spells with total mana value 6 or less from your graveyard and/or hand without paying their mana costs. If those spells would be put into your graveyard, exile them instead. Exile Invoke Calamity."
Fable of the Mirror-Breaker // Reflection of Kiki-Jiki,3.0,['R'],['R'],None,['Enchantment'],['Saga'],Rare,PRM,None,None,None,"(As this Saga enters and after your draw step, add a lore counter.)\nI — Create a 2/2 red Goblin Shaman creature token with ""Whenever this creature attacks, create a Treasure token.""\nII — You may discard up to two cards. If you do, draw that many cards.\nIII — Exile this Saga, then return it to the battlefield transformed under your control."
Ingenious Infiltrator,4.0,"['B', 'U']","['B', 'U']",None,['Creature'],"['Vedalken', 'Ninja']",Rare,PRM,2,3,None,"Ninjutsu {U}{B} ({U}{B}, Return an unblocked attacker you control to hand: Put this card onto the battlefield from your hand tapped and attacking.)\nWhenever a Ninja you control deals combat damage to a player, draw a card."
Lavabelly Sliver,3.0,"['R', 'W']","['R', 'W']",None,['Creature'],['Sliver'],Rare,PRM,2,2,None,"Sliver creatures you control have ""When this creature enters the battlefield, it deals 1 damage to target player or planeswalker and you gain 1 life."""
"Atsushi, the Blazing Sky",4.0,['R'],['R'],['Legendary'],['Creature'],"['Dragon', 'Spirit']",Mythic,PRM,4,4,None,"Flying, trample\nWhen Atsushi, the Blazing Sky dies, choose one —\n• Exile the top two cards of your library. Until the end of your next turn, you may play those cards.\n• Create three Treasure tokens."
Soulherder,3.0,"['U', 'W']","['U', 'W']",None,['Creature'],['Spirit'],Rare,PRM,1,1,None,"Whenever a creature is exiled from the battlefield, put a +1/+1 counter on Soulherder.\nAt the beginning of your end step, you may exile another target creature you control, then return that card to the battlefield under its owner's control."
Etchings of the Chosen,3.0,"['B', 'W']","['B', 'W']",None,['Enchantment'],None,Rare,PRM,None,None,None,"As Etchings of the Chosen enters the battlefield, choose a creature type.\nCreatures you control of the chosen type get +1/+1.\n{1}, Sacrifice a creature of the chosen type: Target creature you control gains indestructible until end of turn. (Damage and effects that say ""destroy"" don't destroy it.)"
Explosive Singularity,10.0,['R'],['R'],None,['Sorcery'],None,Mythic,PRM,None,None,None,"As an additional cost to cast this spell, you may tap any number of untapped creatures you control. This spell costs {1} less to cast for each creature tapped this way.\nExplosive Singularity deals 10 damage to any target."
Scion of Draco,12.0,None,None,None,"['Artifact', 'Creature']",['Dragon'],Mythic,PRM,4,4,None,"Domain — This spell costs {2} less to cast for each basic land type among lands you control.\nFlying\nEach creature you control has vigilance if it's white, hexproof if it's blue, lifelink if it's black, first strike if it's red, and trample if it's green."
Kami of Transience,2.0,['G'],['G'],None,['Creature'],['Spirit'],Rare,PRM,2,2,None,"Trample\nWhenever you cast an enchantment spell, put a +1/+1 counter on Kami of Transience.\nAt the beginning of each end step, if an enchantment was put into your graveyard from the battlefield this turn, you may return Kami of Transience from your graveyard to your hand."
Sword of Sinew and Steel,3.0,None,None,None,['Artifact'],['Equipment'],Rare,PRM,None,None,None,"Equipped creature gets +2/+2 and has protection from black and from red.\nWhenever equipped creature deals combat damage to a player, destroy up to one target planeswalker and up to one target artifact.\nEquip {2}"
"Shigeki, Jukai Visionary",2.0,['G'],['G'],['Legendary'],"['Enchantment', 'Creature']","['Snake', 'Druid']",Rare,PRM,1,3,None,"{1}{G}, {T}, Return Shigeki, Jukai Visionary to its owner's hand: Reveal the top four cards of your library. You may put a land card from among them onto the battlefield tapped. Put the rest into your graveyard.\nChannel — {X}{X}{G}{G}, Discard Shigeki: Return X target nonlegendary cards from your graveyard to your hand."
Sword of Hearth and Home,3.0,None,None,None,['Artifact'],['Equipment'],Mythic,PRM,None,None,None,"Equipped creature gets +2/+2 and has protection from green and from white.\nWhenever equipped creature deals combat damage to a player, exile up to one target creature you own, then search your library for a basic land card. Put both cards onto the battlefield under your control, then shuffle.\nEquip {2}"
Spring-Leaf Avenger,5.0,['G'],['G'],None,['Creature'],"['Insect', 'Ninja']",Rare,PRM,6,5,None,"Ninjutsu {3}{G} ({3}{G}, Return an unblocked attacker you control to hand: Put this card onto the battlefield from your hand tapped and attacking.)\nWhenever Spring-Leaf Avenger deals combat damage to a player, return target permanent card from your graveyard to your hand."
Sword of Truth and Justice,3.0,None,None,None,['Artifact'],['Equipment'],Rare,PRM,None,None,None,"Equipped creature gets +2/+2 and has protection from white and from blue.\nWhenever equipped creature deals combat damage to a player, put a +1/+1 counter on a creature you control, then proliferate. (Choose any number of permanents and/or players, then give each another counter of each kind already there.)\nEquip {2}"
Weaver of Harmony,2.0,['G'],['G'],None,"['Enchantment', 'Creature']","['Snake', 'Druid']",Rare,PRM,2,2,None,"Other enchantment creatures you control get +1/+1.\n{G}, {T}: Copy target activated or triggered ability you control from an enchantment source. You may choose new targets for the copy. (Mana abilities can't be targeted.)"
"Zabaz, the Glimmerwasp",1.0,None,"['R', 'W']",['Legendary'],"['Artifact', 'Creature']",['Insect'],Rare,PRM,0,0,None,"Modular 1\nIf a modular triggered ability would put one or more +1/+1 counters on a creature you control, that many plus one +1/+1 counters are put on it instead.\n{R}: Destroy target artifact you control.\n{W}: Zabaz, the Glimmerwasp gains flying until end of turn."
Myojin of Towering Might,8.0,['G'],['G'],['Legendary'],['Creature'],['Spirit'],Rare,PRM,8,8,None,Myojin of Towering Might enters the battlefield with an indestructible counter on it if you cast it from your hand.\nRemove an indestructible counter from Myojin of Towering Might: Distribute eight +1/+1 counters among any number of target creatures you control. They gain trample until end of turn.
Diamond Lion,2.0,None,None,None,"['Artifact', 'Creature']",['Cat'],Rare,PRM,2,2,None,"{T}, Discard your hand, Sacrifice Diamond Lion: Add three mana of any one color. Activate only as an instant."
March of Burgeoning Life,1.0,['G'],['G'],None,['Instant'],None,Rare,PRM,None,None,None,"As an additional cost to cast this spell, you may exile any number of green cards from your hand. This spell costs {2} less to cast for each card exiled this way.\nChoose target creature with mana value less than X. Search your library for a creature card with the same name as that creature, put it onto the battlefield tapped, then shuffle."
Academy Manufactor,3.0,None,None,None,"['Artifact', 'Creature']",['Assembly-Worker'],Rare,PRM,1,3,None,"If you would create a Clue, Food, or Treasure token, instead create one of each."
Invoke the Ancients,5.0,['G'],['G'],None,['Sorcery'],None,Rare,PRM,None,None,None,"Create two 4/5 green Spirit creature tokens. For each of them, put your choice of a vigilance counter, a reach counter, or a trample counter on it."
Sol Talisman,0.0,None,None,None,['Artifact'],None,Rare,PRM,None,None,None,"Suspend 3—{1} (Rather than cast this card from your hand, pay {1} and exile it with three time counters on it. At the beginning of your upkeep, remove a time counter. When the last is removed, you may cast it without paying its mana cost.)\n{T}: Add {C}{C}."
Rampant Rejuvenator,4.0,['G'],['G'],None,['Creature'],"['Plant', 'Hydra']",Rare,PRM,0,0,None,"Rampant Rejuvenator enters the battlefield with two +1/+1 counters on it.\nWhen Rampant Rejuvenator dies, search your library for up to X basic land cards, where X is Rampant Rejuvenator's power, put them onto the battlefield, then shuffle."
Void Mirror,2.0,None,None,None,['Artifact'],None,Rare,PRM,None,None,None,"Whenever a player casts a spell, if no colored mana was spent to cast it, counter that spell."
Tanuki Transplanter,4.0,['G'],['G'],None,"['Artifact', 'Creature']","['Equipment', 'Dog']",Rare,PRM,2,4,None,"Whenever Tanuki Transplanter or equipped creature attacks, add an amount of {G} equal to its power. Until end of turn, you don't lose this mana as steps and phases end.\nReconfigure {3} ({3}: Attach to target creature you control; or unattach from a creature. Reconfigure only as a sorcery. While attached, this isn't a creature.)"
Nettlecyst,3.0,None,None,None,['Artifact'],['Equipment'],Rare,PRM,None,None,None,"Living weapon (When this Equipment enters the battlefield, create a 0/0 black Phyrexian Germ creature token, then attach this to it.)\nEquipped creature gets +1/+1 for each artifact and/or enchantment you control.\nEquip {2}"
Teachings of the Kirin // Kirin-Touched Orochi,2.0,['G'],['G'],None,['Enchantment'],['Saga'],Rare,PRM,None,None,None,"(As this Saga enters and after your draw step, add a lore counter.)\nI — Mill three cards. Create a 1/1 colorless Spirit creature token.\nII — Put a +1/+1 counter on target creature you control.\nIII — Exile this Saga, then return it to the battlefield transformed under your control."
Universal Automaton,1.0,None,None,None,"['Artifact', 'Creature']",['Shapeshifter'],Rare,PRM,1,1,None,Changeling (This card is every creature type.)
Talisman of Conviction,2.0,None,"['R', 'W']",None,['Artifact'],None,Rare,PRM,None,None,None,{T}: Add {C}.\n{T}: Add {R} or {W}. Talisman of Conviction deals 1 damage to you.
The Dragon-Kami Reborn // Dragon-Kami's Egg,3.0,['G'],['G'],None,['Enchantment'],['Saga'],Rare,PRM,None,None,None,"(As this Saga enters and after your draw step, add a lore counter.)\nI, II — You gain 2 life. Look at the top three cards of your library. Exile one of them face down with a hatching counter on it, then put the rest on the bottom of your library in any order.\nIII — Exile this Saga, then return it to the battlefield transformed under your control."
Talisman of Creativity,2.0,None,"['R', 'U']",None,['Artifact'],None,Rare,PRM,None,None,None,{T}: Add {C}.\n{T}: Add {U} or {R}. Talisman of Creativity deals 1 damage to you.
Talisman of Curiosity,2.0,None,"['G', 'U']",None,['Artifact'],None,Rare,PRM,None,None,None,{T}: Add {C}.\n{T}: Add {G} or {U}. Talisman of Curiosity deals 1 damage to you.
"Kura, the Boundless Sky",5.0,['G'],['G'],['Legendary'],['Creature'],"['Dragon', 'Spirit']",Mythic,PRM,4,4,None,"Flying, deathtouch\nWhen Kura, the Boundless Sky dies, choose one —\n• Search your library for up to three land cards, reveal them, put them into your hand, then shuffle.\n• Create an X/X green Spirit creature token, where X is the number of lands you control."
Talisman of Hierarchy,2.0,None,"['B', 'W']",None,['Artifact'],None,Rare,PRM,None,None,None,{T}: Add {C}.\n{T}: Add {W} or {B}. Talisman of Hierarchy deals 1 damage to you.
Talisman of Resilience,2.0,None,"['B', 'G']",None,['Artifact'],None,Rare,PRM,None,None,None,{T}: Add {C}.\n{T}: Add {B} or {G}. Talisman of Resilience deals 1 damage to you.
Go-Shintai of Life's Origin,4.0,['G'],"['B', 'G', 'R', 'U', 'W']",['Legendary'],"['Enchantment', 'Creature']",['Shrine'],Mythic,PRM,3,4,None,"{W}{U}{B}{R}{G}, {T}: Return target enchantment card from your graveyard to the battlefield.\nWhenever Go-Shintai of Life's Origin or another nontoken Shrine enters the battlefield under your control, create a 1/1 colorless Shrine enchantment creature token."
Kodama of the West Tree,3.0,['G'],['G'],['Legendary'],['Creature'],['Spirit'],Mythic,PRM,3,3,None,"Reach\nModified creatures you control have trample. (Equipment, Auras you control, and counters are modifications.)\nWhenever a modified creature you control deals combat damage to a player, search your library for a basic land card, put it onto the battlefield tapped, then shuffle."
Hall of Heliod's Generosity,0.0,None,['W'],['Legendary'],['Land'],None,Rare,PRM,None,None,None,"{T}: Add {C}.\n{1}{W}, {T}: Put target enchantment card from your graveyard on top of your library."
Jugan Defends the Temple // Remnant of the Rising Star,3.0,['G'],['G'],None,['Enchantment'],['Saga'],Mythic,PRM,None,None,None,"(As this Saga enters and after your draw step, add a lore counter.)\nI — Create a 1/1 green Human Monk creature token with ""{T}: Add {G}.""\nII — Put a +1/+1 counter on each of up to two target creatures.\nIII — Exile this Saga, then return it to the battlefield transformed under your control."
Marsh Flats,0.0,None,None,None,['Land'],None,Rare,PRM,None,None,None,"{T}, Pay 1 life, Sacrifice Marsh Flats: Search your library for a Plains or Swamp card, put it onto the battlefield, then shuffle."
"Kotose, the Silent Spider",5.0,"['B', 'U']","['B', 'U']",['Legendary'],['Creature'],"['Human', 'Ninja']",Rare,PRM,4,4,None,"When Kotose, the Silent Spider enters the battlefield, exile target card other than a basic land card from an opponent's graveyard. Search that player's graveyard, hand, and library for any number of cards with the same name as that card and exile them. Then that player shuffles. For as long as you control Kotose, you may play one of the exiled cards, and you may spend mana as though it were mana of any color to cast it."
Prismatic Vista,0.0,None,None,None,['Land'],None,Rare,PRM,None,None,None,"{T}, Pay 1 life, Sacrifice Prismatic Vista: Search your library for a basic land card, put it onto the battlefield, then shuffle."
"Greasefang, Okiba Boss",3.0,"['B', 'W']","['B', 'W']",['Legendary'],['Creature'],"['Rat', 'Pilot']",Rare,PRM,4,3,None,"At the beginning of combat on your turn, return target Vehicle card from your graveyard to the battlefield. It gains haste. Return it to its owner's hand at the beginning of your next end step."
Scalding Tarn,0.0,None,None,None,['Land'],None,Rare,PRM,None,None,None,"{T}, Pay 1 life, Sacrifice Scalding Tarn: Search your library for an Island or Mountain card, put it onto the battlefield, then shuffle."
"Raiyuu, Storm's Edge",4.0,"['R', 'W']","['R', 'W']",['Legendary'],['Creature'],"['Human', 'Samurai']",Rare,PRM,3,3,None,"First strike\nWhenever a Samurai or Warrior you control attacks alone, untap it. If it's the first combat phase of the turn, there is an additional combat phase after this phase."
Verdant Catacombs,0.0,None,None,None,['Land'],None,Rare,PRM,None,None,None,"{T}, Pay 1 life, Sacrifice Verdant Catacombs: Search your library for a Swamp or Forest card, put it onto the battlefield, then shuffle."
Arid Mesa,0.0,None,None,None,['Land'],None,Rare,PRM,None,None,None,"{T}, Pay 1 life, Sacrifice Arid Mesa: Search your library for a Mountain or Plains card, put it onto the battlefield, then shuffle."
"Hinata, Dawn-Crowned",4.0,"['R', 'U', 'W']","['R', 'U', 'W']",['Legendary'],['Creature'],"['Kirin', 'Spirit']",Rare,PRM,4,4,None,"Flying, trample\nSpells you cast cost {1} less to cast for each target.\nSpells your opponents cast cost {1} more to cast for each target."
Misty Rainforest,0.0,None,None,None,['Land'],None,Rare,PRM,None,None,None,"{T}, Pay 1 life, Sacrifice Misty Rainforest: Search your library for a Forest or Island card, put it onto the battlefield, then shuffle."
"Satsuki, the Living Lore",2.0,"['G', 'W']","['G', 'W']",['Legendary'],['Creature'],"['Human', 'Druid']",Rare,PRM,1,3,None,"{T}: Put a lore counter on each Saga you control. Activate only as a sorcery.\nWhen Satsuki, the Living Lore dies, choose up to one —\n• Return target Saga or enchantment creature you control to its owner's hand.\n• Return target Saga card from your graveyard to your hand."
"Yavimaya, Cradle of Growth",0.0,None,None,['Legendary'],['Land'],None,Rare,PRM,None,None,None,Each land is a Forest in addition to its other land types.
Satoru Umezawa,3.0,"['B', 'U']","['B', 'U']",['Legendary'],['Creature'],"['Human', 'Ninja']",Rare,PRM,2,4,None,"Whenever you activate a ninjutsu ability, look at the top three cards of your library. Put one of them into your hand and the rest on the bottom of your library in any order. This ability triggers only once each turn.\nEach creature card in your hand has ninjutsu {2}{U}{B}."
Demilich,4.0,['U'],['U'],None,['Creature'],"['Skeleton', 'Wizard']",Mythic,PRM,4,3,None,"This spell costs {U} less to cast for each instant and sorcery spell you've cast this turn.\nWhenever Demilich attacks, exile up to one target instant or sorcery card from your graveyard. Copy it. You may cast the copy.\nYou may cast Demilich from your graveyard by exiling four instant and/or sorcery cards from your graveyard in addition to paying its other costs."
"Isshin, Two Heavens as One",3.0,"['B', 'R', 'W']","['B', 'R', 'W']",['Legendary'],['Creature'],"['Human', 'Samurai']",Rare,PRM,3,4,None,"If a creature attacking causes a triggered ability of a permanent you control to trigger, that ability triggers an additional time."
Grand Master of Flowers,4.0,['W'],['W'],['Legendary'],['Planeswalker'],['Bahamut'],Mythic,PRM,None,None,3,"As long as Grand Master of Flowers has seven or more loyalty counters on him, he's a 7/7 Dragon God creature with flying and indestructible.\n[+1]: Target creature without first strike, double strike, or vigilance can't attack or block until your next turn.\n[+1]: Search your library and/or graveyard for a card named Monk of the Open Hand, reveal it, and put it into your hand. If you search your library this way, shuffle."
Eiganjo Uprising,2.0,"['R', 'W']","['R', 'W']",None,['Sorcery'],None,Rare,PRM,None,None,None,Create X 2/2 white Samurai creature tokens with vigilance. They gain menace and haste until end of turn.\nEach opponent creates X minus one 2/2 white Samurai creature tokens with vigilance.
"Icingdeath, Frost Tyrant",4.0,['W'],['W'],['Legendary'],['Creature'],['Dragon'],Mythic,PRM,4,3,None,"Flying, vigilance\nWhen Icingdeath, Frost Tyrant dies, create Icingdeath, Frost Tongue, a legendary white Equipment artifact token with ""Equipped creature gets +2/+0,"" ""Whenever equipped creature attacks, tap target creature defending player controls,"" and equip {2}."
"Chishiro, the Shattered Blade",4.0,"['G', 'R']","['G', 'R']",['Legendary'],['Creature'],"['Snake', 'Samurai']",Mythic,PRM,4,4,None,"Whenever an Aura or Equipment enters the battlefield under your control, create a 2/2 red Spirit creature token with menace.\nAt the beginning of your end step, put a +1/+1 counter on each modified creature you control. (Equipment, Auras you control, and counters are modifications.)"
The Book of Exalted Deeds,3.0,['W'],['W'],['Legendary'],['Artifact'],None,Mythic,PRM,None,None,None,"At the beginning of your end step, if you gained 3 or more life this turn, create a 3/3 white Angel creature token with flying.\n{W}{W}{W}, {T}, Exile The Book of Exalted Deeds: Put an enlightened counter on target Angel. It gains ""You can't lose the game and your opponents can't win the game."" Activate only as a sorcery."
Kaito Shizuki,3.0,"['B', 'U']","['B', 'U']",['Legendary'],['Planeswalker'],['Kaito'],Mythic,PRM,None,None,3,"At the beginning of your end step, if Kaito Shizuki entered the battlefield this turn, he phases out.\n[+1]: Draw a card. Then discard a card unless you attacked this turn.\n[−2]: Create a 1/1 blue Ninja creature token with ""This creature can't be blocked.""\n[−7]: You get an emblem with ""Whenever a creature you control deals combat damage to a player, search your library for a blue or black creature card, put it onto the battlefield, then shuffle."""
Flumph,2.0,['W'],['W'],None,['Creature'],['Jellyfish'],Rare,PRM,0,4,None,"Defender, flying\nWhenever Flumph is dealt damage, you and target opponent each draw a card."
"Tamiyo, Compleated Sage",5.0,"['G', 'U']","['G', 'U']",['Legendary'],['Planeswalker'],['Tamiyo'],Mythic,PRM,None,None,5,"Compleated ({G/U/P} can be paid with {G}, {U}, or 2 life. If life was paid, this planeswalker enters with two fewer loyalty counters.)\n[+1]: Tap up to one target artifact or creature. It doesn't untap during its controller's next untap step.\n[−X]: Exile target nonland permanent card with mana value X from your graveyard. Create a token that's a copy of that card.\n[−7]: Create Tamiyo's Notebook, a legendary colorless artifact token with ""Spells you cast cost {2} less to cast"" and ""{T}: Draw a card."""
Loyal Warhound,2.0,['W'],['W'],None,['Creature'],['Dog'],Rare,PRM,3,1,None,"Vigilance\nWhen Loyal Warhound enters the battlefield, if an opponent controls more lands than you, search your library for a basic Plains card, put it onto the battlefield tapped, then shuffle."
"Shorikai, Genesis Engine",4.0,"['U', 'W']","['U', 'W']",['Legendary'],['Artifact'],['Vehicle'],Mythic,PRM,8,8,None,"{1}, {T}: Draw two cards, then discard a card. Create a 1/1 colorless Pilot creature token with ""This creature crews Vehicles as though its power were 2 greater.""\nCrew 8 (Tap any number of creatures you control with total power 8 or more: This Vehicle becomes an artifact creature until end of turn.)\nShorikai, Genesis Engine can be your commander."
Guardian of Faith,3.0,['W'],['W'],None,['Creature'],"['Spirit', 'Knight']",Rare,PRM,3,2,None,"Flash\nVigilance\nWhen Guardian of Faith enters the battlefield, any number of other target creatures you control phase out. (Treat them and anything attached to them as though they don't exist until their controller's next turn.)"
"Kotori, Pilot Prodigy",3.0,"['U', 'W']","['U', 'W']",['Legendary'],['Creature'],"['Moonfolk', 'Pilot']",Mythic,PRM,2,4,None,"Vehicles you control have crew 2.\nAt the beginning of combat on your turn, target artifact creature you control gains lifelink and vigilance until end of turn."
Radiant Solar,6.0,['W'],['W'],None,['Creature'],['Angel'],Rare,PRM,3,6,None,"Flying, lifelink\nWhenever Radiant Solar or another nontoken creature enters the battlefield under your control, venture into the dungeon. (Enter the first room or advance to the next room.)\n{W}, Discard Radiant Solar: Venture into the dungeon and you gain 3 life."
"Risona, Asari Commander",3.0,"['R', 'W']","['R', 'W']",['Legendary'],['Creature'],"['Human', 'Samurai']",Rare,PRM,3,3,None,"Haste\nWhenever Risona, Asari Commander deals combat damage to a player, if it doesn't have an indestructible counter on it, put an indestructible counter on it.\nWhenever combat damage is dealt to you, remove an indestructible counter from Risona."
Dancing Sword,2.0,['W'],['W'],None,['Artifact'],['Equipment'],Rare,PRM,None,None,None,"Equipped creature gets +2/+1.\nWhen equipped creature dies, you may have Dancing Sword become a 2/1 Construct artifact creature with flying and ward {1}. If you do, it isn't an Equipment.\nEquip {1}"
Spirit-Sister's Call,5.0,"['B', 'W']","['B', 'W']",None,['Enchantment'],None,Mythic,PRM,None,None,None,"At the beginning of your end step, choose target permanent card in your graveyard. You may sacrifice a permanent that shares a card type with the chosen card. If you do, return the chosen card from your graveyard to the battlefield and it gains ""If this permanent would leave the battlefield, exile it instead of putting it anywhere else."""
Teleportation Circle,4.0,['W'],['W'],None,['Enchantment'],None,Rare,PRM,None,None,None,"At the beginning of your end step, exile up to one target artifact or creature you control, then return that card to the battlefield under its owner's control."
The Kami War // O-Kagachi Made Manifest,6.0,"['B', 'G', 'R', 'U', 'W']","['B', 'G', 'R', 'U', 'W']",None,['Enchantment'],['Saga'],Mythic,PRM,None,None,None,"(As this Saga enters and after your draw step, add a lore counter.)\nI — Exile target nonland permanent an opponent controls.\nII — Return up to one other target nonland permanent to its owner's hand. Then each opponent discards a card.\nIII — Exile this Saga, then return it to the battlefield transformed under your control."
White Dragon,6.0,['W'],['W'],None,['Creature'],['Dragon'],Uncommon,PRM,4,4,None,"Flying\nCold Breath — When White Dragon enters the battlefield, tap target creature an opponent controls. That creature doesn't untap during its controller's next untap step."
"Iymrith, Desert Doom",5.0,['U'],['U'],['Legendary'],['Creature'],['Dragon'],Mythic,PRM,5,5,None,"Flying\nIymrith, Desert Doom has ward {4} as long as it's untapped.\nWhenever Iymrith deals combat damage to a player, draw a card. Then if you have fewer than three cards in hand, draw cards equal to the difference."
Hidetsugu Consumes All // Vessel of the All-Consuming,3.0,"['B', 'R']","['B', 'R']",None,['Enchantment'],['Saga'],Mythic,PRM,None,None,None,"(As this Saga enters and after your draw step, add a lore counter.)\nI — Destroy each nonland permanent with mana value 1 or less.\nII — Exile all graveyards.\nIII — Exile this Saga, then return it to the battlefield transformed under your control."
Mordenkainen,6.0,['U'],['U'],['Legendary'],['Planeswalker'],['Mordenkainen'],Mythic,PRM,None,None,5,"[+2]: Draw two cards, then put a card from your hand on the bottom of your library.\n[−2]: Create a blue Dog Illusion creature token with ""This creature's power and toughness are each equal to twice the number of cards in your hand.""\n[−10]: Exchange your hand and library, then shuffle. You get an emblem with ""You have no maximum hand size."""
Mechtitan Core,2.0,None,None,None,['Artifact'],['Vehicle'],Rare,PRM,2,4,None,"{5}, Exile Mechtitan Core and four other artifact creatures and/or Vehicles you control: Create Mechtitan, a legendary 10/10 Construct artifact creature token with flying, vigilance, trample, lifelink, and haste that's all colors. When that token leaves the battlefield, return all cards exiled with Mechtitan Core except Mechtitan Core to the battlefield tapped under their owners' control.\nCrew 2"
Yuan-Ti Malison,2.0,['U'],['U'],None,['Creature'],"['Snake', 'Rogue']",Rare,PRM,2,1,None,"Yuan-Ti Malison can't be blocked as long as it's attacking alone.\nWhenever Yuan-Ti Malison deals combat damage to a player, venture into the dungeon. (Enter the first room or advance to the next room.)"
Eater of Virtue,1.0,None,None,['Legendary'],['Artifact'],['Equipment'],Rare,PRM,None,None,None,"Whenever equipped creature dies, exile it.\nEquipped creature gets +2/+0.\nAs long as a card exiled with Eater of Virtue has flying, equipped creature has flying. The same is true for first strike, double strike, deathtouch, haste, hexproof, indestructible, lifelink, menace, protection, reach, trample, and vigilance.\nEquip {1}"
"Grazilaxx, Illithid Scholar",3.0,['U'],['U'],['Legendary'],['Creature'],['Horror'],Rare,PRM,3,2,None,"Whenever a creature you control becomes blocked, you may return it to its owner's hand.\nWhenever one or more creatures you control deal combat damage to a player, draw a card."
Reckoner Bankbuster,2.0,None,None,None,['Artifact'],['Vehicle'],Rare,PRM,4,4,None,"Reckoner Bankbuster enters the battlefield with three charge counters on it.\n{2}, {T}, Remove a charge counter from Reckoner Bankbuster: Draw a card. Then if there are no charge counters on Reckoner Bankbuster, create a Treasure token and a 1/1 colorless Pilot creature token with ""This creature crews Vehicles as though its power were 2 greater.""\nCrew 3"
Wizard's Spellbook,7.0,['U'],['U'],None,['Artifact'],None,Rare,PRM,None,None,None,{T}: Exile target instant or sorcery card from a graveyard. Roll a d20. Activate only as a sorcery.\n1—9 | Copy that card. You may cast the copy.\n10—19 | Copy that card. You may cast the copy by paying {1} rather than paying its mana cost.\n20 | Copy each card exiled with Wizard's Spellbook. You may cast any number of the copies without paying their mana costs.
Surgehacker Mech,4.0,None,None,None,['Artifact'],['Vehicle'],Rare,PRM,5,5,None,"Menace\nWhen Surgehacker Mech enters the battlefield, it deals damage equal to twice the number of Vehicles you control to target creature or planeswalker an opponent controls.\nCrew 4"
The Blackstaff of Waterdeep,1.0,['U'],['U'],['Legendary'],['Artifact'],None,Rare,PRM,None,None,None,"You may choose not to untap The Blackstaff of Waterdeep during your untap step.\nAnimate Walking Statue — {1}{U}, {T}: Another target nontoken artifact you control becomes a 4/4 artifact creature for as long as The Blackstaff of Waterdeep remains tapped. Activate only as a sorcery."
Mirror Box,3.0,None,None,None,['Artifact'],None,Rare,PRM,None,None,None,"The ""legend rule"" doesn't apply to permanents you control.\nEach legendary creature you control gets +1/+1.\nEach nontoken creature you control gets +1/+1 for each other creature you control with the same name as that creature."
Tasha's Hideous Laughter,3.0,['U'],['U'],None,['Sorcery'],None,Rare,PRM,None,None,None,Each opponent exiles cards from the top of their library until that player has exiled cards with total mana value 20 or more.
"Eiganjo, Seat of the Empire",0.0,None,['W'],['Legendary'],['Land'],None,Rare,PRM,None,None,None,"{T}: Add {W}.\nChannel — {2}{W}, Discard Eiganjo, Seat of the Empire: It deals 4 damage to target attacking or blocking creature. This ability costs {1} less to activate for each legendary creature you control."
True Polymorph,6.0,['U'],['U'],None,['Instant'],None,Rare,PRM,None,None,None,Target artifact or creature becomes a copy of another target artifact or creature.
Blue Dragon,7.0,['U'],['U'],None,['Creature'],['Dragon'],Uncommon,PRM,5,5,None,"Flying\nLightning Breath — When Blue Dragon enters the battlefield, until your next turn, target creature an opponent controls gets -3/-0, up to one other target creature gets -2/-0, and up to one other target creature gets -1/-0."
"Otawara, Soaring City",0.0,None,['U'],['Legendary'],['Land'],None,Rare,PRM,None,None,None,"{T}: Add {U}.\nChannel — {3}{U}, Discard Otawara, Soaring City: Return target artifact, creature, enchantment, or planeswalker to its owner's hand. This ability costs {1} less to activate for each legendary creature you control."
Acererak the Archlich,3.0,['B'],['B'],['Legendary'],['Creature'],"['Zombie', 'Wizard']",Mythic,PRM,5,5,None,"When Acererak the Archlich enters the battlefield, if you haven't completed Tomb of Annihilation, return Acererak the Archlich to its owner's hand and venture into the dungeon.\nWhenever Acererak the Archlich attacks, for each opponent, you create a 2/2 black Zombie creature token unless that player sacrifices a creature."
"Lolth, Spider Queen",5.0,['B'],['B'],['Legendary'],['Planeswalker'],['Lolth'],Mythic,PRM,None,None,4,"Whenever a creature you control dies, put a loyalty counter on Lolth, Spider Queen.\n[0]: You draw a card and you lose 1 life.\n[−3]: Create two 2/1 black Spider creature tokens with menace and reach.\n[−8]: You get an emblem with ""Whenever an opponent is dealt combat damage by one or more creatures you control, if that player lost less than 8 life this turn, they lose life equal to the difference."""
"Takenuma, Abandoned Mire",0.0,None,['B'],['Legendary'],['Land'],None,Rare,PRM,None,None,None,"{T}: Add {B}.\nChannel — {3}{B}, Discard Takenuma, Abandoned Mire: Mill three cards, then return a creature or planeswalker card from your graveyard to your hand. This ability costs {1} less to activate for each legendary creature you control."
"Ebondeath, Dracolich",4.0,['B'],['B'],['Legendary'],['Creature'],"['Zombie', 'Dragon']",Mythic,PRM,5,2,None,"Flash\nFlying\nEbondeath, Dracolich enters the battlefield tapped.\nYou may cast Ebondeath, Dracolich from your graveyard if a creature not named Ebondeath, Dracolich died this turn."
The Book of Vile Darkness,3.0,['B'],['B'],['Legendary'],['Artifact'],None,Mythic,PRM,None,None,None,"At the beginning of your end step, if you lost 2 or more life this turn, create a 2/2 black Zombie creature token.\n{T}, Exile The Book of Vile Darkness and artifacts you control named Eye of Vecna and Hand of Vecna: Create Vecna, a legendary 8/8 black Zombie God creature token with indestructible and all triggered abilities of the exiled cards."
"Sokenzan, Crucible of Defiance",0.0,None,['R'],['Legendary'],['Land'],None,Rare,PRM,None,None,None,"{T}: Add {R}.\nChannel — {3}{R}, Discard Sokenzan, Crucible of Defiance: Create two 1/1 colorless Spirit creature tokens. They gain haste until end of turn. This ability costs {1} less to activate for each legendary creature you control."
Forsworn Paladin,1.0,['B'],['B'],None,['Creature'],"['Human', 'Knight']",Rare,PRM,1,1,None,"Menace\n{1}{B}, {T}, Pay 1 life: Create a Treasure token.\n{2}{B}: Target creature gets +2/+0 until end of turn. If mana from a Treasure was spent to activate this ability, that creature also gains deathtouch until end of turn."
Asmodeus the Archfiend,6.0,['B'],['B'],['Legendary'],['Creature'],"['Devil', 'God']",Rare,PRM,6,6,None,"Binding Contract — If you would draw a card, exile the top card of your library face down instead.\n{B}{B}{B}: Draw seven cards.\n{B}: Return all cards exiled with Asmodeus the Archfiend to their owner's hand and you lose that much life."
"Boseiju, Who Endures",0.0,None,['G'],['Legendary'],['Land'],None,Rare,PRM,None,None,None,"{T}: Add {G}.\nChannel — {1}{G}, Discard Boseiju, Who Endures: Destroy target artifact, enchantment, or nonbasic land an opponent controls. That player may search their library for a land card with a basic land type, put it onto the battlefield, then shuffle. This ability costs {1} less to activate for each legendary creature you control."
Vorpal Sword,1.0,['B'],['B'],None,['Artifact'],['Equipment'],Rare,PRM,None,None,None,"Equipped creature gets +2/+0 and has deathtouch.\n{5}{B}{B}{B}: Until end of turn, Vorpal Sword gains ""Whenever equipped creature deals combat damage to a player, that player loses the game.""\nEquip {B}{B}"
Sphere of Annihilation,1.0,['B'],['B'],None,['Artifact'],None,Rare,PRM,None,None,None,"Sphere of Annihilation enters the battlefield with X void counters on it.\nAt the beginning of your upkeep, exile Sphere of Annihilation, all creatures and planeswalkers with mana value less than or equal to the number of void counters on it, and all creature and planeswalker cards in graveyards with mana value less than or equal to the number of void counters on it."
Mizzium Mortars,2.0,['R'],['R'],None,['Sorcery'],None,Rare,PRM,None,None,None,"Mizzium Mortars deals 4 damage to target creature you don't control.\nOverload {3}{R}{R}{R} (You may cast this spell for its overload cost. If you do, change ""target"" in its text to ""each."")"
Black Dragon,7.0,['B'],['B'],None,['Creature'],['Dragon'],Uncommon,PRM,4,4,None,"Flying\nAcid Breath — When Black Dragon enters the battlefield, target creature an opponent controls gets -3/-3 until end of turn."
History of Benalia,3.0,['W'],['W'],None,['Enchantment'],['Saga'],Mythic,PRM,None,None,None,"(As this Saga enters and after your draw step, add a lore counter. Sacrifice after III.)\nI, II — Create a 2/2 white Knight creature token with vigilance.\nIII — Knights you control get +2/+1 until end of turn."
Flameskull,3.0,['R'],['R'],None,['Creature'],['Skeleton'],Mythic,PRM,3,1,None,"Flying\nFlameskull can't block.\nRejuvenation — When Flameskull dies, exile it. If you do, exile the top card of your library. Until the end of your next turn, you may play one of those cards. (If you cast Flameskull this way, you can't play the other card, and vice versa.)"
Winds of Abandon,2.0,['W'],['W'],None,['Sorcery'],None,Rare,PRM,None,None,None,"Exile target creature you don't control. For each creature exiled this way, its controller searches their library for a basic land card. Those players put those cards onto the battlefield tapped, then shuffle.\nOverload {4}{W}{W} (You may cast this spell for its overload cost. If you do, change ""target"" in its text to ""each."")"
Orb of Dragonkind,2.0,['R'],['R'],None,['Artifact'],None,Rare,PRM,None,None,None,"{1}, {T}: Add two mana in any combination of colors. Spend this mana only to cast Dragon spells or activate abilities of Dragons.\n{R}, {T}, Sacrifice Orb of Dragonkind: Look at the top seven cards of your library. You may reveal a Dragon card from among them and put it into your hand. Put the rest on the bottom of your library in a random order."
Mishra's Bauble,0.0,None,None,None,['Artifact'],None,Uncommon,PRM,None,None,None,"{T}, Sacrifice Mishra's Bauble: Look at the top card of target player's library. Draw a card at the beginning of the next turn's upkeep."
Share the Spoils,2.0,['R'],['R'],None,['Enchantment'],None,Rare,PRM,None,None,None,"When Share the Spoils enters the battlefield or an opponent loses the game, exile the top card of each player's library.\nDuring each player's turn, that player may play a land or cast a spell from among cards exiled with Share the Spoils, and they may spend mana as though it were mana of any color to cast that spell. When they do, exile the top card of their library."
Wish,3.0,['R'],['R'],None,['Sorcery'],None,Rare,PRM,None,None,None,You may play a card you own from outside the game this turn.
Inquisition of Kozilek,1.0,['B'],['B'],None,['Sorcery'],None,Uncommon,PRM,None,None,None,Target player reveals their hand. You choose a nonland card from it with mana value 3 or less. That player discards that card.
"Zariel, Archduke of Avernus",4.0,['R'],['R'],['Legendary'],['Planeswalker'],['Zariel'],Mythic,PRM,None,None,4,"[+1]: Creatures you control get +1/+0 and gain haste until end of turn.\n[0]: Create a 1/1 red Devil creature token with ""When this creature dies, it deals 1 damage to any target.""\n[−6]: You get an emblem with ""At the end of the first combat phase on your turn, untap target creature you control. After this phase, there is an additional combat phase."""
Meteor Swarm,3.0,['R'],['R'],None,['Sorcery'],None,Rare,PRM,None,None,None,Meteor Swarm deals 8 damage divided as you choose among X target creatures and/or planeswalkers.
Hobgoblin Bandit Lord,3.0,['R'],['R'],None,['Creature'],"['Goblin', 'Rogue']",Rare,PRM,2,3,None,"Other Goblins you control get +1/+1.\n{R}, {T}: Hobgoblin Bandit Lord deals damage equal to the number of Goblins that entered the battlefield under your control this turn to any target."
Elspeth Resplendent,5.0,['W'],['W'],['Legendary'],['Planeswalker'],['Elspeth'],Mythic,PRM,None,None,5,"[+1]: Choose up to one target creature. Put a +1/+1 counter and a counter from among flying, first strike, lifelink, or vigilance on it.\n[−3]: Look at the top seven cards of your library. You may put a permanent card with mana value 3 or less from among them onto the battlefield with a shield counter on it. Put the rest on the bottom of your library in a random order.\n[−7]: Create five 3/3 white Angel creature tokens with flying."
Red Dragon,6.0,['R'],['R'],None,['Creature'],['Dragon'],Uncommon,PRM,4,4,None,"Flying\nFire Breath — When Red Dragon enters the battlefield, it deals 4 damage to each opponent."
"Ob Nixilis, the Adversary",3.0,"['B', 'R']","['B', 'R']",['Legendary'],['Planeswalker'],['Nixilis'],Mythic,PRM,None,None,3,"Casualty X. The copy isn't legendary and has starting loyalty X. (As you cast this spell, you may sacrifice a creature with power X. When you do, copy this spell. The copy becomes a token.)\n[+1]: Each opponent loses 2 life unless they discard a card. If you control a Demon or Devil, you gain 2 life.\n[−2]: Create a 1/1 red Devil creature token with ""When this creature dies, it deals 1 damage to any target.""\n[−7]: Target player draws seven cards and loses 7 life."
Ellywick Tumblestrum,4.0,['G'],['G'],['Legendary'],['Planeswalker'],['Ellywick'],Mythic,PRM,None,None,4,"[+1]: Venture into the dungeon. (Enter the first room or advance to the next room.)\n[−2]: Look at the top six cards of your library. You may reveal a creature card from among them and put it into your hand. If it's legendary, you gain 3 life. Put the rest on the bottom of your library in a random order.\n[−7]: You get an emblem with ""Creatures you control have trample and haste and get +2/+2 for each differently named dungeon you've completed."""
Vivien on the Hunt,6.0,['G'],['G'],['Legendary'],['Planeswalker'],['Vivien'],Mythic,PRM,None,None,4,"[+2]: You may sacrifice a creature. If you do, search your library for a creature card with mana value equal to 1 plus the sacrificed creature's mana value, put it onto the battlefield, then shuffle.\n[+1]: Mill five cards, then put any number of creature cards milled this way into your hand.\n[−1]: Create a 4/4 green Rhino Warrior creature token."
Old Gnawbone,7.0,['G'],['G'],['Legendary'],['Creature'],['Dragon'],Mythic,PRM,7,7,None,"Flying\nWhenever a creature you control deals combat damage to a player, create that many Treasure tokens."
Jetmir's Garden,0.0,None,"['G', 'R', 'W']",None,['Land'],"['Mountain', 'Forest', 'Plains']",Rare,PRM,None,None,None,"({T}: Add {R}, {G}, or {W}.)\nJetmir's Garden enters the battlefield tapped.\nCycling {3} ({3}, Discard this card: Draw a card.)"
Werewolf Pack Leader,2.0,['G'],['G'],None,['Creature'],"['Human', 'Werewolf']",Rare,PRM,3,3,None,"Pack tactics — Whenever Werewolf Pack Leader attacks, if you attacked with creatures with total power 6 or greater this combat, draw a card.\n{3}{G}: Until end of turn, Werewolf Pack Leader has base power and toughness 5/3, gains trample, and isn't a Human."
Spara's Headquarters,0.0,None,"['G', 'U', 'W']",None,['Land'],"['Forest', 'Plains', 'Island']",Rare,PRM,None,None,None,"({T}: Add {G}, {W}, or {U}.)\nSpara's Headquarters enters the battlefield tapped.\nCycling {3} ({3}, Discard this card: Draw a card.)"
Circle of Dreams Druid,3.0,['G'],['G'],None,['Creature'],"['Elf', 'Druid']",Rare,PRM,2,1,None,{T}: Add {G} for each creature you control.
Raffine's Tower,0.0,None,"['B', 'U', 'W']",None,['Land'],"['Plains', 'Island', 'Swamp']",Rare,PRM,None,None,None,"({T}: Add {W}, {U}, or {B}.)\nRaffine's Tower enters the battlefield tapped.\nCycling {3} ({3}, Discard this card: Draw a card.)"
Instrument of the Bards,1.0,['G'],['G'],['Legendary'],['Artifact'],None,Rare,PRM,None,None,None,"At the beginning of your upkeep, you may put a harmony counter on Instrument of the Bards.\n{3}{G}, {T}: Search your library for a creature card with mana value equal to the number of harmony counters on Instrument of the Bards, reveal it, and put it into your hand. If that card is legendary, create a Treasure token. Then shuffle."
Xander's Lounge,0.0,None,"['B', 'R', 'U']",None,['Land'],"['Island', 'Swamp', 'Mountain']",Rare,PRM,None,None,None,"({T}: Add {U}, {B}, or {R}.)\nXander's Lounge enters the battlefield tapped.\nCycling {3} ({3}, Discard this card: Draw a card.)"
Green Dragon,6.0,['G'],['G'],None,['Creature'],['Dragon'],Uncommon,PRM,4,4,None,"Flying\nPoison Breath — When Green Dragon enters the battlefield, until end of turn, whenever a creature an opponent controls is dealt damage, destroy it."
Ziatora's Proving Ground,0.0,None,"['B', 'G', 'R']",None,['Land'],"['Swamp', 'Mountain', 'Forest']",Rare,PRM,None,None,None,"({T}: Add {B}, {R}, or {G}.)\nZiatora's Proving Ground enters the battlefield tapped.\nCycling {3} ({3}, Discard this card: Draw a card.)"
Long Rest,3.0,['G'],['G'],None,['Sorcery'],None,Rare,PRM,None,None,None,"Return X target cards with different mana values from your graveyard to your hand. If eight or more cards were returned to your hand this way, your life total becomes equal to your starting life total. Exile Long Rest."
All-Seeing Arbiter,6.0,['U'],['U'],None,['Creature'],['Avatar'],Mythic,PRM,5,4,None,"Flying\nWhenever All-Seeing Arbiter enters the battlefield or attacks, draw two cards, then discard a card.\nWhenever you discard a card, target creature an opponent controls gets -X/-0 until your next turn, where X is the number of different mana values among cards in your graveyard."
Froghemoth,5.0,['G'],['G'],None,['Creature'],"['Frog', 'Horror']",Rare,PRM,4,4,None,"Trample, haste\nWhenever Froghemoth deals combat damage to a player, exile up to that many target cards from their graveyard. Put a +1/+1 counter on Froghemoth for each creature card exiled this way. You gain 1 life for each noncreature card exiled this way."
Shadow of Mortality,15.0,['B'],['B'],None,['Creature'],['Avatar'],Rare,PRM,7,7,None,"If your life total is less than your starting life total, this spell costs {X} less to cast, where X is the difference."
Inferno of the Star Mounts,6.0,['R'],['R'],['Legendary'],['Creature'],['Dragon'],Mythic,PRM,6,6,None,"This spell can't be countered.\nFlying, haste\n{R}: Inferno of the Star Mounts gets +1/+0 until end of turn. When its power becomes 20 this way, it deals 20 damage to any target."
Bootleggers' Stash,6.0,['G'],['G'],None,['Artifact'],None,Mythic,PRM,None,None,None,"Lands you control have ""{T}: Create a Treasure token."""
Tiamat,7.0,"['B', 'G', 'R', 'U', 'W']","['B', 'G', 'R', 'U', 'W']",['Legendary'],['Creature'],"['Dragon', 'God']",Mythic,PRM,7,7,None,"Flying\nWhen Tiamat enters the battlefield, if you cast it, search your library for up to five Dragon cards not named Tiamat that each have different names, reveal them, put them into your hand, then shuffle."
Titan of Industry,7.0,['G'],['G'],None,['Creature'],['Elemental'],Mythic,PRM,7,7,None,"Reach, trample\nWhen Titan of Industry enters the battlefield, choose two —\n• Destroy target artifact or enchantment.\n• Target player gains 5 life.\n• Create a 4/4 green Rhino Warrior creature token.\n• Put a shield counter on a creature you control."
"Xanathar, Guild Kingpin",6.0,"['B', 'U']","['B', 'U']",['Legendary'],['Creature'],['Beholder'],Mythic,PRM,5,6,None,"At the beginning of your upkeep, choose target opponent. Until end of turn, that player can't cast spells, you may look at the top card of their library any time, you may play the top card of their library, and you may spend mana as though it were mana of any color to cast spells this way."
Halo Fountain,3.0,['W'],['W'],None,['Artifact'],None,Mythic,PRM,None,None,None,"{W}, {T}, Untap a tapped creature you control: Create a 1/1 green and white Citizen creature token.\n{W}{W}, {T}, Untap two tapped creatures you control: Draw a card.\n{W}{W}{W}{W}{W}, {T}, Untap fifteen tapped creatures you control: You win the game."
"Galea, Kindler of Hope",4.0,"['G', 'U', 'W']","['G', 'U', 'W']",['Legendary'],['Creature'],"['Elf', 'Knight']",Rare,PRM,4,4,None,"Vigilance\nYou may look at the top card of your library any time.\nYou may cast Aura and Equipment spells from the top of your library. When you cast an Equipment spell this way, it gains ""When this Equipment enters the battlefield, attach it to target creature you control."""
Topiary Stomper,3.0,['G'],['G'],None,['Creature'],"['Plant', 'Dinosaur']",Rare,PRM,4,4,None,"Vigilance\nWhen Topiary Stomper enters the battlefield, search your library for a basic land card, put it onto the battlefield tapped, then shuffle.\nTopiary Stomper can't attack or block unless you control seven or more lands."
"Prosper, Tome-Bound",4.0,"['B', 'R']","['B', 'R']",['Legendary'],['Creature'],"['Tiefling', 'Warlock']",Mythic,PRM,1,4,None,"Deathtouch\nMystic Arcanum — At the beginning of your end step, exile the top card of your library. Until the end of your next turn, you may play that card.\nPact Boon — Whenever you play a card from exile, create a Treasure token."
Undercover Operative,4.0,['U'],['U'],None,['Creature'],"['Shapeshifter', 'Rogue']",Rare,PRM,0,0,None,"You may have Undercover Operative enter the battlefield as a copy of any creature on the battlefield, except it enters with a shield counter on it if you control that creature. (If it would be dealt damage or destroyed, remove a shield counter from it instead.)"
Triumphant Adventurer,2.0,"['B', 'W']","['B', 'W']",None,['Creature'],"['Human', 'Knight']",Rare,PRM,1,1,None,"Deathtouch\nAs long as it's your turn, Triumphant Adventurer has first strike.\nWhenever Triumphant Adventurer attacks, venture into the dungeon. (Enter the first room or advance to the next room.)"
Workshop Warchief,5.0,['G'],['G'],None,['Creature'],"['Rhino', 'Warrior']",Rare,PRM,5,3,None,"Trample\nWhen Workshop Warchief enters the battlefield, you gain 3 life.\nWhen Workshop Warchief dies, create a 4/4 green Rhino Warrior creature token.\nBlitz {4}{G}{G} (If you cast this spell for its blitz cost, it gains haste and ""When this creature dies, draw a card."" Sacrifice it at the beginning of the next end step.)"
Fevered Suspicion,8.0,"['B', 'R']","['B', 'R']",None,['Sorcery'],None,Rare,PRM,None,None,None,"Each opponent exiles cards from the top of their library until they exile a nonland card. You may cast any number of spells from among those nonland cards without paying their mana costs.\nRebound (If you cast this spell from your hand, exile it as it resolves. At the beginning of your next upkeep, you may cast this card from exile without paying its mana cost.)"
Cut of the Profits,2.0,['B'],['B'],None,['Sorcery'],None,Rare,PRM,None,None,None,"Casualty 3 (As you cast this spell, you may sacrifice a creature with power 3 or greater. When you do, copy this spell.)\nYou draw X cards and you lose X life."
"Orcus, Prince of Undeath",4.0,"['B', 'R']","['B', 'R']",['Legendary'],['Creature'],['Demon'],Rare,PRM,5,3,None,"Flying, trample\nWhen Orcus, Prince of Undeath enters the battlefield, choose one —\n• Each other creature gets -X/-X until end of turn. You lose X life.\n• Return up to X target creature cards with total mana value X or less from your graveyard to the battlefield. They gain haste until end of turn."
Evolving Door,3.0,['G'],['G'],None,['Artifact'],None,Rare,PRM,None,None,None,"{1}, {T}, Sacrifice a creature: Count the colors of the sacrificed creature, then search your library for a creature card that's exactly that many colors plus one. Exile that card, then shuffle. You may cast the exiled card. Activate only as a sorcery."
Skeletal Swarming,5.0,"['B', 'G']","['B', 'G']",None,['Enchantment'],None,Rare,PRM,None,None,None,"Each Skeleton you control has trample, attacks each combat if able, and gets +X/+0, where X is the number of other Skeletons you control.\nAt the beginning of your end step, create a tapped 1/1 black Skeleton creature token. If a creature died this turn, create two of those tokens instead."
Corpse Explosion,3.0,"['B', 'R']","['B', 'R']",None,['Sorcery'],None,Rare,PRM,None,None,None,"As an additional cost to cast this spell, exile a creature card from your graveyard.\nCorpse Explosion deals damage equal to the exiled card's power to each creature and each planeswalker."
Hurl Through Hell,4.0,"['B', 'R']","['B', 'R']",None,['Instant'],None,Rare,PRM,None,None,None,"Exile target creature. Until the end of your next turn, you may cast that card and you may spend mana as though it were mana of any color to cast that spell."
Unlicensed Hearse,2.0,None,None,None,['Artifact'],['Vehicle'],Rare,PRM,*,*,None,{T}: Exile up to two target cards from a single graveyard.\nUnlicensed Hearse's power and toughness are each equal to the number of cards exiled with it.\nCrew 2
Adult Gold Dragon,5.0,"['R', 'W']","['R', 'W']",None,['Creature'],['Dragon'],Rare,PRM,4,3,None,"Flying, lifelink, haste"
Getaway Car,3.0,None,None,None,['Artifact'],['Vehicle'],Rare,PRM,4,3,None,"Haste\nWhenever Getaway Car attacks or blocks, return up to one target creature that crewed it this turn to its owner's hand.\nCrew 1"
Wulfgar of Icewind Dale,5.0,"['G', 'R']","['G', 'R']",['Legendary'],['Creature'],"['Human', 'Barbarian']",Rare,PRM,4,4,None,"Melee (Whenever this creature attacks, it gets +1/+1 until end of turn for each opponent you attacked this combat.)\nIf a creature you control attacking causes a triggered ability of a permanent you control to trigger, that ability triggers an additional time."
Mysterious Limousine,5.0,['W'],['W'],None,['Artifact'],['Vehicle'],Rare,PRM,4,4,None,"Whenever Mysterious Limousine enters the battlefield or attacks, exile up to one other target creature until Mysterious Limousine leaves the battlefield. If a creature is put into exile this way, return each other card exiled with Mysterious Limousine to the battlefield under its owner's control.\nCrew 2"
The Deck of Many Things,5.0,None,None,['Legendary'],['Artifact'],None,Mythic,PRM,None,None,None,"{2}, {T}: Roll a d20 and subtract the number of cards in your hand. If the result is 0 or less, discard your hand.\n1—9 | Return a card at random from your graveyard to your hand.\n10—19 | Draw two cards.\n20 | Put a creature card from any graveyard onto the battlefield under your control. When that creature dies, its owner loses the game."
Shakedown Heavy,3.0,['B'],['B'],None,['Creature'],"['Ogre', 'Warrior']",Rare,PRM,6,4,None,"Menace\nWhenever Shakedown Heavy attacks, defending player may have you draw a card. If they do, untap Shakedown Heavy and remove it from combat."
Treasure Chest,3.0,None,None,None,['Artifact'],None,Rare,PRM,None,None,None,"{4}, Sacrifice Treasure Chest: Roll a d20.\n1 | Trapped! — You lose 3 life.\n2—9 | Create five Treasure tokens.\n10—19 | You gain 3 life and draw three cards.\n20 | Search your library for a card. If it's an artifact card, you may put it onto the battlefield. Otherwise, put that card into your hand. Then shuffle."
Ledger Shredder,2.0,['U'],['U'],None,['Creature'],"['Bird', 'Advisor']",Rare,PRM,1,3,None,"Flying\nWhenever a player casts their second spell each turn, Ledger Shredder connives. (Draw a card, then discard a card. If you discarded a nonland card, put a +1/+1 counter on this creature.)"
Black Market Tycoon,2.0,"['G', 'R']","['G', 'R']",None,['Creature'],"['Cat', 'Rogue']",Rare,PRM,2,2,None,"At the beginning of your upkeep, Black Market Tycoon deals 2 damage to you for each Treasure you control.\n{T}: Create a Treasure token."
Hand of Vecna,3.0,None,None,['Legendary'],['Artifact'],['Equipment'],Rare,PRM,None,None,None,"At the beginning of combat on your turn, equipped creature or a creature you control named Vecna gets +X/+X until end of turn, where X is the number of cards in your hand.\nEquip—Pay 1 life for each card in your hand.\nEquip {2}"
Reservoir Kraken,4.0,['U'],['U'],None,['Creature'],['Kraken'],Rare,PRM,6,6,None,"Trample, ward {2}\nAt the beginning of each combat, if Reservoir Kraken is untapped, any opponent may tap an untapped creature they control. If they do, tap Reservoir Kraken and create a 1/1 blue Fish creature token with ""This creature can't be blocked."""
Eye of Vecna,2.0,None,None,['Legendary'],['Artifact'],None,Rare,PRM,None,None,None,"When Eye of Vecna enters the battlefield, you draw a card and you lose 2 life.\nAt the beginning of your upkeep, you may pay {2}. If you do, you draw a card and you lose 2 life."
Structural Assault,5.0,['R'],['R'],None,['Sorcery'],None,Rare,PRM,None,None,None,"Destroy all artifacts, then Structural Assault deals damage to each creature equal to the number of artifacts that were put into graveyards from the battlefield this turn."
Intrepid Adversary,2.0,['W'],['W'],None,['Creature'],"['Human', 'Scout']",Mythic,PRM,3,1,None,"Lifelink\nWhen Intrepid Adversary enters the battlefield, you may pay {1}{W} any number of times. When you pay this cost one or more times, put that many valor counters on Intrepid Adversary.\nCreatures you control get +1/+1 for each valor counter on Intrepid Adversary."
Devilish Valet,3.0,['R'],['R'],None,['Creature'],"['Devil', 'Warrior']",Rare,PRM,1,3,None,"Trample, haste\nAlliance — Whenever another creature enters the battlefield under your control, double Devilish Valet's power until end of turn."
Sigardian Savior,5.0,['W'],['W'],None,['Creature'],['Angel'],Mythic,PRM,3,3,None,"Flying\nWhen Sigardian Savior enters the battlefield, if you cast it, return up to two target creature cards with mana value 2 or less from your graveyard to the battlefield."
Extraction Specialist,3.0,['W'],['W'],None,['Creature'],"['Human', 'Rogue']",Rare,PRM,3,2,None,"Lifelink\nWhen Extraction Specialist enters the battlefield, return target creature card with mana value 2 or less from your graveyard to the battlefield. That creature can't attack or block for as long as you control Extraction Specialist."
Avacyn's Memorial,8.0,['W'],['W'],['Legendary'],['Artifact'],None,Mythic,PRM,None,None,None,Indestructible\nOther legendary permanents you control have indestructible.
Park Heights Pegasus,2.0,"['G', 'W']","['G', 'W']",None,['Creature'],['Pegasus'],Rare,PRM,2,1,None,"Flying, trample\nWhenever Park Heights Pegasus deals combat damage to a player, draw a card if you had two or more creatures enter the battlefield under your control this turn."
Enduring Angel // Angelic Enforcer,5.0,['W'],['W'],None,['Creature'],['Angel'],Mythic,PRM,3,3,None,"Flying, double strike\nYou have hexproof.\nIf your life total would be reduced to 0 or less, instead transform Enduring Angel and your life total becomes 3. Then if Enduring Angel didn't transform this way, you lose the game."
Hoard Hauler,4.0,['R'],['R'],None,['Artifact'],['Vehicle'],Rare,PRM,5,5,None,"Trample\nWhenever Hoard Hauler deals combat damage to a player, create a Treasure token for each artifact they control.\nCrew 3"
Professional Face-Breaker,3.0,['R'],['R'],None,['Creature'],"['Human', 'Warrior']",Rare,PRM,2,3,None,"Menace\nWhenever one or more creatures you control deal combat damage to a player, create a Treasure token.\nSacrifice a Treasure: Exile the top card of your library. You may play that card this turn."
Sungold Sentinel,2.0,['W'],['W'],None,['Creature'],"['Human', 'Soldier']",Rare,PRM,3,2,None,"Whenever Sungold Sentinel enters the battlefield or attacks, exile up to one target card from a graveyard.\nCoven — {1}{W}: Choose a color. Sungold Sentinel gains hexproof from that color until end of turn and can't be blocked by creatures of that color this turn. Activate only if you control three or more creatures with different powers."
Gala Greeters,2.0,['G'],['G'],None,['Creature'],"['Elf', 'Druid']",Rare,PRM,1,1,None,"Alliance — Whenever another creature enters the battlefield under your control, choose one that hasn't been chosen this turn —\n• Put a +1/+1 counter on Gala Greeters.\n• Create a tapped Treasure token.\n• You gain 2 life."
Wall of Mourning,2.0,['W'],['W'],None,['Creature'],['Wall'],Rare,PRM,0,4,None,"Defender\nWhen Wall of Mourning enters the battlefield, exile a card from the top of your library face down for each opponent you have.\nCoven — At the beginning of your end step, if you control three or more creatures with different powers, put a card exiled with Wall of Mourning into its owner's hand."
Cut Your Losses,6.0,['U'],['U'],None,['Sorcery'],None,Rare,PRM,None,None,None,"Casualty 2 (As you cast this spell, you may sacrifice a creature with power 2 or greater. When you do, copy this spell and you may choose a new target for the copy.)\nTarget player mills half their library, rounded down."
Stalwart Pathlighter,3.0,['W'],['W'],None,['Creature'],"['Human', 'Soldier']",Rare,PRM,3,1,None,"Vigilance\nCoven — At the beginning of combat on your turn, if you control three or more creatures with different powers, creatures you control gain indestructible until end of turn."
Sanguine Spy,3.0,['B'],['B'],None,['Creature'],"['Vampire', 'Rogue']",Rare,PRM,2,3,None,"Menace, lifelink\n{1}, Sacrifice another creature: Surveil 1. (Look at the top card of your library. You may put that card into your graveyard.)\nAt the beginning of your end step, if there are five or more mana values among cards in your graveyard, you may pay 2 life. If you do, draw a card."
Sigarda's Splendor,4.0,['W'],['W'],None,['Enchantment'],None,Rare,PRM,None,None,None,"As Sigarda's Splendor enters the battlefield, note your life total.\nAt the beginning of your upkeep, draw a card if your life total is greater than or equal to the last noted life total for Sigarda's Splendor. Then note your life total.\nWhenever you cast a white spell, you gain 1 life."
Meeting of the Five,8.0,"['B', 'G', 'R', 'U', 'W']","['B', 'G', 'R', 'U', 'W']",None,['Sorcery'],None,Mythic,PRM,None,None,None,Exile the top ten cards of your library. You may cast spells with exactly three colors from among them this turn. Add {W}{W}{U}{U}{B}{B}{R}{R}{G}{G}. Spend this mana only to cast spells with exactly three colors.
Fateful Absence,2.0,['W'],['W'],None,['Instant'],None,Rare,PRM,None,None,None,"Destroy target creature or planeswalker. Its controller investigates. (Create a Clue token. It's an artifact with ""{2}, Sacrifice this artifact: Draw a card."")"
Arcane Bombardment,6.0,['R'],['R'],None,['Enchantment'],None,Mythic,PRM,None,None,None,"Whenever you cast your first instant or sorcery spell each turn, exile an instant or sorcery card at random from your graveyard. Then copy each card exiled with Arcane Bombardment. You may cast any number of the copies without paying their mana costs."
Curse of Silence,1.0,['W'],['W'],None,['Enchantment'],"['Aura', 'Curse']",Rare,PRM,None,None,None,"Enchant player\nAs Curse of Silence enters the battlefield, choose a card name.\nSpells with the chosen name enchanted player casts cost {2} more to cast.\nWhenever enchanted player casts a spell with the chosen name, you may sacrifice Curse of Silence. If you do, draw a card."
Body Launderer,4.0,['B'],['B'],None,['Creature'],"['Ogre', 'Rogue']",Mythic,PRM,3,3,None,"Deathtouch\nWhenever another nontoken creature you control dies, Body Launderer connives.\nWhen Body Launderer dies, return another target non-Rogue creature card with equal or lesser power from your graveyard to the battlefield."
Vanquish the Horde,8.0,['W'],['W'],None,['Sorcery'],None,Rare,PRM,None,None,None,This spell costs {1} less to cast for each creature on the battlefield.\nDestroy all creatures.
"Luxior, Giada's Gift",1.0,None,None,['Legendary'],['Artifact'],['Equipment'],Mythic,PRM,None,None,None,Equipped creature gets +1/+1 for each counter on it.\nEquipped permanent isn't a planeswalker and is a creature in addition to its other types. (Loyalty abilities can still be activated.)\nEquip planeswalker {1}\nEquip {3}
Spectral Adversary,2.0,['U'],['U'],None,['Creature'],['Spirit'],Mythic,PRM,2,1,None,"Flash\nFlying\nWhen Spectral Adversary enters the battlefield, you may pay {1}{U} any number of times. When you pay this cost one or more times, put that many +1/+1 counters on Spectral Adversary, then up to that many other target artifacts, creatures, and/or enchantments phase out."
Even the Score,3.0,['U'],['U'],None,['Instant'],None,Mythic,PRM,None,None,None,This spell costs {U}{U}{U} less to cast if an opponent has drawn four or more cards this turn.\nDraw X cards.
Poppet Stitcher // Poppet Factory,3.0,['U'],['U'],None,['Creature'],"['Human', 'Wizard']",Mythic,PRM,2,3,None,"Whenever you cast an instant or sorcery spell, create a 2/2 black Zombie creature token with decayed. (It can't block. When it attacks, sacrifice it at end of combat.)\nAt the beginning of your upkeep, if you control three or more creature tokens, you may transform Poppet Stitcher."
Angel of Suffering,5.0,['B'],['B'],None,['Creature'],"['Nightmare', 'Angel']",Mythic,PRM,5,3,None,"Flying\nIf damage would be dealt to you, prevent that damage and mill twice that many cards."
"Jaxis, the Troublemaker",4.0,['R'],['R'],['Legendary'],['Creature'],"['Human', 'Warrior']",Rare,PRM,2,3,None,"{R}, {T}, Discard a card: Create a token that's a copy of another target creature you control. It gains haste and ""When this creature dies, draw a card."" Sacrifice it at the beginning of the next end step. Activate only as a sorcery.\nBlitz {1}{R} (If you cast this spell for its blitz cost, it gains haste and ""When this creature dies, draw a card."" Sacrifice it at the beginning of the next end step.)"
Triskaidekaphile,2.0,['U'],['U'],None,['Creature'],"['Human', 'Wizard']",Rare,PRM,1,3,None,"You have no maximum hand size.\nAt the beginning of your upkeep, if you have exactly thirteen cards in your hand, you win the game.\n{3}{U}: Draw a card."
Rabble Rousing,5.0,['W'],['W'],None,['Enchantment'],None,Rare,PRM,None,None,None,"Hideaway 5 (When this enchantment enters the battlefield, look at the top five cards of your library, exile one face down, then put the rest on the bottom in a random order.)\nWhenever you attack with one or more creatures, create that many 1/1 green and white Citizen creature tokens. Then if you control ten or more creatures, you may play the exiled card without paying its mana cost."
Cleaver Skaab,4.0,['U'],['U'],None,['Creature'],"['Zombie', 'Horror']",Rare,PRM,2,4,None,"{3}, {T}, Sacrifice another Zombie: Create two tokens that are copies of the sacrificed creature."
Wiretapping,5.0,['U'],['U'],None,['Enchantment'],None,Rare,PRM,None,None,None,"Hideaway 5 (When this enchantment enters the battlefield, look at the top five cards of your library, exile one face down, then put the rest on the bottom in a random order.)\nWhenever you draw your first card during each of your draw steps, draw a card. Then if you have nine or more cards in hand, you may play the exiled card without paying its mana cost."
Cemetery Tampering,3.0,['B'],['B'],None,['Enchantment'],None,Rare,PRM,None,None,None,"Hideaway 5 (When this enchantment enters the battlefield, look at the top five cards of your library, exile one face down, then put the rest on the bottom in a random order.)\nAt the beginning of your upkeep, you may mill three cards. Then if there are twenty or more cards in your graveyard, you may play the exiled card without paying its mana cost."
Patrician Geist,3.0,['U'],['U'],None,['Creature'],"['Spirit', 'Knight']",Rare,PRM,2,2,None,Flying\nOther Spirits you control get +1/+1.\nSpells you cast from your graveyard cost {1} less to cast.
Widespread Thieving,3.0,['R'],"['B', 'G', 'R', 'U', 'W']",None,['Enchantment'],None,Rare,PRM,None,None,None,"Hideaway 5 (When this enchantment enters the battlefield, look at the top five cards of your library, exile one face down, then put the rest on the bottom in a random order.)\nWhenever you cast a multicolored spell, create a Treasure token. Then you may pay {W}{U}{B}{R}{G}. If you do, you may play the exiled card without paying its mana cost."
Sludge Monster,5.0,['U'],['U'],None,['Creature'],['Horror'],Rare,PRM,5,5,None,"Whenever Sludge Monster enters the battlefield or attacks, put a slime counter on up to one other target creature.\nNon-Horror creatures with slime counters on them lose all abilities and have base power and toughness 2/2."
Fight Rigging,3.0,['G'],['G'],None,['Enchantment'],None,Rare,PRM,None,None,None,"Hideaway 5 (When this enchantment enters the battlefield, look at the top five cards of your library, exile one face down, then put the rest on the bottom in a random order.)\nAt the beginning of combat on your turn, put a +1/+1 counter on target creature you control. Then if you control a creature with power 7 or greater, you may play the exiled card without paying its mana cost."
Memory Deluge,4.0,['U'],['U'],None,['Instant'],None,Rare,PRM,None,None,None,"Look at the top X cards of your library, where X is the amount of mana spent to cast this spell. Put two of them into your hand and the rest on the bottom of your library in a random order.\nFlashback {5}{U}{U} (You may cast this card from your graveyard for its flashback cost. Then exile it.)"
Depopulate,4.0,['W'],['W'],None,['Sorcery'],None,Rare,PRM,None,None,None,Each player who controls a multicolored creature draws a card. Then destroy all creatures.
Drown in Dreams,3.0,['U'],['U'],None,['Instant'],None,Rare,PRM,None,None,None,"Choose one. If you control a commander as you cast this spell, you may choose both.\n• Target player draws X cards.\n• Target player mills twice X cards."
"Tivit, Seller of Secrets",6.0,"['B', 'U', 'W']","['B', 'U', 'W']",['Legendary'],['Creature'],"['Sphinx', 'Rogue']",Mythic,PRM,6,6,None,"Flying, ward {3}\nCouncil's dilemma — Whenever Tivit enters the battlefield or deals combat damage to a player, starting with you, each player votes for evidence or bribery. For each evidence vote, investigate. For each bribery vote, create a Treasure token.\nWhile voting, you may vote an additional time. (The votes can be for different choices or for the same choice.)"
Grafted Identity,4.0,['U'],['U'],None,['Enchantment'],['Aura'],Rare,PRM,None,None,None,"As an additional cost to cast this spell, sacrifice a creature.\nEnchant creature\nYou control enchanted creature.\nEnchanted creature gets +1/+1."
Dogged Detective,2.0,['B'],['B'],None,['Creature'],"['Human', 'Rogue']",Rare,PRM,2,1,None,"When Dogged Detective enters the battlefield, surveil 2. (Look at the top two cards of your library, then put any number of them into your graveyard and the rest on top of your library in any order.)\nWhenever an opponent draws their second card each turn, you may return Dogged Detective from your graveyard to your hand."
Empty the Laboratory,2.0,['U'],['U'],None,['Sorcery'],None,Rare,PRM,None,None,None,"Sacrifice X Zombies, then reveal cards from the top of your library until you reveal a number of Zombie creature cards equal to the number of Zombies sacrificed this way. Put those cards onto the battlefield and the rest on the bottom of your library in a random order."
Extravagant Replication,6.0,['U'],['U'],None,['Enchantment'],None,Rare,PRM,None,None,None,"At the beginning of your upkeep, create a token that's a copy of another target nonland permanent you control."
Curse of Surveillance,5.0,['U'],['U'],None,['Enchantment'],"['Aura', 'Curse']",Rare,PRM,None,None,None,"Enchant player\nAt the beginning of enchanted player's upkeep, any number of target players other than that player each draw cards equal to the number of Curses attached to that player."
Scepter of Celebration,3.0,['G'],['G'],None,['Artifact'],['Equipment'],Rare,PRM,None,None,None,"Equipped creature gets +2/+0 and has trample.\nWhenever equipped creature deals combat damage to a player, create that many 1/1 green and white Citizen creature tokens.\nEquip {3}"
Malevolent Hermit // Benevolent Geist,2.0,['U'],['U'],None,['Creature'],"['Human', 'Wizard']",Rare,PRM,2,1,None,"{U}, Sacrifice Malevolent Hermit: Counter target noncreature spell unless its controller pays {3}.\nDisturb {2}{U} (You may cast this card from your graveyard transformed for its disturb cost.)"
Crash the Party,6.0,['G'],['G'],None,['Instant'],None,Rare,PRM,None,None,None,Create a tapped 4/4 green Rhino Warrior creature token for each tapped creature you control.
Grand Crescendo,2.0,['W'],['W'],None,['Instant'],None,Rare,PRM,None,None,None,Create X 1/1 green and white Citizen creature tokens. Creatures you control gain indestructible until end of turn.
Tainted Adversary,2.0,['B'],['B'],None,['Creature'],['Zombie'],Mythic,PRM,2,3,None,"Deathtouch\nWhen Tainted Adversary enters the battlefield, you may pay {2}{B} any number of times. When you pay this cost one or more times, put that many +1/+1 counters on Tainted Adversary, then create twice that many 2/2 black Zombie creature tokens with decayed. (A creature with decayed can't block. When it attacks, sacrifice it at end of combat.)"
Killer Service,3.0,['G'],['G'],None,['Enchantment'],None,Rare,PRM,None,None,None,"When Killer Service enters the battlefield, create a number of Food tokens equal to the number of opponents you have. (They're artifacts with ""{2}, {T}, Sacrifice this artifact: You gain 3 life."")\nAt the beginning of your end step, you may pay {2} and sacrifice a token. If you do, create a 4/4 green Rhino Warrior creature token."
Lord of the Forsaken,6.0,['B'],['B'],None,['Creature'],['Demon'],Mythic,PRM,6,6,None,"Flying, trample\n{B}, Sacrifice another creature: Target player mills three cards.\nPay 1 life: Add {C}. Spend this mana only to cast a spell from your graveyard."
Misfortune Teller,4.0,['B'],['B'],None,['Creature'],"['Human', 'Warlock']",Rare,PRM,3,1,None,"Deathtouch\nWhenever Misfortune Teller enters the battlefield or deals combat damage to a player, exile target card from a graveyard. If it was a creature card, create a 2/2 black Rogue creature token. If it was a land card, create a Treasure token. Otherwise, you gain 3 life."
The Meathook Massacre,2.0,['B'],['B'],['Legendary'],['Enchantment'],None,Mythic,PRM,None,None,None,"When The Meathook Massacre enters the battlefield, each creature gets -X/-X until end of turn.\nWhenever a creature you control dies, each opponent loses 1 life.\nWhenever a creature an opponent controls dies, you gain 1 life."
Currency Converter,1.0,None,None,None,['Artifact'],None,Rare,PRM,None,None,None,"Whenever you discard a card, you may exile that card from your graveyard.\n{2}, {T}: Draw a card, then discard a card.\n{T}: Put a card exiled with Currency Converter into your graveyard. If it's a land card, create a Treasure token. If it's a nonland card, create a 2/2 black Rogue creature token."
Champion of the Perished,1.0,['B'],['B'],None,['Creature'],['Zombie'],Rare,PRM,1,1,None,"Whenever another Zombie enters the battlefield under your control, put a +1/+1 counter on Champion of the Perished."
Angelic Sleuth,3.0,['W'],['W'],None,['Creature'],"['Angel', 'Advisor']",Rare,PRM,2,3,None,"Flying\nWhenever another permanent you control leaves the battlefield, if it had counters on it, investigate. (Create a colorless Clue artifact token with ""{2}, Sacrifice this artifact: Draw a card."")"
Prowling Geistcatcher,4.0,['B'],['B'],None,['Creature'],"['Human', 'Rogue']",Rare,PRM,2,4,None,"Whenever you sacrifice another creature, exile it. If that creature was a token, put a +1/+1 counter on Prowling Geistcatcher.\nWhen Prowling Geistcatcher leaves the battlefield, return each card exiled with it to the battlefield under your control."
False Floor,4.0,None,None,None,['Artifact'],None,Rare,PRM,None,None,None,"False Floor enters the battlefield tapped.\nCreatures enter the battlefield tapped.\n{2}, {T}, Exile False Floor: Exile all untapped creatures. Activate only as a sorcery."
Life Insurance,5.0,"['B', 'W']","['B', 'W']",None,['Enchantment'],None,Rare,PRM,None,None,None,"Extort (Whenever you cast a spell, you may pay {W/B}. If you do, each opponent loses 1 life and you gain that much life.)\nWhenever a nontoken creature dies, you lose 1 life and create a Treasure token."
Slaughter Specialist,2.0,['B'],['B'],None,['Creature'],"['Vampire', 'Warrior']",Rare,PRM,3,3,None,"When Slaughter Specialist enters the battlefield, each opponent creates a 1/1 white Human creature token.\nWhenever a creature an opponent controls dies, put a +1/+1 counter on Slaughter Specialist."
Body Count,3.0,['B'],['B'],None,['Instant'],None,Rare,PRM,None,None,None,Spectacle {B} (You may cast this spell for its spectacle cost rather than its mana cost if an opponent lost life this turn.)\nDraw a card for each creature that died under your control this turn.
Crowded Crypt,3.0,['B'],['B'],None,['Artifact'],None,Rare,PRM,None,None,None,"{T}: Add {B}.\nWhenever a creature you control dies, put a corpse counter on Crowded Crypt.\n{4}{B}{B}, {T}, Sacrifice Crowded Crypt: Create a 2/2 black Zombie creature token with decayed for each corpse counter on Crowded Crypt. (A creature with decayed can't block. When it attacks, sacrifice it at end of combat.)"
Writ of Return,5.0,['B'],['B'],None,['Sorcery'],None,Rare,PRM,None,None,None,"Return target creature card from your graveyard to the battlefield tapped.\nCipher (Then you may exile this spell card encoded on a creature you control. Whenever that creature deals combat damage to a player, its controller may cast a copy of the encoded card without paying its mana cost.)"
Bloodline Culling,3.0,['B'],['B'],None,['Instant'],None,Rare,PRM,None,None,None,Choose one —\n• Target creature gets -5/-5 until end of turn.\n• Creature tokens get -2/-2 until end of turn.
Spellbinding Soprano,2.0,['R'],['R'],None,['Creature'],"['Human', 'Bard']",Rare,PRM,2,2,None,"Whenever Spellbinding Soprano attacks, instant and sorcery spells you cast this turn cost {1} less to cast.\nEncore {3}{R} ({3}{R}, Exile this card from your graveyard: For each opponent, create a token copy that attacks that opponent this turn if able. They gain haste. Sacrifice them at the beginning of the next end step. Activate only as a sorcery.)"
Curse of the Restless Dead,3.0,['B'],['B'],None,['Enchantment'],"['Aura', 'Curse']",Rare,PRM,None,None,None,"Enchant player\nWhenever a land enters the battlefield under enchanted player's control, you create a 2/2 black Zombie creature token with decayed. (It can't block. When it attacks, sacrifice it at end of combat.)"
Dodgy Jalopy,3.0,['G'],['G'],None,['Artifact'],['Vehicle'],Rare,PRM,*,5,None,"Trample\nDodgy Jalopy's power is equal to the highest mana value among creatures you control.\nCrew 3\nScavenge {2}{G} ({2}{G}, Exile this card from your graveyard: Put a number of +1/+1 counters equal to this card's power on target creature. Scavenge only as a sorcery.)"
Mask of Griselbrand,3.0,['B'],['B'],['Legendary'],['Artifact'],['Equipment'],Rare,PRM,None,None,None,"Equipped creature has flying and lifelink.\nWhenever equipped creature dies, you may pay X life, where X is its power. If you do, draw X cards.\nEquip {3}"
Boss's Chauffeur,5.0,['W'],['W'],None,['Creature'],"['Elf', 'Citizen']",Rare,PRM,0,0,None,"Boss's Chauffeur enters the battlefield with a number of +1/+1 counters on it equal to one plus the number of other creatures you control.\nAlliance — Whenever another creature enters the battlefield under your control, put a +1/+1 counter on Boss's Chauffeur.\nWhen Boss's Chauffeur dies, create a 1/1 green and white Citizen creature token for each +1/+1 counter on it."
Ghouls' Night Out,5.0,['B'],['B'],None,['Sorcery'],None,Rare,PRM,None,None,None,"For each player, choose a creature card in that player's graveyard. Put those cards onto the battlefield under your control. They're black Zombies in addition to their other colors and types and they gain decayed. (A creature with decayed can't block. When it attacks, sacrifice it at end of combat.)"
Waste Management,3.0,['B'],['B'],None,['Instant'],None,Rare,PRM,None,None,None,"Kicker {3}{B} (You may pay an additional {3}{B} as you cast this spell.)\nExile up to two target cards from a single graveyard. If this spell was kicked, instead exile target player's graveyard. Create a 2/2 black Rogue creature token for each creature card exiled this way."
Curse of Leeches // Leeching Lurker,3.0,['B'],['B'],None,['Enchantment'],"['Aura', 'Curse']",Rare,PRM,None,None,None,"Enchant player\nAs this permanent transforms into Curse of Leeches, attach it to a player.\nAt the beginning of enchanted player's upkeep, they lose 1 life and you gain 1 life.\nDaybound (If a player casts no spells during their own turn, it becomes night next turn.)"
Cabaretti Confluence,6.0,"['G', 'R', 'W']","['G', 'R', 'W']",None,['Sorcery'],None,Rare,PRM,None,None,None,Choose three. You may choose the same mode more than once.\n• Create a token that's a copy of target creature you control. It gains haste. Sacrifice it at the beginning of the next end step.\n• Exile target artifact or enchantment.\n• Creatures target player controls get +1/+1 and gain first strike until end of turn.
Bloodthirsty Adversary,2.0,['R'],['R'],None,['Creature'],['Vampire'],Mythic,PRM,2,2,None,"Haste\nWhen Bloodthirsty Adversary enters the battlefield, you may pay {2}{R} any number of times. When you pay this cost one or more times, put that many +1/+1 counters on Bloodthirsty Adversary, then exile up to that many target instant and/or sorcery cards with mana value 3 or less from your graveyard and copy them. You may cast any number of the copies without paying their mana costs."
In Too Deep,2.0,['U'],['U'],None,['Enchantment'],['Aura'],Rare,PRM,None,None,None,"Split second (As long as this spell is on the stack, players can't cast spells or activate abilities that aren't mana abilities.)\nEnchant creature, planeswalker, or Clue\nEnchanted permanent is a colorless Clue artifact with ""{2}, Sacrifice this artifact: Draw a card"" and loses all other abilities. (It's no longer a creature or planeswalker.)"
Moonveil Regent,4.0,['R'],['R'],None,['Creature'],['Dragon'],Mythic,PRM,4,4,None,"Flying\nWhenever you cast a spell, you may discard your hand. If you do, draw a card for each of that spell's colors.\nWhen Moonveil Regent dies, it deals X damage to any target, where X is the number of colors among permanents you control."
Brokers Confluence,5.0,"['G', 'U', 'W']","['G', 'U', 'W']",None,['Instant'],None,Rare,PRM,None,None,None,"Choose three. You may choose the same mode more than once.\n• Proliferate. (Choose any number of permanents and/or players, then give each another counter of each kind already there.)\n• Target creature phases out. (Treat it and anything attached to it as though they don't exist until its controller's next turn.)\n• Counter target activated or triggered ability."
Sunstreak Phoenix,4.0,['R'],['R'],None,['Creature'],['Phoenix'],Mythic,PRM,4,2,None,"Flying\nIf it's neither day nor night, it becomes day as Sunstreak Phoenix enters the battlefield.\nWhenever day becomes night or night becomes day, you may pay {1}{R}. If you do, return Sunstreak Phoenix from your graveyard to the battlefield tapped."
Prosperous Partnership,3.0,"['R', 'W']","['R', 'W']",None,['Enchantment'],None,Rare,PRM,None,None,None,"When Prosperous Partnership enters the battlefield, create two 1/1 green and white Citizen creature tokens.\nTap three untapped creatures you control: Create a Treasure token."
Falkenrath Pit Fighter,1.0,['R'],['R'],None,['Creature'],"['Vampire', 'Warrior']",Rare,PRM,2,1,None,"{1}{R}, Discard a card, Sacrifice a Vampire: Draw two cards. Activate only if an opponent lost life this turn."
Light Up the Night,1.0,['R'],['R'],None,['Sorcery'],None,Rare,PRM,None,None,None,"Light Up the Night deals X damage to any target. It deals X plus 1 damage instead if that target is a creature or planeswalker.\nFlashback—{3}{R}, Remove X loyalty counters from among planeswalkers you control. If you cast this spell this way, X can't be 0. (You may cast this card from your graveyard for its flashback cost. Then exile it.)"
Dig Through Time,8.0,['U'],['U'],None,['Instant'],None,Rare,PRM,None,None,None,Delve (Each card you exile from your graveyard while casting this spell pays for {1}.)\nLook at the top seven cards of your library. Put two of them into your hand and the rest on the bottom of your library in any order.
Curse of Shaken Faith,2.0,['R'],['R'],None,['Enchantment'],"['Aura', 'Curse']",Rare,PRM,None,None,None,"Enchant player\nWhenever enchanted player casts a spell other than the first spell they cast each turn or copies a spell, Curse of Shaken Faith deals 2 damage to them."
Geistflame Reservoir,3.0,['R'],['R'],None,['Artifact'],None,Rare,PRM,None,None,None,"Whenever you cast an instant or sorcery spell, put a charge counter on Geistflame Reservoir.\n{1}{R}, {T}, Remove any number of charge counters from Geistflame Reservoir: It deals that much damage to any target.\n{1}{R}, {T}: Exile the top card of your library. You may play that card this turn."
Burn Down the House,5.0,['R'],['R'],None,['Sorcery'],None,Rare,PRM,None,None,None,"Choose one —\n• Burn Down the House deals 5 damage to each creature and each planeswalker.\n• Create three 1/1 red Devil creature tokens with ""When this creature dies, it deals 1 damage to any target."" They gain haste until end of turn."
Smoldering Egg // Ashmouth Dragon,2.0,['R'],['R'],None,['Creature'],"['Dragon', 'Egg']",Rare,PRM,0,4,None,"Defender\nWhenever you cast an instant or sorcery spell, put a number of ember counters on Smoldering Egg equal to the amount of mana spent to cast that spell. Then if Smoldering Egg has seven or more ember counters on it, remove them and transform Smoldering Egg."
Primal Adversary,3.0,['G'],['G'],None,['Creature'],['Wolf'],Mythic,PRM,4,3,None,"Trample\nWhen Primal Adversary enters the battlefield, you may pay {1}{G} any number of times. When you pay this cost one or more times, put that many +1/+1 counters on Primal Adversary, then up to that many target lands you control become 3/3 Wolf creatures with haste that are still lands."
Mentor of the Meek,3.0,['W'],['W'],None,['Creature'],"['Human', 'Soldier']",Uncommon,PRM,2,2,None,"Whenever another creature with power 2 or less enters the battlefield under your control, you may pay {1}. If you do, draw a card."
Consuming Blob,5.0,['G'],['G'],None,['Creature'],['Ooze'],Mythic,PRM,*,*+1,None,"Consuming Blob's power is equal to the number of card types among cards in your graveyard and its toughness is equal to that number plus 1.\nAt the beginning of your end step, create a green Ooze creature token with ""This creature's power is equal to the number of card types among cards in your graveyard and its toughness is equal to that number plus 1."""
Flickerwisp,3.0,['W'],['W'],None,['Creature'],['Elemental'],Uncommon,PRM,3,1,None,"Flying\nWhen Flickerwisp enters the battlefield, exile another target permanent. Return that card to the battlefield under its owner's control at the beginning of the next end step."
Wrenn and Seven,5.0,['G'],['G'],['Legendary'],['Planeswalker'],['Wrenn'],Mythic,PRM,None,None,5,"[+1]: Reveal the top four cards of your library. Put all land cards revealed this way into your hand and the rest into your graveyard.\n[0]: Put any number of land cards from your hand onto the battlefield tapped.\n[−3]: Create a green Treefolk creature token with reach and ""This creature's power and toughness are each equal to the number of lands you control.""\n[−8]: Return all permanent cards from your graveyard to your hand. You get an emblem with ""You have no maximum hand size."""
Weathered Wayfarer,1.0,['W'],['W'],None,['Creature'],"['Human', 'Nomad', 'Cleric']",Rare,PRM,1,1,None,"{W}, {T}: Search your library for a land card, reveal it, put it into your hand, then shuffle. Activate only if an opponent controls more lands than you."
Willow Geist,1.0,['G'],['G'],None,['Creature'],"['Treefolk', 'Spirit']",Rare,PRM,1,1,None,"Trample\nWhenever one or more cards leave your graveyard, put a +1/+1 counter on Willow Geist.\nWhen Willow Geist dies, you gain life equal to its power."
Teferi's Protection,3.0,['W'],['W'],None,['Instant'],None,Rare,PRM,None,None,None,"Until your next turn, your life total can't change and you gain protection from everything. All permanents you control phase out. (While they're phased out, they're treated as though they don't exist. They phase in before you untap during your untap step.)\nExile Teferi's Protection."
Heronblade Elite,3.0,['G'],['G'],None,['Creature'],"['Human', 'Warrior']",Rare,PRM,1,1,None,"Vigilance\nWhenever another Human enters the battlefield under your control, put a +1/+1 counter on Heronblade Elite.\n{T}: Add X mana of any one color, where X is Heronblade Elite's power."
Smothering Tithe,4.0,['W'],['W'],None,['Enchantment'],None,Rare,PRM,None,None,None,"Whenever an opponent draws a card, that player may pay {2}. If the player doesn't, you create a Treasure token. (It's an artifact with ""{T}, Sacrifice this artifact: Add one mana of any color."")"
Augur of Autumn,3.0,['G'],['G'],None,['Creature'],"['Human', 'Druid']",Rare,PRM,2,3,None,"You may look at the top card of your library any time.\nYou may play lands from the top of your library.\nCoven — As long as you control three or more creatures with different powers, you may cast creature spells from the top of your library."
Emiel the Blessed,4.0,['W'],"['G', 'W']",['Legendary'],['Creature'],['Unicorn'],Mythic,PRM,4,4,None,"{3}: Exile another target creature you control, then return it to the battlefield under its owner's control.\nWhenever another creature enters the battlefield under your control, you may pay {G/W}. If you do, put a +1/+1 counter on it. If it's a Unicorn, put two +1/+1 counters on it instead. ({G/W} can be paid with either {G} or {W}.)"
Briarbridge Tracker,3.0,['G'],['G'],None,['Creature'],"['Human', 'Scout']",Rare,PRM,2,3,None,"Vigilance\nWhen Briarbridge Tracker enters the battlefield, investigate. (Create a Clue token. It's an artifact with ""{2}, Sacrifice this artifact: Draw a card."")\nAs long as you control a token, Briarbridge Tracker gets +2/+0."
Thought Scour,1.0,['U'],['U'],None,['Instant'],None,Common,PRM,None,None,None,Target player mills two cards.\nDraw a card.
Somberwald Beastmaster,7.0,['G'],['G'],None,['Creature'],"['Human', 'Ranger']",Rare,PRM,1,1,None,"When Somberwald Beastmaster enters the battlefield, create a 2/2 green Wolf creature token, a 3/3 green Beast creature token, and a 4/4 green Beast creature token.\nCreature tokens you control have deathtouch."
Spell Pierce,1.0,['U'],['U'],None,['Instant'],None,Common,PRM,None,None,None,Counter target noncreature spell unless its controller pays {2}.
Unnatural Growth,5.0,['G'],['G'],None,['Enchantment'],None,Rare,PRM,None,None,None,"At the beginning of each combat, double the power and toughness of each creature you control until end of turn."
Storm the Festival,6.0,['G'],['G'],None,['Sorcery'],None,Rare,PRM,None,None,None,Look at the top five cards of your library. You may put up to two permanent cards with mana value 5 or less from among them onto the battlefield. Put the rest on the bottom of your library in a random order.\nFlashback {7}{G}{G}{G} (You may cast this card from your graveyard for its flashback cost. Then exile it.)
"Teferi, Who Slows the Sunset",4.0,"['U', 'W']","['U', 'W']",['Legendary'],['Planeswalker'],['Teferi'],Mythic,PRM,None,None,4,"[+1]: Choose up to one target artifact, up to one target creature, and up to one target land. Untap the chosen permanents you control. Tap the chosen permanents you don't control. You gain 2 life.\n[−2]: Look at the top three cards of your library. Put one of them into your hand and the rest on the bottom of your library in any order.\n[−7]: You get an emblem with ""Untap all permanents you control during each opponent's untap step"" and ""You draw a card during each opponent's draw step."""
"Eloise, Nephalia Sleuth",5.0,"['B', 'U']","['B', 'U']",['Legendary'],['Creature'],"['Human', 'Rogue']",Mythic,PRM,4,4,None,"Whenever another creature you control dies, investigate. (Create a Clue token. It's an artifact with ""{2}, Sacrifice this artifact: Draw a card."")\nWhenever you sacrifice a token, surveil 1. (Look at the top card of your library. You may put that card into your graveyard.)"
"Leinore, Autumn Sovereign",4.0,"['G', 'W']","['G', 'W']",['Legendary'],['Creature'],"['Human', 'Noble']",Mythic,PRM,0,4,None,"Coven — At the beginning of combat on your turn, put a +1/+1 counter on up to one target creature you control. Then if you control three or more creatures with different powers, draw a card."
Unearth,1.0,['B'],['B'],None,['Sorcery'],None,Common,PRM,None,None,None,"Return target creature card with mana value 3 or less from your graveyard to the battlefield.\nCycling {2} ({2}, Discard this card: Draw a card.)"
"Kyler, Sigardian Emissary",5.0,"['G', 'W']","['G', 'W']",['Legendary'],['Creature'],"['Human', 'Cleric']",Rare,PRM,2,2,None,"Whenever another Human enters the battlefield under your control, put a +1/+1 counter on Kyler, Sigardian Emissary.\nOther Humans you control get +1/+1 for each counter on Kyler."
Blood Artist,2.0,['B'],['B'],None,['Creature'],['Vampire'],Uncommon,PRM,0,1,None,"Whenever Blood Artist or another creature dies, target player loses 1 life and you gain 1 life."
"Arlinn, the Pack's Hope // Arlinn, the Moon's Fury",4.0,"['G', 'R']","['G', 'R']",['Legendary'],['Planeswalker'],['Arlinn'],Mythic,PRM,None,None,4,"Daybound (If a player casts no spells during their own turn, it becomes night next turn.)\n[+1]: Until your next turn, you may cast creature spells as though they had flash, and each creature you control enters the battlefield with an additional +1/+1 counter on it.\n[−3]: Create two 2/2 green Wolf creature tokens."
Hallowed Respite,2.0,"['U', 'W']","['U', 'W']",None,['Sorcery'],None,Rare,PRM,None,None,None,"Exile target nonlegendary creature, then return it to the battlefield under its owner's control. If it entered under your control, put a +1/+1 counter on it. Otherwise, tap it.\nFlashback {1}{W}{U} (You may cast this card from your graveyard for its flashback cost. Then exile it.)"
Rite of Harmony,2.0,"['G', 'W']","['G', 'W']",None,['Instant'],None,Rare,PRM,None,None,None,"Whenever a creature or enchantment enters the battlefield under your control this turn, draw a card.\nFlashback {2}{G}{W} (You may cast this card from your graveyard for its flashback cost. Then exile it.)"
Imperial Seal,1.0,['B'],['B'],None,['Sorcery'],None,Mythic,PRM,None,None,None,"Search your library for a card, then shuffle and put that card on top. You lose 2 life."
Can't Stay Away,2.0,"['B', 'W']","['B', 'W']",None,['Sorcery'],None,Rare,PRM,None,None,None,"Return target creature card with mana value 3 or less from your graveyard to the battlefield. It gains ""If this creature would die, exile it instead.""\nFlashback {3}{W}{B} (You may cast this card from your graveyard for its flashback cost. Then exile it.)"
"Liliana, the Last Hope",3.0,['B'],['B'],['Legendary'],['Planeswalker'],['Liliana'],Mythic,PRM,None,None,3,"[+1]: Up to one target creature gets -2/-1 until your next turn.\n[−2]: Mill two cards, then you may return a creature card from your graveyard to your hand.\n[−7]: You get an emblem with ""At the beginning of your end step, create X 2/2 black Zombie creature tokens, where X is two plus the number of Zombies you control."""
Galvanic Iteration,2.0,"['R', 'U']","['R', 'U']",None,['Instant'],None,Rare,PRM,None,None,None,"When you next cast an instant or sorcery spell this turn, copy that spell. You may choose new targets for the copy.\nFlashback {1}{U}{R} (You may cast this card from your graveyard for its flashback cost. Then exile it.)"
Monastery Swiftspear,1.0,['R'],['R'],None,['Creature'],"['Human', 'Monk']",Common,PRM,1,2,None,"Haste\nProwess (Whenever you cast a noncreature spell, this creature gets +1/+1 until end of turn.)"
Siphon Insight,2.0,"['B', 'U']","['B', 'U']",None,['Instant'],None,Rare,PRM,None,None,None,"Look at the top two cards of target opponent's library. Exile one of them face down and put the other on the bottom of that library. You may play the exiled card for as long as it remains exiled, and you may spend mana as though it were mana of any color to cast that spell.\nFlashback {1}{U}{B}"
Young Pyromancer,2.0,['R'],['R'],None,['Creature'],"['Human', 'Shaman']",Uncommon,PRM,2,1,None,"Whenever you cast an instant or sorcery spell, create a 1/1 red Elemental creature token."
Ghoulcaller's Harvest,2.0,"['B', 'G']","['B', 'G']",None,['Sorcery'],None,Rare,PRM,None,None,None,"Create X 2/2 black Zombie creature tokens with decayed, where X is half the number of creature cards in your graveyard, rounded up. (A creature with decayed can't block. When it attacks, sacrifice it at end of combat.)\nFlashback {3}{B}{G} (You may cast this card from your graveyard for its flashback cost. Then exile it.)"
Dire-Strain Rampage,3.0,"['G', 'R']","['G', 'R']",None,['Sorcery'],None,Rare,PRM,None,None,None,"Destroy target artifact, enchantment, or land. If a land was destroyed this way, its controller may search their library for up to two basic land cards, put them onto the battlefield tapped, then shuffle. Otherwise, its controller may search their library for a basic land card, put it onto the battlefield tapped, then shuffle.\nFlashback {3}{R}{G}"
Chaos Warp,3.0,['R'],['R'],None,['Instant'],None,Rare,PRM,None,None,None,"The owner of target permanent shuffles it into their library, then reveals the top card of their library. If it's a permanent card, they put it onto the battlefield."
Angelfire Ignition,3.0,"['R', 'W']","['R', 'W']",None,['Sorcery'],None,Rare,PRM,None,None,None,"Put two +1/+1 counters on target creature. It gains vigilance, trample, lifelink, indestructible, and haste until end of turn.\nFlashback {2}{R}{W} (You may cast this card from your graveyard for its flashback cost. Then exile it.)"
Anger of the Gods,3.0,['R'],['R'],None,['Sorcery'],None,Rare,PRM,None,None,None,"Anger of the Gods deals 3 damage to each creature. If a creature dealt damage this way would die this turn, exile it instead."
Croaking Counterpart,3.0,"['G', 'U']","['G', 'U']",None,['Sorcery'],None,Rare,PRM,None,None,None,"Create a token that's a copy of target non-Frog creature, except it's a 1/1 green Frog.\nFlashback {3}{G}{U} (You may cast this card from your graveyard for its flashback cost. Then exile it.)"
Dockside Extortionist,2.0,['R'],['R'],None,['Creature'],"['Goblin', 'Pirate']",Mythic,PRM,1,2,None,"When Dockside Extortionist enters the battlefield, create X Treasure tokens, where X is the number of artifacts and enchantments your opponents control. (Treasure tokens are artifacts with ""{T}, Sacrifice this artifact: Add one mana of any color."")"
Pithing Needle,1.0,None,None,None,['Artifact'],None,Rare,PRM,None,None,None,"As Pithing Needle enters the battlefield, choose a card name.\nActivated abilities of sources with the chosen name can't be activated unless they're mana abilities."
Seasoned Pyromancer,3.0,['R'],['R'],None,['Creature'],"['Human', 'Shaman']",Mythic,PRM,2,2,None,"When Seasoned Pyromancer enters the battlefield, discard two cards, then draw two cards. For each nonland card discarded this way, create a 1/1 red Elemental creature token.\n{3}{R}{R}, Exile Seasoned Pyromancer from your graveyard: Create two 1/1 red Elemental creature tokens."
The Celestus,3.0,None,None,['Legendary'],['Artifact'],None,Rare,PRM,None,None,None,"If it's neither day nor night, it becomes day as The Celestus enters the battlefield.\n{T}: Add one mana of any color.\n{3}, {T}: If it's night, it becomes day. Otherwise, it becomes night. Activate only as a sorcery.\nWhenever day becomes night or night becomes day, you gain 1 life. You may draw a card. If you do, discard a card."
Hostile Hostel // Creeping Inn,0.0,None,['B'],None,['Land'],None,Mythic,PRM,None,None,None,"{T}: Add {C}.\n{1}, {T}, Sacrifice a creature: Put a soul counter on Hostile Hostel. Then if there are three or more soul counters on it, remove those counters, transform it, then untap it. Activate only as a sorcery."
Deserted Beach,0.0,None,"['U', 'W']",None,['Land'],None,Rare,PRM,None,None,None,Deserted Beach enters the battlefield tapped unless you control two or more other lands.\n{T}: Add {W} or {U}.
Bloom Tender,2.0,['G'],['G'],None,['Creature'],"['Elf', 'Druid']",Rare,PRM,1,1,None,"{T}: For each color among permanents you control, add one mana of that color."
Haunted Ridge,0.0,None,"['B', 'R']",None,['Land'],None,Rare,PRM,None,None,None,Haunted Ridge enters the battlefield tapped unless you control two or more other lands.\n{T}: Add {B} or {R}.
Oracle of Mul Daya,4.0,['G'],['G'],None,['Creature'],"['Elf', 'Shaman']",Rare,PRM,2,2,None,You may play an additional land on each of your turns.\nPlay with the top card of your library revealed.\nYou may play lands from the top of your library.
Shipwreck Marsh,0.0,None,"['B', 'U']",None,['Land'],None,Rare,PRM,None,None,None,Shipwreck Marsh enters the battlefield tapped unless you control two or more other lands.\n{T}: Add {U} or {B}.
Hardened Scales,1.0,['G'],['G'],None,['Enchantment'],None,Rare,PRM,None,None,None,"If one or more +1/+1 counters would be put on a creature you control, that many plus one +1/+1 counters are put on it instead."
Allosaurus Shepherd,1.0,['G'],['G'],None,['Creature'],"['Elf', 'Shaman']",Mythic,PRM,1,1,None,"This spell can't be countered.\nGreen spells you control can't be countered.\n{4}{G}{G}: Until end of turn, each Elf creature you control has base power and toughness 5/5 and becomes a Dinosaur in addition to its other creature types."
Wake to Slaughter,5.0,"['B', 'R']","['B', 'R']",None,['Sorcery'],None,Rare,PRM,None,None,None,Choose up to two target creature cards in your graveyard. An opponent chooses one of them. Return that card to your hand. Return the other to the battlefield under your control. It gains haste. Exile it at the beginning of the next end step.\nFlashback {4}{B}{R} (You may cast this card from your graveyard for its flashback cost. Then exile it.)
Concordant Crossroads,1.0,['G'],['G'],['World'],['Enchantment'],None,Mythic,PRM,None,None,None,All creatures have haste.
Kodama's Reach,3.0,['G'],['G'],None,['Sorcery'],['Arcane'],Common,PRM,None,None,None,"Search your library for up to two basic land cards, reveal those cards, put one onto the battlefield tapped and the other into your hand, then shuffle."
Arcane Denial,2.0,['U'],['U'],None,['Instant'],None,Common,PRM,None,None,None,Counter target spell. Its controller may draw up to two cards at the beginning of the next turn's upkeep.\nYou draw a card at the beginning of the next turn's upkeep.
Swiftfoot Boots,2.0,None,None,None,['Artifact'],['Equipment'],Uncommon,PRM,None,None,None,Equipped creature has hexproof and haste. (It can't be the target of spells or abilities your opponents control.)\nEquip {1}
Boros Charm,2.0,"['R', 'W']","['R', 'W']",None,['Instant'],None,Uncommon,PRM,None,None,None,Choose one —\n• Boros Charm deals 4 damage to target player or planeswalker.\n• Permanents you control gain indestructible until end of turn.\n• Target creature gains double strike until end of turn.
Temur Battle Rage,2.0,['R'],['R'],None,['Instant'],None,Uncommon,PRM,None,None,None,Target creature gains double strike until end of turn.\nFerocious — That creature also gains trample until end of turn if you control a creature with power 4 or greater.
Generous Gift,3.0,['W'],['W'],None,['Instant'],None,Uncommon,PRM,None,None,None,Destroy target permanent. Its controller creates a 3/3 green Elephant creature token.
Arcane Signet,2.0,None,None,None,['Artifact'],None,Uncommon,PRM,None,None,None,{T}: Add one mana of any color in your commander's color identity.
"Akiri, Line-Slinger",2.0,"['R', 'W']","['R', 'W']",['Legendary'],['Creature'],"['Kor', 'Soldier', 'Ally']",Mythic,PRM,0,3,None,"First strike, vigilance\nAkiri, Line-Slinger gets +1/+0 for each artifact you control.\nPartner (You can have two commanders if both have partner.)"
"Bruse Tarl, Boorish Herder",4.0,"['R', 'W']","['R', 'W']",['Legendary'],['Creature'],"['Human', 'Ally']",Mythic,PRM,3,3,None,"Whenever Bruse Tarl, Boorish Herder enters the battlefield or attacks, target creature you control gains double strike and lifelink until end of turn.\nPartner (You can have two commanders if both have partner.)"
"Ikra Shidiqi, the Usurper",5.0,"['B', 'G']","['B', 'G']",['Legendary'],['Creature'],"['Naga', 'Wizard']",Mythic,PRM,3,7,None,"Menace\nWhenever a creature you control deals combat damage to a player, you gain life equal to that creature's toughness.\nPartner (You can have two commanders if both have partner.)"
"Ishai, Ojutai Dragonspeaker",4.0,"['U', 'W']","['U', 'W']",['Legendary'],['Creature'],"['Bird', 'Monk']",Mythic,PRM,1,1,None,"Flying\nWhenever an opponent casts a spell, put a +1/+1 counter on Ishai, Ojutai Dragonspeaker.\nPartner (You can have two commanders if both have partner.)"
"Kraum, Ludevic's Opus",5.0,"['R', 'U']","['R', 'U']",['Legendary'],['Creature'],"['Zombie', 'Horror']",Mythic,PRM,4,4,None,"Flying, haste\nWhenever an opponent casts their second spell each turn, draw a card.\nPartner (You can have two commanders if both have partner.)"
"Kydele, Chosen of Kruphix",4.0,"['G', 'U']","['G', 'U']",['Legendary'],['Creature'],"['Human', 'Wizard']",Mythic,PRM,2,3,None,{T}: Add {C} for each card you've drawn this turn.\nPartner (You can have two commanders if both have partner.)
"Ludevic, Necro-Alchemist",3.0,"['R', 'U']","['R', 'U']",['Legendary'],['Creature'],"['Human', 'Wizard']",Mythic,PRM,1,4,None,"At the beginning of each player's end step, that player may draw a card if a player other than you lost life this turn.\nPartner (You can have two commanders if both have partner.)"
"Ravos, Soultender",5.0,"['B', 'W']","['B', 'W']",['Legendary'],['Creature'],"['Human', 'Cleric']",Mythic,PRM,2,2,None,"Flying\nOther creatures you control get +1/+1.\nAt the beginning of your upkeep, you may return target creature card from your graveyard to your hand.\nPartner (You can have two commanders if both have partner.)"
"Reyhan, Last of the Abzan",3.0,"['B', 'G']","['B', 'G']",['Legendary'],['Creature'],"['Human', 'Warrior']",Mythic,PRM,0,0,None,"Reyhan, Last of the Abzan enters the battlefield with three +1/+1 counters on it.\nWhenever a creature you control dies or is put into the command zone, if it had one or more +1/+1 counters on it, you may put that many +1/+1 counters on target creature.\nPartner (You can have two commanders if both have partner.)"
Sidar Kondo of Jamuraa,4.0,"['G', 'W']","['G', 'W']",['Legendary'],['Creature'],"['Human', 'Knight']",Mythic,PRM,2,5,None,"Flanking (Whenever a creature without flanking blocks this creature, the blocking creature gets -1/-1 until end of turn.)\nCreatures your opponents control without flying or reach can't block creatures with power 2 or less.\nPartner (You can have two commanders if both have partner.)"
"Silas Renn, Seeker Adept",3.0,"['B', 'U']","['B', 'U']",['Legendary'],"['Artifact', 'Creature']",['Human'],Mythic,PRM,2,2,None,"Deathtouch\nWhenever Silas Renn, Seeker Adept deals combat damage to a player, choose target artifact card in your graveyard. You may cast that card this turn.\nPartner (You can have two commanders if both have partner.)"
"Tana, the Bloodsower",4.0,"['G', 'R']","['G', 'R']",['Legendary'],['Creature'],"['Elf', 'Druid']",Mythic,PRM,2,2,None,"Trample\nWhenever Tana, the Bloodsower deals combat damage to a player, create that many 1/1 green Saproling creature tokens.\nPartner (You can have two commanders if both have partner.)"
"Thrasios, Triton Hero",2.0,"['G', 'U']","['G', 'U']",['Legendary'],['Creature'],"['Merfolk', 'Wizard']",Mythic,PRM,1,3,None,"{4}: Scry 1, then reveal the top card of your library. If it's a land card, put it onto the battlefield tapped. Otherwise, draw a card.\nPartner (You can have two commanders if both have partner.)"
Tymna the Weaver,3.0,"['B', 'W']","['B', 'W']",['Legendary'],['Creature'],"['Human', 'Cleric']",Mythic,PRM,2,2,None,"Lifelink\nAt the beginning of your postcombat main phase, you may pay X life, where X is the number of opponents that were dealt combat damage this turn. If you do, draw X cards.\nPartner (You can have two commanders if both have partner.)"
Vial Smasher the Fierce,3.0,"['B', 'R']","['B', 'R']",['Legendary'],['Creature'],"['Goblin', 'Berserker']",Mythic,PRM,2,3,None,"Whenever you cast your first spell each turn, choose an opponent at random. Vial Smasher the Fierce deals damage equal to that spell's mana value to that player or a planeswalker that player controls.\nPartner (You can have two commanders if both have partner.)"
Queen Marchesa,4.0,"['B', 'R', 'W']","['B', 'R', 'W']",['Legendary'],['Creature'],"['Human', 'Assassin']",Mythic,PRM,3,3,None,"Deathtouch, haste\nWhen Queen Marchesa enters the battlefield, you become the monarch.\nAt the beginning of your upkeep, if an opponent is the monarch, create a 1/1 black Assassin creature token with deathtouch and haste."
Zedruu the Greathearted,4.0,"['R', 'U', 'W']","['R', 'U', 'W']",['Legendary'],['Creature'],"['Minotaur', 'Monk']",Mythic,PRM,2,4,None,"At the beginning of your upkeep, you gain X life and draw X cards, where X is the number of permanents you own that your opponents control.\n{U}{R}{W}: Target opponent gains control of target permanent you control."
Maelstrom Wanderer,8.0,"['G', 'R', 'U']","['G', 'R', 'U']",['Legendary'],['Creature'],['Elemental'],Mythic,PRM,7,5,None,"Creatures you control have haste.\nCascade, cascade (When you cast this spell, exile cards from the top of your library until you exile a nonland card that costs less. You may cast it without paying its mana cost. Put the exiled cards on the bottom of your library in a random order. Then do it again.)"
"Prossh, Skyraider of Kher",6.0,"['B', 'G', 'R']","['B', 'G', 'R']",['Legendary'],['Creature'],['Dragon'],Mythic,PRM,5,5,None,"When you cast this spell, create X 0/1 red Kobold creature tokens named Kobolds of Kher Keep, where X is the amount of mana spent to cast it.\nFlying\nSacrifice another creature: Prossh, Skyraider of Kher gets +1/+0 until end of turn."
Zur the Enchanter,4.0,"['B', 'U', 'W']","['B', 'U', 'W']",['Legendary'],['Creature'],"['Human', 'Wizard']",Mythic,PRM,1,4,None,"Flying\nWhenever Zur the Enchanter attacks, you may search your library for an enchantment card with mana value 3 or less, put it onto the battlefield, then shuffle."
"Derevi, Empyrial Tactician",3.0,"['G', 'U', 'W']","['G', 'U', 'W']",['Legendary'],['Creature'],"['Bird', 'Wizard']",Mythic,PRM,2,3,None,"Flying\nWhenever Derevi, Empyrial Tactician enters the battlefield or a creature you control deals combat damage to a player, you may tap or untap target permanent.\n{1}{G}{W}{U}: Put Derevi onto the battlefield from the command zone."
"Marath, Will of the Wild",3.0,"['G', 'R', 'W']","['G', 'R', 'W']",['Legendary'],['Creature'],"['Elemental', 'Beast']",Mythic,PRM,0,0,None,"Marath, Will of the Wild enters the battlefield with a number of +1/+1 counters on it equal to the amount of mana spent to cast it.\n{X}, Remove X +1/+1 counters from Marath: Choose one —\n• Put X +1/+1 counters on target creature. X can't be 0.\n• Marath deals X damage to any target. X can't be 0.\n• Create an X/X green Elemental creature token. X can't be 0."
"Karametra, God of Harvests",5.0,"['G', 'W']","['G', 'W']",['Legendary'],"['Enchantment', 'Creature']",['God'],Mythic,PRM,6,7,None,"Indestructible\nAs long as your devotion to green and white is less than seven, Karametra isn't a creature.\nWhenever you cast a creature spell, you may search your library for a Forest or Plains card, put it onto the battlefield tapped, then shuffle."
"Xenagos, God of Revels",5.0,"['G', 'R']","['G', 'R']",['Legendary'],"['Enchantment', 'Creature']",['God'],Mythic,PRM,6,5,None,"Indestructible\nAs long as your devotion to red and green is less than seven, Xenagos isn't a creature.\nAt the beginning of combat on your turn, another target creature you control gains haste and gets +X/+X until end of turn, where X is that creature's power."
"Brago, King Eternal",4.0,"['U', 'W']","['U', 'W']",['Legendary'],['Creature'],"['Spirit', 'Noble']",Mythic,PRM,2,4,None,"Flying\nWhenever Brago, King Eternal deals combat damage to a player, exile any number of target nonland permanents you control, then return those cards to the battlefield under their owner's control."
"Rakdos, Lord of Riots",4.0,"['B', 'R']","['B', 'R']",['Legendary'],['Creature'],['Demon'],Mythic,PRM,6,6,None,"You can't cast this spell unless an opponent lost life this turn.\nFlying, trample\nCreature spells you cast cost {1} less to cast for each 1 life your opponents have lost this turn."
"Najeela, the Blade-Blossom",3.0,['R'],"['B', 'G', 'R', 'U', 'W']",['Legendary'],['Creature'],"['Human', 'Warrior']",Mythic,PRM,3,2,None,"Whenever a Warrior attacks, you may have its controller create a 1/1 white Warrior creature token that's tapped and attacking.\n{W}{U}{B}{R}{G}: Untap all attacking creatures. They gain trample, lifelink, and haste until end of turn. After this phase, there is an additional combat phase. Activate only during combat."
"Ramos, Dragon Engine",6.0,None,"['B', 'G', 'R', 'U', 'W']",['Legendary'],"['Artifact', 'Creature']",['Dragon'],Mythic,PRM,4,4,None,"Flying\nWhenever you cast a spell, put a +1/+1 counter on Ramos, Dragon Engine for each of that spell's colors.\nRemove five +1/+1 counters from Ramos: Add {W}{W}{U}{U}{B}{B}{R}{R}{G}{G}. Activate only once each turn."
"Yuriko, the Tiger's Shadow",3.0,"['B', 'U']","['B', 'U']",['Legendary'],['Creature'],"['Human', 'Ninja']",Mythic,PRM,1,3,None,"Commander ninjutsu {U}{B} ({U}{B}, Return an unblocked attacker you control to hand: Put this card onto the battlefield from your hand or the command zone tapped and attacking.)\nWhenever a Ninja you control deals combat damage to a player, reveal the top card of your library and put that card into your hand. Each opponent loses life equal to that card's mana value."
"Muldrotha, the Gravetide",6.0,"['B', 'G', 'U']","['B', 'G', 'U']",['Legendary'],['Creature'],"['Elemental', 'Avatar']",Mythic,PRM,6,6,None,"During each of your turns, you may play a land and cast a permanent spell of each permanent type from your graveyard. (If a card has multiple permanent types, choose one as you play it.)"
Hans Eriksson,4.0,"['G', 'R']","['G', 'R']",['Legendary'],['Creature'],"['Human', 'Scout']",Rare,PRM,1,4,None,"Whenever Hans Eriksson attacks, reveal the top card of your library. If it's a creature card, put it onto the battlefield tapped and attacking defending player or a planeswalker they control. Otherwise, put that card into your hand. When you put a creature card onto the battlefield this way, it fights Hans Eriksson."
"Amareth, the Lustrous",6.0,"['G', 'U', 'W']","['G', 'U', 'W']",['Legendary'],['Creature'],['Dragon'],Rare,PRM,6,6,None,"Flying\nWhenever another permanent enters the battlefield under your control, look at the top card of your library. If it shares a card type with that permanent, you may reveal that card and put it into your hand."
"Nevinyrral, Urborg Tyrant",6.0,"['B', 'U', 'W']","['B', 'U', 'W']",['Legendary'],['Creature'],"['Zombie', 'Wizard']",Rare,PRM,3,6,None,"Hexproof from artifacts, creatures, and enchantments\nWhen Nevinyrral, Urborg Tyrant enters the battlefield, create a tapped 2/2 black Zombie creature token for each creature that died this turn.\nWhen Nevinyrral dies, you may pay {1}. When you do, destroy all artifacts, creatures, and enchantments."
"Alena, Kessig Trapper",5.0,['R'],['R'],['Legendary'],['Creature'],"['Human', 'Scout']",Uncommon,PRM,4,3,None,First strike\n{T}: Add an amount of {R} equal to the greatest power among creatures you control that entered the battlefield this turn.\nPartner (You can have two commanders if both have partner.)
"Brinelin, the Moon Kraken",8.0,['U'],['U'],['Legendary'],['Creature'],['Kraken'],Uncommon,PRM,6,8,None,"When Brinelin, the Moon Kraken enters the battlefield or whenever you cast a spell with mana value 6 or greater, you may return target nonland permanent to its owner's hand.\nPartner (You can have two commanders if both have partner.)"
"Rograkh, Son of Rohgahh",0.0,['R'],['R'],['Legendary'],['Creature'],"['Kobold', 'Warrior']",Uncommon,PRM,0,1,None,"First strike, menace, trample\nPartner (You can have two commanders if both have partner.)"
Prava of the Steel Legion,3.0,['W'],['W'],['Legendary'],['Creature'],"['Cat', 'Soldier']",Uncommon,PRM,1,4,None,"As long as it's your turn, creature tokens you control get +1/+4.\n{3}{W}: Create a 1/1 white Soldier creature token.\nPartner (You can have two commanders if both have partner.)"
"Jared Carthalion, True Heir",3.0,"['G', 'R', 'W']","['G', 'R', 'W']",['Legendary'],['Creature'],"['Human', 'Warrior']",Rare,PRM,3,3,None,"When Jared Carthalion, True Heir enters the battlefield, target opponent becomes the monarch. You can't become the monarch this turn.\nIf damage would be dealt to Jared Carthalion while you're the monarch, prevent that damage and put that many +1/+1 counters on it."
"Keleth, Sunmane Familiar",2.0,['W'],['W'],['Legendary'],['Creature'],['Horse'],Uncommon,PRM,1,1,None,"Whenever a commander you control attacks, put a +1/+1 counter on it.\nPartner (You can have two commanders if both have partner.)"
Sakashima of a Thousand Faces,4.0,['U'],['U'],['Legendary'],['Creature'],"['Human', 'Rogue']",Mythic,PRM,3,1,None,"You may have Sakashima of a Thousand Faces enter the battlefield as a copy of another creature you control, except it has Sakashima of a Thousand Faces's other abilities.\nThe ""legend rule"" doesn't apply to permanents you control.\nPartner (You can have two commanders if both have partner.)"
"Esior, Wardwing Familiar",2.0,['U'],['U'],['Legendary'],['Creature'],['Bird'],Uncommon,PRM,1,3,None,Flying\nSpells your opponents cast that target one or more commanders you control cost {3} more to cast.\nPartner (You can have two commanders if both have partner.)
"Krark, the Thumbless",2.0,['R'],['R'],['Legendary'],['Creature'],"['Goblin', 'Wizard']",Rare,PRM,2,2,None,"Whenever you cast an instant or sorcery spell, flip a coin. If you lose the flip, return that spell to its owner's hand. If you win the flip, copy that spell, and you may choose new targets for the copy.\nPartner (You can have two commanders if both have partner.)"
The Prismatic Piper,5.0,None,None,['Legendary'],['Creature'],['Shapeshifter'],Special,PRM,3,3,None,"If The Prismatic Piper is your commander, choose a color before the game begins. The Prismatic Piper is the chosen color.\nPartner (You can have two commanders if both have partner.)"
"Liesa, Shroud of Dusk",5.0,"['B', 'W']","['B', 'W']",['Legendary'],['Creature'],['Angel'],Rare,PRM,5,5,None,"Rather than pay {2} for each previous time you've cast this spell from the command zone this game, pay 2 life that many times.\nFlying, lifelink\nWhenever a player casts a spell, they lose 2 life."
"Belbe, Corrupted Observer",2.0,"['B', 'G']","['B', 'G']",['Legendary'],['Creature'],"['Phyrexian', 'Zombie', 'Elf']",Rare,PRM,2,2,None,"At the beginning of each player's postcombat main phase, that player adds {C}{C} for each of your opponents who lost life this turn. (Damage causes loss of life.)"
"Reyav, Master Smith",2.0,"['R', 'W']","['R', 'W']",['Legendary'],['Creature'],"['Dwarf', 'Artificer']",Uncommon,PRM,2,2,None,"Whenever a creature you control that's enchanted or equipped attacks, that creature gains double strike until end of turn."
"Dargo, the Shipwrecker",7.0,['R'],['R'],['Legendary'],['Creature'],"['Giant', 'Pirate']",Uncommon,PRM,7,5,None,"As an additional cost to cast this spell, you may sacrifice any number of artifacts and/or creatures. This spell costs {2} less to cast for each permanent sacrificed this way and {2} less to cast for each other artifact or creature you've sacrificed this turn.\nTrample\nPartner (You can have two commanders if both have partner.)"
"Halana, Kessig Ranger",4.0,['G'],['G'],['Legendary'],['Creature'],"['Human', 'Archer', 'Ranger']",Uncommon,PRM,3,4,None,"Reach\nWhenever another creature enters the battlefield under your control, you may pay {2}. When you do, that creature deals damage equal to its power to target creature.\nPartner (You can have two commanders if both have partner.)"
"Sengir, the Dark Baron",6.0,['B'],['B'],['Legendary'],['Creature'],"['Vampire', 'Noble']",Rare,PRM,4,4,None,"Flying\nWhenever another creature dies, put two +1/+1 counters on Sengir, the Dark Baron.\nWhenever another player loses the game, you gain life equal to that player's life total as the turn began.\nPartner (You can have two commanders if both have partner.)"
"Falthis, Shadowcat Familiar",3.0,['B'],['B'],['Legendary'],['Creature'],"['Nightmare', 'Cat']",Uncommon,PRM,2,2,None,Commanders you control have menace and deathtouch.\nPartner (You can have two commanders if both have partner.)
"Colfenor, the Last Yew",6.0,"['B', 'G', 'W']","['B', 'G', 'W']",['Legendary'],['Creature'],"['Treefolk', 'Shaman']",Rare,PRM,3,7,None,"Vigilance, reach\nWhenever Colfenor, the Last Yew or another creature you control dies, return up to one other target creature card with lesser toughness from your graveyard to your hand."
"Anara, Wolvid Familiar",4.0,['G'],['G'],['Legendary'],['Creature'],"['Wolf', 'Beast']",Uncommon,PRM,4,4,None,"As long as it's your turn, commanders you control have indestructible. (Effects that say ""destroy"" don't destroy them. A creature with indestructible can't be destroyed by damage.)\nPartner (You can have two commanders if both have partner.)"
"Zara, Renegade Recruiter",5.0,"['R', 'U']","['R', 'U']",['Legendary'],['Creature'],"['Human', 'Pirate']",Rare,PRM,4,3,None,"Flying\nWhenever Zara, Renegade Recruiter attacks, look at defending player's hand. You may put a creature card from it onto the battlefield under your control tapped and attacking that player or a planeswalker they control. Return that creature to its owner's hand at the beginning of the next end step."
"Malcolm, Keen-Eyed Navigator",3.0,['U'],['U'],['Legendary'],['Creature'],"['Siren', 'Pirate']",Uncommon,PRM,2,2,None,"Flying\nWhenever one or more Pirates you control deal damage to your opponents, you create a Treasure token for each opponent dealt damage. (It's an artifact with ""{T}, Sacrifice this artifact: Add one mana of any color."")\nPartner (You can have two commanders if both have partner.)"
"Miara, Thorn of the Glade",2.0,['B'],['B'],['Legendary'],['Creature'],"['Elf', 'Scout']",Uncommon,PRM,1,2,None,"Whenever Miara, Thorn of the Glade or another Elf you control dies, you may pay {1} and 1 life. If you do, draw a card.\nPartner (You can have two commanders if both have partner.)"
Araumi of the Dead Tide,3.0,"['B', 'U']","['B', 'U']",['Legendary'],['Creature'],"['Merfolk', 'Wizard']",Uncommon,PRM,1,4,None,"{T}, Exile cards from your graveyard equal to the number of opponents you have: Target creature card in your graveyard gains encore until end of turn. The encore cost is equal to its mana cost. (Exile the creature card and pay its mana cost: For each opponent, create a token copy that attacks that opponent this turn if able. They gain haste. Sacrifice them at the beginning of the next end step. Activate only as a sorcery.)"
"Gor Muldrak, Amphinologist",3.0,"['G', 'U']","['G', 'U']",['Legendary'],['Creature'],"['Human', 'Scout']",Rare,PRM,3,2,None,"You and permanents you control have protection from Salamanders.\nAt the beginning of your end step, each player who controls the fewest creatures creates a 4/3 blue Salamander Warrior creature token."
"Blim, Comedic Genius",4.0,"['B', 'R']","['B', 'R']",['Legendary'],['Creature'],['Imp'],Rare,PRM,4,3,None,"Flying\nWhenever Blim, Comedic Genius deals combat damage to a player, that player gains control of target permanent you control. Then each player loses life and discards cards equal to the number of permanents they control but don't own."
"Eligeth, Crossroads Augur",6.0,['U'],['U'],['Legendary'],['Creature'],['Sphinx'],Rare,PRM,5,6,None,"Flying\nIf you would scry a number of cards, draw that many cards instead.\nPartner (You can have two commanders if both have partner.)"
"Imoti, Celebrant of Bounty",5.0,"['G', 'U']","['G', 'U']",['Legendary'],['Creature'],"['Naga', 'Druid']",Uncommon,PRM,3,1,None,"Cascade (When you cast this spell, exile cards from the top of your library until you exile a nonland card that costs less. You may cast it without paying its mana cost. Put the exiled cards on the bottom of your library in a random order.)\nSpells you cast with mana value 6 or greater have cascade."
"Juri, Master of the Revue",2.0,"['B', 'R']","['B', 'R']",['Legendary'],['Creature'],"['Human', 'Shaman']",Uncommon,PRM,1,1,None,"Whenever you sacrifice a permanent, put a +1/+1 counter on Juri, Master of the Revue.\nWhen Juri dies, it deals damage equal to its power to any target."
"Kediss, Emberclaw Familiar",2.0,['R'],['R'],['Legendary'],['Creature'],"['Elemental', 'Lizard']",Uncommon,PRM,1,1,None,"Whenever a commander you control deals combat damage to an opponent, it deals that much damage to each other opponent.\nPartner (You can have two commanders if both have partner.)"
Captain Vargus Wrath,2.0,"['R', 'U']","['R', 'U']",['Legendary'],['Creature'],"['Orc', 'Pirate']",Uncommon,PRM,1,1,None,"Whenever Captain Vargus Wrath attacks, Pirates you control get +1/+1 until end of turn for each time you've cast a commander from the command zone this game."
"Rebbec, Architect of Ascension",4.0,['W'],['W'],['Legendary'],['Creature'],"['Human', 'Artificer']",Uncommon,PRM,3,4,None,Artifacts you control have protection from each mana value among artifacts you control.\nPartner (You can have two commanders if both have partner.)
Ghost of Ramirez DePietro,3.0,['U'],['U'],['Legendary'],['Creature'],"['Spirit', 'Pirate']",Uncommon,PRM,2,3,None,"Ghost of Ramirez DePietro can't be blocked by creatures with toughness 3 or greater.\nWhenever Ghost of Ramirez DePietro deals combat damage to a player, choose up to one target card in a graveyard that was discarded or put there from a library this turn. Put that card into its owner's hand.\nPartner (You can have two commanders if both have partner.)"
"Tormod, the Desecrator",4.0,['B'],['B'],['Legendary'],['Creature'],"['Zombie', 'Wizard']",Uncommon,PRM,4,2,None,"Whenever one or more cards leave your graveyard, create a tapped 2/2 black Zombie creature token.\nPartner (You can have two commanders if both have partner.)"
"Breeches, Brazen Plunderer",4.0,['R'],['R'],['Legendary'],['Creature'],"['Goblin', 'Pirate']",Uncommon,PRM,3,3,None,"Menace\nWhenever one or more Pirates you control deal damage to your opponents, exile the top card of each of those opponents' libraries. You may play those cards this turn, and you may spend mana as though it were mana of any color to cast those spells.\nPartner (You can have two commanders if both have partner.)"
"Lathiel, the Bounteous Dawn",4.0,"['G', 'W']","['G', 'W']",['Legendary'],['Creature'],['Unicorn'],Rare,PRM,2,2,None,"Lifelink\nAt the beginning of each end step, if you gained life this turn, distribute up to that many +1/+1 counters among any number of other target creatures."
"Nadier, Agent of the Duskenel",6.0,['B'],['B'],['Legendary'],['Creature'],"['Elf', 'Warrior']",Uncommon,PRM,3,3,None,"Whenever a token you control leaves the battlefield, put a +1/+1 counter on Nadier, Agent of the Duskenel.\nWhen Nadier leaves the battlefield, create a number of 1/1 green Elf Warrior creature tokens equal to its power.\nPartner (You can have two commanders if both have partner.)"
"Thalisse, Reverent Medium",5.0,"['B', 'W']","['B', 'W']",['Legendary'],['Creature'],"['Human', 'Cleric']",Uncommon,PRM,3,4,None,"At the beginning of each end step, create X 1/1 white Spirit creature tokens with flying, where X is the number of tokens you created this turn."
"Numa, Joraga Chieftain",3.0,['G'],['G'],['Legendary'],['Creature'],"['Elf', 'Warrior']",Uncommon,PRM,2,2,None,"At the beginning of combat on your turn, you may pay {X}{X}. When you do, distribute X +1/+1 counters among any number of target Elves.\nPartner (You can have two commanders if both have partner.)"
Abomination of Llanowar,3.0,"['B', 'G']","['B', 'G']",['Legendary'],['Creature'],"['Elf', 'Horror']",Uncommon,PRM,*,*,None,Vigilance; menace (This creature can't be blocked except by two or more creatures.)\nAbomination of Llanowar's power and toughness are each equal to the number of Elves you control plus the number of Elf cards in your graveyard.
"Toggo, Goblin Weaponsmith",3.0,['R'],['R'],['Legendary'],['Creature'],"['Goblin', 'Artificer']",Uncommon,PRM,2,2,None,"Landfall — Whenever a land enters the battlefield under your control, create a colorless Equipment artifact token named Rock with ""Equipped creature has '{1}, {T}, Sacrifice Rock: This creature deals 2 damage to any target'"" and equip {1}.\nPartner (You can have two commanders if both have partner.)"
"Ardenn, Intrepid Archaeologist",3.0,['W'],['W'],['Legendary'],['Creature'],"['Kor', 'Scout']",Uncommon,PRM,2,2,None,"At the beginning of combat on your turn, you may attach any number of Auras and Equipment you control to target permanent or player.\nPartner (You can have two commanders if both have partner.)"
"Gilanra, Caller of Wirewood",3.0,['G'],['G'],['Legendary'],['Creature'],"['Elf', 'Druid']",Uncommon,PRM,1,2,None,"{T}: Add {G}. When you spend this mana to cast a spell with mana value 6 or greater, draw a card.\nPartner (You can have two commanders if both have partner.)"
"Bell Borca, Spectral Sergeant",4.0,"['R', 'W']","['R', 'W']",['Legendary'],['Creature'],"['Spirit', 'Soldier']",Rare,PRM,*,5,None,"Note the mana value of each card as it's put into exile.\nBell Borca, Spectral Sergeant's power is equal to the greatest number noted for it this turn.\nAt the beginning of your upkeep, exile the top card of your library. You may play that card this turn."
Tuya Bearclaw,3.0,"['G', 'R']","['G', 'R']",['Legendary'],['Creature'],"['Human', 'Warrior']",Uncommon,PRM,2,2,None,"Whenever Tuya Bearclaw attacks, it gets +X/+X until end of turn, where X is the greatest power among other creatures you control."
"Kwain, Itinerant Meddler",2.0,"['U', 'W']","['U', 'W']",['Legendary'],['Creature'],"['Rabbit', 'Wizard']",Rare,PRM,1,3,None,"{T}: Each player may draw a card, then each player who drew a card this way gains 1 life."
"Akroma, Vision of Ixidor",7.0,['W'],['W'],['Legendary'],['Creature'],['Angel'],Mythic,PRM,6,6,None,"Flying, first strike, vigilance, trample\nAt the beginning of each combat, until end of turn, each other creature you control gets +1/+1 if it has flying, +1/+1 if it has first strike, and so on for double strike, deathtouch, haste, hexproof, indestructible, lifelink, menace, protection, reach, trample, vigilance, and partner.\nPartner"
"Radiant, Serra Archangel",7.0,['W'],['W'],['Legendary'],['Creature'],['Angel'],Uncommon,PRM,6,4,None,"Flying\nTap another untapped creature you control with flying: Radiant, Serra Archangel gains protection from the color of your choice until end of turn.\nPartner (You can have two commanders if both have partner.)"
"Siani, Eye of the Storm",4.0,['U'],['U'],['Legendary'],['Creature'],"['Djinn', 'Monk']",Uncommon,PRM,3,2,None,"Flying\nWhenever Siani, Eye of the Storm attacks, scry X, where X is the number of attacking creatures with flying.\nPartner (You can have two commanders if both have partner.)"
"Alharu, Solemn Ritualist",5.0,['W'],['W'],['Legendary'],['Creature'],"['Human', 'Monk']",Uncommon,PRM,3,3,None,"When Alharu, Solemn Ritualist enters the battlefield, put a +1/+1 counter on each of up to two other target creatures.\nWhenever a nontoken creature you control with a +1/+1 counter on it dies, create a 1/1 white Spirit creature token with flying.\nPartner (You can have two commanders if both have partner.)"
"Slurrk, All-Ingesting",6.0,['G'],['G'],['Legendary'],['Creature'],['Ooze'],Uncommon,PRM,0,0,None,"Slurrk, All-Ingesting enters the battlefield with five +1/+1 counters on it.\nWhenever Slurrk or another creature you control dies, if it had a +1/+1 counter on it, put a +1/+1 counter on each creature you control that has a +1/+1 counter on it.\nPartner (You can have two commanders if both have partner.)"
"Hamza, Guardian of Arashin",6.0,"['G', 'W']","['G', 'W']",['Legendary'],['Creature'],"['Elephant', 'Warrior']",Uncommon,PRM,5,5,None,This spell costs {1} less to cast for each creature you control with a +1/+1 counter on it.\nCreature spells you cast cost {1} less to cast for each creature you control with a +1/+1 counter on it.
"Kangee, Sky Warden",5.0,"['U', 'W']","['U', 'W']",['Legendary'],['Creature'],"['Bird', 'Wizard']",Uncommon,PRM,3,3,None,"Flying, vigilance\nWhenever Kangee, Sky Warden attacks, attacking creatures with flying get +2/+0 until end of turn.\nWhenever Kangee blocks, blocking creatures with flying get +0/+2 until end of turn."
"Keskit, the Flesh Sculptor",3.0,['B'],['B'],['Legendary'],['Creature'],"['Phyrexian', 'Human', 'Artificer']",Uncommon,PRM,1,3,None,"{T}, Sacrifice three other artifacts and/or creatures: Look at the top three cards of your library. Put two of them into your hand and the other into your graveyard.\nPartner (You can have two commanders if both have partner.)"
"Averna, the Chaos Bloom",3.0,"['G', 'R', 'U']","['G', 'R', 'U']",['Legendary'],['Creature'],"['Elemental', 'Shaman']",Rare,PRM,4,2,None,"As you cascade, you may put a land card from among the exiled cards onto the battlefield tapped. (Do this after the last card is exiled but before deciding whether to cast a nonland card.)"
"Glacian, Powerstone Engineer",6.0,['U'],['U'],['Legendary'],['Creature'],"['Human', 'Artificer']",Uncommon,PRM,3,6,None,"{T}, Tap X untapped artifacts you control: Look at the top X cards of your library. Put one of those cards into your hand and the rest into your graveyard.\nPartner (You can have two commanders if both have partner.)"
"Archelos, Lagoon Mystic",4.0,"['B', 'G', 'U']","['B', 'G', 'U']",['Legendary'],['Creature'],"['Turtle', 'Shaman']",Rare,PRM,2,4,None,"As long as Archelos, Lagoon Mystic is tapped, other permanents enter the battlefield tapped.\nAs long as Archelos is untapped, other permanents enter the battlefield untapped."
"Obeka, Brute Chronologist",4.0,"['B', 'R', 'U']","['B', 'R', 'U']",['Legendary'],['Creature'],"['Ogre', 'Wizard']",Rare,PRM,3,4,None,"{T}: The player whose turn it is may end the turn. (Exile all spells and abilities from the stack. The player whose turn it is discards down to their maximum hand size. Damage wears off, and ""this turn"" and ""until end of turn"" effects end.)"
"Kamahl, Heart of Krosa",8.0,['G'],['G'],['Legendary'],['Creature'],"['Human', 'Druid']",Mythic,PRM,5,5,None,"At the beginning of combat on your turn, creatures you control get +3/+3 and gain trample until end of turn.\n{1}{G}: Until end of turn, target land you control becomes a 1/1 Elemental creature with vigilance, indestructible, and haste. It's still a land.\nPartner (You can have two commanders if both have partner.)"
"Ghen, Arcanum Weaver",3.0,"['B', 'R', 'W']","['B', 'R', 'W']",['Legendary'],['Creature'],"['Human', 'Wizard']",Rare,PRM,2,3,None,"{R}{W}{B}, {T}, Sacrifice an enchantment: Return target enchantment card from your graveyard to the battlefield."
"Nymris, Oona's Trickster",5.0,"['B', 'U']","['B', 'U']",['Legendary'],['Creature'],"['Faerie', 'Knight']",Rare,PRM,1,6,None,"Flash\nFlying\nWhenever you cast your first spell during each opponent's turn, look at the top two cards of your library. Put one of those cards into your hand and the other into your graveyard."
"Armix, Filigree Thrasher",3.0,['B'],['B'],['Legendary'],"['Artifact', 'Creature']",['Golem'],Uncommon,PRM,3,2,None,"Whenever Armix, Filigree Thrasher attacks, you may discard a card. When you do, target creature defending player controls gets -X/-X until end of turn, where X is the number of artifacts you control plus the number of artifact cards in your graveyard.\nPartner (You can have two commanders if both have partner.)"
"Ich-Tekik, Salvage Splicer",5.0,['G'],['G'],['Legendary'],['Creature'],"['Phyrexian', 'Human', 'Artificer']",Uncommon,PRM,1,1,None,"When Ich-Tekik, Salvage Splicer enters the battlefield, create a 3/3 colorless Phyrexian Golem artifact creature token.\nWhenever an artifact is put into a graveyard from the battlefield, put a +1/+1 counter on Ich-Tekik and a +1/+1 counter on each Golem you control.\nPartner (You can have two commanders if both have partner.)"
"Livio, Oathsworn Sentinel",2.0,['W'],['W'],['Legendary'],['Creature'],"['Human', 'Knight']",Rare,PRM,2,2,None,"{1}{W}: Choose another target creature. Its controller may exile it with an aegis counter on it.\n{2}{W}, {T}: Return all exiled cards with aegis counters on them to the battlefield under their owners' control.\nPartner (You can have two commanders if both have partner.)"
Kodama of the East Tree,6.0,['G'],['G'],['Legendary'],['Creature'],['Spirit'],Rare,PRM,6,6,None,"Reach\nWhenever another permanent enters the battlefield under your control, if it wasn't put onto the battlefield with this ability, you may put a permanent card with equal or lesser mana value from your hand onto the battlefield.\nPartner (You can have two commanders if both have partner.)"
Yurlok of Scorch Thrash,4.0,"['B', 'G', 'R']","['B', 'G', 'R']",['Legendary'],['Creature'],"['Viashino', 'Shaman']",Rare,PRM,4,4,None,"Vigilance\nA player losing unspent mana causes that player to lose that much life.\n{1}, {T}: Each player adds {B}{R}{G}."
"Gnostro, Voice of the Crags",4.0,"['R', 'U', 'W']","['R', 'U', 'W']",['Legendary'],['Creature'],['Chimera'],Rare,PRM,3,3,None,"{T}: Choose one. X is the number of spells you've cast this turn.\n• Scry X.\n• Gnostro, Voice of the Crags deals X damage to target creature.\n• You gain X life."
Mana Confluence,0.0,None,None,None,['Land'],None,Mythic,PRM,None,None,None,"{T}, Pay 1 life: Add one mana of any color."
Starnheim Unleashed,4.0,['W'],['W'],None,['Sorcery'],None,Mythic,PRM,None,None,None,"Create a 4/4 white Angel Warrior creature token with flying and vigilance. If this spell was foretold, create X of those tokens instead.\nForetell {X}{X}{W} (During your turn, you may pay {2} and exile this card from your hand face down. Cast it on a later turn for its foretell cost.)"
Resplendent Marshal,3.0,['W'],['W'],None,['Creature'],"['Angel', 'Warrior']",Mythic,PRM,3,3,None,"Flying\nWhen Resplendent Marshal enters the battlefield or dies, you may exile another creature card from your graveyard. When you do, put a +1/+1 counter on each creature you control other than Resplendent Marshal that shares a creature type with the exiled card."
"Halvar, God of Battle // Sword of the Realms",4.0,['W'],['W'],['Legendary'],['Creature'],['God'],Mythic,PRM,4,4,None,"Creatures you control that are enchanted or equipped have double strike.\nAt the beginning of each combat, you may attach target Aura or Equipment attached to a creature you control to target creature you control."
Search for Glory,3.0,['W'],['W'],['Snow'],['Sorcery'],None,Rare,PRM,None,None,None,"Search your library for a snow permanent card, a legendary card, or a Saga card, reveal it, put it into your hand, then shuffle. You gain 1 life for each {S} spent to cast this spell. ({S} is mana from a snow source.)"
Runeforge Champion,3.0,['W'],['W'],None,['Creature'],"['Dwarf', 'Warrior']",Rare,PRM,2,3,None,"When Runeforge Champion enters the battlefield, you may search your library and/or graveyard for a Rune card, reveal it, and put it into your hand. If you search your library this way, shuffle.\nYou may pay {1} rather than pay the mana cost for Rune spells you cast."
Righteous Valkyrie,3.0,['W'],['W'],None,['Creature'],"['Angel', 'Cleric']",Rare,PRM,2,4,None,"Flying\nWhenever another Angel or Cleric enters the battlefield under your control, you gain life equal to that creature's toughness.\nAs long as you have at least 7 life more than your starting life total, creatures you control get +2/+2."
"Sigrid, God-Favored",3.0,['W'],['W'],['Legendary'],['Creature'],"['Human', 'Warrior']",Rare,PRM,2,2,None,"Flash\nFirst strike, protection from God creatures\nWhen Sigrid, God-Favored enters the battlefield, exile up to one target attacking or blocking creature until Sigrid leaves the battlefield."
Glorious Protector,4.0,['W'],['W'],None,['Creature'],"['Angel', 'Cleric']",Rare,PRM,3,4,None,"Flash\nFlying\nWhen Glorious Protector enters the battlefield, you may exile any number of non-Angel creatures you control until Glorious Protector leaves the battlefield.\nForetell {2}{W}"
Rally the Ranks,2.0,['W'],['W'],None,['Enchantment'],None,Rare,PRM,None,None,None,"As Rally the Ranks enters the battlefield, choose a creature type.\nCreatures you control of the chosen type get +1/+1."
Doomskar,5.0,['W'],['W'],None,['Sorcery'],None,Rare,PRM,None,None,None,"Destroy all creatures.\nForetell {1}{W}{W} (During your turn, you may pay {2} and exile this card from your hand face down. Cast it on a later turn for its foretell cost.)"
Dusk // Dawn,9.0,['W'],['W'],None,['Sorcery'],None,Rare,PRM,None,None,None,Destroy all creatures with power 3 or greater.
Approach of the Second Sun,7.0,['W'],['W'],None,['Sorcery'],None,Rare,PRM,None,None,None,"If this spell was cast from your hand and you've cast another spell named Approach of the Second Sun this game, you win the game. Otherwise, put Approach of the Second Sun into its owner's library seventh from the top and you gain 7 life."
"Reidane, God of the Worthy // Valkmira, Protector's Shield",3.0,['W'],['W'],['Legendary'],['Creature'],['God'],Rare,PRM,2,3,None,"Flying, vigilance\nSnow lands your opponents control enter the battlefield tapped.\nNoncreature spells your opponents cast with mana value 4 or greater cost {2} more to cast."
Portent,1.0,['U'],['U'],None,['Sorcery'],None,Common,PRM,None,None,None,"Look at the top three cards of target player's library, then put them back in any order. You may have that player shuffle.\nDraw a card at the beginning of the next turn's upkeep."
"Orvar, the All-Form",4.0,['U'],['U'],['Legendary'],['Creature'],['Shapeshifter'],Mythic,PRM,3,3,None,"Changeling\nWhenever you cast an instant or sorcery spell, if it targets one or more other permanents you control, create a token that's a copy of one of those permanents.\nWhen a spell or ability an opponent controls causes you to discard this card, create a token that's a copy of target permanent."
Alrund's Epiphany,7.0,['U'],['U'],None,['Sorcery'],None,Mythic,PRM,None,None,None,"Create two 1/1 blue Bird creature tokens with flying. Take an extra turn after this one. Exile Alrund's Epiphany.\nForetell {4}{U}{U} (During your turn, you may pay {2} and exile this card from your hand face down. Cast it on a later turn for its foretell cost.)"
"Alrund, God of the Cosmos // Hakka, Whispering Raven",5.0,['U'],['U'],['Legendary'],['Creature'],['God'],Mythic,PRM,1,1,None,"Alrund gets +1/+1 for each card in your hand and each foretold card you own in exile.\nAt the beginning of your end step, choose a card type, then reveal the top two cards of your library. Put all cards of the chosen type revealed this way into your hand and the rest on the bottom of your library in any order."
Ascendant Spirit,1.0,['U'],['U'],['Snow'],['Creature'],['Spirit'],Rare,PRM,1,1,None,"{S}{S}: Ascendant Spirit becomes a Spirit Warrior with base power and toughness 2/3.\n{S}{S}{S}: If Ascendant Spirit is a Warrior, put a flying counter on it and it becomes a Spirit Warrior Angel with base power and toughness 4/4.\n{S}{S}{S}{S}: If Ascendant Spirit is an Angel, put two +1/+1 counters on it and it gains ""Whenever this creature deals combat damage to a player, draw a card."""
Cosmos Charger,4.0,['U'],['U'],None,['Creature'],"['Horse', 'Spirit']",Rare,PRM,3,3,None,"Flash\nFlying\nForetelling cards from your hand costs {1} less and can be done on any player's turn.\nForetell {2}{U} (During your turn, you may pay {2} and exile this card from your hand face down. Cast it on a later turn for its foretell cost.)"
Cyclone Summoner,7.0,['U'],['U'],None,['Creature'],"['Giant', 'Wizard']",Rare,PRM,7,7,None,"When Cyclone Summoner enters the battlefield, if you cast it from your hand, return all permanents to their owners' hands except for Giants, Wizards, and lands."
Icebreaker Kraken,12.0,['U'],['U'],['Snow'],['Creature'],['Kraken'],Rare,PRM,8,8,None,"This spell costs {1} less to cast for each snow land you control.\nWhen Icebreaker Kraken enters the battlefield, artifacts and creatures target opponent controls don't untap during that player's next untap step.\nReturn three snow lands you control to their owner's hand: Return Icebreaker Kraken to its owner's hand."
Mystic Reflection,2.0,['U'],['U'],None,['Instant'],None,Rare,PRM,None,None,None,"Choose target nonlegendary creature. The next time one or more creatures or planeswalkers enter the battlefield this turn, they enter as copies of the chosen creature.\nForetell {U} (During your turn, you may pay {2} and exile this card from your hand face down. Cast it on a later turn for its foretell cost.)"
Reflections of Littjara,5.0,['U'],['U'],None,['Enchantment'],None,Rare,PRM,None,None,None,"As Reflections of Littjara enters the battlefield, choose a creature type.\nWhenever you cast a spell of the chosen type, copy that spell. (A copy of a permanent spell becomes a token.)"
Graven Lore,5.0,['U'],['U'],['Snow'],['Instant'],None,Rare,PRM,None,None,None,"Scry X, where X is the amount of {S} spent to cast this spell, then draw three cards. ({S} is mana from a snow source.)"
"Cosima, God of the Voyage // The Omenkeel",3.0,['U'],['U'],['Legendary'],['Creature'],['God'],Rare,PRM,2,4,None,"At the beginning of your upkeep, you may exile Cosima. If you do, it gains ""Whenever a land enters the battlefield under your control, if Cosima is exiled, you may put a voyage counter on it. If you don't, return Cosima to the battlefield with X +1/+1 counters on it and draw X cards, where X is the number of voyage counters on it."""
Inga Rune-Eyes,4.0,['U'],['U'],['Legendary'],['Creature'],"['Human', 'Wizard']",Uncommon,PRM,3,3,None,"When Inga Rune-Eyes enters the battlefield, scry 3.\nWhen Inga Rune-Eyes dies, draw three cards if three or more creatures died this turn."
Eradicator Valkyrie,4.0,['B'],['B'],None,['Creature'],"['Angel', 'Berserker']",Mythic,PRM,4,3,None,"Flying, lifelink, hexproof from planeswalkers\nBoast — {1}{B}, Sacrifice a creature: Each opponent sacrifices a creature or planeswalker. (Activate only if this creature attacked this turn and only once each turn.)"
Burning-Rune Demon,6.0,['B'],['B'],None,['Creature'],"['Demon', 'Berserker']",Mythic,PRM,6,6,None,"Flying\nWhen Burning-Rune Demon enters the battlefield, you may search your library for exactly two cards not named Burning-Rune Demon that have different names. If you do, reveal those cards. An opponent chooses one of them. Put the chosen card into your hand and the other into your graveyard, then shuffle."
Haunting Voyage,6.0,['B'],['B'],None,['Sorcery'],None,Mythic,PRM,None,None,None,"Choose a creature type. Return up to two creature cards of that type from your graveyard to the battlefield. If this spell was foretold, return all creature cards of that type from your graveyard to the battlefield instead.\nForetell {5}{B}{B} (During your turn, you may pay {2} and exile this card from your hand face down. Cast it on a later turn for its foretell cost.)"
"Valki, God of Lies // Tibalt, Cosmic Impostor",2.0,['B'],"['B', 'R']",['Legendary'],['Creature'],['God'],Mythic,PRM,2,1,None,"When Valki enters the battlefield, each opponent reveals their hand. For each opponent, exile a creature card they revealed this way until Valki leaves the battlefield.\n{X}: Choose a creature card exiled with Valki with mana value X. Valki becomes a copy of that card."
Skemfar Avenger,2.0,['B'],['B'],None,['Creature'],"['Elf', 'Berserker']",Rare,PRM,3,1,None,"Whenever another nontoken Elf or Berserker you control dies, you draw a card and you lose 1 life."
Dream Devourer,2.0,['B'],['B'],None,['Creature'],"['Demon', 'Cleric']",Rare,PRM,0,3,None,"Each nonland card in your hand without foretell has foretell. Its foretell cost is equal to its mana cost reduced by {2}. (During your turn, you may pay {2} and exile it from your hand face down. Cast it on a later turn for its foretell cost.)\nWhenever you foretell a card, Dream Devourer gets +2/+0 until end of turn."
"Varragoth, Bloodsky Sire",3.0,['B'],['B'],['Legendary'],['Creature'],"['Demon', 'Rogue']",Rare,PRM,2,3,None,"Deathtouch\nBoast — {1}{B}: Target player searches their library for a card, then shuffles and puts that card on top. (Activate only if this creature attacked this turn and only once each turn.)"
Draugr Necromancer,4.0,['B'],['B'],['Snow'],['Creature'],"['Zombie', 'Cleric']",Rare,PRM,4,4,None,"If a nontoken creature an opponent controls would die, exile that card with an ice counter on it instead.\nYou may cast spells from among cards in exile your opponents own with ice counters on them, and you may spend mana from snow sources as though it were mana of any color to cast those spells."
Rise of the Dread Marn,3.0,['B'],['B'],None,['Instant'],None,Rare,PRM,None,None,None,"Create X 2/2 black Zombie Berserker creature tokens, where X is the number of nontoken creatures that died this turn.\nForetell {B} (During your turn, you may pay {2} and exile this card from your hand face down. Cast it on a later turn for its foretell cost.)"
Blood on the Snow,6.0,['B'],['B'],['Snow'],['Sorcery'],None,Rare,PRM,None,None,None,"Choose one —\n• Destroy all creatures.\n• Destroy all planeswalkers.\nThen return a creature or planeswalker card with mana value X or less from your graveyard to the battlefield, where X is the amount of {S} spent to cast this spell. ({S} is mana from a snow source.)"
"Tergrid, God of Fright // Tergrid's Lantern",5.0,['B'],['B'],['Legendary'],['Creature'],['God'],Rare,PRM,4,5,None,"Menace\nWhenever an opponent sacrifices a nontoken permanent or discards a permanent card, you may put that card from a graveyard onto the battlefield under your control."
Drown in Sorrow,3.0,['B'],['B'],None,['Sorcery'],None,Uncommon,PRM,None,None,None,All creatures get -2/-2 until end of turn. Scry 1. (Look at the top card of your library. You may put that card on the bottom of your library.)
Crippling Fear,4.0,['B'],['B'],None,['Sorcery'],None,Rare,PRM,None,None,None,Choose a creature type. Creatures that aren't of the chosen type get -3/-3 until end of turn.
Goldspan Dragon,5.0,['R'],['R'],None,['Creature'],['Dragon'],Mythic,PRM,4,4,None,"Flying, haste\nWhenever Goldspan Dragon attacks or becomes the target of a spell, create a Treasure token.\nTreasures you control have ""{T}, Sacrifice this artifact: Add two mana of any one color."""
Quakebringer,5.0,['R'],['R'],None,['Creature'],"['Giant', 'Berserker']",Mythic,PRM,5,4,None,"Your opponents can't gain life.\nAt the beginning of your upkeep, Quakebringer deals 2 damage to each opponent. This ability triggers only if Quakebringer is on the battlefield or if Quakebringer is in your graveyard and you control a Giant.\nForetell {2}{R}{R}"
"Toralf, God of Fury // Toralf's Hammer",4.0,['R'],['R'],['Legendary'],['Creature'],['God'],Mythic,PRM,5,4,None,"Trample\nWhenever a creature or planeswalker an opponent controls is dealt excess noncombat damage, Toralf deals damage equal to the excess to any target other than that permanent."
"Magda, Brazen Outlaw",2.0,['R'],['R'],['Legendary'],['Creature'],"['Dwarf', 'Berserker']",Rare,PRM,2,1,None,"Other Dwarves you control get +1/+0.\nWhenever a Dwarf you control becomes tapped, create a Treasure token.\nSacrifice five Treasures: Search your library for an artifact or Dragon card, put that card onto the battlefield, then shuffle."
Arni Brokenbrow,3.0,['R'],['R'],['Legendary'],['Creature'],"['Human', 'Berserker']",Rare,PRM,3,3,None,Haste\nBoast — {1}: You may change Arni Brokenbrow's base power to 1 plus the greatest power among other creatures you control until end of turn. (Activate only if this creature attacked this turn and only once each turn.)
Calamity Bearer,4.0,['R'],['R'],None,['Creature'],"['Giant', 'Berserker']",Rare,PRM,3,4,None,"If a Giant source you control would deal damage to a permanent or player, it deals double that damage to that permanent or player instead."
Tibalt's Trickery,2.0,['R'],['R'],None,['Instant'],None,Rare,PRM,None,None,None,"Counter target spell. Choose 1, 2, or 3 at random. Its controller mills that many cards, then exiles cards from the top of their library until they exile a nonland card with a different name than that spell. They may cast that card without paying its mana cost. Then they put the exiled cards on the bottom of their library in a random order."
Reckless Crew,4.0,['R'],['R'],None,['Sorcery'],None,Rare,PRM,None,None,None,"Create X 2/1 red Dwarf Berserker creature tokens, where X is the number of Vehicles you control plus the number of Equipment you control. For each of those tokens, you may attach an Equipment you control to it."
Dragonkin Berserker,2.0,['R'],['R'],None,['Creature'],"['Human', 'Berserker']",Rare,PRM,2,2,None,First strike\nBoast abilities you activate cost {1} less to activate for each Dragon you control.\nBoast — {4}{R}: Create a 5/5 red Dragon creature token with flying. (Activate only if this creature attacked this turn and only once each turn.)
"Egon, God of Death // Throne of Death",3.0,['B'],['B'],['Legendary'],['Creature'],['God'],Rare,PRM,6,6,None,"Deathtouch\nAt the beginning of your upkeep, exile two cards from your graveyard. If you can't, sacrifice Egon and draw a card."
Tundra Fumarole,3.0,['R'],['R'],['Snow'],['Sorcery'],None,Rare,PRM,None,None,None,"Tundra Fumarole deals 4 damage to target creature or planeswalker. Add {C} for each {S} spent to cast this spell. Until end of turn, you don't lose this mana as steps and phases end. ({S} is mana from a snow source.)"
"Birgi, God of Storytelling // Harnfel, Horn of Bounty",3.0,['R'],['R'],['Legendary'],['Creature'],['God'],Rare,PRM,3,3,None,"Whenever you cast a spell, add {R}. Until end of turn, you don't lose this mana as steps and phases end.\nCreatures you control can boast twice during each of your turns rather than once."
"Vorinclex, Monstrous Raider",6.0,['G'],['G'],['Legendary'],['Creature'],"['Phyrexian', 'Praetor']",Mythic,PRM,6,6,None,"Trample, haste\nIf you would put one or more counters on a permanent or player, put twice that many of each of those kinds of counters on that permanent or player instead.\nIf an opponent would put one or more counters on a permanent or player, they put half that many of each of those kinds of counters on that permanent or player instead, rounded down."
Battle Mammoth,5.0,['G'],['G'],None,['Creature'],['Elephant'],Mythic,PRM,6,5,None,"Trample\nWhenever a permanent you control becomes the target of a spell or ability an opponent controls, you may draw a card.\nForetell {2}{G}{G} (During your turn, you may pay {2} and exile this card from your hand face down. Cast it on a later turn for its foretell cost.)"
Tyvar Kell,4.0,['G'],"['B', 'G']",['Legendary'],['Planeswalker'],['Tyvar'],Mythic,PRM,None,None,3,"Elves you control have ""{T}: Add {B}.""\n[+1]: Put a +1/+1 counter on up to one target Elf. Untap it. It gains deathtouch until end of turn.\n[0]: Create a 1/1 green Elf Warrior creature token.\n[−6]: You get an emblem with ""Whenever you cast an Elf spell, it gains haste until end of turn and you draw two cards."""
"Esika, God of the Tree // The Prismatic Bridge",3.0,['G'],"['B', 'G', 'R', 'U', 'W']",['Legendary'],['Creature'],['God'],Mythic,PRM,1,4,None,"Vigilance\n{T}: Add one mana of any color.\nOther legendary creatures you control have vigilance and ""{T}: Add one mana of any color."""
Elvish Warmaster,2.0,['G'],['G'],None,['Creature'],"['Elf', 'Warrior']",Rare,PRM,2,2,None,"Whenever one or more other Elves enter the battlefield under your control, create a 1/1 green Elf Warrior creature token. This ability triggers only once each turn.\n{5}{G}{G}: Elves you control get +2/+2 and gain deathtouch until end of turn."
Realmwalker,3.0,['G'],['G'],None,['Creature'],['Shapeshifter'],Rare,PRM,2,3,None,"Changeling (This card is every creature type.)\nAs Realmwalker enters the battlefield, choose a creature type.\nYou may look at the top card of your library any time.\nYou may cast creature spells of the chosen type from the top of your library."
Old-Growth Troll,3.0,['G'],['G'],None,['Creature'],"['Troll', 'Warrior']",Rare,PRM,4,4,None,"Trample\nWhen Old-Growth Troll dies, if it was a creature, return it to the battlefield. It's an Aura enchantment with enchant Forest you control and ""Enchanted Forest has '{T}: Add {G}{G}' and '{1}, {T}, Sacrifice this land: Create a tapped 4/4 green Troll Warrior creature token with trample.'"""
"Toski, Bearer of Secrets",4.0,['G'],['G'],['Legendary'],['Creature'],['Squirrel'],Rare,PRM,1,1,None,"This spell can't be countered.\nIndestructible\nToski, Bearer of Secrets attacks each combat if able.\nWhenever a creature you control deals combat damage to a player, draw a card."
Esika's Chariot,4.0,['G'],['G'],['Legendary'],['Artifact'],['Vehicle'],Rare,PRM,4,4,None,"When Esika's Chariot enters the battlefield, create two 2/2 green Cat creature tokens.\nWhenever Esika's Chariot attacks, create a token that's a copy of target token you control.\nCrew 4"
Blessing of Frost,4.0,['G'],['G'],['Snow'],['Sorcery'],None,Rare,PRM,None,None,None,"Distribute X +1/+1 counters among any number of creatures you control, where X is the amount of {S} spent to cast this spell. Then draw a card for each creature you control with power 4 or greater."
In Search of Greatness,2.0,['G'],['G'],None,['Enchantment'],None,Rare,PRM,None,None,None,"At the beginning of your upkeep, you may cast a permanent spell from your hand with mana value equal to 1 plus the highest mana value among other permanents you control without paying its mana cost. If you don't, scry 1."
"Kolvori, God of Kinship // The Ringhart Crest",4.0,['G'],['G'],['Legendary'],['Creature'],['God'],Rare,PRM,2,4,None,"As long as you control three or more legendary creatures, Kolvori gets +4/+2 and has vigilance.\n{1}{G}, {T}: Look at the top six cards of your library. You may reveal a legendary creature card from among them and put it into your hand. Put the rest on the bottom of your library in a random order."
"Jorn, God of Winter // Kaldring, the Rimestaff",3.0,['G'],"['B', 'G', 'U']","['Legendary', 'Snow']",['Creature'],['God'],Rare,PRM,3,3,None,"Whenever Jorn attacks, untap each snow permanent you control."
"Fynn, the Fangbearer",2.0,['G'],['G'],['Legendary'],['Creature'],"['Human', 'Warrior']",Uncommon,PRM,1,3,None,"Deathtouch\nWhenever a creature you control with deathtouch deals combat damage to a player, that player gets two poison counters. (A player with ten or more poison counters loses the game.)"
"Koma, Cosmos Serpent",7.0,"['G', 'U']","['G', 'U']",['Legendary'],['Creature'],['Serpent'],Mythic,PRM,6,6,None,"This spell can't be countered.\nAt the beginning of each upkeep, create a 3/3 blue Serpent creature token named Koma's Coil.\nSacrifice another Serpent: Choose one —\n• Tap target permanent. Its activated abilities can't be activated this turn.\n• Koma, Cosmos Serpent gains indestructible until end of turn."
Kaya the Inexorable,5.0,"['B', 'W']","['B', 'W']",['Legendary'],['Planeswalker'],['Kaya'],Mythic,PRM,None,None,5,"[+1]: Put a ghostform counter on up to one target nontoken creature. It gains ""When this creature dies or is put into exile, return it to its owner's hand and create a 1/1 white Spirit creature token with flying.""\n[−3]: Exile target nonland permanent.\n[−7]: You get an emblem with ""At the beginning of your upkeep, you may cast a legendary spell from your hand, from your graveyard, or from among cards you own in exile without paying its mana cost."""
Niko Aris,3.0,"['U', 'W']","['U', 'W']",['Legendary'],['Planeswalker'],['Niko'],Mythic,PRM,None,None,3,"When Niko Aris enters the battlefield, create X Shard tokens. (They're enchantments with ""{2}, Sacrifice this enchantment: Scry 1, then draw a card."")\n[+1]: Up to one target creature you control can't be blocked this turn. Whenever that creature deals damage this turn, return it to its owner's hand.\n[−1]: Niko Aris deals 2 damage to target tapped creature for each card you've drawn this turn.\n[−1]: Create a Shard token."
Immersturm Predator,4.0,"['B', 'R']","['B', 'R']",None,['Creature'],"['Vampire', 'Dragon']",Rare,PRM,3,3,None,"Flying\nWhenever Immersturm Predator becomes tapped, exile up to one target card from a graveyard and put a +1/+1 counter on Immersturm Predator.\nSacrifice another creature: Immersturm Predator gains indestructible until end of turn. Tap it."
"Sarulf, Realm Eater",3.0,"['B', 'G']","['B', 'G']",['Legendary'],['Creature'],['Wolf'],Rare,PRM,3,3,None,"Whenever a permanent an opponent controls is put into a graveyard from the battlefield, put a +1/+1 counter on Sarulf, Realm Eater.\nAt the beginning of your upkeep, if Sarulf has one or more +1/+1 counters on it, you may remove all of them. If you do, exile each other nonland permanent with mana value less than or equal to the number of counters removed this way."
"Vega, the Watcher",3.0,"['U', 'W']","['U', 'W']",['Legendary'],['Creature'],"['Bird', 'Spirit']",Uncommon,PRM,2,2,None,"Flying\nWhenever you cast a spell from anywhere other than your hand, draw a card."
"Narfi, Betrayer King",5.0,"['B', 'U']","['B', 'U']","['Legendary', 'Snow']",['Creature'],"['Zombie', 'Wizard']",Uncommon,PRM,4,3,None,"Other snow and Zombie creatures you control get +1/+1.\n{S}{S}{S}: Return Narfi, Betrayer King from your graveyard to the battlefield tapped. ({S} can be paid with one mana from a snow source.)"
"Kardur, Doomscourge",4.0,"['B', 'R']","['B', 'R']",['Legendary'],['Creature'],"['Demon', 'Berserker']",Uncommon,PRM,4,3,None,"When Kardur, Doomscourge enters the battlefield, until your next turn, creatures your opponents control attack each combat if able and attack a player other than you if able.\nWhenever an attacking creature dies, each opponent loses 1 life and you gain 1 life."
"Svella, Ice Shaper",3.0,"['G', 'R']","['G', 'R']","['Legendary', 'Snow']",['Creature'],"['Troll', 'Warrior']",Uncommon,PRM,2,4,None,"{3}, {T}: Create a colorless snow artifact token named Icy Manalith with ""{T}: Add one mana of any color.""\n{6}{R}{G}, {T}: Look at the top four cards of your library. You may cast a spell from among them without paying its mana cost. Put the rest on the bottom of your library in a random order."
"Maja, Bretagard Protector",5.0,"['G', 'W']","['G', 'W']",['Legendary'],['Creature'],"['Human', 'Warrior']",Uncommon,PRM,2,3,None,"Other creatures you control get +1/+1.\nLandfall — Whenever a land enters the battlefield under your control, create a 1/1 white Human Warrior creature token."
"Firja, Judge of Valor",5.0,"['B', 'W']","['B', 'W']",['Legendary'],['Creature'],"['Angel', 'Cleric']",Uncommon,PRM,2,4,None,"Flying, lifelink\nWhenever you cast your second spell each turn, look at the top three cards of your library. Put one of them into your hand and the rest into your graveyard."
"Aegar, the Freezing Flame",3.0,"['R', 'U']","['R', 'U']",['Legendary'],['Creature'],"['Giant', 'Wizard']",Uncommon,PRM,3,3,None,"Whenever a creature or planeswalker an opponent controls is dealt excess damage, if a Giant, Wizard, or spell you controlled dealt damage to it this turn, draw a card."
"Harald, King of Skemfar",3.0,"['B', 'G']","['B', 'G']",['Legendary'],['Creature'],"['Elf', 'Warrior']",Uncommon,PRM,3,2,None,"Menace (This creature can't be blocked except by two or more creatures.)\nWhen Harald, King of Skemfar enters the battlefield, look at the top five cards of your library. You may reveal an Elf, Warrior, or Tyvar card from among them and put it into your hand. Put the rest on the bottom of your library in a random order."
"Koll, the Forgemaster",2.0,"['R', 'W']","['R', 'W']",['Legendary'],['Creature'],"['Dwarf', 'Warrior']",Uncommon,PRM,2,2,None,"Whenever another nontoken creature you control dies, if it was enchanted or equipped, return it to its owner's hand.\nCreature tokens you control that are enchanted or equipped get +1/+1."
Moritte of the Frost,5.0,"['G', 'U']","['G', 'U']","['Legendary', 'Snow']",['Creature'],['Shapeshifter'],Uncommon,PRM,0,0,None,"Changeling (This card is every creature type.)\nYou may have Moritte of the Frost enter the battlefield as a copy of a permanent you control, except it's legendary and snow in addition to its other types and, if it's a creature, it enters with two additional +1/+1 counters on it and has changeling."
Pyre of Heroes,2.0,None,None,None,['Artifact'],None,Rare,PRM,None,None,None,"{2}, {T}, Sacrifice a creature: Search your library for a creature card that shares a creature type with the sacrificed creature and has mana value equal to 1 plus that creature's mana value. Put that card onto the battlefield, then shuffle. Activate only as a sorcery."
Maskwood Nexus,4.0,None,None,None,['Artifact'],None,Rare,PRM,None,None,None,"Creatures you control are every creature type. The same is true for creature spells you control and creature cards you own that aren't on the battlefield.\n{3}, {T}: Create a 2/2 blue Shapeshifter creature token with changeling. (It is every creature type.)"
Cosmos Elixir,4.0,None,None,None,['Artifact'],None,Rare,PRM,None,None,None,"At the beginning of your end step, draw a card if your life total is greater than your starting life total. Otherwise, you gain 2 life."
Port Town,0.0,None,"['U', 'W']",None,['Land'],None,Rare,PRM,None,None,None,"As Port Town enters the battlefield, you may reveal a Plains or Island card from your hand. If you don't, Port Town enters the battlefield tapped.\n{T}: Add {W} or {U}."
Blightstep Pathway // Searstep Pathway,0.0,None,"['B', 'R']",None,['Land'],None,Rare,PRM,None,None,None,{T}: Add {B}.
Barkchannel Pathway // Tidechannel Pathway,0.0,None,"['G', 'U']",None,['Land'],None,Rare,PRM,None,None,None,{T}: Add {G}.
Darkbore Pathway // Slitherbore Pathway,0.0,None,"['B', 'G']",None,['Land'],None,Rare,PRM,None,None,None,{T}: Add {B}.
Hengegate Pathway // Mistgate Pathway,0.0,None,"['U', 'W']",None,['Land'],None,Rare,PRM,None,None,None,{T}: Add {W}.
The World Tree,0.0,None,"['B', 'G', 'R', 'U', 'W']",None,['Land'],None,Rare,PRM,None,None,None,"The World Tree enters the battlefield tapped.\n{T}: Add {G}.\nAs long as you control six or more lands, lands you control have ""{T}: Add one mana of any color.""\n{W}{W}{U}{U}{B}{B}{R}{R}{G}{G}, {T}, Sacrifice The World Tree: Search your library for any number of God cards, put them onto the battlefield, then shuffle."
Cascading Cataracts,0.0,None,None,None,['Land'],None,Rare,PRM,None,None,None,"Indestructible\n{T}: Add {C}.\n{5}, {T}: Add five mana in any combination of colors."
Tyrite Sanctum,0.0,None,None,None,['Land'],None,Rare,PRM,None,None,None,"{T}: Add {C}.\n{2}, {T}: Target legendary creature becomes a God in addition to its other types. Put a +1/+1 counter on it.\n{4}, {T}, Sacrifice Tyrite Sanctum: Put an indestructible counter on target God."
Faceless Haven,0.0,None,None,['Snow'],['Land'],None,Rare,PRM,None,None,None,{T}: Add {C}.\n{S}{S}{S}: Faceless Haven becomes a 4/3 creature with vigilance and all creature types until end of turn. It's still a land. ({S} can be paid with one mana from a snow source.)
Leonin Lightscribe,2.0,['W'],['W'],None,['Creature'],"['Cat', 'Cleric']",Rare,PRM,2,2,None,"Magecraft — Whenever you cast or copy an instant or sorcery spell, creatures you control get +1/+1 until end of turn."
"Nils, Discipline Enforcer",3.0,['W'],['W'],['Legendary'],['Creature'],"['Human', 'Cleric']",Rare,PRM,2,2,None,"At the beginning of your end step, for each player, put a +1/+1 counter on up to one target creature that player controls.\nEach creature with one or more counters on it can't attack you or planeswalkers you control unless its controller pays {X}, where X is the number of counters on that creature."
Strict Proctor,2.0,['W'],['W'],None,['Creature'],"['Spirit', 'Cleric']",Rare,PRM,1,3,None,"Flying\nWhenever a permanent entering the battlefield causes a triggered ability to trigger, counter that ability unless its controller pays {2}."
Scholarship Sponsor,4.0,['W'],['W'],None,['Creature'],"['Human', 'Advisor']",Rare,PRM,3,3,None,"When Scholarship Sponsor enters the battlefield, each player who controls fewer lands than the player who controls the most lands searches their library for a number of basic land cards less than or equal to the difference, puts those cards onto the battlefield tapped, then shuffles."
Sparring Regimen,3.0,['W'],['W'],None,['Enchantment'],None,Rare,PRM,None,None,None,"When Sparring Regimen enters the battlefield, learn. (You may reveal a Lesson card you own from outside the game and put it into your hand, or discard a card to draw a card.)\nWhenever you attack, put a +1/+1 counter on target attacking creature and untap it."
Combat Calligrapher,4.0,['W'],['W'],None,['Creature'],"['Bird', 'Cleric']",Rare,PRM,3,3,None,"Flying\nInklings can't attack you or planeswalkers you control.\nWhenever a player attacks one of your opponents, that attacking player creates a tapped 2/1 white and black Inkling creature token with flying that's attacking that opponent."
Semester's End,4.0,['W'],['W'],None,['Instant'],None,Rare,PRM,None,None,None,"Exile any number of target creatures and/or planeswalkers you control. At the beginning of the next end step, return each of them to the battlefield under its owner's control. Each of them enters the battlefield with an additional +1/+1 counter on it if it's a creature and an additional loyalty counter on it if it's a planeswalker."
Guardian Archon,6.0,['W'],['W'],None,['Creature'],['Archon'],Rare,PRM,5,5,None,"Flying\nAs Guardian Archon enters the battlefield, secretly choose an opponent.\nReveal the player you chose: You and target permanent you control each gain protection from the chosen player until end of turn. Activate only once."
Devastating Mastery,6.0,['W'],['W'],None,['Sorcery'],None,Rare,PRM,None,None,None,"You may pay {2}{W}{W} rather than pay this spell's mana cost.\nIf the {2}{W}{W} cost was paid, an opponent chooses up to two nonland permanents they control and returns them to their owner's hand.\nDestroy all nonland permanents."
Elite Spellbinder,3.0,['W'],['W'],None,['Creature'],"['Human', 'Cleric']",Rare,PRM,3,1,None,"Flying\nWhen Elite Spellbinder enters the battlefield, look at target opponent's hand. You may exile a nonland card from it. For as long as that card remains exiled, its owner may play it. A spell cast this way costs {2} more to cast."
Promise of Loyalty,5.0,['W'],['W'],None,['Sorcery'],None,Rare,PRM,None,None,None,Each player puts a vow counter on a creature they control and sacrifices the rest. Each of those creatures can't attack you or planeswalkers you control for as long as it has a vow counter on it.
Excavation Technique,4.0,['W'],['W'],None,['Sorcery'],None,Rare,PRM,None,None,None,"Demonstrate (When you cast this spell, you may copy it. If you do, choose an opponent to also copy it. Players may choose new targets for their copies.)\nDestroy target nonland permanent. Its controller creates two Treasure tokens."
"Losheel, Clockwork Scholar",3.0,['W'],['W'],['Legendary'],['Creature'],"['Elephant', 'Artificer']",Rare,PRM,2,4,None,"Prevent all combat damage that would be dealt to attacking artifact creatures you control.\nWhenever one or more artifact creatures enter the battlefield under your control, draw a card. This ability triggers only once each turn."
Digsite Engineer,3.0,['W'],['W'],None,['Creature'],"['Dwarf', 'Artificer']",Rare,PRM,3,3,None,"Whenever you cast an artifact spell, you may pay {2}. If you do, create a 0/0 colorless Construct artifact creature token with ""This creature gets +1/+1 for each artifact you control."""
Angel of the Ruins,7.0,['W'],['W'],None,"['Artifact', 'Creature']",['Angel'],Rare,PRM,5,7,None,"Flying\nWhen Angel of the Ruins enters the battlefield, exile up to two target artifacts and/or enchantments.\nPlainscycling {2} ({2}, Discard this card: Search your library for a Plains card, reveal it, put it into your hand, then shuffle.)"
Bronze Guardian,5.0,['W'],['W'],None,"['Artifact', 'Creature']",['Golem'],Rare,PRM,*,5,None,"Double strike\nWard {2} (Whenever this creature becomes the target of a spell or ability an opponent controls, counter it unless that player pays {2}.)\nOther artifacts you control have ward {2}.\nBronze Guardian's power is equal to the number of artifacts you control."
Monologue Tax,3.0,['W'],['W'],None,['Enchantment'],None,Rare,PRM,None,None,None,"Whenever an opponent casts their second spell each turn, you create a Treasure token."
Archaeomancer's Map,3.0,['W'],['W'],None,['Artifact'],None,Rare,PRM,None,None,None,"When Archaeomancer's Map enters the battlefield, search your library for up to two basic Plains cards, reveal them, put them into your hand, then shuffle.\nWhenever a land enters the battlefield under an opponent's control, if that player controls more lands than you, you may put a land card from your hand onto the battlefield."
Academic Probation,2.0,['W'],['W'],None,['Sorcery'],['Lesson'],Rare,PRM,None,None,None,"Choose one —\n• Choose a nonland card name. Opponents can't cast spells with the chosen name until your next turn.\n• Choose target nonland permanent. Until your next turn, it can't attack or block, and its activated abilities can't be activated."
"Mavinda, Students' Advocate",3.0,['W'],['W'],['Legendary'],['Creature'],"['Bird', 'Advisor']",Mythic,PRM,2,3,None,"Flying\n{0}: You may cast target instant or sorcery card from your graveyard this turn. If that spell doesn't target a creature you control, it costs {8} more to cast this way. If that spell would be put into your graveyard, exile it instead. Activate only once each turn. (You still pay the spell's costs. Timing rules for the spell still apply.)"
Dream Strix,3.0,['U'],['U'],None,['Creature'],"['Bird', 'Illusion']",Rare,PRM,3,2,None,"Flying\nWhen Dream Strix becomes the target of a spell, sacrifice it.\nWhen Dream Strix dies, learn. (You may reveal a Lesson card you own from outside the game and put it into your hand, or discard a card to draw a card.)"
Archmage Emeritus,4.0,['U'],['U'],None,['Creature'],"['Human', 'Wizard']",Rare,PRM,2,2,None,"Magecraft — Whenever you cast or copy an instant or sorcery spell, draw a card."
Multiple Choice,1.0,['U'],['U'],None,['Sorcery'],None,Rare,PRM,None,None,None,"If X is 1, scry 1, then draw a card.\nIf X is 2, you may choose a player. They return a creature they control to its owner's hand.\nIf X is 3, create a 4/4 blue and red Elemental creature token.\nIf X is 4 or more, do all of the above."
Tempted by the Oriq,4.0,['U'],['U'],None,['Sorcery'],None,Rare,PRM,None,None,None,"For each opponent, gain control of up to one target creature or planeswalker that player controls with mana value 3 or less."
Ingenious Mastery,3.0,['U'],['U'],None,['Sorcery'],None,Rare,PRM,None,None,None,"You may pay {2}{U} rather than pay this spell's mana cost.\nIf the {2}{U} cost was paid, you draw three cards, then an opponent creates two Treasure tokens and they scry 2. If that cost wasn't paid, you draw X cards."
"Octavia, Living Thesis",10.0,['U'],['U'],['Legendary'],['Creature'],"['Elemental', 'Octopus']",Rare,PRM,8,8,None,"This spell costs {8} less to cast if you have eight or more instant and/or sorcery cards in your graveyard.\nWard {8}\nMagecraft — Whenever you cast or copy an instant or sorcery spell, target creature has base power and toughness 8/8 until end of turn."
Sly Instigator,4.0,['U'],['U'],None,['Creature'],"['Human', 'Wizard']",Rare,PRM,2,4,None,"{U}, {T}: Until your next turn, target creature an opponent controls can't be blocked. Goad that creature. (Until your next turn, that creature attacks each combat if able and attacks a player other than you if able.)"
Dazzling Sphinx,5.0,['U'],['U'],None,['Creature'],['Sphinx'],Rare,PRM,4,5,None,"Flying\nWhenever Dazzling Sphinx deals combat damage to a player, that player exiles cards from the top of their library until they exile an instant or sorcery card. You may cast that card without paying its mana cost. Then that player puts the exiled cards that weren't cast this way on the bottom of their library in a random order."
Muse Vortex,2.0,['U'],['U'],None,['Sorcery'],None,Rare,PRM,None,None,None,Exile the top X cards of your library. You may cast an instant or sorcery spell with mana value X or less from among them without paying its mana cost. Then put the exiled instant and sorcery cards that weren't cast this way into your hand and the rest on the bottom of your library in a random order.
"Deekah, Fractal Theorist",5.0,['U'],['U'],['Legendary'],['Creature'],"['Human', 'Wizard']",Rare,PRM,3,3,None,"Magecraft — Whenever you cast or copy an instant or sorcery spell, create a 0/0 green and blue Fractal creature token. Put X +1/+1 counters on it, where X is that spell's mana value.\n{3}{U}: Target creature token can't be blocked this turn."
Spawning Kraken,6.0,['U'],['U'],None,['Creature'],['Kraken'],Rare,PRM,6,6,None,"Whenever a Kraken, Leviathan, Octopus, or Serpent you control deals combat damage to a player, create a 9/9 blue Kraken creature token."
Curiosity Crafter,4.0,['U'],['U'],None,['Creature'],"['Bird', 'Wizard']",Rare,PRM,3,3,None,"Flying\nYou have no maximum hand size.\nWhenever a creature token you control deals combat damage to a player, draw a card."
Inspiring Refrain,6.0,['U'],['U'],None,['Sorcery'],None,Rare,PRM,None,None,None,"Draw two cards. Exile Inspiring Refrain with three time counters on it.\nSuspend 3—{2}{U} (Rather than cast this card from your hand, you may pay {2}{U} and exile it with three time counters on it. At the beginning of your upkeep, remove a time counter. When the last is removed, you may cast it without paying its mana cost.)"
Commander's Insight,3.0,['U'],['U'],None,['Instant'],None,Rare,PRM,None,None,None,Target player draws X cards plus an additional card for each time they've cast a commander from the command zone this game.
Teachings of the Archaics,3.0,['U'],['U'],None,['Sorcery'],['Lesson'],Rare,PRM,None,None,None,"If an opponent has more cards in hand than you, draw two cards. Draw three cards instead if an opponent has at least four more cards in hand than you."
Perplexing Test,5.0,['U'],['U'],None,['Instant'],None,Rare,PRM,None,None,None,Choose one —\n• Return all creature tokens to their owners' hands.\n• Return all nontoken creatures to their owners' hands.
Theoretical Duplication,3.0,['U'],['U'],None,['Instant'],None,Rare,PRM,None,None,None,"Whenever a nontoken creature enters the battlefield under an opponent's control this turn, create a token that's a copy of that creature."
Oriq Loremage,4.0,['B'],['B'],None,['Creature'],"['Human', 'Warlock']",Rare,PRM,3,3,None,"{T}: Search your library for a card, put it into your graveyard, then shuffle. If it's an instant or sorcery card, put a +1/+1 counter on Oriq Loremage."
"Fain, the Broker",3.0,['B'],['B'],['Legendary'],['Creature'],"['Human', 'Warlock']",Rare,PRM,3,3,None,"{T}, Sacrifice a creature: Put two +1/+1 counters on target creature.\n{T}, Remove a counter from a creature you control: Create a Treasure token.\n{T}, Sacrifice an artifact: Create a 2/1 white and black Inkling creature token with flying.\n{3}{B}: Untap Fain, the Broker."
Sedgemoor Witch,3.0,['B'],['B'],None,['Creature'],"['Human', 'Warlock']",Rare,PRM,3,2,None,"Menace\nWard—Pay 3 life. (Whenever this creature becomes the target of a spell or ability an opponent controls, counter it unless that player pays 3 life.)\nMagecraft — Whenever you cast or copy an instant or sorcery spell, create a 1/1 black and green Pest creature token with ""When this creature dies, you gain 1 life."""
Callous Bloodmage,3.0,['B'],['B'],None,['Creature'],"['Vampire', 'Warlock']",Rare,PRM,2,1,None,"When Callous Bloodmage enters the battlefield, choose one —\n• Create a 1/1 black and green Pest creature token with ""When this creature dies, you gain 1 life.""\n• You draw a card and you lose 1 life.\n• Exile target player's graveyard."
Poet's Quill,2.0,['B'],['B'],None,['Artifact'],['Equipment'],Rare,PRM,None,None,None,"When Poet's Quill enters the battlefield, learn. (You may reveal a Lesson card you own from outside the game and put it into your hand, or discard a card to draw a card.)\nEquipped creature gets +1/+1 and has lifelink.\nEquip {1}{B}"
Bold Plagiarist,4.0,['B'],['B'],None,['Creature'],"['Vampire', 'Rogue']",Rare,PRM,2,2,None,"Flash\nWhenever an opponent puts one or more counters on a creature they control, they put the same number and kind of counters on Bold Plagiarist."
"Nissa, Who Shakes the World",5.0,['G'],['G'],['Legendary'],['Planeswalker'],['Nissa'],Rare,PRM,None,None,5,"Whenever you tap a Forest for mana, add an additional {G}.\n[+1]: Put three +1/+1 counters on up to one target noncreature land you control. Untap it. It becomes a 0/0 Elemental creature with vigilance and haste that's still a land.\n[−8]: You get an emblem with ""Lands you control have indestructible."" Search your library for any number of Forest cards, put them onto the battlefield tapped, then shuffle."
Keen Duelist,2.0,['B'],['B'],None,['Creature'],"['Human', 'Wizard']",Rare,PRM,2,2,None,"At the beginning of your upkeep, you and target opponent each reveal the top card of your library. You each lose life equal to the mana value of the card revealed by the other player. You each put the card you revealed into your hand."
"Ashiok, Dream Render",3.0,"['B', 'U']","['B', 'U']",['Legendary'],['Planeswalker'],['Ashiok'],Uncommon,PRM,None,None,5,Spells and abilities your opponents control can't cause their controller to search their library.\n[−1]: Target player mills four cards. Then exile each opponent's graveyard.
Replication Technique,5.0,['U'],['U'],None,['Sorcery'],None,Rare,PRM,None,None,None,"Demonstrate (When you cast this spell, you may copy it. If you do, choose an opponent to also copy it. Players may choose new targets for their copies.)\nCreate a token that's a copy of target permanent you control."
Author of Shadows,5.0,['B'],['B'],None,['Creature'],"['Shade', 'Warlock']",Rare,PRM,3,3,None,"When Author of Shadows enters the battlefield, exile all opponents' graveyards. Choose a nonland card exiled this way. You may cast that card for as long as it remains exiled, and you may spend mana as though it were mana of any color to cast that spell."
Baleful Mastery,4.0,['B'],['B'],None,['Instant'],None,Rare,PRM,None,None,None,"You may pay {1}{B} rather than pay this spell's mana cost.\nIf the {1}{B} cost was paid, an opponent draws a card.\nExile target creature or planeswalker."
Stinging Study,5.0,['B'],['B'],None,['Instant'],None,Rare,PRM,None,None,None,"You draw X cards and you lose X life, where X is the mana value of a commander you own on the battlefield or in the command zone."
Cunning Rhetoric,3.0,['B'],['B'],None,['Enchantment'],None,Rare,PRM,None,None,None,"Whenever an opponent attacks you and/or one or more planeswalkers you control, exile the top card of that player's library. You may play that card for as long as it remains exiled, and you may spend mana as though it were mana of any color to cast it."
Confront the Past,1.0,['B'],['B'],None,['Sorcery'],['Lesson'],Rare,PRM,None,None,None,Choose one —\n• Return target planeswalker card with mana value X or less from your graveyard to the battlefield.\n• Remove twice X loyalty counters from target planeswalker an opponent controls.
"Tivash, Gloom Summoner",5.0,['B'],['B'],['Legendary'],['Creature'],"['Human', 'Warlock']",Rare,PRM,4,4,None,"Lifelink\nAt the beginning of your end step, if you gained life this turn, you may pay X life, where X is the amount of life you gained this turn. If you do, create an X/X black Demon creature token with flying."
Marshland Bloodcaster,5.0,['B'],['B'],None,['Creature'],"['Vampire', 'Warlock']",Rare,PRM,3,5,None,"Flying\n{1}{B}, {T}: Rather than pay the mana cost of the next spell you cast this turn, you may pay life equal to that spell's mana value."
Veinwitch Coven,3.0,['B'],['B'],None,['Creature'],"['Vampire', 'Warlock']",Rare,PRM,3,3,None,"Menace\nWhenever you gain life, you may pay {B}. If you do, return target creature card from your graveyard to your hand."
Blight Mound,3.0,['B'],['B'],None,['Enchantment'],None,Rare,PRM,None,None,None,"Attacking Pests you control get +1/+0 and have menace.\nWhenever a nontoken creature you control dies, create a 1/1 black and green Pest creature token with ""When this creature dies, you gain 1 life."""
Incarnation Technique,5.0,['B'],['B'],None,['Sorcery'],None,Rare,PRM,None,None,None,"Demonstrate (When you cast this spell, you may copy it. If you do, choose an opponent to also copy it.)\nMill five cards, then return a creature card from your graveyard to the battlefield."
Essence Pulse,4.0,['B'],['B'],None,['Sorcery'],None,Rare,PRM,None,None,None,"You gain 2 life. Each creature gets -X/-X until end of turn, where X is the amount of life you gained this turn."
Professor Onyx,6.0,['B'],['B'],['Legendary'],['Planeswalker'],['Liliana'],Mythic,PRM,None,None,5,"Magecraft — Whenever you cast or copy an instant or sorcery spell, each opponent loses 2 life and you gain 2 life.\n[+1]: You lose 1 life. Look at the top three cards of your library. Put one of them into your hand and the rest into your graveyard.\n[−3]: Each opponent sacrifices a creature with the greatest power among creatures that player controls.\n[−8]: Each opponent may discard a card. If they don't, they lose 3 life. Repeat this process six more times."
Conspiracy Theorist,2.0,['R'],['R'],None,['Creature'],"['Human', 'Shaman']",Rare,PRM,2,2,None,"Whenever Conspiracy Theorist attacks, you may pay {1} and discard a card. If you do, draw a card.\nWhenever you discard one or more nonland cards, you may exile one of them from your graveyard. If you do, you may cast it this turn."
Efreet Flamepainter,4.0,['R'],['R'],None,['Creature'],"['Efreet', 'Shaman']",Rare,PRM,1,4,None,"Double strike\nWhenever Efreet Flamepainter deals combat damage to a player, you may cast target instant or sorcery card from your graveyard without paying its mana cost. If that spell would be put into your graveyard, exile it instead."
Retriever Phoenix,4.0,['R'],['R'],None,['Creature'],['Phoenix'],Rare,PRM,2,2,None,"Flying, haste\nWhen Retriever Phoenix enters the battlefield, if you cast it, learn. (You may reveal a Lesson card you own from outside the game and put it into your hand, or discard a card to draw a card.)\nAs long as Retriever Phoenix is in your graveyard, if you would learn, you may instead return Retriever Phoenix to the battlefield."
Fervent Mastery,5.0,['R'],['R'],None,['Sorcery'],None,Rare,PRM,None,None,None,"You may pay {2}{R}{R} rather than pay this spell's mana cost.\nIf the {2}{R}{R} cost was paid, an opponent discards any number of cards, then draws that many cards.\nSearch your library for up to three cards, put them into your hand, shuffle, then discard three cards at random."
Draconic Intervention,4.0,['R'],['R'],None,['Sorcery'],None,Rare,PRM,None,None,None,"As an additional cost to cast this spell, exile an instant or sorcery card from your graveyard.\nDraconic Intervention deals X damage to each non-Dragon creature, where X is the exiled card's mana value. If a creature dealt damage this way would die this turn, exile it instead.\nExile Draconic Intervention."
"Rionya, Fire Dancer",5.0,['R'],['R'],['Legendary'],['Creature'],"['Human', 'Wizard']",Rare,PRM,3,4,None,"At the beginning of combat on your turn, create X tokens that are copies of another target creature you control, where X is one plus the number of instant and sorcery spells you've cast this turn. They gain haste. Exile them at the beginning of the next end step."
Radiant Performer,5.0,['R'],['R'],None,['Creature'],"['Human', 'Wizard']",Rare,PRM,2,2,None,"Flash\nWhen Radiant Performer enters the battlefield, if you cast it from your hand, choose target spell or ability that targets only a single permanent or player. Copy that spell or ability for each other permanent or player the spell or ability could target. Each copy targets a different one of those permanents and players."
Inferno Project,7.0,['R'],['R'],None,['Creature'],['Elemental'],Rare,PRM,0,0,None,"Trample\nInferno Project enters the battlefield with X +1/+1 counters on it, where X is the total mana value of instant and sorcery cards in your graveyard."
Fiery Encore,5.0,['R'],['R'],None,['Sorcery'],None,Rare,PRM,None,None,None,"Discard a card, then draw a card. When you discard a nonland card this way, Fiery Encore deals damage equal to that card's mana value to target creature or planeswalker.\nStorm (When you cast this spell, copy it for each spell cast before it this turn.)"
Surge to Victory,6.0,['R'],['R'],None,['Sorcery'],None,Rare,PRM,None,None,None,"Exile target instant or sorcery card from your graveyard. Creatures you control get +X/+0 until end of turn, where X is that card's mana value. Whenever a creature you control deals combat damage to a player this turn, copy the exiled card. You may cast the copy without paying its mana cost."
Rousing Refrain,5.0,['R'],['R'],None,['Sorcery'],None,Rare,PRM,None,None,None,"Add {R} for each card in target opponent's hand. Until end of turn, you don't lose this mana as steps and phases end. Exile Rousing Refrain with three time counters on it.\nSuspend 3—{1}{R} (Rather than cast this card from your hand, you may pay {1}{R} and exile it with three time counters on it. At the beginning of your upkeep, remove a time counter. When the last is removed, you may cast it without paying its mana cost.)"
"Laelia, the Blade Reforged",3.0,['R'],['R'],['Legendary'],['Creature'],"['Spirit', 'Warrior']",Rare,PRM,2,2,None,"Haste\nWhenever Laelia, the Blade Reforged attacks, exile the top card of your library. You may play that card this turn.\nWhenever one or more cards are put into exile from your library and/or your graveyard, put a +1/+1 counter on Laelia."
Ruin Grinder,6.0,['R'],['R'],None,"['Artifact', 'Creature']",['Construct'],Rare,PRM,7,4,None,"Menace\nWhen Ruin Grinder dies, each player may discard their hand and draw seven cards.\nMountaincycling {2} ({2}, Discard this card: Search your library for a Mountain card, reveal it, put it into your hand, then shuffle.)"
Audacious Reshapers,3.0,['R'],['R'],None,['Creature'],"['Human', 'Artificer']",Rare,PRM,3,3,None,"{T}, Sacrifice an artifact: Reveal cards from the top of your library until you reveal an artifact card. Put that card onto the battlefield and the rest on the bottom of your library in a random order. Audacious Reshapers deals damage to you equal to the number of cards revealed this way."
Battlemage's Bracers,3.0,['R'],['R'],None,['Artifact'],['Equipment'],Rare,PRM,None,None,None,"Equipped creature has haste.\nWhenever an ability of equipped creature is activated, if it isn't a mana ability, you may pay {1}. If you do, copy that ability. You may choose new targets for the copy.\nEquip {2}"
Cursed Mirror,3.0,['R'],['R'],None,['Artifact'],None,Rare,PRM,None,None,None,"{T}: Add {R}.\nAs Cursed Mirror enters the battlefield, you may have it become a copy of any creature on the battlefield until end of turn, except it has haste."
Creative Technique,5.0,['R'],['R'],None,['Sorcery'],None,Rare,PRM,None,None,None,"Demonstrate (When you cast this spell, you may copy it. If you do, choose an opponent to also copy it.)\nShuffle your library, then reveal cards from the top of it until you reveal a nonland card. Exile that card and put the rest on the bottom of your library in a random order. You may cast the exiled card without paying its mana cost."
Illuminate History,4.0,['R'],['R'],None,['Sorcery'],['Lesson'],Rare,PRM,None,None,None,"Discard any number of cards, then draw that many cards. Then if there are seven or more cards in your graveyard, create a 3/2 red and white Spirit creature token."
Crackle with Power,2.0,['R'],['R'],None,['Sorcery'],None,Mythic,PRM,None,None,None,Crackle with Power deals five times X damage to each of up to X targets.
Dragonsguard Elite,2.0,['G'],['G'],None,['Creature'],"['Human', 'Druid']",Rare,PRM,2,2,None,"Magecraft — Whenever you cast or copy an instant or sorcery spell, put a +1/+1 counter on Dragonsguard Elite.\n{4}{G}{G}: Double the number of +1/+1 counters on Dragonsguard Elite."
Accomplished Alchemist,4.0,['G'],['G'],None,['Creature'],"['Elf', 'Druid']",Rare,PRM,2,5,None,"{T}: Add one mana of any color.\n{T}: Add X mana of any one color, where X is the amount of life you gained this turn."
Gnarled Professor,4.0,['G'],['G'],None,['Creature'],"['Treefolk', 'Druid']",Rare,PRM,5,4,None,"Trample\nWhen Gnarled Professor enters the battlefield, learn. (You may reveal a Lesson card you own from outside the game and put it into your hand, or discard a card to draw a card.)"
Exponential Growth,2.0,['G'],['G'],None,['Sorcery'],None,Rare,PRM,None,None,None,"Until end of turn, double target creature's power X times."
Verdant Mastery,6.0,['G'],['G'],None,['Sorcery'],None,Rare,PRM,None,None,None,You may pay {3}{G} rather than pay this spell's mana cost.\nSearch your library for up to four basic land cards and reveal them. Put one of them onto the battlefield tapped under an opponent's control if the {3}{G} cost was paid. Put two of them onto the battlefield tapped under your control and the rest into your hand. Then shuffle.
Basic Conjuration,3.0,['G'],['G'],None,['Sorcery'],['Lesson'],Rare,PRM,None,None,None,Look at the top six cards of your library. You may reveal a creature card from among them and put it into your hand. Put the rest on the bottom of your library in a random order. You gain 3 life.
"Yedora, Grave Gardener",5.0,['G'],['G'],['Legendary'],['Creature'],"['Treefolk', 'Druid']",Rare,PRM,5,5,None,"Whenever another nontoken creature you control dies, you may return it to the battlefield face down under its owner's control. It's a Forest land. (It has no other types or abilities.)"
Blossoming Bogbeast,5.0,['G'],['G'],None,['Creature'],['Beast'],Rare,PRM,3,3,None,"Whenever Blossoming Bogbeast attacks, you gain 2 life. Then creatures you control gain trample and get +X/+X until end of turn, where X is the amount of life you gained this turn."
Ezzaroot Channeler,6.0,['G'],['G'],None,['Creature'],"['Treefolk', 'Druid']",Rare,PRM,4,6,None,"Reach\nCreature spells you cast cost {X} less to cast, where X is the amount of life you gained this turn.\n{T}: You gain 2 life."
Sproutback Trudge,9.0,['G'],['G'],None,['Creature'],"['Fungus', 'Beast']",Rare,PRM,9,7,None,"This spell costs {X} less to cast, where X is the amount of life you gained this turn.\nTrample\nAt the beginning of your end step, if you gained life this turn, you may cast Sproutback Trudge from your graveyard."
Pest Infestation,1.0,['G'],['G'],None,['Sorcery'],None,Rare,PRM,None,None,None,"Destroy up to X target artifacts and/or enchantments. Create twice X 1/1 black and green Pest creature tokens with ""When this creature dies, you gain 1 life."""
Trudge Garden,3.0,['G'],['G'],None,['Enchantment'],None,Rare,PRM,None,None,None,"Whenever you gain life, you may pay {2}. If you do, create a 4/4 green Fungus Beast creature token with trample."
"Ruxa, Patient Professor",4.0,['G'],['G'],['Legendary'],['Creature'],"['Bear', 'Druid']",Rare,PRM,4,4,None,"Whenever Ruxa, Patient Professor enters the battlefield or attacks, return target creature card with no abilities from your graveyard to your hand.\nCreatures you control with no abilities get +1/+1.\nFor each creature you control with no abilities, you may have that creature assign its combat damage as though it weren't blocked."
Guardian Augmenter,3.0,['G'],['G'],None,['Creature'],"['Troll', 'Wizard']",Rare,PRM,2,2,None,Flash\nCommander creatures you control get +2/+2.\nCommanders you control have hexproof.
Healing Technique,4.0,['G'],['G'],None,['Sorcery'],None,Rare,PRM,None,None,None,"Demonstrate (When you cast this spell, you may copy it. If you do, choose an opponent to also copy it. Players may choose new targets for their copies.)\nReturn target card from your graveyard to your hand. You gain life equal to that card's mana value. Exile Healing Technique."
Paradox Zone,5.0,['G'],['G'],None,['Enchantment'],None,Rare,PRM,None,None,None,"Paradox Zone enters the battlefield with a growth counter on it.\nAt the beginning of your end step, double the number of growth counters on Paradox Zone. Then create a 0/0 green and blue Fractal creature token. Put X +1/+1 counters on it, where X is the number of growth counters on Paradox Zone."
Sequence Engine,3.0,['G'],['G'],None,['Artifact'],None,Rare,PRM,None,None,None,"{X}, {T}: Exile target creature card with mana value X from a graveyard. Create a 0/0 green and blue Fractal creature token. Put X +1/+1 counters on it. Activate only as a sorcery."
Fractal Harness,3.0,['G'],['G'],None,['Artifact'],['Equipment'],Rare,PRM,None,None,None,"When Fractal Harness enters the battlefield, create a 0/0 green and blue Fractal creature token. Put X +1/+1 counters on it and attach Fractal Harness to it.\nWhenever equipped creature attacks, double the number of +1/+1 counters on it.\nEquip {2}"
Ecological Appreciation,3.0,['G'],['G'],None,['Sorcery'],None,Mythic,PRM,None,None,None,Search your library and graveyard for up to four creature cards with different names that each have mana value X or less and reveal them. An opponent chooses two of those cards. Shuffle the chosen cards into your library and put the rest onto the battlefield. Exile Ecological Appreciation.
Fracture,2.0,"['B', 'W']","['B', 'W']",None,['Instant'],None,Uncommon,PRM,None,None,None,"Destroy target artifact, enchantment, or planeswalker."
Mortality Spear,4.0,"['B', 'G']","['B', 'G']",None,['Instant'],None,Uncommon,PRM,None,None,None,This spell costs {2} less to cast if you gained life this turn.\nDestroy target nonland permanent.
Decisive Denial,2.0,"['G', 'U']","['G', 'U']",None,['Instant'],None,Uncommon,PRM,None,None,None,Choose one —\n• Target creature you control fights target creature you don't control. (Each deals damage equal to its power to the other.)\n• Counter target noncreature spell unless its controller pays {3}.
Expressive Iteration,2.0,"['R', 'U']","['R', 'U']",None,['Sorcery'],None,Uncommon,PRM,None,None,None,"Look at the top three cards of your library. Put one of them into your hand, put one of them on the bottom of your library, and exile one of them. You may play the exiled card this turn."
Rip Apart,2.0,"['R', 'W']","['R', 'W']",None,['Sorcery'],None,Uncommon,PRM,None,None,None,Choose one —\n• Rip Apart deals 3 damage to target creature or planeswalker.\n• Destroy target artifact or enchantment.
Silverquill Silencer,2.0,"['B', 'W']","['B', 'W']",None,['Creature'],"['Human', 'Cleric']",Rare,PRM,3,2,None,"As Silverquill Silencer enters the battlefield, choose a nonland card name.\nWhenever an opponent casts a spell with the chosen name, they lose 3 life and you draw a card."
Inkshield,5.0,"['B', 'W']","['B', 'W']",None,['Instant'],None,Rare,PRM,None,None,None,"Prevent all combat damage that would be dealt to you this turn. For each 1 damage prevented this way, create a 2/1 white and black Inkling creature token with flying."
Vanishing Verse,2.0,"['B', 'W']","['B', 'W']",None,['Instant'],None,Rare,PRM,None,None,None,Exile target monocolored permanent.
Silverquill Command,4.0,"['B', 'W']","['B', 'W']",None,['Sorcery'],None,Rare,PRM,None,None,None,Choose two —\n• Target creature gets +3/+3 and gains flying until end of turn.\n• Return target creature card with mana value 2 or less from your graveyard to the battlefield.\n• Target player draws a card and loses 1 life.\n• Target opponent sacrifices a creature.
Three Visits,2.0,['G'],['G'],None,['Sorcery'],None,Uncommon,PRM,None,None,None,"Search your library for a Forest card, put it onto the battlefield, then shuffle."
"Samut, Tyrant Smasher",4.0,"['G', 'R']","['G', 'R']",['Legendary'],['Planeswalker'],['Samut'],Uncommon,PRM,None,None,5,Creatures you control have haste.\n[−1]: Target creature gets +2/+1 and gains haste until end of turn. Scry 1.
Sarkhan the Masterless,5.0,['R'],['R'],['Legendary'],['Planeswalker'],['Sarkhan'],Rare,PRM,None,None,5,"Whenever a creature attacks you or a planeswalker you control, each Dragon you control deals 1 damage to that creature.\n[+1]: Until end of turn, each planeswalker you control becomes a 4/4 red Dragon creature and gains flying.\n[−3]: Create a 4/4 red Dragon creature token with flying."
Cunning Wish,3.0,['U'],['U'],None,['Instant'],None,Rare,PRM,None,None,None,You may reveal an instant card you own from outside the game and put it into your hand. Exile Cunning Wish.
Burning-Tree Emissary,2.0,"['G', 'R']","['G', 'R']",None,['Creature'],"['Human', 'Shaman']",Common,PRM,2,2,None,"When Burning-Tree Emissary enters the battlefield, add {R}{G}."
Duress,1.0,['B'],['B'],None,['Sorcery'],None,Common,PRM,None,None,None,"Target opponent reveals their hand. You choose a noncreature, nonland card from it. That player discards that card."
Grand Arbiter Augustin IV,4.0,"['U', 'W']","['U', 'W']",['Legendary'],['Creature'],"['Human', 'Advisor']",Rare,PRM,2,3,None,White spells you cast cost {1} less to cast.\nBlue spells you cast cost {1} less to cast.\nSpells your opponents cast cost {1} more to cast.
Ravenous Baloth,4.0,['G'],['G'],None,['Creature'],['Beast'],Rare,PRM,4,4,None,Sacrifice a Beast: You gain 4 life.
Glimpse the Unthinkable,2.0,"['B', 'U']","['B', 'U']",None,['Sorcery'],None,Rare,PRM,None,None,None,Target player mills ten cards.
"Karn, the Great Creator",4.0,None,None,['Legendary'],['Planeswalker'],['Karn'],Rare,PRM,None,None,5,"Activated abilities of artifacts your opponents control can't be activated.\n[+1]: Until your next turn, up to one target noncreature artifact becomes an artifact creature with power and toughness each equal to its mana value.\n[−2]: You may reveal an artifact card you own from outside the game or choose a face-up artifact card you own in exile. Put that card into your hand."
Eternal Dragon,7.0,['W'],['W'],None,['Creature'],"['Dragon', 'Spirit']",Rare,PRM,5,5,None,"Flying\n{3}{W}{W}: Return Eternal Dragon from your graveyard to your hand. Activate only during your upkeep.\nPlainscycling {2} ({2}, Discard this card: Search your library for a Plains card, reveal it, put it into your hand, then shuffle.)"
"Jaya, Venerated Firemage",5.0,['R'],['R'],['Legendary'],['Planeswalker'],['Jaya'],Uncommon,PRM,None,None,5,"If another red source you control would deal damage to a permanent or player, it deals that much damage plus 1 to that permanent or player instead.\n[−2]: Jaya, Venerated Firemage deals 2 damage to any target."
Kolaghan's Command,3.0,"['B', 'R']","['B', 'R']",None,['Instant'],None,Rare,PRM,None,None,None,Choose two —\n• Return target creature card from your graveyard to your hand.\n• Target player discards a card.\n• Destroy target artifact.\n• Kolaghan's Command deals 2 damage to any target.
Condemn,1.0,['W'],['W'],None,['Instant'],None,Uncommon,PRM,None,None,None,Put target attacking creature on the bottom of its owner's library. Its controller gains life equal to its toughness.
"Huatli, the Sun's Heart",3.0,"['G', 'W']","['G', 'W']",['Legendary'],['Planeswalker'],['Huatli'],Uncommon,PRM,None,None,7,Each creature you control assigns combat damage equal to its toughness rather than its power.\n[−3]: You gain life equal to the greatest toughness among creatures you control.
Privileged Position,5.0,"['G', 'W']","['G', 'W']",None,['Enchantment'],None,Rare,PRM,None,None,None,({G/W} can be paid with either {G} or {W}.)\nOther permanents you control have hexproof. (They can't be the targets of spells or abilities your opponents control.)
"Arlinn, Voice of the Pack",6.0,['G'],['G'],['Legendary'],['Planeswalker'],['Arlinn'],Uncommon,PRM,None,None,7,Each creature you control that's a Wolf or a Werewolf enters the battlefield with an additional +1/+1 counter on it.\n[−2]: Create a 2/2 green Wolf creature token.
Grim Flayer,2.0,"['B', 'G']","['B', 'G']",None,['Creature'],"['Human', 'Warrior']",Rare,PRM,2,2,None,"Trample\nWhenever Grim Flayer deals combat damage to a player, surveil 3. (Look at the top three cards of your library, then put any number of them into your graveyard and the rest on top of your library in any order.)\nDelirium — Grim Flayer gets +2/+2 as long as there are four or more card types among cards in your graveyard."
Juggernaut,4.0,None,None,None,"['Artifact', 'Creature']",['Juggernaut'],Uncommon,PRM,5,3,None,Juggernaut attacks each combat if able.\nJuggernaut can't be blocked by Walls.
"Angrath, Captain of Chaos",4.0,"['B', 'R']","['B', 'R']",['Legendary'],['Planeswalker'],['Angrath'],Uncommon,PRM,None,None,5,"Creatures you control have menace.\n[−2]: Amass Zombies 2. (Put two +1/+1 counters on an Army you control. It's also a Zombie. If you don't control an Army, create a 0/0 black Zombie Army creature token first.)"
Assassin's Trophy,2.0,"['B', 'G']","['B', 'G']",None,['Instant'],None,Rare,PRM,None,None,None,"Destroy target permanent an opponent controls. Its controller may search their library for a basic land card, put it onto the battlefield, then shuffle."
Hypnotic Specter,3.0,['B'],['B'],None,['Creature'],['Specter'],Rare,PRM,2,2,None,"Flying\nWhenever Hypnotic Specter deals damage to an opponent, that player discards a card at random."
"Ugin, the Ineffable",6.0,None,None,['Legendary'],['Planeswalker'],['Ugin'],Rare,PRM,None,None,4,"Colorless spells you cast cost {2} less to cast.\n[+1]: Exile the top card of your library face down and look at it. Create a 2/2 colorless Spirit creature token. When that token leaves the battlefield, put the exiled card into your hand.\n[−3]: Destroy target permanent that's one or more colors."
Bring to Light,5.0,"['G', 'U']","['G', 'U']",None,['Sorcery'],None,Rare,PRM,None,None,None,"Converge — Search your library for a creature, instant, or sorcery card with mana value less than or equal to the number of colors of mana spent to cast this spell, exile that card, then shuffle. You may cast that card without paying its mana cost."
Mind's Desire,6.0,['U'],['U'],None,['Sorcery'],None,Rare,PRM,None,None,None,"Shuffle your library. Then exile the top card of your library. Until end of turn, you may play that card without paying its mana cost.\nStorm (When you cast this spell, copy it for each spell cast before it this turn.)"
"Teferi, Time Raveler",3.0,"['U', 'W']","['U', 'W']",['Legendary'],['Planeswalker'],['Teferi'],Rare,PRM,None,None,4,"Each opponent can cast spells only any time they could cast a sorcery.\n[+1]: Until your next turn, you may cast sorcery spells as though they had flash.\n[−3]: Return up to one target artifact, creature, or enchantment to its owner's hand. Draw a card."
Thousand-Year Storm,6.0,"['R', 'U']","['R', 'U']",None,['Enchantment'],None,Rare,PRM,None,None,None,"Whenever you cast an instant or sorcery spell, copy it for each other instant and sorcery spell you've cast before it this turn. You may choose new targets for the copies."
"Ral, Storm Conduit",4.0,"['R', 'U']","['R', 'U']",['Legendary'],['Planeswalker'],['Ral'],Rare,PRM,None,None,4,"Whenever you cast or copy an instant or sorcery spell, Ral, Storm Conduit deals 1 damage to target opponent or planeswalker.\n[+2]: Scry 1.\n[−2]: When you next cast an instant or sorcery spell this turn, copy that spell. You may choose new targets for the copy."
"Marchesa, the Black Rose",4.0,"['B', 'R', 'U']","['B', 'R', 'U']",['Legendary'],['Creature'],"['Human', 'Wizard']",Rare,PRM,3,3,None,"Dethrone (Whenever this creature attacks the player with the most life or tied for most life, put a +1/+1 counter on it.)\nOther creatures you control have dethrone.\nWhenever a creature you control with a +1/+1 counter on it dies, return that card to the battlefield under your control at the beginning of the next end step."
"Kaya, Bane of the Dead",6.0,"['B', 'W']","['B', 'W']",['Legendary'],['Planeswalker'],['Kaya'],Uncommon,PRM,None,None,7,Your opponents and permanents your opponents control with hexproof can be the targets of spells and abilities you control as though they didn't have hexproof.\n[−3]: Exile target creature.
The Mimeoplasm,5.0,"['B', 'G', 'U']","['B', 'G', 'U']",['Legendary'],['Creature'],['Ooze'],Rare,PRM,0,0,None,"As The Mimeoplasm enters the battlefield, you may exile two creature cards from graveyards. If you do, it enters the battlefield as a copy of one of those cards with a number of additional +1/+1 counters on it equal to the power of the other card."
Rakdos Guildmage,2.0,"['B', 'R']","['B', 'R']",None,['Creature'],"['Zombie', 'Shaman']",Uncommon,PRM,2,2,None,"({B/R} can be paid with either {B} or {R}.)\n{3}{B}, Discard a card: Target creature gets -2/-2 until end of turn.\n{3}{R}: Create a 2/1 red Goblin creature token with haste. Exile it at the beginning of the next end step."
"Dovin, Hand of Control",3.0,"['U', 'W']","['U', 'W']",['Legendary'],['Planeswalker'],['Dovin'],Uncommon,PRM,None,None,5,"Artifact, instant, and sorcery spells your opponents cast cost {1} more to cast.\n[−1]: Until your next turn, prevent all damage that would be dealt to and dealt by target permanent an opponent controls."
Wrenn and Six,2.0,"['G', 'R']","['G', 'R']",['Legendary'],['Planeswalker'],['Wrenn'],Mythic,PRM,None,None,3,"[+1]: Return up to one target land card from your graveyard to your hand.\n[−1]: Wrenn and Six deals 1 damage to any target.\n[−7]: You get an emblem with ""Instant and sorcery cards in your graveyard have retrace."" (You may cast instant and sorcery cards from your graveyard by discarding a land card in addition to paying their other costs.)"
Llanowar Elves,1.0,['G'],['G'],None,['Creature'],"['Elf', 'Druid']",Common,PRM,1,1,None,{T}: Add {G}.
"Domri, Anarch of Bolas",3.0,"['G', 'R']","['G', 'R']",['Legendary'],['Planeswalker'],['Domri'],Rare,PRM,None,None,3,Creatures you control get +1/+0.\n[+1]: Add {R} or {G}. Creature spells you cast this turn can't be countered.\n[−2]: Target creature you control fights target creature you don't control.
Dragonlord Dromoka,6.0,"['G', 'W']","['G', 'W']",['Legendary'],['Creature'],"['Elder', 'Dragon']",Mythic,PRM,5,7,None,"This spell can't be countered.\nFlying, lifelink\nYour opponents can't cast spells during your turn."
Azorius Guildmage,2.0,"['U', 'W']","['U', 'W']",None,['Creature'],"['Vedalken', 'Wizard']",Uncommon,PRM,2,2,None,{2}{W}: Tap target creature.\n{2}{U}: Counter target activated ability. (Mana abilities can't be targeted.)
Karn's Bastion,0.0,None,None,None,['Land'],None,Rare,PRM,None,None,None,"{T}: Add {C}.\n{4}, {T}: Proliferate. (Choose any number of permanents and/or players, then give each another counter of each kind already there.)"
"Elenda, the Dusk Rose",4.0,"['B', 'W']","['B', 'W']",['Legendary'],['Creature'],"['Vampire', 'Knight']",Mythic,PRM,1,1,None,"Lifelink\nWhenever another creature dies, put a +1/+1 counter on Elenda, the Dusk Rose.\nWhen Elenda dies, create X 1/1 white Vampire creature tokens with lifelink, where X is Elenda's power."
Orim's Chant,1.0,['W'],['W'],None,['Instant'],None,Rare,PRM,None,None,None,"Kicker {W} (You may pay an additional {W} as you cast this spell.)\nTarget player can't cast spells this turn. If this spell was kicked, creatures can't attack this turn."
Liliana's Triumph,2.0,['B'],['B'],None,['Instant'],None,Uncommon,PRM,None,None,None,"Each opponent sacrifices a creature. If you control a Liliana planeswalker, each opponent also discards a card."
"Sedris, the Traitor King",6.0,"['B', 'R', 'U']","['B', 'R', 'U']",['Legendary'],['Creature'],"['Zombie', 'Warrior']",Mythic,PRM,5,5,None,Each creature card in your graveyard has unearth {2}{B}. ({2}{B}: Return the card to the battlefield. The creature gains haste. Exile it at the beginning of the next end step or if it would leave the battlefield. Unearth only as a sorcery.)
"Niv-Mizzet, the Firemind",6.0,"['R', 'U']","['R', 'U']",['Legendary'],['Creature'],"['Dragon', 'Wizard']",Rare,PRM,4,4,None,"Flying\nWhenever you draw a card, Niv-Mizzet, the Firemind deals 1 damage to any target.\n{T}: Draw a card."
Time Wipe,5.0,"['U', 'W']","['U', 'W']",None,['Sorcery'],None,Rare,PRM,None,None,None,"Return a creature you control to its owner's hand, then destroy all creatures."
Serra Avatar,7.0,['W'],['W'],None,['Creature'],['Avatar'],Rare,PRM,*,*,None,"Serra Avatar's power and toughness are each equal to your life total.\nWhen Serra Avatar is put into a graveyard from anywhere, shuffle it into its owner's library."
Gate Colossus,8.0,None,None,None,"['Artifact', 'Creature']",['Construct'],Uncommon,PRM,8,8,None,"This spell costs {1} less to cast for each Gate you control.\nGate Colossus can't be blocked by creatures with power 2 or less.\nWhenever a Gate enters the battlefield under your control, you may put Gate Colossus from your graveyard on top of your library."
Sensei's Divining Top,1.0,None,None,None,['Artifact'],None,Rare,PRM,None,None,None,"{1}: Look at the top three cards of your library, then put them back in any order.\n{T}: Draw a card, then put Sensei's Divining Top on top of its owner's library."
Electrolyze,3.0,"['R', 'U']","['R', 'U']",None,['Instant'],None,Uncommon,PRM,None,None,None,Electrolyze deals 2 damage divided as you choose among one or two targets.\nDraw a card.
Rakdos Firewheeler,4.0,"['B', 'R']","['B', 'R']",None,['Creature'],"['Human', 'Rogue']",Uncommon,PRM,4,3,None,"When Rakdos Firewheeler enters the battlefield, it deals 2 damage to target opponent and 2 damage to up to one target creature or planeswalker."
Aether Vial,1.0,None,None,None,['Artifact'],None,Rare,PRM,None,None,None,"At the beginning of your upkeep, you may put a charge counter on Aether Vial.\n{T}: You may put a creature card with mana value equal to the number of charge counters on Aether Vial from your hand onto the battlefield."
"Lavinia, Azorius Renegade",2.0,"['U', 'W']","['U', 'W']",['Legendary'],['Creature'],"['Human', 'Soldier']",Rare,PRM,2,2,None,"Each opponent can't cast noncreature spells with mana value greater than the number of lands that player controls.\nWhenever an opponent casts a spell, if no mana was spent to cast it, counter that spell."
Vedalken Orrery,4.0,None,None,None,['Artifact'],None,Rare,PRM,None,None,None,You may cast spells as though they had flash.
Dimir Guildmage,2.0,"['B', 'U']","['B', 'U']",None,['Creature'],"['Human', 'Wizard']",Uncommon,PRM,2,2,None,({U/B} can be paid with either {U} or {B}.)\n{3}{U}: Target player draws a card. Activate only as a sorcery.\n{3}{B}: Target player discards a card. Activate only as a sorcery.
Simic Ascendancy,2.0,"['G', 'U']","['G', 'U']",None,['Enchantment'],None,Rare,PRM,None,None,None,"{1}{G}{U}: Put a +1/+1 counter on target creature you control.\nWhenever one or more +1/+1 counters are put on a creature you control, put that many growth counters on Simic Ascendancy.\nAt the beginning of your upkeep, if Simic Ascendancy has twenty or more growth counters on it, you win the game."
Bloodforged Battle-Axe,1.0,None,None,None,['Artifact'],['Equipment'],Rare,PRM,None,None,None,"Equipped creature gets +2/+0.\nWhenever equipped creature deals combat damage to a player, create a token that's a copy of Bloodforged Battle-Axe.\nEquip {2}"
Krosan Warchief,3.0,['G'],['G'],None,['Creature'],['Beast'],Uncommon,PRM,2,2,None,Beast spells you cast cost {1} less to cast.\n{1}{G}: Regenerate target Beast.
Ancient Stirrings,1.0,['G'],['G'],None,['Sorcery'],None,Common,PRM,None,None,None,Look at the top five cards of your library. You may reveal a colorless card from among them and put it into your hand. Then put the rest on the bottom of your library in any order.
Krosan Tusker,7.0,['G'],['G'],None,['Creature'],"['Boar', 'Beast']",Common,PRM,6,5,None,"Cycling {2}{G} ({2}{G}, Discard this card: Draw a card.)\nWhen you cycle Krosan Tusker, you may search your library for a basic land card, reveal that card, put it into your hand, then shuffle. (Do this before you draw.)"
Jokulhaups,6.0,['R'],['R'],None,['Sorcery'],None,Rare,PRM,None,None,None,"Destroy all artifacts, creatures, and lands. They can't be regenerated."
Phyrexian Altar,3.0,None,None,None,['Artifact'],None,Rare,PRM,None,None,None,Sacrifice a creature: Add one mana of any color.
Slice and Dice,6.0,['R'],['R'],None,['Sorcery'],None,Uncommon,PRM,None,None,None,"Slice and Dice deals 4 damage to each creature.\nCycling {2}{R} ({2}{R}, Discard this card: Draw a card.)\nWhen you cycle Slice and Dice, you may have it deal 1 damage to each creature."
Gideon of the Trials,3.0,['W'],['W'],['Legendary'],['Planeswalker'],['Gideon'],Mythic,PRM,None,None,3,"[+1]: Until your next turn, prevent all damage target permanent would deal.\n[0]: Until end of turn, Gideon of the Trials becomes a 4/4 Human Soldier creature with indestructible that's still a planeswalker. Prevent all damage that would be dealt to him this turn.\n[0]: You get an emblem with ""As long as you control a Gideon planeswalker, you can't lose the game and your opponents can't win the game."""
Panharmonicon,4.0,None,None,None,['Artifact'],None,Rare,PRM,None,None,None,"If an artifact or creature entering the battlefield causes a triggered ability of a permanent you control to trigger, that ability triggers an additional time."
Sparksmith,2.0,['R'],['R'],None,['Creature'],['Goblin'],Common,PRM,1,1,None,"{T}: Sparksmith deals X damage to target creature and X damage to you, where X is the number of Goblins on the battlefield."
"Liliana, Untouched by Death",4.0,['B'],['B'],['Legendary'],['Planeswalker'],['Liliana'],Mythic,PRM,None,None,4,"[+1]: Mill three cards. If at least one Zombie card is milled this way, each opponent loses 2 life and you gain 2 life.\n[−2]: Target creature gets -X/-X until end of turn, where X is the number of Zombies you control.\n[−3]: You may cast Zombie spells from your graveyard this turn."
Astral Slide,3.0,['W'],['W'],None,['Enchantment'],None,Uncommon,PRM,None,None,None,"Whenever a player cycles a card, you may exile target creature. If you do, return that card to the battlefield under its owner's control at the beginning of the next end step."
"Nissa, Vital Force",5.0,['G'],['G'],['Legendary'],['Planeswalker'],['Nissa'],Mythic,PRM,None,None,5,"[+1]: Untap target land you control. Until your next turn, it becomes a 5/5 Elemental creature with haste. It's still a land.\n[−3]: Return target permanent card from your graveyard to your hand.\n[−6]: You get an emblem with ""Whenever a land enters the battlefield under your control, you may draw a card."""
Roar of the Wurm,7.0,['G'],['G'],None,['Sorcery'],None,Uncommon,PRM,None,None,None,Create a 6/6 green Wurm creature token.\nFlashback {3}{G} (You may cast this card from your graveyard for its flashback cost. Then exile it.)
"Chandra, Torch of Defiance",4.0,['R'],['R'],['Legendary'],['Planeswalker'],['Chandra'],Mythic,PRM,None,None,4,"[+1]: Exile the top card of your library. You may cast that card. If you don't, Chandra, Torch of Defiance deals 2 damage to each opponent.\n[+1]: Add {R}{R}.\n[−3]: Chandra, Torch of Defiance deals 4 damage to target creature.\n[−7]: You get an emblem with ""Whenever you cast a spell, this emblem deals 5 damage to any target."""
"Ulamog, the Infinite Gyre",11.0,None,None,['Legendary'],['Creature'],['Eldrazi'],Mythic,PRM,10,10,None,"When you cast this spell, destroy target permanent.\nIndestructible\nAnnihilator 4 (Whenever this creature attacks, defending player sacrifices four permanents.)\nWhen Ulamog, the Infinite Gyre is put into a graveyard from anywhere, its owner shuffles their graveyard into their library."
Lava Axe,5.0,['R'],['R'],None,['Sorcery'],None,Common,PRM,None,None,None,Lava Axe deals 5 damage to target player or planeswalker.
"Jace, Cunning Castaway",3.0,['U'],['U'],['Legendary'],['Planeswalker'],['Jace'],Mythic,PRM,None,None,3,"[+1]: Whenever one or more creatures you control deal combat damage to a player this turn, draw a card, then discard a card.\n[−2]: Create a 2/2 blue Illusion creature token with ""When this creature becomes the target of a spell, sacrifice it.""\n[−5]: Create two tokens that are copies of Jace, Cunning Castaway, except they're not legendary."
Giant Growth,1.0,['G'],['G'],None,['Instant'],None,Common,PRM,None,None,None,Target creature gets +3/+3 until end of turn.
"Kozilek, Butcher of Truth",10.0,None,None,['Legendary'],['Creature'],['Eldrazi'],Mythic,PRM,12,12,None,"When you cast this spell, draw four cards.\nAnnihilator 4 (Whenever this creature attacks, defending player sacrifices four permanents.)\nWhen Kozilek, Butcher of Truth is put into a graveyard from anywhere, its owner shuffles their graveyard into their library."
Knight of New Alara,4.0,"['G', 'W']","['G', 'W']",None,['Creature'],"['Human', 'Knight']",Rare,PRM,2,2,None,Each other multicolored creature you control gets +1/+1 for each of its colors.
Threads of Disloyalty,3.0,['U'],['U'],None,['Enchantment'],['Aura'],Rare,PRM,None,None,None,Enchant creature with mana value 2 or less\nYou control enchanted creature.
Azorius Chancery,0.0,None,"['U', 'W']",None,['Land'],None,Uncommon,PRM,None,None,None,"Azorius Chancery enters the battlefield tapped.\nWhen Azorius Chancery enters the battlefield, return a land you control to its owner's hand.\n{T}: Add {W}{U}."
Dragon Broodmother,6.0,"['G', 'R']","['G', 'R']",None,['Creature'],['Dragon'],Mythic,PRM,4,4,None,"Flying\nAt the beginning of each upkeep, create a 1/1 red and green Dragon creature token with flying and devour 2. (As the token enters the battlefield, you may sacrifice any number of creatures. It enters the battlefield with twice that many +1/+1 counters on it.)"
Mystical Tutor,1.0,['U'],['U'],None,['Instant'],None,Rare,PRM,None,None,None,"Search your library for an instant or sorcery card, reveal it, then shuffle and put that card on top."
Dimir Aqueduct,0.0,None,"['B', 'U']",None,['Land'],None,Uncommon,PRM,None,None,None,"Dimir Aqueduct enters the battlefield tapped.\nWhen Dimir Aqueduct enters the battlefield, return a land you control to its owner's hand.\n{T}: Add {U}{B}."
Unmake,3.0,"['B', 'W']","['B', 'W']",None,['Instant'],None,Common,PRM,None,None,None,Exile target creature.
Gifts Ungiven,4.0,['U'],['U'],None,['Instant'],None,Rare,PRM,None,None,None,Search your library for up to four cards with different names and reveal them. Target opponent chooses two of those cards. Put the chosen cards into your graveyard and the rest into your hand. Then shuffle.
Rakdos Carnarium,0.0,None,"['B', 'R']",None,['Land'],None,Uncommon,PRM,None,None,None,"Rakdos Carnarium enters the battlefield tapped.\nWhen Rakdos Carnarium enters the battlefield, return a land you control to its owner's hand.\n{T}: Add {B}{R}."
Selkie Hedge-Mage,3.0,"['G', 'U']","['G', 'U']",None,['Creature'],"['Merfolk', 'Wizard']",Uncommon,PRM,2,2,None,"When Selkie Hedge-Mage enters the battlefield, if you control two or more Forests, you may gain 3 life.\nWhen Selkie Hedge-Mage enters the battlefield, if you control two or more Islands, you may return target tapped creature to its owner's hand."
Gruul Turf,0.0,None,"['G', 'R']",None,['Land'],None,Uncommon,PRM,None,None,None,"Gruul Turf enters the battlefield tapped.\nWhen Gruul Turf enters the battlefield, return a land you control to its owner's hand.\n{T}: Add {R}{G}."
Duergar Hedge-Mage,3.0,"['R', 'W']","['R', 'W']",None,['Creature'],"['Dwarf', 'Shaman']",Uncommon,PRM,2,2,None,"When Duergar Hedge-Mage enters the battlefield, if you control two or more Mountains, you may destroy target artifact.\nWhen Duergar Hedge-Mage enters the battlefield, if you control two or more Plains, you may destroy target enchantment."
Selesnya Sanctuary,0.0,None,"['G', 'W']",None,['Land'],None,Uncommon,PRM,None,None,None,"Selesnya Sanctuary enters the battlefield tapped.\nWhen Selesnya Sanctuary enters the battlefield, return a land you control to its owner's hand.\n{T}: Add {G}{W}."
Figure of Destiny,1.0,"['R', 'W']","['R', 'W']",None,['Creature'],['Kithkin'],Rare,PRM,1,1,None,"{R/W}: Figure of Destiny becomes a Kithkin Spirit with base power and toughness 2/2.\n{R/W}{R/W}{R/W}: If Figure of Destiny is a Spirit, it becomes a Kithkin Spirit Warrior with base power and toughness 4/4.\n{R/W}{R/W}{R/W}{R/W}{R/W}{R/W}: If Figure of Destiny is a Warrior, it becomes a Kithkin Spirit Warrior Avatar with base power and toughness 8/8, flying, and first strike."
Chalice of the Void,0.0,None,None,None,['Artifact'],None,Rare,PRM,None,None,None,"Chalice of the Void enters the battlefield with X charge counters on it.\nWhenever a player casts a spell with mana value equal to the number of charge counters on Chalice of the Void, counter that spell."
Orzhov Basilica,0.0,None,"['B', 'W']",None,['Land'],None,Uncommon,PRM,None,None,None,"Orzhov Basilica enters the battlefield tapped.\nWhen Orzhov Basilica enters the battlefield, return a land you control to its owner's hand.\n{T}: Add {W}{B}."
Engineered Plague,3.0,['B'],['B'],None,['Enchantment'],None,Uncommon,PRM,None,None,None,"As Engineered Plague enters the battlefield, choose a creature type.\nAll creatures of the chosen type get -1/-1."
Urza's Tower,0.0,None,None,None,['Land'],"[""Urza's"", 'Tower']",Common,PRM,None,None,None,"{T}: Add {C}. If you control an Urza's Mine and an Urza's Power-Plant, add {C}{C}{C} instead."
Golgari Rot Farm,0.0,None,"['B', 'G']",None,['Land'],None,Uncommon,PRM,None,None,None,"Golgari Rot Farm enters the battlefield tapped.\nWhen Golgari Rot Farm enters the battlefield, return a land you control to its owner's hand.\n{T}: Add {B}{G}."
Cenn's Tactician,1.0,['W'],['W'],None,['Creature'],"['Kithkin', 'Soldier']",Uncommon,PRM,1,1,None,"{W}, {T}: Put a +1/+1 counter on target Soldier creature.\nEach creature you control with a +1/+1 counter on it can block an additional creature each combat."
Flusterstorm,1.0,['U'],['U'],None,['Instant'],None,Rare,PRM,None,None,None,"Counter target instant or sorcery spell unless its controller pays {1}.\nStorm (When you cast this spell, copy it for each spell cast before it this turn. You may choose new targets for the copies.)"
Simic Growth Chamber,0.0,None,"['G', 'U']",None,['Land'],None,Uncommon,PRM,None,None,None,"Simic Growth Chamber enters the battlefield tapped.\nWhen Simic Growth Chamber enters the battlefield, return a land you control to its owner's hand.\n{T}: Add {G}{U}."
Earwig Squad,5.0,['B'],['B'],None,['Creature'],"['Goblin', 'Rogue']",Rare,PRM,5,3,None,"Prowl {2}{B} (You may cast this for its prowl cost if you dealt combat damage to a player this turn with a Goblin or Rogue.)\nWhen Earwig Squad enters the battlefield, if its prowl cost was paid, search target opponent's library for three cards and exile them. Then that player shuffles."
Grafdigger's Cage,1.0,None,None,None,['Artifact'],None,Rare,PRM,None,None,None,Creature cards in graveyards and libraries can't enter the battlefield.\nPlayers can't cast spells from graveyards or libraries.
Izzet Boilerworks,0.0,None,"['R', 'U']",None,['Land'],None,Uncommon,PRM,None,None,None,"Izzet Boilerworks enters the battlefield tapped.\nWhen Izzet Boilerworks enters the battlefield, return a land you control to its owner's hand.\n{T}: Add {U}{R}."
Force Spike,1.0,['U'],['U'],None,['Instant'],None,Uncommon,PRM,None,None,None,Counter target spell unless its controller pays {1}.
Walking Ballista,0.0,None,None,None,"['Artifact', 'Creature']",['Construct'],Rare,PRM,0,0,None,Walking Ballista enters the battlefield with X +1/+1 counters on it.\n{4}: Put a +1/+1 counter on Walking Ballista.\nRemove a +1/+1 counter from Walking Ballista: It deals 1 damage to any target.
Boros Garrison,0.0,None,"['R', 'W']",None,['Land'],None,Uncommon,PRM,None,None,None,"Boros Garrison enters the battlefield tapped.\nWhen Boros Garrison enters the battlefield, return a land you control to its owner's hand.\n{T}: Add {R}{W}."
Shriekmaw,5.0,['B'],['B'],None,['Creature'],['Elemental'],Uncommon,PRM,3,2,None,"Fear (This creature can't be blocked except by artifact creatures and/or black creatures.)\nWhen Shriekmaw enters the battlefield, destroy target nonartifact, nonblack creature.\nEvoke {1}{B} (You may cast this spell for its evoke cost. If you do, it's sacrificed when it enters the battlefield.)"
Hostage Taker,4.0,"['B', 'U']","['B', 'U']",None,['Creature'],"['Human', 'Pirate']",Rare,PRM,2,3,None,"When Hostage Taker enters the battlefield, exile another target creature or artifact until Hostage Taker leaves the battlefield. You may cast that card for as long as it remains exiled, and mana of any type can be spent to cast that spell."
"Ob Nixilis, the Hate-Twisted",5.0,['B'],['B'],['Legendary'],['Planeswalker'],['Nixilis'],Uncommon,PRM,None,None,5,"Whenever an opponent draws a card, Ob Nixilis, the Hate-Twisted deals 1 damage to that player.\n[−2]: Destroy target creature. Its controller draws two cards."
Valiant Veteran,2.0,['W'],['W'],None,['Creature'],"['Kor', 'Soldier']",Rare,PRM,2,2,None,"Other Soldiers you control get +1/+1.\n{3}{W}{W}, Exile Valiant Veteran from your graveyard: Put a +1/+1 counter on each Soldier you control."
Oona's Blackguard,2.0,['B'],['B'],None,['Creature'],"['Faerie', 'Rogue']",Uncommon,PRM,1,1,None,"Flying\nEach other Rogue creature you control enters the battlefield with an additional +1/+1 counter on it.\nWhenever a creature you control with a +1/+1 counter on it deals combat damage to a player, that player discards a card."
Ash Barrens,0.0,None,None,None,['Land'],None,Common,PRM,None,None,None,"{T}: Add {C}.\nBasic landcycling {1} ({1}, Discard this card: Search your library for a basic land card, reveal it, put it into your hand, then shuffle.)"
Serra Redeemer,5.0,['W'],['W'],None,['Creature'],"['Angel', 'Soldier']",Rare,PRM,2,4,None,"Flying\nWhenever another creature with power 2 or less enters the battlefield under your control, put two +1/+1 counters on that creature."
Vexing Shusher,2.0,"['G', 'R']","['G', 'R']",None,['Creature'],"['Goblin', 'Shaman']",Rare,PRM,2,2,None,This spell can't be countered.\n{R/G}: Target spell can't be countered.
Pyroblast,1.0,['R'],['R'],None,['Instant'],None,Common,PRM,None,None,None,Choose one —\n• Counter target spell if it's blue.\n• Destroy target permanent if it's blue.
Guardian of New Benalia,2.0,['W'],['W'],None,['Creature'],"['Human', 'Soldier']",Rare,PRM,2,2,None,"Enlist (As this creature attacks, you may tap a nonattacking creature you control without summoning sickness. When you do, add its power to this creature's until end of turn.)\nWhenever Guardian of New Benalia enlists a creature, scry 2.\nDiscard a card: Guardian of New Benalia gains indestructible until end of turn. Tap it."
Shock,1.0,['R'],['R'],None,['Instant'],None,Common,PRM,None,None,None,Shock deals 2 damage to any target.
Hydroblast,1.0,['U'],['U'],None,['Instant'],None,Common,PRM,None,None,None,Choose one —\n• Counter target spell if it's red.\n• Destroy target permanent if it's red.
Lobotomy,4.0,"['B', 'U']","['B', 'U']",None,['Sorcery'],None,Uncommon,PRM,None,None,None,"Target player reveals their hand, then you choose a card other than a basic land card from it. Search that player's graveyard, hand, and library for all cards with the same name as the chosen card and exile them. Then that player shuffles."
Boros Challenger,2.0,"['R', 'W']","['R', 'W']",None,['Creature'],"['Human', 'Soldier']",Uncommon,PRM,2,3,None,"Mentor (Whenever this creature attacks, put a +1/+1 counter on target attacking creature with lesser power.)\n{2}{R}{W}: Boros Challenger gets +1/+1 until end of turn."
Anointed Peacekeeper,3.0,['W'],['W'],None,['Creature'],"['Human', 'Cleric']",Rare,PRM,3,3,None,"Vigilance\nAs Anointed Peacekeeper enters the battlefield, look at an opponent's hand, then choose any card name.\nSpells your opponents cast with the chosen name cost {2} more to cast.\nActivated abilities of sources with the chosen name cost {2} more to activate unless they're mana abilities."
Diabolic Edict,2.0,['B'],['B'],None,['Instant'],None,Common,PRM,None,None,None,Target player sacrifices a creature.
"Emmara, Soul of the Accord",2.0,"['G', 'W']","['G', 'W']",['Legendary'],['Creature'],"['Elf', 'Cleric']",Rare,PRM,2,2,None,"Whenever Emmara, Soul of the Accord becomes tapped, create a 1/1 white Soldier creature token with lifelink."
Serra Paragon,4.0,['W'],['W'],None,['Creature'],['Angel'],Mythic,PRM,3,4,None,"Flying\nOnce during each of your turns, you may play a land from your graveyard or cast a permanent spell with mana value 3 or less from your graveyard. If you do, it gains ""When this permanent is put into a graveyard from the battlefield, exile it and you gain 2 life."""
Creeping Mold,4.0,['G'],['G'],None,['Sorcery'],None,Uncommon,PRM,None,None,None,"Destroy target artifact, enchantment, or land."
True-Name Nemesis,3.0,['U'],['U'],None,['Creature'],"['Merfolk', 'Rogue']",Rare,PRM,3,1,None,"As True-Name Nemesis enters the battlefield, choose a player.\nTrue-Name Nemesis has protection from the chosen player."
Archangel of Wrath,4.0,['W'],"['B', 'R', 'W']",None,['Creature'],['Angel'],Rare,PRM,3,4,None,"Kicker {B} and/or {R} (You may pay an additional {B} and/or {R} as you cast this spell.)\nFlying, lifelink\nWhen Archangel of Wrath enters the battlefield, if it was kicked, it deals 2 damage to any target.\nWhen Archangel of Wrath enters the battlefield, if it was kicked twice, it deals 2 damage to any target."
Avatar of Hope,8.0,['W'],['W'],None,['Creature'],['Avatar'],Rare,PRM,4,9,None,"If you have 3 or less life, this spell costs {6} less to cast.\nFlying\nAvatar of Hope can block any number of creatures."
Firemind's Research,2.0,"['R', 'U']","['R', 'U']",None,['Enchantment'],None,Rare,PRM,None,None,None,"Whenever you cast an instant or sorcery spell, put a charge counter on Firemind's Research.\n{1}{U}, Remove two charge counters from Firemind's Research: Draw a card.\n{1}{R}, Remove five charge counters from Firemind's Research: It deals 5 damage to any target."
Defiler of Faith,5.0,['W'],['W'],None,['Creature'],"['Phyrexian', 'Human']",Rare,PRM,5,5,None,"Vigilance\nAs an additional cost to cast white permanent spells, you may pay 2 life. Those spells cost {W} less to cast if you paid life this way. This effect reduces only the amount of white mana you pay.\nWhenever you cast a white permanent spell, create a 1/1 white Soldier creature token."
Rathi Assassin,4.0,['B'],['B'],None,['Creature'],"['Phyrexian', 'Zombie', 'Mercenary', 'Assassin']",Rare,PRM,2,2,None,"{1}{B}{B}, {T}: Destroy target tapped nonblack creature.\n{3}, {T}: Search your library for a Mercenary permanent card with mana value 3 or less, put it onto the battlefield, then shuffle."
Urza's Power Plant,0.0,None,None,None,['Land'],"[""Urza's"", 'Power-Plant']",Common,PRM,None,None,None,"{T}: Add {C}. If you control an Urza's Mine and an Urza's Tower, add {C}{C} instead."
Leyline Binding,6.0,['W'],['W'],None,['Enchantment'],None,Rare,PRM,None,None,None,"Flash\nDomain — This spell costs {1} less to cast for each basic land type among lands you control.\nWhen Leyline Binding enters the battlefield, exile target nonland permanent an opponent controls until Leyline Binding leaves the battlefield."
Overtaker,2.0,['U'],['U'],None,['Creature'],"['Merfolk', 'Spellshaper']",Rare,PRM,1,1,None,"{3}{U}, {T}, Discard a card: Untap target creature and gain control of it until end of turn. That creature gains haste until end of turn."
Food Chain,3.0,['G'],['G'],None,['Enchantment'],None,Rare,PRM,None,None,None,"Exile a creature you control: Add X mana of any one color, where X is 1 plus the exiled creature's mana value. Spend this mana only to cast creature spells."
Temporary Lockdown,3.0,['W'],['W'],None,['Enchantment'],None,Rare,PRM,None,None,None,"When Temporary Lockdown enters the battlefield, exile each nonland permanent with mana value 2 or less until Temporary Lockdown leaves the battlefield."
False Prophet,4.0,['W'],['W'],None,['Creature'],"['Human', 'Cleric']",Rare,PRM,2,2,None,"When False Prophet dies, exile all creatures."
Sphinx of Clear Skies,5.0,['U'],['U'],None,['Creature'],['Sphinx'],Mythic,PRM,5,5,None,"Flying, ward {2}\nDomain — Whenever Sphinx of Clear Skies deals combat damage to a player, reveal the top X cards of your library, where X is the number of basic land types among lands you control. An opponent separates those cards into two piles. Put one pile into your hand and the other into your graveyard. (Piles can be empty.)"
Beast of Burden,6.0,None,None,None,"['Artifact', 'Creature']",['Golem'],Rare,PRM,*,*,None,Beast of Burden's power and toughness are each equal to the number of creatures on the battlefield.
Academy Loremaster,2.0,['U'],['U'],None,['Creature'],"['Human', 'Wizard']",Rare,PRM,2,3,None,"At the beginning of each player's draw step, that player may draw an additional card. If they do, spells they cast this turn cost {2} more to cast."
Lightning Dragon,4.0,['R'],['R'],None,['Creature'],['Dragon'],Rare,PRM,4,4,None,"Flying\nEcho {2}{R}{R} (At the beginning of your upkeep, if this came under your control since the beginning of your last upkeep, sacrifice it unless you pay its echo cost.)\n{R}: Lightning Dragon gets +1/+0 until end of turn."
Urza's Mine,0.0,None,None,None,['Land'],"[""Urza's"", 'Mine']",Common,PRM,None,None,None,"{T}: Add {C}. If you control an Urza's Power-Plant and an Urza's Tower, add {C}{C} instead."
Vodalian Hexcatcher,2.0,['U'],['U'],None,['Creature'],"['Merfolk', 'Wizard']",Rare,PRM,1,1,None,Flash\nOther Merfolk you control get +1/+1.\nSacrifice a Merfolk: Counter target noncreature spell unless its controller pays {1}.
Revenant,5.0,['B'],['B'],None,['Creature'],['Spirit'],Rare,PRM,*,*,None,Flying\nRevenant's power and toughness are each equal to the number of creature cards in your graveyard.
Militia Bugler,3.0,['W'],['W'],None,['Creature'],"['Human', 'Soldier']",Uncommon,PRM,2,3,None,"Vigilance (Attacking doesn't cause this creature to tap.)\nWhen Militia Bugler enters the battlefield, look at the top four cards of your library. You may reveal a creature card with power 2 or less from among them and put it into your hand. Put the rest on the bottom of your library in a random order."
Cosmic Epiphany,6.0,['U'],['U'],None,['Sorcery'],None,Rare,PRM,None,None,None,Draw cards equal to the number of instant and sorcery cards in your graveyard.
Dirtcowl Wurm,5.0,['G'],['G'],None,['Creature'],['Wurm'],Rare,PRM,3,4,None,"Whenever an opponent plays a land, put a +1/+1 counter on Dirtcowl Wurm."
Elvish Rejuvenator,3.0,['G'],['G'],None,['Creature'],"['Elf', 'Druid']",Common,PRM,1,1,None,"When Elvish Rejuvenator enters the battlefield, look at the top five cards of your library. You may put a land card from among them onto the battlefield tapped. Put the rest on the bottom of your library in a random order."
Vesuvan Duplimancy,4.0,['U'],['U'],None,['Enchantment'],None,Mythic,PRM,None,None,None,"Whenever you cast a spell that targets only a single artifact or creature you control, create a token that's a copy of that artifact or creature, except it's not legendary."
Allosaurus Rider,7.0,['G'],['G'],None,['Creature'],"['Elf', 'Warrior']",Rare,PRM,1+*,1+*,None,You may exile two green cards from your hand rather than pay this spell's mana cost.\nAllosaurus Rider's power and toughness are each equal to 1 plus the number of lands you control.
"Teyo, the Shieldmage",3.0,['W'],['W'],['Legendary'],['Planeswalker'],['Teyo'],Uncommon,PRM,None,None,5,You have hexproof. (You can't be the target of spells or abilities your opponents control.)\n[−2]: Create a 0/3 white Wall creature token with defender.
Cavern of Souls,0.0,None,None,None,['Land'],None,Mythic,PRM,None,None,None,"As Cavern of Souls enters the battlefield, choose a creature type.\n{T}: Add {C}.\n{T}: Add one mana of any color. Spend this mana only to cast a creature spell of the chosen type, and that spell can't be countered."
Forest,0.0,None,['G'],['Basic'],['Land'],['Forest'],Common,PRM,None,None,None,({T}: Add {G}.)
Murder,3.0,['B'],['B'],None,['Instant'],None,Uncommon,PRM,None,None,None,Destroy target creature.
Defiler of Dreams,5.0,['U'],['U'],None,['Creature'],"['Phyrexian', 'Sphinx']",Rare,PRM,4,3,None,"Flying\nAs an additional cost to cast blue permanent spells, you may pay 2 life. Those spells cost {U} less to cast if you paid life this way. This effect reduces only the amount of blue mana you pay.\nWhenever you cast a blue permanent spell, draw a card."
Mountain,0.0,None,['R'],['Basic'],['Land'],['Mountain'],Common,PRM,None,None,None,({T}: Add {R}.)
Death Baron,3.0,['B'],['B'],None,['Creature'],"['Zombie', 'Wizard']",Rare,PRM,2,2,None,Skeletons you control and other Zombies you control get +1/+1 and have deathtouch.
Aether Channeler,3.0,['U'],['U'],None,['Creature'],"['Human', 'Wizard']",Rare,PRM,2,1,None,"When Aether Channeler enters the battlefield, choose one —\n• Create a 1/1 white Bird creature token with flying.\n• Return another target nonland permanent to its owner's hand.\n• Draw a card."
Isochron Scepter,2.0,None,None,None,['Artifact'],None,Uncommon,PRM,None,None,None,"Imprint — When Isochron Scepter enters the battlefield, you may exile an instant card with mana value 2 or less from your hand.\n{2}, {T}: You may copy the exiled card. If you do, you may cast the copy without paying its mana cost."
Vodalian Mindsinger,3.0,['U'],"['G', 'R', 'U']",None,['Creature'],"['Merfolk', 'Wizard']",Rare,PRM,2,2,None,"Kicker {1}{R} and/or {1}{G}\nVodalian Mindsinger enters the battlefield with two +1/+1 counters on it for each time it was kicked.\nWhen Vodalian Mindsinger enters the battlefield, gain control of target creature with power less than Vodalian Mindsinger's power for as long as you control Vodalian Mindsinger."
Djinn Illuminatus,7.0,"['R', 'U']","['R', 'U']",None,['Creature'],['Djinn'],Rare,PRM,3,5,None,"({U/R} can be paid with either {U} or {R}.)\nFlying\nEach instant and sorcery spell you cast has replicate. The replicate cost is equal to its mana cost. (When you cast it, copy it for each time you paid its replicate cost. You may choose new targets for the copies.)"
Haughty Djinn,3.0,['U'],['U'],None,['Creature'],['Djinn'],Rare,PRM,*,4,None,Flying\nHaughty Djinn's power is equal to the number of instant and sorcery cards in your graveyard.\nInstant and sorcery spells you cast cost {1} less to cast.
Avatar of Discord,3.0,"['B', 'R']","['B', 'R']",None,['Creature'],['Avatar'],Rare,PRM,5,3,None,"({B/R} can be paid with either {B} or {R}.)\nFlying\nWhen Avatar of Discord enters the battlefield, sacrifice it unless you discard two cards."
Guttersnipe,3.0,['R'],['R'],None,['Creature'],"['Goblin', 'Shaman']",Uncommon,PRM,2,2,None,"Whenever you cast an instant or sorcery spell, Guttersnipe deals 2 damage to each opponent."
Silver Scrutiny,2.0,['U'],['U'],None,['Sorcery'],None,Rare,PRM,None,None,None,You may cast Silver Scrutiny as though it had flash if X is 3 or less.\nDraw X cards.
Forest,0.0,None,['G'],['Basic'],['Land'],['Forest'],Common,PRM,None,None,None,({T}: Add {G}.)
Demon of Catastrophes,4.0,['B'],['B'],None,['Creature'],['Demon'],Rare,PRM,6,6,None,"As an additional cost to cast this spell, sacrifice a creature.\nFlying, trample"
Swamp,0.0,None,['B'],['Basic'],['Land'],['Swamp'],Common,PRM,None,None,None,({T}: Add {B}.)
Desecrated Tomb,3.0,None,None,None,['Artifact'],None,Rare,PRM,None,None,None,"Whenever one or more creature cards leave your graveyard, create a 1/1 black Bat creature token with flying."
Evolved Sleeper,1.0,['B'],['B'],None,['Creature'],['Human'],Rare,PRM,1,1,None,"{B}: Evolved Sleeper becomes a Human Cleric with base power and toughness 2/2.\n{1}{B}: If Evolved Sleeper is a Cleric, put a deathtouch counter on it and it becomes a Phyrexian Human Cleric with base power and toughness 3/3.\n{1}{B}{B}: If Evolved Sleeper is a Phyrexian, put a +1/+1 counter on it, then you draw a card and you lose 1 life."
Plains,0.0,None,['W'],['Basic'],['Land'],['Plains'],Common,PRM,None,None,None,({T}: Add {W}.)
"Traxos, Scourge of Kroog",4.0,None,None,['Legendary'],"['Artifact', 'Creature']",['Construct'],Rare,PRM,7,7,None,"Trample\nTraxos, Scourge of Kroog enters the battlefield tapped and doesn't untap during your untap step.\nWhenever you cast a historic spell, untap Traxos. (Artifacts, legendaries, and Sagas are historic.)"
Tyrannical Pitlord,6.0,['B'],['B'],None,['Creature'],['Demon'],Rare,PRM,6,6,None,"Flying, trample\nAs Tyrannical Pitlord enters the battlefield, choose another creature you control.\nThe chosen creature gets +3/+3 and has flying.\nWhen Tyrannical Pitlord leaves the battlefield, sacrifice the chosen creature."
Gleancrawler,6.0,"['B', 'G']","['B', 'G']",None,['Creature'],"['Insect', 'Horror']",Rare,PRM,6,6,None,"({B/G} can be paid with either {B} or {G}.)\nTrample\nAt the beginning of your end step, return to your hand all creature cards in your graveyard that were put there from the battlefield this turn."
Merchant Scroll,2.0,['U'],['U'],None,['Sorcery'],None,Rare,PRM,None,None,None,"Search your library for a blue instant card, reveal that card, put it into your hand, then shuffle."
Shadow-Rite Priest,2.0,['B'],['B'],None,['Creature'],"['Human', 'Cleric']",Rare,PRM,2,2,None,"Other Clerics you control get +1/+1.\n{3}{B}{B}, {T}, Sacrifice another Cleric: Search your library for a black creature card, put it onto the battlefield, then shuffle."
"Kiyomaro, First to Stand",5.0,['W'],['W'],['Legendary'],['Creature'],['Spirit'],Rare,PRM,*,*,None,"Kiyomaro, First to Stand's power and toughness are each equal to the number of cards in your hand.\nAs long as you have four or more cards in hand, Kiyomaro has vigilance.\nWhenever Kiyomaro deals damage, if you have seven or more cards in hand, you gain 7 life."
Stronghold Arena,2.0,['B'],"['B', 'G', 'W']",None,['Enchantment'],None,Rare,PRM,None,None,None,"Kicker {G} and/or {W} (You may pay an additional {G} and/or {W} as you cast this spell.)\nWhen Stronghold Arena enters the battlefield, you gain 3 life for each time it was kicked.\nWhenever one or more creatures you control deal combat damage to a player, you may reveal the top card of your library and put it into your hand. If you do, you lose life equal to its mana value."
Swamp,0.0,None,['B'],['Basic'],['Land'],['Swamp'],Common,PRM,None,None,None,({T}: Add {B}.)
"Shanna, Sisay's Legacy",2.0,"['G', 'W']","['G', 'W']",['Legendary'],['Creature'],"['Human', 'Warrior']",Uncommon,PRM,0,0,None,"Shanna, Sisay's Legacy can't be the target of abilities your opponents control.\nShanna gets +1/+1 for each creature you control."
Drag to the Bottom,4.0,['B'],['B'],None,['Sorcery'],None,Rare,PRM,None,None,None,"Domain — Each creature gets -X/-X until end of turn, where X is 1 plus the number of basic land types among lands you control."
"Ink-Eyes, Servant of Oni",6.0,['B'],['B'],['Legendary'],['Creature'],"['Rat', 'Ninja']",Rare,PRM,5,4,None,"Ninjutsu {3}{B}{B} ({3}{B}{B}, Return an unblocked attacker you control to hand: Put this card onto the battlefield from your hand tapped and attacking.)\nWhenever Ink-Eyes, Servant of Oni deals combat damage to a player, you may put target creature card from that player's graveyard onto the battlefield under your control.\n{1}{B}: Regenerate Ink-Eyes."
Cast Down,2.0,['B'],['B'],None,['Instant'],None,Uncommon,PRM,None,None,None,Destroy target nonlegendary creature.
Defiler of Flesh,4.0,['B'],['B'],None,['Creature'],"['Phyrexian', 'Horror']",Rare,PRM,4,4,None,"Menace\nAs an additional cost to cast black permanent spells, you may pay 2 life. Those spells cost {B} less to cast if you paid life this way. This effect reduces only the amount of black mana you pay.\nWhenever you cast a black permanent spell, target creature you control gets +1/+1 and gains menace until end of turn."
Mountain,0.0,None,['R'],['Basic'],['Land'],['Mountain'],Common,PRM,None,None,None,({T}: Add {R}.)
Opt,1.0,['U'],['U'],None,['Instant'],None,Common,PRM,None,None,None,Scry 1.\nDraw a card.
Shivan Devastator,1.0,['R'],['R'],None,['Creature'],"['Dragon', 'Hydra']",Mythic,PRM,0,0,None,"Flying, haste\nShivan Devastator enters the battlefield with X +1/+1 counters on it."
Island,0.0,None,['U'],['Basic'],['Land'],['Island'],Common,PRM,None,None,None,({T}: Add {U}.)
Steel Leaf Champion,3.0,['G'],['G'],None,['Creature'],"['Elf', 'Knight']",Rare,PRM,5,4,None,Steel Leaf Champion can't be blocked by creatures with power 2 or less.
"Jaya, Fiery Negotiator",4.0,['R'],['R'],['Legendary'],['Planeswalker'],['Jaya'],Mythic,PRM,None,None,4,"[+1]: Create a 1/1 red Monk creature token with prowess.\n[−1]: Exile the top two cards of your library. Choose one of them. You may play that card this turn.\n[−2]: Choose target creature an opponent controls. Whenever you attack this turn, Jaya, Fiery Negotiator deals damage equal to the number of attacking creatures to that creature.\n[−8]: You get an emblem with ""Whenever you cast a red instant or sorcery spell, copy it twice. You may choose new targets for the copies."""
Zhalfirin Void,0.0,None,None,None,['Land'],None,Uncommon,PRM,None,None,None,"When Zhalfirin Void enters the battlefield, scry 1. (Look at the top card of your library. You may put that card on the bottom of your library.)\n{T}: Add {C}."
Ragefire Hellkite,6.0,['R'],['R'],None,['Creature'],['Dragon'],Rare,PRM,5,3,None,"Flying\nWhenever Ragefire Hellkite attacks, you may sacrifice another creature. If you do, Ragefire Hellkite gains double strike until end of turn."
Preacher,3.0,['W'],['W'],None,['Creature'],"['Human', 'Cleric']",Rare,PRM,1,1,None,"You may choose not to untap Preacher during your untap step.\n{T}: For as long as Preacher remains tapped, gain control of target creature of an opponent's choice they control."
"Zahid, Djinn of the Lamp",6.0,['U'],['U'],['Legendary'],['Creature'],['Djinn'],Rare,PRM,5,6,None,You may pay {3}{U} and tap an untapped artifact you control rather than pay this spell's mana cost.\nFlying
Rundvelt Hordemaster,2.0,['R'],['R'],None,['Creature'],"['Goblin', 'Warrior']",Rare,PRM,1,1,None,"Other Goblins you control get +1/+1.\nWhenever Rundvelt Hordemaster or another Goblin you control dies, exile the top card of your library. If it's a Goblin creature card, you may cast that card until the end of your next turn."
Mountain,0.0,None,['R'],['Basic'],['Land'],['Mountain'],Common,PRM,None,None,None,({T}: Add {R}.)
Radha's Firebrand,2.0,['R'],['R'],None,['Creature'],"['Human', 'Warrior']",Rare,PRM,3,1,None,"Whenever Radha's Firebrand attacks, target creature defending player controls with power less than Radha's Firebrand's power can't block this turn.\nDomain — {5}{R}: Radha's Firebrand gets +2/+2 until end of turn. This ability costs {1} less to activate for each basic land type among lands you control. Activate only once each turn."
Island,0.0,None,['U'],['Basic'],['Land'],['Island'],Common,PRM,None,None,None,({T}: Add {U}.)
Scapeshift,4.0,['G'],['G'],None,['Sorcery'],None,Mythic,PRM,None,None,None,"Sacrifice any number of lands. Search your library for up to that many land cards, put them onto the battlefield tapped, then shuffle."
Keldon Flamesage,3.0,['R'],['R'],None,['Creature'],"['Human', 'Shaman']",Rare,PRM,2,3,None,"Enlist\nWhenever Keldon Flamesage attacks, look at the top X cards of your library, where X is Keldon Flamesage's power. You may exile an instant or sorcery card with mana value X or less from among them. Put the rest on the bottom of your library in a random order. You may cast the exiled card without paying its mana cost."
Forest,0.0,None,['G'],['Basic'],['Land'],['Forest'],Common,PRM,None,None,None,({T}: Add {G}.)
"Ghalta, Primal Hunger",12.0,['G'],['G'],['Legendary'],['Creature'],"['Elder', 'Dinosaur']",Rare,PRM,12,12,None,"This spell costs {X} less to cast, where X is the total power of creatures you control.\nTrample"
Defiler of Instinct,4.0,['R'],['R'],None,['Creature'],"['Phyrexian', 'Kavu']",Rare,PRM,4,4,None,"First strike\nAs an additional cost to cast red permanent spells, you may pay 2 life. Those spells cost {R} less to cast if you paid life this way. This effect reduces only the amount of red mana you pay.\nWhenever you cast a red permanent spell, Defiler of Instinct deals 1 damage to any target."
Temporal Firestorm,5.0,['R'],"['R', 'U', 'W']",None,['Sorcery'],None,Rare,PRM,None,None,None,"Kicker {1}{W} and/or {1}{U} (You may pay an additional {1}{W} and/or {1}{U} as you cast this spell.)\nChoose up to X creatures and/or planeswalkers you control, where X is the number of times this spell was kicked. Those permanents phase out.\nTemporal Firestorm deals 5 damage to each creature and each planeswalker."
Tawnos's Coffin,4.0,None,None,None,['Artifact'],None,Rare,PRM,None,None,None,"You may choose not to untap Tawnos's Coffin during your untap step.\n{3}, {T}: Exile target creature and all Auras attached to it. Note the number and kind of counters that were on that creature. When Tawnos's Coffin leaves the battlefield or becomes untapped, return that exiled card to the battlefield under its owner's control tapped with the noted number and kind of counters on it. If you do, return the other exiled cards to the battlefield under their owner's control attached to that permanent."
Silvergill Adept,2.0,['U'],['U'],None,['Creature'],"['Merfolk', 'Wizard']",Uncommon,PRM,2,1,None,"As an additional cost to cast this spell, reveal a Merfolk card from your hand or pay {3}.\nWhen Silvergill Adept enters the battlefield, draw a card."
Chaotic Transformation,6.0,['R'],['R'],None,['Sorcery'],None,Rare,PRM,None,None,None,"Exile up to one target artifact, up to one target creature, up to one target enchantment, up to one target planeswalker, and/or up to one target land. For each permanent exiled this way, its controller reveals cards from the top of their library until they reveal a card that shares a card type with it, puts that card onto the battlefield, then shuffles."
Silverback Elder,5.0,['G'],['G'],None,['Creature'],"['Ape', 'Shaman']",Mythic,PRM,5,7,None,"Whenever you cast a creature spell, choose one —\n• Destroy target artifact or enchantment.\n• Look at the top five cards of your library. You may put a land card from among them onto the battlefield tapped. Put the rest on the bottom of your library in a random order.\n• You gain 4 life."
Brass's Bounty,7.0,['R'],['R'],None,['Sorcery'],None,Rare,PRM,None,None,None,"For each land you control, create a Treasure token. (It's an artifact with ""{T}, Sacrifice this artifact: Add one mana of any color."")"
Urborg Lhurgoyf,2.0,['G'],"['B', 'G', 'U']",None,['Creature'],['Lhurgoyf'],Rare,PRM,*,1+*,None,"Kicker {U} and/or {B} (You may pay an additional {U} and/or {B} as you cast this spell.)\nAs Urborg Lhurgoyf enters the battlefield, mill three cards for each time it was kicked.\nUrborg Lhurgoyf's power is equal to the number of creature cards in your graveyard and its toughness is equal to that number plus 1."
Swamp,0.0,None,['B'],['Basic'],['Land'],['Swamp'],Common,PRM,None,None,None,({T}: Add {B}.)
Captain's Hook,3.0,None,None,None,['Artifact'],['Equipment'],Rare,PRM,None,None,None,"Equipped creature gets +2/+0, has menace, and is a Pirate in addition to its other creature types.\nWhenever Captain's Hook becomes unattached from a permanent, destroy that permanent.\nEquip {1}"
Briar Hydra,6.0,['G'],['G'],None,['Creature'],"['Plant', 'Hydra']",Rare,PRM,6,6,None,"Trample\nDomain — Whenever Briar Hydra deals combat damage to a player, put X +1/+1 counters on target creature you control, where X is the number of basic land types among lands you control."
Walk the Plank,2.0,['B'],['B'],None,['Sorcery'],None,Uncommon,PRM,None,None,None,Destroy target non-Merfolk creature.
Llanowar Loamspeaker,2.0,['G'],['G'],None,['Creature'],"['Elf', 'Druid']",Rare,PRM,1,3,None,{T}: Add one mana of any color.\n{T}: Target land you control becomes a 3/3 Elemental creature with haste until end of turn. It's still a land. Activate only as a sorcery.
Forest,0.0,None,['G'],['Basic'],['Land'],['Forest'],Common,PRM,None,None,None,({T}: Add {G}.)
Burning Sun's Avatar,6.0,['R'],['R'],None,['Creature'],"['Dinosaur', 'Avatar']",Rare,PRM,6,6,None,"When Burning Sun's Avatar enters the battlefield, it deals 3 damage to target opponent or planeswalker and 3 damage to up to one target creature."
Quirion Beastcaller,2.0,['G'],['G'],None,['Creature'],"['Dryad', 'Warrior']",Rare,PRM,2,2,None,"Whenever you cast a creature spell, put a +1/+1 counter on Quirion Beastcaller.\nWhen Quirion Beastcaller dies, distribute X +1/+1 counters among any number of target creatures you control, where X is the number of +1/+1 counters on Quirion Beastcaller."
Bishop of Rebirth,5.0,['W'],['W'],None,['Creature'],"['Vampire', 'Cleric']",Rare,PRM,3,4,None,"Vigilance\nWhenever Bishop of Rebirth attacks, you may return target creature card with mana value 3 or less from your graveyard to the battlefield."
Leaf-Crowned Visionary,2.0,['G'],['G'],None,['Creature'],"['Elf', 'Druid']",Rare,PRM,1,1,None,"Other Elves you control get +1/+1.\nWhenever you cast an Elf spell, you may pay {G}. If you do, draw a card."
Plains,0.0,None,['W'],['Basic'],['Land'],['Plains'],Common,PRM,None,None,None,({T}: Add {W}.)
Defiler of Vigor,5.0,['G'],['G'],None,['Creature'],"['Phyrexian', 'Wurm']",Rare,PRM,6,6,None,"Trample\nAs an additional cost to cast green permanent spells, you may pay 2 life. Those spells cost {G} less to cast if you paid life this way. This effect reduces only the amount of green mana you pay.\nWhenever you cast a green permanent spell, put a +1/+1 counter on each creature you control."
Vindicate,3.0,"['B', 'W']","['B', 'W']",None,['Sorcery'],None,Rare,PRM,None,None,None,Destroy target permanent.
Llanowar Greenwidow,3.0,['G'],['G'],None,['Creature'],['Spider'],Rare,PRM,4,3,None,"Reach, trample\nDomain — {7}{G}: Return Llanowar Greenwidow from your graveyard to the battlefield tapped. It gains ""If this permanent would leave the battlefield, exile it instead of putting it anywhere else."" This ability costs {1} less to activate for each basic land type among lands you control."
Psionic Blast,3.0,['U'],['U'],None,['Instant'],None,Rare,PRM,None,None,None,Psionic Blast deals 4 damage to any target and 2 damage to you.
Gauntlet of Might,4.0,None,['R'],None,['Artifact'],None,Rare,PRM,None,None,None,"Red creatures get +1/+1.\nWhenever a Mountain is tapped for mana, its controller adds an additional {R}."
Threats Undetected,3.0,['G'],['G'],None,['Sorcery'],None,Rare,PRM,None,None,None,Search your library for up to four creature cards with different powers and reveal them. An opponent chooses two of those cards. Shuffle the chosen cards into your library and put the rest into your hand.
Malfegor,6.0,"['B', 'R']","['B', 'R']",['Legendary'],['Creature'],"['Demon', 'Dragon']",Mythic,PRM,6,6,None,"Flying\nWhen Malfegor enters the battlefield, discard your hand. Each opponent sacrifices a creature for each card discarded this way."
Elvish Spirit Guide,3.0,['G'],['G'],None,['Creature'],"['Elf', 'Spirit']",Uncommon,PRM,2,2,None,Exile Elvish Spirit Guide from your hand: Add {G}.
Herd Migration,7.0,['G'],['G'],None,['Sorcery'],None,Rare,PRM,None,None,None,"Domain — Create a 3/3 green Beast creature token for each basic land type among lands you control.\n{1}{G}, Discard Herd Migration: Search your library for a basic land card, reveal it, put it into your hand, then shuffle. You gain 3 life."
Mad Auntie,3.0,['B'],['B'],None,['Creature'],"['Goblin', 'Shaman']",Rare,PRM,2,2,None,Other Goblin creatures you control get +1/+1.\n{T}: Regenerate another target Goblin.
Cuombajj Witches,2.0,['B'],['B'],None,['Creature'],"['Human', 'Wizard']",Common,PRM,1,3,None,{T}: Cuombajj Witches deals 1 damage to any target and 1 damage to any target of an opponent's choice.
"Ajani, Sleeper Agent",4.0,"['G', 'W']","['G', 'W']",['Legendary'],['Planeswalker'],['Ajani'],Mythic,PRM,None,None,4,"Compleated ({G/W/P} can be paid with {G}, {W}, or 2 life. If life was paid, this planeswalker enters with two fewer loyalty counters.)\n[+1]: Reveal the top card of your library. If it's a creature or planeswalker card, put it into your hand. Otherwise, you may put it on the bottom of your library.\n[−3]: Distribute three +1/+1 counters among up to three target creatures. They gain vigilance until end of turn.\n[−6]: You get an emblem with ""Whenever you cast a creature or planeswalker spell, target opponent gets two poison counters."""
Copy Artifact,2.0,['U'],['U'],None,['Enchantment'],None,Rare,PRM,None,None,None,"You may have Copy Artifact enter the battlefield as a copy of any artifact on the battlefield, except it's an enchantment in addition to its other types."
"Karn, Living Legacy",4.0,None,None,['Legendary'],['Planeswalker'],['Karn'],Mythic,PRM,None,None,4,"[+1]: Create a tapped Powerstone token. (It's an artifact with ""{T}: Add {C}. This mana can't be spent to cast a nonartifact spell."")\n[−1]: Pay any amount of mana. Look at that many cards from the top of your library, then put one of those cards into your hand and the rest on the bottom of your library in a random order.\n[−7]: You get an emblem with ""Tap an untapped artifact you control: This emblem deals 1 damage to any target."""
Forest,0.0,None,['G'],['Basic'],['Land'],['Forest'],Common,PRM,None,None,None,({T}: Add {G}.)
Stasis,2.0,['U'],['U'],None,['Enchantment'],None,Rare,PRM,None,None,None,"Players skip their untap steps.\nAt the beginning of your upkeep, sacrifice Stasis unless you pay {U}."
Adarkar Wastes,0.0,None,"['U', 'W']",None,['Land'],None,Rare,PRM,None,None,None,{T}: Add {C}.\n{T}: Add {W} or {U}. Adarkar Wastes deals 1 damage to you.
Chains of Mephistopheles,2.0,['B'],['B'],None,['Enchantment'],None,Rare,PRM,None,None,None,"If a player would draw a card except the first one they draw in each of their draw steps, that player discards a card instead. If the player discards a card this way, they draw a card. If the player doesn't discard a card this way, they mill a card."
Sulfurous Springs,0.0,None,"['B', 'R']",None,['Land'],None,Rare,PRM,None,None,None,{T}: Add {C}.\n{T}: Add {B} or {R}. Sulfurous Springs deals 1 damage to you.
Door of Destinies,4.0,None,None,None,['Artifact'],None,Rare,PRM,None,None,None,"As Door of Destinies enters the battlefield, choose a creature type.\nWhenever you cast a spell of the chosen type, put a charge counter on Door of Destinies.\nCreatures you control of the chosen type get +1/+1 for each charge counter on Door of Destinies."
Transmute Artifact,2.0,['U'],['U'],None,['Sorcery'],None,Rare,PRM,None,None,None,"Sacrifice an artifact. If you do, search your library for an artifact card. If that card's mana value is less than or equal to the sacrificed artifact's mana value, put it onto the battlefield. If it's greater, you may pay {X}, where X is the difference. If you do, put it onto the battlefield. If you don't, put it into its owner's graveyard. Then shuffle."
Karplusan Forest,0.0,None,"['G', 'R']",None,['Land'],None,Rare,PRM,None,None,None,{T}: Add {C}.\n{T}: Add {R} or {G}. Karplusan Forest deals 1 damage to you.
"Korlash, Heir to Blackblade",4.0,['B'],['B'],['Legendary'],['Creature'],"['Zombie', 'Warrior']",Rare,PRM,*,*,None,"Korlash, Heir to Blackblade's power and toughness are each equal to the number of Swamps you control.\n{1}{B}: Regenerate Korlash.\nGrandeur — Discard another card named Korlash, Heir to Blackblade: Search your library for up to two Swamp cards, put them onto the battlefield tapped, then shuffle."
Helm of Obedience,4.0,None,None,None,['Artifact'],None,Rare,PRM,None,None,None,"{X}, {T}: Target opponent mills a card, then repeats this process until a creature card or X cards have been put into their graveyard this way, whichever comes first. If one or more creature cards were put into that graveyard this way, sacrifice Helm of Obedience and put one of them onto the battlefield under your control. X can't be 0."
Caves of Koilos,0.0,None,"['B', 'W']",None,['Land'],None,Rare,PRM,None,None,None,{T}: Add {C}.\n{T}: Add {W} or {B}. Caves of Koilos deals 1 damage to you.
"Oros, the Avenger",6.0,"['B', 'R', 'W']","['B', 'R', 'W']",['Legendary'],['Creature'],['Dragon'],Rare,PRM,6,6,None,"Flying\nWhenever Oros, the Avenger deals combat damage to a player, you may pay {2}{W}. If you do, Oros deals 3 damage to each nonwhite creature."
"Nicol Bolas, Planeswalker",8.0,"['B', 'R', 'U']","['B', 'R', 'U']",['Legendary'],['Planeswalker'],['Bolas'],Mythic,PRM,None,None,5,"[+3]: Destroy target noncreature permanent.\n[−2]: Gain control of target creature.\n[−9]: Nicol Bolas, Planeswalker deals 7 damage to target player or planeswalker. That player or that planeswalker's controller discards seven cards, then sacrifices seven permanents."
Shivan Reef,0.0,None,"['R', 'U']",None,['Land'],None,Rare,PRM,None,None,None,{T}: Add {C}.\n{T}: Add {U} or {R}. Shivan Reef deals 1 damage to you.
"Chandra, Pyromaster",4.0,['R'],['R'],['Legendary'],['Planeswalker'],['Chandra'],Mythic,PRM,None,None,4,"[+1]: Chandra, Pyromaster deals 1 damage to target player or planeswalker and 1 damage to up to one target creature that player or that planeswalker's controller controls. That creature can't block this turn.\n[0]: Exile the top card of your library. You may play it this turn.\n[−7]: Exile the top ten cards of your library. Choose an instant or sorcery card exiled this way and copy it three times. You may cast the copies without paying their mana costs."
Yavimaya Coast,0.0,None,"['G', 'U']",None,['Land'],None,Rare,PRM,None,None,None,{T}: Add {C}.\n{T}: Add {G} or {U}. Yavimaya Coast deals 1 damage to you.
"Nissa, Worldwaker",5.0,['G'],['G'],['Legendary'],['Planeswalker'],['Nissa'],Mythic,PRM,None,None,3,"[+1]: Target land you control becomes a 4/4 Elemental creature with trample. It's still a land.\n[+1]: Untap up to four target Forests.\n[−7]: Search your library for any number of basic land cards, put them onto the battlefield, then shuffle. Those lands become 4/4 Elemental creatures with trample. They're still lands."
Plaza of Heroes,0.0,None,None,None,['Land'],None,Rare,PRM,None,None,None,"{T}: Add {C}.\n{T}: Add one mana of any color. Spend this mana only to cast a legendary spell.\n{T}: Add one mana of any color among legendary permanents you control.\n{3}, {T}, Exile Plaza of Heroes: Target legendary creature gains hexproof and indestructible until end of turn."
Gideon Jura,5.0,['W'],['W'],['Legendary'],['Planeswalker'],['Gideon'],Mythic,PRM,None,None,6,"[+2]: During target opponent's next turn, creatures that player controls attack Gideon Jura if able.\n[−2]: Destroy target tapped creature.\n[0]: Until end of turn, Gideon Jura becomes a 6/6 Human Soldier creature that's still a planeswalker. Prevent all damage that would be dealt to him this turn."
Thran Portal,0.0,None,None,None,['Land'],['Gate'],Rare,PRM,None,None,None,"Thran Portal enters the battlefield tapped unless you control two or fewer other lands.\nAs Thran Portal enters the battlefield, choose a basic land type.\nThran Portal is the chosen type in addition to its other types.\nMana abilities of Thran Portal cost an additional 1 life to activate."
Mountain,0.0,None,['R'],['Basic'],['Land'],['Mountain'],Common,PRM,None,None,None,({T}: Add {R}.)
Abrade,2.0,['R'],['R'],None,['Instant'],None,Uncommon,PRM,None,None,None,Choose one —\n• Abrade deals 3 damage to target creature.\n• Destroy target artifact.
"Teferi, Temporal Pilgrim",5.0,['U'],['U'],['Legendary'],['Planeswalker'],['Teferi'],Mythic,PRM,None,None,4,"Whenever you draw a card, put a loyalty counter on Teferi, Temporal Pilgrim.\n[0]: Draw a card.\n[−2]: Create a 2/2 blue Spirit creature token with vigilance and ""Whenever you draw a card, put a +1/+1 counter on this creature.""\n[−12]: Target opponent chooses a permanent they control and returns it to its owner's hand. Then they shuffle each nonland permanent they control into its owner's library."
Renegade Rallier,3.0,"['G', 'W']","['G', 'W']",None,['Creature'],"['Human', 'Warrior']",Uncommon,PRM,3,2,None,"Revolt — When Renegade Rallier enters the battlefield, if a permanent you controlled left the battlefield this turn, return target permanent card with mana value 2 or less from your graveyard to the battlefield."
"Saheeli, Filigree Master",4.0,"['R', 'U']","['R', 'U']",['Legendary'],['Planeswalker'],['Saheeli'],Mythic,PRM,None,None,3,"[+1]: Scry 1. You may tap an untapped artifact you control. If you do, draw a card.\n[−2]: Create two 1/1 colorless Thopter artifact creature tokens with flying. They gain haste until end of turn.\n[−4]: You get an emblem with ""Artifact creatures you control get +1/+1"" and ""Artifact spells you cast cost {1} less to cast."""
Gerrard's Verdict,2.0,"['B', 'W']","['B', 'W']",None,['Sorcery'],None,Uncommon,PRM,None,None,None,Target player discards two cards. You gain 3 life for each land card discarded this way.
Fatal Push,1.0,['B'],['B'],None,['Instant'],None,Uncommon,PRM,None,None,None,Destroy target creature if it has mana value 2 or less.\nRevolt — Destroy that creature if it has mana value 4 or less instead if a permanent you controlled left the battlefield this turn.
Recruitment Officer,1.0,['W'],['W'],None,['Creature'],"['Human', 'Soldier']",Uncommon,PRM,2,1,None,{3}{W}: Look at the top four cards of your library. You may reveal a creature card with mana value 3 or less from among them and put it into your hand. Put the rest on the bottom of your library in a random order.
Counterspell,2.0,['U'],['U'],None,['Instant'],None,Uncommon,PRM,None,None,None,Counter target spell.
Reverse Engineer,5.0,['U'],['U'],None,['Sorcery'],None,Uncommon,PRM,None,None,None,Improvise (Your artifacts can help cast this spell. Each artifact you tap after you're done activating mana abilities pays for {1}.)\nDraw three cards.
Rescue Retriever,5.0,['W'],['W'],None,['Creature'],"['Dog', 'Soldier']",Rare,PRM,3,3,None,"Flash\nWhen Rescue Retriever enters the battlefield, put a +1/+1 counter on each other Soldier you control.\nPrevent all damage that would be dealt to other attacking Soldiers you control."
Exalted Angel,6.0,['W'],['W'],None,['Creature'],['Angel'],Rare,PRM,4,5,None,"Flying\nWhenever Exalted Angel deals damage, you gain that much life.\nMorph {2}{W}{W} (You may cast this card face down as a 2/2 creature for {3}. Turn it face up any time for its morph cost.)"
Adorned Pouncer,2.0,['W'],['W'],None,['Creature'],['Cat'],Rare,PRM,1,1,None,"Double strike\nEternalize {3}{W}{W} ({3}{W}{W}, Exile this card from your graveyard: Create a token that's a copy of it, except it's a 4/4 black Zombie Cat with no mana cost. Eternalize only as a sorcery.)"
Scholar of New Horizons,2.0,['W'],['W'],None,['Creature'],"['Human', 'Scout']",Rare,PRM,1,1,None,"Scholar of New Horizons enters the battlefield with a +1/+1 counter on it.\n{T}, Remove a counter from a permanent you control: Search your library for a Plains card and reveal it. If an opponent controls more lands than you, you may put that card onto the battlefield tapped. If you don't put the card onto the battlefield, put it into your hand. Then shuffle."
Urza's Factory,0.0,None,None,None,['Land'],"[""Urza's""]",Uncommon,PRM,None,None,None,"{T}: Add {C}.\n{7}, {T}: Create a 2/2 colorless Assembly-Worker artifact creature token."
Ramunap Excavator,3.0,['G'],['G'],None,['Creature'],"['Naga', 'Cleric']",Rare,PRM,2,3,None,You may play lands from your graveyard.
Steel Seraph,6.0,None,['W'],None,"['Artifact', 'Creature']",['Angel'],Rare,PRM,5,4,None,"Prototype {1}{W}{W} — 3/3 (You may cast this spell with different mana cost, color, and size. It keeps its abilities and types.)\nFlying\nAt the beginning of combat on your turn, target creature you control gains your choice of flying, vigilance, or lifelink until end of turn."
Wildfire Eternal,4.0,['R'],['R'],None,['Creature'],"['Zombie', 'Jackal', 'Cleric']",Rare,PRM,1,4,None,"Afflict 4 (Whenever this creature becomes blocked, defending player loses 4 life.)\nWhenever Wildfire Eternal attacks and isn't blocked, you may cast an instant or sorcery spell from your hand without paying its mana cost."
Grim Lavamancer,1.0,['R'],['R'],None,['Creature'],"['Human', 'Wizard']",Rare,PRM,1,1,None,"{R}, {T}, Exile two cards from your graveyard: Grim Lavamancer deals 2 damage to any target."
"Avacyn, Angel of Hope",8.0,['W'],['W'],['Legendary'],['Creature'],['Angel'],Rare,PRM,8,8,None,"Flying, vigilance, indestructible\nOther permanents you control have indestructible."
"Sanwell, Avenger Ace",2.0,['W'],['W'],['Legendary'],['Creature'],"['Human', 'Pilot']",Rare,PRM,3,1,None,"As long as an artifact creature you control is attacking, prevent all damage that would be dealt to Sanwell, Avenger Ace.\nWhenever Sanwell becomes tapped, exile the top six cards of your library. You may cast a Vehicle or artifact creature spell from among them. Then put the rest on the bottom of your library in a random order."
Oracle's Vault,4.0,None,None,None,['Artifact'],None,Rare,PRM,None,None,None,"{2}, {T}: Exile the top card of your library. Until end of turn, you may play that card. Put a brick counter on Oracle's Vault.\n{T}: Exile the top card of your library. Until end of turn, you may play that card without paying its mana cost. Activate only if there are three or more brick counters on Oracle's Vault."
Autonomous Assembler,5.0,None,['W'],None,"['Artifact', 'Creature']",['Assembly-Worker'],Rare,PRM,4,5,None,"Prototype {1}{W} — 2/2 (You may cast this spell with different mana cost, color, and size. It keeps its abilities and types.)\nVigilance\n{1}, {T}: Put a +1/+1 counter on target Assembly-Worker you control."
Mana Leak,2.0,['U'],['U'],None,['Instant'],None,Common,PRM,None,None,None,Counter target spell unless its controller pays {3}.
Aether Hub,0.0,None,None,None,['Land'],None,Uncommon,PRM,None,None,None,"When Aether Hub enters the battlefield, you get {E} (an energy counter).\n{T}: Add {C}.\n{T}, Pay {E}: Add one mana of any color."
Disciple of Caelus Nin,5.0,['W'],['W'],None,['Creature'],"['Human', 'Wizard']",Rare,PRM,3,4,None,"When Disciple of Caelus Nin enters the battlefield, starting with you, each player chooses up to five permanents they control. All permanents other than Disciple of Caelus Nin that weren't chosen this way phase out.\nPermanents can't phase in."
Silver Knight,2.0,['W'],['W'],None,['Creature'],"['Human', 'Knight']",Uncommon,PRM,2,2,None,"First strike, protection from red"
Unlicensed Disintegration,3.0,"['B', 'R']","['B', 'R']",None,['Instant'],None,Uncommon,PRM,None,None,None,"Destroy target creature. If you control an artifact, Unlicensed Disintegration deals 3 damage to that creature's controller."
Loran of the Third Path,3.0,['W'],['W'],['Legendary'],['Creature'],"['Human', 'Artificer']",Rare,PRM,2,1,None,"Vigilance\nWhen Loran of the Third Path enters the battlefield, destroy up to one target artifact or enchantment.\n{T}: You and target opponent each draw a card."
Goblin Warchief,3.0,['R'],['R'],None,['Creature'],"['Goblin', 'Warrior']",Uncommon,PRM,2,2,None,Goblin spells you cast cost {1} less to cast.\nGoblins you control have haste.
Servo Exhibition,2.0,['W'],['W'],None,['Sorcery'],None,Uncommon,PRM,None,None,None,Create two 1/1 colorless Servo artifact creature tokens.
Siege Veteran,3.0,['W'],['W'],None,['Creature'],"['Human', 'Soldier']",Rare,PRM,2,2,None,"At the beginning of combat on your turn, put a +1/+1 counter on target creature you control.\nWhenever another nontoken Soldier you control dies, create a 1/1 colorless Soldier artifact creature token."
Psychatog,3.0,"['B', 'U']","['B', 'U']",None,['Creature'],['Atog'],Uncommon,PRM,1,2,None,Discard a card: Psychatog gets +1/+1 until end of turn.\nExile two cards from your graveyard: Psychatog gets +1/+1 until end of turn.
Glorybringer,5.0,['R'],['R'],None,['Creature'],['Dragon'],Rare,PRM,4,4,None,"Flying, haste\nYou may exert Glorybringer as it attacks. When you do, it deals 4 damage to target non-Dragon creature an opponent controls. (An exerted creature won't untap during your next untap step.)"
Soul Partition,2.0,['W'],['W'],None,['Instant'],None,Rare,PRM,None,None,None,"Exile target nonland permanent. For as long as that card remains exiled, its owner may play it. A spell cast by an opponent this way costs {2} more to cast."
Smother,2.0,['B'],['B'],None,['Instant'],None,Uncommon,PRM,None,None,None,Destroy target creature with mana value 3 or less. It can't be regenerated.
Trueheart Duelist,2.0,['W'],['W'],None,['Creature'],"['Human', 'Warrior']",Uncommon,PRM,2,2,None,"Trueheart Duelist can block an additional creature each combat.\nEmbalm {2}{W} ({2}{W}, Exile this card from your graveyard: Create a token that's a copy of it, except it's a white Zombie Human Warrior with no mana cost. Embalm only as a sorcery.)"
Kayla's Command,3.0,['W'],['W'],None,['Sorcery'],None,Rare,PRM,None,None,None,"Choose two —\n• Create a 2/2 colorless Construct artifact creature token.\n• Put a +1/+1 counter on a creature you control. It gains double strike until end of turn.\n• Search your library for a basic Plains card, reveal it, put it into your hand, then shuffle.\n• You gain 2 life and scry 2."
Flametongue Kavu,4.0,['R'],['R'],None,['Creature'],['Kavu'],Uncommon,PRM,4,2,None,"When Flametongue Kavu enters the battlefield, it deals 4 damage to target creature."
Archfiend of Ifnir,5.0,['B'],['B'],None,['Creature'],['Demon'],Rare,PRM,5,4,None,"Flying\nWhenever you cycle or discard another card, put a -1/-1 counter on each creature your opponents control.\nCycling {2} ({2}, Discard this card: Draw a card.)"
Tocasia's Welcome,3.0,['W'],['W'],None,['Enchantment'],None,Rare,PRM,None,None,None,"Whenever one or more creatures with mana value 3 or less enter the battlefield under your control, draw a card. This ability triggers only once each turn."
Cabal Therapy,1.0,['B'],['B'],None,['Sorcery'],None,Uncommon,PRM,None,None,None,Choose a nonland card name. Target player reveals their hand and discards all cards with that name.\nFlashback—Sacrifice a creature. (You may cast this card from your graveyard for its flashback cost. Then exile it.)
Capture of Jingzhou,5.0,['U'],['U'],None,['Sorcery'],None,Rare,PRM,None,None,None,Take an extra turn after this one.
Kayla's Reconstruction,3.0,['W'],['W'],None,['Sorcery'],None,Rare,PRM,None,None,None,Look at the top seven cards of your library. Put up to X artifact and/or creature cards with mana value 3 or less from among them onto the battlefield. Put the rest on the bottom of your library in a random order.
Cruel Edict,2.0,['B'],['B'],None,['Sorcery'],None,Rare,PRM,None,None,None,Target opponent sacrifices a creature.
Gaddock Teeg,2.0,"['G', 'W']","['G', 'W']",['Legendary'],['Creature'],"['Kithkin', 'Advisor']",Rare,PRM,2,2,None,Noncreature spells with mana value 4 or greater can't be cast.\nNoncreature spells with {X} in their mana costs can't be cast.
"Myrel, Shield of Argive",4.0,['W'],['W'],['Legendary'],['Creature'],"['Human', 'Soldier']",Mythic,PRM,3,4,None,"During your turn, your opponents can't cast spells or activate abilities of artifacts, creatures, or enchantments.\nWhenever Myrel, Shield of Argive attacks, create X 1/1 colorless Soldier artifact creature tokens, where X is the number of Soldiers you control."
Trophy Mage,3.0,['U'],['U'],None,['Creature'],"['Human', 'Wizard']",Uncommon,PRM,2,2,None,"When Trophy Mage enters the battlefield, you may search your library for an artifact card with mana value 3, reveal it, put it into your hand, then shuffle."
Platoon Dispenser,5.0,None,['W'],None,"['Artifact', 'Creature']",['Construct'],Mythic,PRM,4,6,None,"At the beginning of your end step, if you control two or more other creatures, draw a card.\n{3}{W}: Create a 1/1 colorless Soldier artifact creature token.\nUnearth {2}{W}{W}"
Mishra's Factory,0.0,None,None,None,['Land'],None,Uncommon,PRM,None,None,None,{T}: Add {C}.\n{1}: Mishra's Factory becomes a 2/2 Assembly-Worker artifact creature until end of turn. It's still a land.\n{T}: Target Assembly-Worker creature gets +1/+1 until end of turn.
Urza's Sylex,3.0,None,['W'],['Legendary'],['Artifact'],None,Mythic,PRM,None,None,None,"{2}{W}{W}, {T}, Exile Urza's Sylex: Each player chooses six lands they control. Destroy all other permanents. Activate only as a sorcery.\nWhen Urza's Sylex is put into exile from the battlefield, you may pay {2}. If you do, search your library for a planeswalker card, reveal it, put it into your hand, then shuffle."
Fact or Fiction,4.0,['U'],['U'],None,['Instant'],None,Uncommon,PRM,None,None,None,Reveal the top five cards of your library. An opponent separates those cards into two piles. Put one pile into your hand and the other into your graveyard.
Inkmoth Nexus,0.0,None,None,None,['Land'],None,Rare,PRM,None,None,None,{T}: Add {C}.\n{1}: Inkmoth Nexus becomes a 1/1 Phyrexian Blinkmoth artifact creature with flying and infect until end of turn. It's still a land. (It deals damage to creatures in the form of -1/-1 counters and to players in the form of poison counters.)
In the Trenches,3.0,['W'],['W'],None,['Enchantment'],None,Mythic,PRM,None,None,None,Creatures you control get +1/+1.\n{5}{W}: Exile target nonland permanent you don't control until In the Trenches leaves the battlefield. Activate only as a sorcery and only once.
Armadillo Cloak,3.0,"['G', 'W']","['G', 'W']",None,['Enchantment'],['Aura'],Common,PRM,None,None,None,"Enchant creature\nEnchanted creature gets +2/+2 and has trample.\nWhenever enchanted creature deals damage, you gain that much life."
Scrap Trawler,3.0,None,None,None,"['Artifact', 'Creature']",['Construct'],Rare,PRM,3,2,None,"Whenever Scrap Trawler or another artifact you control is put into a graveyard from the battlefield, return to your hand target artifact card in your graveyard with lesser mana value."
Geology Enthusiast,5.0,['U'],['U'],None,['Creature'],"['Human', 'Artificer']",Rare,PRM,2,5,None,"At the beginning of your end step, create a tapped Powerstone token. (It's an artifact with ""{T}: Add {C}. This mana can't be spent to cast a nonartifact spell."")\n{6}: Draw a card and put a +1/+1 counter on Geology Enthusiast."
Brainstorm,1.0,['U'],['U'],None,['Instant'],None,Common,PRM,None,None,None,"Draw three cards, then put two cards from your hand on top of your library in any order."
Noose Constrictor,2.0,['G'],['G'],None,['Creature'],['Snake'],Uncommon,PRM,2,2,None,Reach\nDiscard a card: Noose Constrictor gets +1/+1 until end of turn.
March of Progress,3.0,['U'],['U'],None,['Sorcery'],None,Rare,PRM,None,None,None,"Choose target artifact creature you control. For each creature chosen this way, create a token that's a copy of it.\nOverload {6}{U} (You may cast this spell for its overload cost. If you do, change its text by replacing all instances of ""target"" with ""each."")"
Lake of the Dead,0.0,None,['B'],None,['Land'],None,Rare,PRM,None,None,None,"If Lake of the Dead would enter the battlefield, sacrifice a Swamp instead. If you do, put Lake of the Dead onto the battlefield. If you don't, put it into its owner's graveyard.\n{T}: Add {B}.\n{T}, Sacrifice a Swamp: Add {B}{B}{B}{B}."
Quicksmith Rebel,4.0,['R'],['R'],None,['Creature'],"['Human', 'Artificer']",Rare,PRM,3,2,None,"When Quicksmith Rebel enters the battlefield, target artifact you control gains ""{T}: This artifact deals 2 damage to any target"" for as long as you control Quicksmith Rebel."
"Drafna, Founder of Lat-Nam",2.0,['U'],['U'],['Legendary'],['Creature'],"['Human', 'Artificer', 'Advisor']",Rare,PRM,2,1,None,"{1}{U}: Return target artifact you control to its owner's hand.\n{3}, {T}: Copy target artifact spell you control. (The copy becomes a token.)"
Incendiary Flow,2.0,['R'],['R'],None,['Sorcery'],None,Uncommon,PRM,None,None,None,"Incendiary Flow deals 3 damage to any target. If a creature dealt damage this way would die this turn, exile it instead."
Yahenni's Expertise,4.0,['B'],['B'],None,['Sorcery'],None,Rare,PRM,None,None,None,All creatures get -3/-3 until end of turn.\nYou may cast a spell with mana value 3 or less from your hand without paying its mana cost.
Glint Raker,4.0,['U'],['U'],None,['Creature'],['Drake'],Rare,PRM,1,3,None,"Flying\nGlint Raker gets +X/+0, where X is the highest mana value among artifacts you control.\nWhenever Glint Raker deals combat damage to a player, you may reveal that many cards from the top of your library. Put an artifact card revealed this way into your hand and the rest into your graveyard."
Forest,0.0,None,['G'],['Basic'],['Land'],['Forest'],Common,PRM,None,None,None,({T}: Add {G}.)
Fortune's Favor,4.0,['U'],['U'],None,['Instant'],None,Uncommon,PRM,None,None,None,Target opponent looks at the top four cards of your library and separates them into a face-down pile and a face-up pile. Put one pile into your hand and the other into your graveyard.
Skystrike Officer,3.0,['U'],['U'],None,['Creature'],"['Human', 'Soldier']",Rare,PRM,2,3,None,"Flying\nWhenever Skystrike Officer attacks, create a 1/1 colorless Soldier artifact creature token.\nTap three untapped Soldiers you control: Draw a card."
Spellskite,2.0,None,['U'],None,"['Artifact', 'Creature']","['Phyrexian', 'Horror']",Rare,PRM,0,4,None,{U/P}: Change a target of target spell or ability to Spellskite. ({U/P} can be paid with either {U} or 2 life.)
The Temporal Anchor,6.0,['U'],['U'],['Legendary'],['Artifact'],None,Rare,PRM,None,None,None,"At the beginning of your upkeep, scry 2.\nWhenever you choose to put one or more cards on the bottom of your library while scrying, exile that many cards from the bottom of your library.\nDuring your turn, you may play cards exiled with The Temporal Anchor."
Boggart Ram-Gang,3.0,"['G', 'R']","['G', 'R']",None,['Creature'],"['Goblin', 'Warrior']",Uncommon,PRM,3,3,None,Haste\nWither (This deals damage to creatures in the form of -1/-1 counters.)
Candelabra of Tawnos,1.0,None,None,None,['Artifact'],None,Rare,PRM,None,None,None,"{X}, {T}: Untap X target lands."
Terisian Mindbreaker,7.0,None,['U'],None,"['Artifact', 'Creature']",['Juggernaut'],Rare,PRM,6,4,None,"Whenever Terisian Mindbreaker attacks, defending player mills half their library, rounded up.\nUnearth {1}{U}{U}{U} ({1}{U}{U}{U}: Return this card from your graveyard to the battlefield. It gains haste. Exile it at the beginning of the next end step or if it would leave the battlefield. Unearth only as a sorcery.)"
Shrapnel Blast,2.0,['R'],['R'],None,['Instant'],None,Uncommon,PRM,None,None,None,"As an additional cost to cast this spell, sacrifice an artifact.\nShrapnel Blast deals 5 damage to any target."
Windfall,3.0,['U'],['U'],None,['Sorcery'],None,Uncommon,PRM,None,None,None,"Each player discards their hand, then draws cards equal to the greatest number of cards a player discarded this way."
Urza's Command,4.0,['U'],['U'],None,['Instant'],None,Rare,PRM,None,None,None,"Choose two —\n• Creatures you don't control get -2/-0 until end of turn.\n• Create a tapped Powerstone token.\n• Create a tapped 0/0 colorless Construct artifact creature token with ""This creature gets +1/+1 for each artifact you control.""\n• Scry 1, then draw a card."
Cryptic Command,4.0,['U'],['U'],None,['Instant'],None,Rare,PRM,None,None,None,Choose two —\n• Counter target spell.\n• Return target permanent to its owner's hand.\n• Tap all creatures your opponents control.\n• Draw a card.
Hurkyl's Final Meditation,7.0,['U'],['U'],None,['Instant'],None,Rare,PRM,None,None,None,"As long as it's not your turn, this spell costs {3} more to cast.\nReturn all nonland permanents to their owners' hands. End the turn. (Exile all spells and abilities from the stack, including this card. The player whose turn it is discards down to their maximum hand size. Damage wears off, and ""this turn"" and ""until end of turn"" effects end.)"
Wilt-Leaf Cavaliers,3.0,"['G', 'W']","['G', 'W']",None,['Creature'],"['Elf', 'Knight']",Uncommon,PRM,3,4,None,Vigilance
Surge Engine,2.0,None,['U'],None,"['Artifact', 'Creature']",['Construct'],Mythic,PRM,3,2,None,"Defender\n{U}: Surge Engine loses defender and gains ""This creature can't be blocked.""\n{2}{U}: Surge Engine becomes blue and has base power and toughness 5/4. Activate only if Surge Engine doesn't have defender.\n{4}{U}{U}: Draw three cards. Activate only if Surge Engine is blue and only once."
Demigod of Revenge,5.0,"['B', 'R']","['B', 'R']",None,['Creature'],"['Spirit', 'Avatar']",Rare,PRM,5,4,None,"When you cast this spell, return all cards named Demigod of Revenge from your graveyard to the battlefield.\nFlying, haste"
"Hurkyl, Master Wizard",3.0,['U'],['U'],['Legendary'],['Creature'],"['Human', 'Wizard', 'Advisor']",Mythic,PRM,2,4,None,"At the beginning of your end step, if you've cast a noncreature spell this turn, reveal the top five cards of your library. For each card type among noncreature spells you've cast this turn, you may put a card of that type from among the revealed cards into your hand. Put the rest on the bottom of your library in a random order."
Elvish Champion,3.0,['G'],['G'],None,['Creature'],['Elf'],Rare,PRM,2,2,None,Other Elf creatures get +1/+1 and have forestwalk. (They can't be blocked as long as defending player controls a Forest.)
Ambition's Cost,4.0,['B'],['B'],None,['Sorcery'],None,Uncommon,PRM,None,None,None,You draw three cards and you lose 3 life.
Arcane Proxy,7.0,None,['U'],None,"['Artifact', 'Creature']",['Wizard'],Mythic,PRM,4,3,None,"Prototype {1}{U}{U} — 2/1 (You may cast this spell with different mana cost, color, and size. It keeps its abilities and types.)\nWhen Arcane Proxy enters the battlefield, if you cast it, exile target instant or sorcery card with mana value less than or equal to Arcane Proxy's power from your graveyard. Copy that card. You may cast the copy without paying its mana cost."
Tormod's Crypt,0.0,None,None,None,['Artifact'],None,Uncommon,PRM,None,None,None,"{T}, Sacrifice Tormod's Crypt: Exile target player's graveyard."
Crop Rotation,1.0,['G'],['G'],None,['Instant'],None,Common,PRM,None,None,None,"As an additional cost to cast this spell, sacrifice a land.\nSearch your library for a land card, put that card onto the battlefield, then shuffle."
One with the Multiverse,8.0,['U'],['U'],None,['Enchantment'],None,Mythic,PRM,None,None,None,"You may look at the top card of your library any time.\nYou may play lands and cast spells from the top of your library.\nOnce during each of your turns, you may cast a spell from your hand or the top of your library without paying its mana cost."
Beacon of Unrest,5.0,['B'],['B'],None,['Sorcery'],None,Rare,PRM,None,None,None,Put target artifact or creature card from a graveyard onto the battlefield under your control. Shuffle Beacon of Unrest into its owner's library.
Wreck Hunter,2.0,['B'],['B'],None,['Creature'],"['Human', 'Artificer']",Rare,PRM,2,2,None,"Flash\nWhen Wreck Hunter enters the battlefield, choose target player. You create a tapped Powerstone token for each nonland card in that player's graveyard that was put there from the battlefield this turn. (It's an artifact with ""{T}: Add {C}. This mana can't be spent to cast a nonartifact spell."")"
Forest,0.0,None,['G'],['Basic'],['Land'],['Forest'],Common,PRM,None,None,None,({T}: Add {G}.)
Reins of Power,4.0,['U'],['U'],None,['Instant'],None,Rare,PRM,None,None,None,Untap all creatures you control and all creatures target opponent controls. You and that opponent each gain control of all creatures the other controls until end of turn. Those creatures gain haste until end of turn.
"Ashnod, Flesh Mechanist",1.0,['B'],['B'],['Legendary'],['Creature'],"['Human', 'Artificer']",Rare,PRM,1,1,None,"Deathtouch\nWhenever Ashnod, Flesh Mechanist attacks, you may sacrifice another creature. If you do, create a tapped Powerstone token.\n{5}, Exile a creature card from your graveyard: Create a tapped 3/3 colorless Zombie artifact creature token."
Swamp,0.0,None,['B'],['Basic'],['Land'],['Swamp'],Common,PRM,None,None,None,({T}: Add {B}.)
Wave of Reckoning,5.0,['W'],['W'],None,['Sorcery'],None,Rare,PRM,None,None,None,Each creature deals damage to itself equal to its power.
Plains,0.0,None,['W'],['Basic'],['Land'],['Plains'],Common,PRM,None,None,None,({T}: Add {W}.)
Chain of Vapor,1.0,['U'],['U'],None,['Instant'],None,Uncommon,PRM,None,None,None,"Return target nonland permanent to its owner's hand. Then that permanent's controller may sacrifice a land. If the player does, they may copy this spell and may choose a new target for that copy."
"Braids, Arisen Nightmare",3.0,['B'],['B'],['Legendary'],['Creature'],['Nightmare'],Rare,PRM,3,3,None,"At the beginning of your end step, you may sacrifice an artifact, creature, enchantment, land, or planeswalker. If you do, each opponent may sacrifice a permanent that shares a card type with it. For each opponent who doesn't, that player loses 2 life and you draw a card."
Swamp,0.0,None,['B'],['Basic'],['Land'],['Swamp'],Common,PRM,None,None,None,({T}: Add {B}.)
"Nissa, Voice of Zendikar",3.0,['G'],['G'],['Legendary'],['Planeswalker'],['Nissa'],Mythic,PRM,None,None,3,"[+1]: Create a 0/1 green Plant creature token.\n[−2]: Put a +1/+1 counter on each creature you control.\n[−7]: You gain X life and draw X cards, where X is the number of lands you control."
Wire Surgeons,6.0,['B'],['B'],None,['Creature'],"['Human', 'Artificer']",Rare,PRM,6,5,None,"Fear (This creature can't be blocked except by artifact creatures and/or black creatures.)\nEach artifact creature card in your graveyard has encore. Its encore cost is equal to its mana cost. (Exile it and pay its mana cost: For each opponent, create a token copy that attacks that opponent this turn if able. They gain haste. Sacrifice them at the beginning of the next end step. Activate only as a sorcery.)"
Forest,0.0,None,['G'],['Basic'],['Land'],['Forest'],Common,PRM,None,None,None,({T}: Add {G}.)
Misery's Shadow,2.0,['B'],['B'],None,['Creature'],['Shade'],Rare,PRM,2,2,None,"If a creature an opponent controls would die, exile it instead.\n{1}: Misery's Shadow gets +1/+1 until end of turn."
Island,0.0,None,['U'],['Basic'],['Land'],['Island'],Common,PRM,None,None,None,({T}: Add {U}.)
Ob Nixilis Reignited,5.0,['B'],['B'],['Legendary'],['Planeswalker'],['Nixilis'],Mythic,PRM,None,None,5,"[+1]: You draw a card and you lose 1 life.\n[−3]: Destroy target creature.\n[−8]: Target opponent gets an emblem with ""Whenever a player draws a card, you lose 2 life."""
Island,0.0,None,['U'],['Basic'],['Land'],['Island'],Common,PRM,None,None,None,({T}: Add {U}.)
Abu Ja'far,1.0,['W'],['W'],None,['Creature'],['Human'],Uncommon,PRM,0,1,None,"When Abu Ja'far dies, destroy all creatures blocking or blocked by it. They can't be regenerated."
Transmogrant's Crown,2.0,None,['B'],None,['Artifact'],['Equipment'],Rare,PRM,None,None,None,"Equipped creature gets +2/+0.\nWhenever equipped creature dies, draw a card.\nEquip {2} or {B}"
Damnation,4.0,['B'],['B'],None,['Sorcery'],None,Rare,PRM,None,None,None,Destroy all creatures. They can't be regenerated.
Abbot of Keral Keep,2.0,['R'],['R'],None,['Creature'],"['Human', 'Monk']",Rare,PRM,2,1,None,"Prowess (Whenever you cast a noncreature spell, this creature gets +1/+1 until end of turn.)\nWhen Abbot of Keral Keep enters the battlefield, exile the top card of your library. Until end of turn, you may play that card."
Diabolic Intent,2.0,['B'],['B'],None,['Sorcery'],None,Rare,PRM,None,None,None,"As an additional cost to cast this spell, sacrifice a creature.\nSearch your library for a card, put that card into your hand, then shuffle."
Mountain,0.0,None,['R'],['Basic'],['Land'],['Mountain'],Common,PRM,None,None,None,({T}: Add {R}.)
"Azusa, Lost but Seeking",3.0,['G'],['G'],['Legendary'],['Creature'],"['Human', 'Monk']",Rare,PRM,1,2,None,You may play two additional lands on each of your turns.
Gix's Command,5.0,['B'],['B'],None,['Sorcery'],None,Rare,PRM,None,None,None,Choose two —\n• Put two +1/+1 counters on up to one creature. It gains lifelink until end of turn.\n• Destroy each creature with power 2 or less.\n• Return up to two creature cards from your graveyard to your hand.\n• Each opponent sacrifices a creature with the highest power among creatures they control.
Mountain,0.0,None,['R'],['Basic'],['Land'],['Mountain'],Common,PRM,None,None,None,({T}: Add {R}.)
Burgeoning,1.0,['G'],['G'],None,['Enchantment'],None,Rare,PRM,None,None,None,"Whenever an opponent plays a land, you may put a land card from your hand onto the battlefield."
Terisiare's Devastation,4.0,['B'],['B'],None,['Sorcery'],None,Rare,PRM,None,None,None,"You lose X life and create X tapped Powerstone tokens. Then all creatures get -1/-1 until end of turn for each artifact you control. (The tokens are artifacts with ""{T}: Add {C}. This mana can't be spent to cast a nonartifact spell."")"
Mountain,0.0,None,['R'],['Basic'],['Land'],['Mountain'],Common,PRM,None,None,None,({T}: Add {R}.)
Exquisite Firecraft,3.0,['R'],['R'],None,['Sorcery'],None,Rare,PRM,None,None,None,"Exquisite Firecraft deals 4 damage to any target.\nSpell mastery — If there are two or more instant and/or sorcery cards in your graveyard, this spell can't be countered."
Hostile Negotiations,4.0,['B'],['B'],None,['Instant'],None,Rare,PRM,None,None,None,"Exile the top three cards of your library in a face-down pile, then exile the top three cards of your library in another face-down pile. Look at the cards in each pile, then turn a pile of your choice face up. An opponent chooses one of those piles. Put all cards in the chosen pile into your hand and the rest into your graveyard. You lose 3 life."
Imperious Perfect,3.0,['G'],['G'],None,['Creature'],"['Elf', 'Warrior']",Uncommon,PRM,2,2,None,"Other Elves you control get +1/+1.\n{G}, {T}: Create a 1/1 green Elf Warrior creature token."
Stoneforge Mystic,2.0,['W'],['W'],None,['Creature'],"['Kor', 'Artificer']",Rare,PRM,1,2,None,"When Stoneforge Mystic enters the battlefield, you may search your library for an Equipment card, reveal it, put it into your hand, then shuffle.\n{1}{W}, {T}: You may put an Equipment card from your hand onto the battlefield."
Silkwrap,2.0,['W'],['W'],None,['Enchantment'],None,Uncommon,PRM,None,None,None,"When Silkwrap enters the battlefield, exile target creature with mana value 3 or less an opponent controls until Silkwrap leaves the battlefield. (That creature returns under its owner's control.)"
Fateful Handoff,4.0,['B'],['B'],None,['Sorcery'],None,Rare,PRM,None,None,None,Draw cards equal to the mana value of target artifact or creature you control. An opponent gains control of that permanent.
Forest,0.0,None,['G'],['Basic'],['Land'],['Forest'],Common,PRM,None,None,None,({T}: Add {G}.)
Stone Haven Outfitter,2.0,['W'],['W'],None,['Creature'],"['Kor', 'Artificer', 'Ally']",Rare,PRM,2,2,None,"Equipped creatures you control get +1/+1.\nWhenever an equipped creature you control dies, draw a card."
Painful Quandary,5.0,['B'],['B'],None,['Enchantment'],None,Rare,PRM,None,None,None,"Whenever an opponent casts a spell, that player loses 5 life unless they discard a card."
Fork,2.0,['R'],['R'],None,['Instant'],None,Rare,PRM,None,None,None,"Copy target instant or sorcery spell, except that the copy is red. You may choose new targets for the copy."
"Kozilek, the Great Distortion",10.0,None,None,['Legendary'],['Creature'],['Eldrazi'],Mythic,PRM,12,12,None,"When you cast this spell, if you have fewer than seven cards in hand, draw cards equal to the difference.\nMenace\nDiscard a card with mana value X: Counter target spell with mana value X."
Razorlash Transmogrant,2.0,None,['B'],None,"['Artifact', 'Creature']",['Zombie'],Rare,PRM,3,1,None,Razorlash Transmogrant can't block.\n{4}{B}{B}: Return Razorlash Transmogrant from your graveyard to the battlefield with a +1/+1 counter on it. This ability costs {4} less to activate if an opponent controls four or more nonbasic lands.
Thunder Spirit,3.0,['W'],['W'],None,['Creature'],"['Elemental', 'Spirit']",Uncommon,PRM,2,2,None,"Flying, first strike"
Consume the Meek,5.0,['B'],['B'],None,['Instant'],None,Rare,PRM,None,None,None,Destroy each creature with mana value 3 or less. They can't be regenerated.
"Gix, Yawgmoth Praetor",3.0,['B'],['B'],['Legendary'],['Creature'],"['Phyrexian', 'Praetor']",Mythic,PRM,3,3,None,"Whenever a creature deals combat damage to one of your opponents, its controller may pay 1 life. If they do, they draw a card.\n{4}{B}{B}{B}, Discard X cards: Exile the top X cards of target opponent's library. You may play lands and cast spells from among cards exiled this way without paying their mana costs."
Plains,0.0,None,['W'],['Basic'],['Land'],['Plains'],Common,PRM,None,None,None,({T}: Add {W}.)
Phyrexian Fleshgorger,7.0,None,['B'],None,"['Artifact', 'Creature']","['Phyrexian', 'Wurm']",Mythic,PRM,7,5,None,"Prototype {1}{B}{B} — 3/3 (You may cast this spell with different mana cost, color, and size. It keeps its abilities and types.)\nMenace, lifelink\nWard—Pay life equal to Phyrexian Fleshgorger's power."
Swamp,0.0,None,['B'],['Basic'],['Land'],['Swamp'],Common,PRM,None,None,None,({T}: Add {B}.)
Elvish Pioneer,1.0,['G'],['G'],None,['Creature'],"['Elf', 'Druid']",Common,PRM,1,1,None,"When Elvish Pioneer enters the battlefield, you may put a basic land card from your hand onto the battlefield tapped."
"Feldon, Ronom Excavator",2.0,['R'],['R'],['Legendary'],['Creature'],"['Human', 'Artificer']",Rare,PRM,2,2,None,"Haste\nFeldon, Ronom Excavator can't block.\nWhenever Feldon is dealt damage, exile that many cards from the top of your library. Choose one of them. Until the end of your next turn, you may play that card."
Plains,0.0,None,['W'],['Basic'],['Land'],['Plains'],Common,PRM,None,None,None,({T}: Add {W}.)
Primal Command,5.0,['G'],['G'],None,['Sorcery'],None,Rare,PRM,None,None,None,"Choose two —\n• Target player gains 7 life.\n• Put target noncreature permanent on top of its owner's library.\n• Target player shuffles their graveyard into their library.\n• Search your library for a creature card, reveal it, put it into your hand, then shuffle."
Swamp,0.0,None,['B'],['Basic'],['Land'],['Swamp'],Common,PRM,None,None,None,({T}: Add {B}.)
"Farid, Enterprising Salvager",3.0,['R'],['R'],['Legendary'],['Creature'],"['Human', 'Soldier']",Rare,PRM,3,3,None,"Whenever a nontoken artifact you control is put into a graveyard from the battlefield, create a colorless artifact token named Scrap.\n{1}{R}, Sacrifice an artifact: Choose one —\n• Put a +1/+1 counter on Farid. It gains menace until end of turn.\n• Goad target creature.\n• Discard a card, then draw a card."
Zuran Orb,0.0,None,None,None,['Artifact'],None,Uncommon,PRM,None,None,None,Sacrifice a land: You gain 2 life.
Exclude,3.0,['U'],['U'],None,['Instant'],None,Common,PRM,None,None,None,Counter target creature spell.\nDraw a card.
Sardian Avenger,2.0,['R'],['R'],None,['Creature'],"['Goblin', 'Warrior']",Rare,PRM,1,1,None,"First strike, trample\nWhenever Sardian Avenger attacks, it gets +X/+0 until end of turn, where X is the number of artifacts your opponents control.\nWhenever an artifact an opponent controls is put into a graveyard from the battlefield, Sardian Avenger deals 1 damage to that player."
Reflecting Pool,0.0,None,None,None,['Land'],None,Rare,PRM,None,None,None,{T}: Add one mana of any type that a land you control could produce.
Gixian Puppeteer,4.0,['B'],['B'],None,['Creature'],"['Phyrexian', 'Warlock']",Rare,PRM,4,3,None,"Whenever you draw your second card each turn, each opponent loses 2 life and you gain 2 life.\nWhen Gixian Puppeteer dies, return another target creature card with mana value 3 or less from your graveyard to the battlefield."
Incinerate,2.0,['R'],['R'],None,['Instant'],None,Common,PRM,None,None,None,Incinerate deals 3 damage to any target. A creature dealt damage this way can't be regenerated this turn.
Blast-Furnace Hellkite,9.0,['R'],['R'],None,['Creature'],['Dragon'],Rare,PRM,5,5,None,"Artifact offering (You may cast this spell as though it had flash by sacrificing an artifact and paying the difference in mana costs between this and the sacrificed artifact. Mana cost includes color.)\nFlying, double strike\nCreatures attacking your opponents have double strike."
Tyrant of Kher Ridges,6.0,['R'],['R'],None,['Creature'],['Dragon'],Rare,PRM,4,5,None,"Flying\nWhen Tyrant of Kher Ridges enters the battlefield, it deals 4 damage to any target.\n{R}: Tyrant of Kher Ridges gets +1/+0 until end of turn."
Decree of Justice,4.0,['W'],['W'],None,['Sorcery'],None,Rare,PRM,None,None,None,"Create X 4/4 white Angel creature tokens with flying.\nCycling {2}{W} ({2}{W}, Discard this card: Draw a card.)\nWhen you cycle Decree of Justice, you may pay {X}. If you do, create X 1/1 white Soldier creature tokens."
Two-Headed Giant of Foriys,5.0,['R'],['R'],None,['Creature'],['Giant'],Rare,PRM,4,4,None,Trample\nTwo-Headed Giant of Foriys can block an additional creature each combat.
Contagion,5.0,['B'],['B'],None,['Instant'],None,Rare,PRM,None,None,None,You may pay 1 life and exile a black card from your hand rather than pay this spell's mana cost.\nDistribute two -2/-1 counters among one or two target creatures.
Mechanized Warfare,3.0,['R'],['R'],None,['Enchantment'],None,Rare,PRM,None,None,None,"If a red or artifact source you control would deal damage to an opponent or a permanent an opponent controls, it deals that much damage plus 1 instead."
Hazezon Tamar,7.0,"['G', 'R', 'W']","['G', 'R', 'W']",['Legendary'],['Creature'],"['Human', 'Warrior']",Rare,PRM,2,4,None,"When Hazezon Tamar enters the battlefield, create X 1/1 Sand Warrior creature tokens that are red, green, and white at the beginning of your next upkeep, where X is the number of lands you control at that time.\nWhen Hazezon leaves the battlefield, exile all Sand Warriors."
Tinder Wall,1.0,['G'],"['G', 'R']",None,['Creature'],"['Plant', 'Wall']",Common,PRM,0,3,None,"Defender (This creature can't attack.)\nSacrifice Tinder Wall: Add {R}{R}.\n{R}, Sacrifice Tinder Wall: It deals 2 damage to target creature it's blocking."
Brotherhood's End,3.0,['R'],['R'],None,['Sorcery'],None,Rare,PRM,None,None,None,Choose one —\n• Brotherhood's End deals 3 damage to each creature and each planeswalker.\n• Destroy all artifacts with mana value 3 or less.
Forked Lightning,4.0,['R'],['R'],None,['Sorcery'],None,Uncommon,PRM,None,None,None,"Forked Lightning deals 4 damage divided as you choose among one, two, or three target creatures."
Triumph of Ferocity,3.0,['G'],['G'],None,['Enchantment'],None,Uncommon,PRM,None,None,None,"At the beginning of your upkeep, draw a card if you control the creature with the greatest power or tied for the greatest power."
Visions of Phyrexia,4.0,['R'],['R'],None,['Enchantment'],None,Rare,PRM,None,None,None,"At the beginning of your upkeep, exile the top card of your library. You may play that card this turn.\nAt the beginning of your end step, if you didn't play a card from exile this turn, create a tapped Powerstone token. (It's an artifact with ""{T}: Add {C}. This mana can't be spent to cast a nonartifact spell."")"
Braingeyser,2.0,['U'],['U'],None,['Sorcery'],None,Rare,PRM,None,None,None,Target player draws X cards.
Mishra's Command,1.0,['R'],['R'],None,['Sorcery'],None,Rare,PRM,None,None,None,Choose two —\n• Choose target player. They may discard up to X cards. Then they draw a card for each card discarded this way.\n• This spell deals X damage to target creature.\n• This spell deals X damage to target planeswalker.\n• Target creature gets +X/+0 and gains haste until end of turn.
Ifh-Bíff Efreet,4.0,['G'],['G'],None,['Creature'],['Efreet'],Rare,PRM,3,3,None,Flying\n{G}: Ifh-Bíff Efreet deals 1 damage to each creature with flying and each player. Any player may activate this ability.
Blasting Station,3.0,None,None,None,['Artifact'],None,Uncommon,PRM,None,None,None,"{T}, Sacrifice a creature: Blasting Station deals 1 damage to any target.\nWhenever a creature enters the battlefield, you may untap Blasting Station."
Over the Top,7.0,['R'],['R'],None,['Sorcery'],None,Rare,PRM,None,None,None,"Each player reveals a number of cards from the top of their library equal to the number of nonland permanents they control, puts all permanent cards they revealed this way onto the battlefield, and puts the rest into their graveyard."
Soul of Theros,6.0,['W'],['W'],None,['Creature'],['Avatar'],Mythic,PRM,6,6,None,"Vigilance\n{4}{W}{W}: Creatures you control get +2/+2 and gain first strike and lifelink until end of turn.\n{4}{W}{W}, Exile Soul of Theros from your graveyard: Creatures you control get +2/+2 and gain first strike and lifelink until end of turn."
Skitterbeam Battalion,9.0,None,['R'],None,"['Artifact', 'Creature']",['Construct'],Mythic,PRM,4,4,None,"Prototype {3}{R}{R} — 2/2 (You may cast this spell with different mana cost, color, and size. It keeps its abilities and types.)\nTrample, haste\nWhen Skitterbeam Battalion enters the battlefield, if you cast it, create two tokens that are copies of it."
Plains,0.0,None,['W'],['Basic'],['Land'],['Plains'],Common,PRM,None,None,None,({T}: Add {W}.)
Draconic Destiny,3.0,['R'],['R'],None,['Enchantment'],['Aura'],Mythic,PRM,None,None,None,"Enchant creature\nEnchanted creature gets +1/+1 and has flying, haste, and ""{1}: This creature gets +1/+0 until end of turn."" It's a Dragon in addition to its other types.\nWhen enchanted creature dies, return Draconic Destiny to its owner's hand."
Wee Dragonauts,3.0,"['R', 'U']","['R', 'U']",None,['Creature'],"['Faerie', 'Wizard']",Common,PRM,1,3,None,"Flying\nWhenever you cast an instant or sorcery spell, Wee Dragonauts gets +2/+0 until end of turn."
Sterling Grove,2.0,"['G', 'W']","['G', 'W']",None,['Enchantment'],None,Uncommon,PRM,None,None,None,"Other enchantments you control have shroud. (They can't be the targets of spells or abilities.)\n{1}, Sacrifice Sterling Grove: Search your library for an enchantment card, reveal it, then shuffle and put that card on top."
Teething Wurmlet,1.0,['G'],['G'],None,['Creature'],['Wurm'],Rare,PRM,1,1,None,"Teething Wurmlet has deathtouch as long as you control three or more artifacts.\nWhenever an artifact enters the battlefield under your control, you gain 1 life. If this is the first time this ability has resolved this turn, put a +1/+1 counter on Teething Wurmlet."
Rout,5.0,['W'],['W'],None,['Sorcery'],None,Rare,PRM,None,None,None,You may cast Rout as though it had flash if you pay {2} more to cast it. (You may cast it any time you could cast an instant.)\nDestroy all creatures. They can't be regenerated.
Fauna Shaman,2.0,['G'],['G'],None,['Creature'],"['Elf', 'Shaman']",Rare,PRM,2,2,None,"{G}, {T}, Discard a creature card: Search your library for a creature card, reveal it, put it into your hand, then shuffle."
Whirling Dervish,2.0,['G'],['G'],None,['Creature'],"['Human', 'Monk']",Uncommon,PRM,1,1,None,"Protection from black\nAt the beginning of each end step, if Whirling Dervish dealt damage to an opponent this turn, put a +1/+1 counter on it."
Exploration,1.0,['G'],['G'],None,['Enchantment'],None,Rare,PRM,None,None,None,You may play an additional land on each of your turns.
"Gwenna, Eyes of Gaea",3.0,['G'],['G'],['Legendary'],['Creature'],"['Elf', 'Druid', 'Scout']",Rare,PRM,2,3,None,"{T}: Add two mana in any combination of colors. Spend this mana only to cast creature spells or activate abilities of a creature or creature card.\nWhenever you cast a creature spell with power 5 or greater, put a +1/+1 counter on Gwenna, Eyes of Gaea and untap it."
Soltari Priest,2.0,['W'],['W'],None,['Creature'],"['Soltari', 'Cleric']",Uncommon,PRM,2,1,None,Protection from red\nShadow (This creature can block or be blocked by only creatures with shadow.)
Misdirection,5.0,['U'],['U'],None,['Instant'],None,Rare,PRM,None,None,None,You may exile a blue card from your hand rather than pay this spell's mana cost.\nChange the target of target spell with a single target.
Simian Simulacrum,3.0,None,['G'],None,"['Artifact', 'Creature']",['Ape'],Rare,PRM,2,1,None,"When Simian Simulacrum enters the battlefield, put two +1/+1 counters on target creature you control.\nUnearth {2}{G}{G} ({2}{G}{G}: Return this card from your graveyard to the battlefield. It gains haste. Exile it at the beginning of the next end step or if it would leave the battlefield. Unearth only as a sorcery.)"
Decimate,4.0,"['G', 'R']","['G', 'R']",None,['Sorcery'],None,Rare,PRM,None,None,None,"Destroy target artifact, target creature, target enchantment, and target land. (You can't cast this spell unless you have legal choices for all its targets.)"
Fade from History,4.0,['G'],['G'],None,['Sorcery'],None,Rare,PRM,None,None,None,Each player who controls an artifact or enchantment creates a 2/2 green Bear creature token. Then destroy all artifacts and enchantments.
Headless Horseman,3.0,['B'],['B'],None,['Creature'],"['Zombie', 'Knight']",Common,PRM,2,2,None,None
Fire-Lit Thicket,0.0,None,"['G', 'R']",None,['Land'],None,Rare,PRM,None,None,None,"{T}: Add {C}.\n{R/G}, {T}: Add {R}{R}, {R}{G}, or {G}{G}."
Perennial Behemoth,5.0,None,['G'],None,"['Artifact', 'Creature']",['Beast'],Rare,PRM,2,7,None,You may play lands from your graveyard.\nUnearth {G}{G} ({G}{G}: Return this card from your graveyard to the battlefield. It gains haste. Exile it at the beginning of the next end step or if it would leave the battlefield. Unearth only as a sorcery.)
Aisling Leprechaun,1.0,['G'],['G'],None,['Creature'],['Faerie'],Common,PRM,1,1,None,"Whenever Aisling Leprechaun blocks or becomes blocked by a creature, that creature becomes green. (This effect lasts indefinitely.)"
"Kasmina, Enigmatic Mentor",4.0,['U'],['U'],['Legendary'],['Planeswalker'],['Kasmina'],Uncommon,PRM,None,None,5,"Spells your opponents cast that target a creature or planeswalker you control cost {2} more to cast.\n[−2]: Create a 2/2 blue Wizard creature token. Draw a card, then discard a card."
Titania's Command,6.0,['G'],['G'],None,['Sorcery'],None,Rare,PRM,None,None,None,"Choose two —\n• Exile target player's graveyard. You gain 1 life for each card exiled this way.\n• Search your library for up to two land cards, put them onto the battlefield tapped, then shuffle.\n• Create two 2/2 green Bear creature tokens.\n• Put two +1/+1 counters on each creature you control."
Wrath of God,4.0,['W'],['W'],None,['Sorcery'],None,Rare,PRM,None,None,None,Destroy all creatures. They can't be regenerated.
Twilight Mire,0.0,None,"['B', 'G']",None,['Land'],None,Rare,PRM,None,None,None,"{T}: Add {C}.\n{B/G}, {T}: Add {B}{B}, {B}{G}, or {G}{G}."
Rootpath Purifier,4.0,['G'],['G'],None,['Creature'],"['Elf', 'Druid']",Mythic,PRM,3,4,None,Lands you control and land cards in your library are basic.
"Kongming, ""Sleeping Dragon""",4.0,['W'],['W'],['Legendary'],['Creature'],"['Human', 'Advisor']",Rare,PRM,2,2,None,Other creatures you control get +1/+1.
Aether Storm,4.0,['U'],['U'],None,['Enchantment'],None,Uncommon,PRM,None,None,None,Creature spells can't be cast.\nPay 4 life: Destroy Aether Storm. It can't be regenerated. Any player may activate this ability.
Rootwire Amalgam,5.0,None,['G'],None,"['Artifact', 'Creature']",['Golem'],Mythic,PRM,5,5,None,"Prototype {1}{G} — 2/3 (You may cast this spell with different mana cost, color, and size. It keeps its abilities and types.)\n{3}{G}{G}, Sacrifice Rootwire Amalgam: Create an X/X colorless Golem artifact creature token, where X is three times Rootwire Amalgam's power. It gains haste until end of turn. Activate only as a sorcery."
Recollect,3.0,['G'],['G'],None,['Sorcery'],None,Uncommon,PRM,None,None,None,Return target card from your graveyard to your hand.
Scavenging Ooze,2.0,['G'],['G'],None,['Creature'],['Ooze'],Rare,PRM,2,2,None,"{G}: Exile target card from a graveyard. If it was a creature card, put a +1/+1 counter on Scavenging Ooze and you gain 1 life."
"Titania, Nature's Force",6.0,['G'],['G'],['Legendary'],['Creature'],['Elemental'],Mythic,PRM,6,6,None,"You may play Forests from your graveyard.\nWhenever a Forest enters the battlefield under your control, create a 5/3 green Elemental creature token.\nWhenever an Elemental you control dies, you may mill three cards."
Mortify,3.0,"['B', 'W']","['B', 'W']",None,['Instant'],None,Uncommon,PRM,None,None,None,Destroy target creature or enchantment.
Hoodwink,2.0,['U'],['U'],None,['Instant'],None,Common,PRM,None,None,None,"Return target artifact, enchantment, or land to its owner's hand."
Awaken the Woods,2.0,['G'],['G'],None,['Sorcery'],None,Mythic,PRM,None,None,None,Create X 1/1 green Forest Dryad land creature tokens. (They're affected by summoning sickness.)
Vampire Nocturnus,4.0,['B'],['B'],None,['Creature'],['Vampire'],Mythic,PRM,3,3,None,"Play with the top card of your library revealed.\nAs long as the top card of your library is black, Vampire Nocturnus and other Vampire creatures you control get +2/+1 and have flying."
Epic Struggle,4.0,['G'],['G'],None,['Enchantment'],None,Rare,PRM,None,None,None,"At the beginning of your upkeep, if you control twenty or more creatures, you win the game."
"Harbin, Vanguard Aviator",2.0,"['U', 'W']","['U', 'W']",['Legendary'],['Creature'],"['Human', 'Soldier']",Rare,PRM,3,2,None,"Flying\nWhenever you attack with five or more Soldiers, creatures you control get +1/+1 and gain flying until end of turn."
Icy Manipulator,4.0,None,None,None,['Artifact'],None,Uncommon,PRM,None,None,None,"{1}, {T}: Tap target artifact, creature, or land."
Chittering Rats,3.0,['B'],['B'],None,['Creature'],['Rat'],Common,PRM,2,2,None,"When Chittering Rats enters the battlefield, target opponent puts a card from their hand on top of their library."
"Urza, Prince of Kroog",4.0,"['U', 'W']","['U', 'W']",['Legendary'],['Creature'],"['Human', 'Artificer']",Rare,PRM,2,3,None,"Artifact creatures you control get +2/+2.\n{6}: Create a token that's a copy of target artifact you control, except it's a 1/1 Soldier creature in addition to its other types."
Kird Ape,1.0,['R'],['R'],None,['Creature'],['Ape'],Uncommon,PRM,1,1,None,Kird Ape gets +1/+2 as long as you control a Forest.
"Tibalt, Rakish Instigator",3.0,['R'],['R'],['Legendary'],['Planeswalker'],['Tibalt'],Uncommon,PRM,None,None,5,"Your opponents can't gain life.\n[−2]: Create a 1/1 red Devil creature token with ""When this creature dies, it deals 1 damage to any target."""
"Mishra, Tamer of Mak Fawa",5.0,"['B', 'R']","['B', 'R']",['Legendary'],['Creature'],"['Human', 'Artificer']",Rare,PRM,4,4,None,"Permanents you control have ""Ward—Sacrifice a permanent.""\nEach artifact card in your graveyard has unearth {1}{B}{R}. ({1}{B}{R}: Return the card from your graveyard to the battlefield. It gains haste. Exile it at the beginning of the next end step or if it would leave the battlefield. Unearth only as a sorcery.)"
Ant Queen,5.0,['G'],['G'],None,['Creature'],['Insect'],Rare,PRM,5,5,None,{1}{G}: Create a 1/1 green Insect creature token.
The Archimandrite,5.0,"['R', 'U', 'W']","['R', 'U', 'W']",['Legendary'],['Creature'],"['Human', 'Advisor']",Rare,PRM,0,5,None,"At the beginning of your upkeep, you gain X life, where X is the number of cards in your hand minus 4.\nWhenever you gain life, each Advisor, Artificer, and Monk you control gains vigilance and gets +X/+0 until end of turn, where X is the amount of life you gained.\nTap three untapped Advisors, Artificers, and/or Monks you control: Draw a card."
Swords to Plowshares,1.0,['W'],['W'],None,['Instant'],None,Uncommon,PRM,None,None,None,Exile target creature. Its controller gains life equal to its power.
Snap,2.0,['U'],['U'],None,['Instant'],None,Common,PRM,None,None,None,Return target creature to its owner's hand. Untap up to two lands.
"Hajar, Loyal Bodyguard",2.0,"['G', 'R']","['G', 'R']",['Legendary'],['Creature'],"['Human', 'Soldier']",Rare,PRM,3,3,None,"Sacrifice Hajar, Loyal Bodyguard: Legendary creatures you control get +1/+0 and gain indestructible until end of turn."
Life // Death,3.0,['G'],"['B', 'G']",None,['Sorcery'],None,Uncommon,PRM,None,None,None,All lands you control become 1/1 creatures until end of turn. They're still lands.
Inferno,7.0,['R'],['R'],None,['Instant'],None,Rare,PRM,None,None,None,Inferno deals 6 damage to each creature and each player.
Legions to Ashes,3.0,"['B', 'W']","['B', 'W']",None,['Sorcery'],None,Rare,PRM,None,None,None,Exile target nonland permanent an opponent controls and all tokens that player controls with the same name as that permanent.
Coiling Oracle,2.0,"['G', 'U']","['G', 'U']",None,['Creature'],"['Snake', 'Elf', 'Druid']",Common,PRM,1,1,None,"When Coiling Oracle enters the battlefield, reveal the top card of your library. If it's a land card, put it onto the battlefield. Otherwise, put that card into your hand."
Deathbloom Ritualist,5.0,"['B', 'G']","['B', 'G']",None,['Creature'],"['Elf', 'Warlock']",Rare,PRM,3,5,None,"{T}: Add X mana of any one color, where X is the number of creature cards in your graveyard."
Hinder,3.0,['U'],['U'],None,['Instant'],None,Uncommon,PRM,None,None,None,"Counter target spell. If that spell is countered this way, put that card on the top or bottom of its owner's library instead of into that player's graveyard."
Queen Kayla bin-Kroog,3.0,"['R', 'W']","['R', 'W']",['Legendary'],['Creature'],"['Human', 'Noble']",Rare,PRM,2,3,None,"{4}, {T}: Discard all the cards in your hand, then draw that many cards. You may choose an artifact or creature card with mana value 1 you discarded this way, then do the same for artifact or creature cards with mana values 2 and 3. Return those cards to the battlefield. Activate only as a sorcery."
Zombify,4.0,['B'],['B'],None,['Sorcery'],None,Uncommon,PRM,None,None,None,Return target creature card from your graveyard to the battlefield.
Thran Golem,5.0,None,None,None,"['Artifact', 'Creature']",['Golem'],Uncommon,PRM,3,3,None,"As long as Thran Golem is enchanted, it gets +2/+2 and has flying, first strike, and trample."
Pyroclasm,2.0,['R'],['R'],None,['Sorcery'],None,Uncommon,PRM,None,None,None,Pyroclasm deals 2 damage to each creature.
Scryb Sprites,1.0,['G'],['G'],None,['Creature'],['Faerie'],Common,PRM,1,1,None,Flying
"Tawnos, the Toymaker",5.0,"['G', 'U']","['G', 'U']",['Legendary'],['Creature'],"['Human', 'Artificer']",Rare,PRM,3,5,None,"Whenever you cast a Beast or Bird creature spell, you may copy it, except the copy is an artifact in addition to its other types. (The copy becomes a token.)"
Putrefy,3.0,"['B', 'G']","['B', 'G']",None,['Instant'],None,Uncommon,PRM,None,None,None,Destroy target artifact or creature. It can't be regenerated.
Disintegrate,1.0,['R'],['R'],None,['Sorcery'],None,Uncommon,PRM,None,None,None,"Disintegrate deals X damage to any target. If it's a creature, it can't be regenerated this turn, and if it would die this turn, exile it instead."
"Tocasia, Dig Site Mentor",4.0,"['G', 'U', 'W']","['G', 'U', 'W']",['Legendary'],['Creature'],"['Human', 'Artificer']",Rare,PRM,4,3,None,"Creatures you control have vigilance and ""{T}: Surveil 1."" (To surveil 1, look at the top card of your library. You may put that card into your graveyard.)\n{2}{G}{G}{W}{W}{U}{U}, Exile Tocasia, Dig Site Mentor from your graveyard: Return any number of target artifact cards with total mana value 10 or less from your graveyard to the battlefield. Activate only as a sorcery."
Reciprocate,1.0,['W'],['W'],None,['Instant'],None,Uncommon,PRM,None,None,None,Exile target creature that dealt damage to you this turn.
"Urza, Chief Artificer",6.0,"['B', 'U', 'W']","['B', 'U', 'W']",['Legendary'],['Creature'],"['Human', 'Artificer']",Mythic,PRM,4,5,None,"Affinity for artifact creatures (This spell costs {1} less to cast for each artifact creature you control.)\nArtifact creatures you control have menace.\nAt the beginning of your end step, create a 0/0 colorless Construct artifact creature token with ""This creature gets +1/+1 for each artifact you control."""
Oxidize,1.0,['G'],['G'],None,['Instant'],None,Uncommon,PRM,None,None,None,Destroy target artifact. It can't be regenerated.
Clay Champion,4.0,None,"['G', 'W']",None,"['Artifact', 'Creature']",['Construct'],Mythic,PRM,2,2,None,"Clay Champion enters the battlefield with three +1/+1 counters on it for each {G}{G} spent to cast it.\nWhen Clay Champion enters the battlefield, choose up to two other target creatures you control. For each {W}{W} spent to cast Clay Champion, put a +1/+1 counter on each of them."
Royal Assassin,3.0,['B'],['B'],None,['Creature'],"['Human', 'Assassin']",Rare,PRM,1,1,None,{T}: Destroy target tapped creature.
Grindstone,1.0,None,None,None,['Artifact'],None,Rare,PRM,None,None,None,"{3}, {T}: Target player mills two cards. If two cards that share a color were milled this way, repeat this process."
Slith Firewalker,2.0,['R'],['R'],None,['Creature'],['Slith'],Uncommon,PRM,1,1,None,"Haste\nWhenever Slith Firewalker deals combat damage to a player, put a +1/+1 counter on it."
Erratic Portal,4.0,None,None,None,['Artifact'],None,Rare,PRM,None,None,None,"{1}, {T}: Return target creature to its owner's hand unless its controller pays {1}."
"Mishra, Eminent One",5.0,"['B', 'R', 'U']","['B', 'R', 'U']",['Legendary'],['Creature'],"['Human', 'Artificer']",Mythic,PRM,5,4,None,"At the beginning of combat on your turn, create a token that's a copy of target noncreature artifact you control, except its name is Mishra's Warform and it's a 4/4 Construct artifact creature in addition to its other types. It gains haste until end of turn. Sacrifice it at the beginning of the next end step."
Wing Shards,3.0,['W'],['W'],None,['Instant'],None,Uncommon,PRM,None,None,None,"Target player sacrifices an attacking creature.\nStorm (When you cast this spell, copy it for each spell cast before it this turn. You may choose new targets for the copies.)"
Wild Pair,6.0,['G'],['G'],None,['Enchantment'],None,Rare,PRM,None,None,None,"Whenever a creature enters the battlefield, if you cast it from your hand, you may search your library for a creature card with the same total power and toughness, put it onto the battlefield, then shuffle."
Wonder,4.0,['U'],['U'],None,['Creature'],['Incarnation'],Uncommon,PRM,2,2,None,"Flying\nAs long as Wonder is in your graveyard and you control an Island, creatures you control have flying."
Rupture,3.0,['R'],['R'],None,['Sorcery'],None,Uncommon,PRM,None,None,None,Sacrifice a creature. Rupture deals damage equal to that creature's power to each creature without flying and each player.
Ashnod the Uncaring,5.0,"['B', 'R', 'U']","['B', 'R', 'U']",['Legendary'],['Creature'],"['Human', 'Artificer']",Mythic,PRM,1,4,None,"Deathtouch\nWhenever you activate an ability of an artifact or creature that isn't a mana ability, if one or more permanents were sacrificed to activate it, you may copy that ability. You may choose new targets for the copy. (Sacrificing an artifact for mana to activate an ability doesn't count.)"
Lightning Rift,2.0,['R'],['R'],None,['Enchantment'],None,Uncommon,PRM,None,None,None,"Whenever a player cycles a card, you may pay {1}. If you do, Lightning Rift deals 2 damage to any target."
Lowland Oaf,4.0,['R'],['R'],None,['Creature'],"['Giant', 'Warrior']",Common,PRM,3,3,None,{T}: Target Goblin creature you control gets +1/+0 and gains flying until end of turn. Sacrifice that creature at the beginning of the next end step.
Basking Rootwalla,1.0,['G'],['G'],None,['Creature'],['Lizard'],Common,PRM,1,1,None,"{1}{G}: Basking Rootwalla gets +2/+2 until end of turn. Activate only once each turn.\nMadness {0} (If you discard this card, discard it into exile. When you do, cast it for its madness cost or put it into your graveyard.)"
Bladecoil Serpent,6.0,None,"['B', 'R', 'U']",None,"['Artifact', 'Creature']",['Serpent'],Mythic,PRM,5,4,None,"When Bladecoil Serpent enters the battlefield, for each {U}{U} spent to cast it, draw a card.\nWhen Bladecoil Serpent enters the battlefield, for each {B}{B} spent to cast it, each opponent discards a card.\nWhen Bladecoil Serpent enters the battlefield, for each {R}{R} spent to cast it, it gets +1/+0 and gains trample and haste until end of turn."
Deep Analysis,4.0,['U'],['U'],None,['Sorcery'],None,Common,PRM,None,None,None,"Target player draws two cards.\nFlashback—{1}{U}, Pay 3 life. (You may cast this card from your graveyard for its flashback cost. Then exile it.)"
Wheel and Deal,4.0,['U'],['U'],None,['Instant'],None,Rare,PRM,None,None,None,"Any number of target opponents each discard their hands, then draw seven cards.\nDraw a card."
Sarinth Greatwurm,6.0,"['G', 'R']","['G', 'R']",None,['Creature'],['Wurm'],Mythic,PRM,7,6,None,"Trample\nWhenever a land enters the battlefield, create a tapped Powerstone token. (It's an artifact with ""{T}: Add {C}. This mana can't be spent to cast a nonartifact spell."")"
Desert,0.0,None,None,None,['Land'],['Desert'],Rare,PRM,None,None,None,{T}: Add {C}.\n{T}: Desert deals 1 damage to target attacking creature. Activate only during the end of combat step.
Forbidden Orchard,0.0,None,None,None,['Land'],None,Rare,PRM,None,None,None,"{T}: Add one mana of any color.\nWhenever you tap Forbidden Orchard for mana, target opponent creates a 1/1 colorless Spirit creature token."
Artificer's Dragon,6.0,None,['R'],None,"['Artifact', 'Creature']",['Dragon'],Rare,PRM,4,4,None,Flying\n{R}: Artifact creatures you control get +1/+0 until end of turn.\nUnearth {3}{R}{R} ({3}{R}{R}: Return this card from your graveyard to the battlefield. It gains haste. Exile it at the beginning of the next end step or if it would leave the battlefield. Unearth only as a sorcery.)
Goblin Legionnaire,2.0,"['R', 'W']","['R', 'W']",None,['Creature'],"['Goblin', 'Soldier']",Common,PRM,2,2,None,"{R}, Sacrifice Goblin Legionnaire: It deals 2 damage to any target.\n{W}, Sacrifice Goblin Legionnaire: Prevent the next 2 damage that would be dealt to any target this turn."
Razorfin Hunter,2.0,"['R', 'U']","['R', 'U']",None,['Creature'],"['Merfolk', 'Goblin']",Common,PRM,1,1,None,{T}: Razorfin Hunter deals 1 damage to any target.
Thopter Shop,3.0,None,['W'],None,['Artifact'],None,Rare,PRM,None,None,None,"Whenever one or more artifact creatures you control die, draw a card. This ability triggers only once each turn.\n{2}{W}, {T}: Create a 1/1 colorless Thopter artifact creature token with flying."
Goblin Ringleader,4.0,['R'],['R'],None,['Creature'],['Goblin'],Uncommon,PRM,2,2,None,"Haste (This creature can attack and {T} as soon as it comes under your control.)\nWhen Goblin Ringleader enters the battlefield, reveal the top four cards of your library. Put all Goblin cards revealed this way into your hand and the rest on the bottom of your library in any order."
Inferno Titan,6.0,['R'],['R'],None,['Creature'],['Giant'],Mythic,PRM,6,6,None,"{R}: Inferno Titan gets +1/+0 until end of turn.\nWhenever Inferno Titan enters the battlefield or attacks, it deals 3 damage divided as you choose among one, two, or three targets."
"Liberator, Urza's Battlethopter",3.0,None,None,['Legendary'],"['Artifact', 'Creature']",['Thopter'],Rare,PRM,1,2,None,"Flash\nFlying\nYou may cast colorless spells and artifact spells as though they had flash.\nWhenever you cast a spell, if the amount of mana spent to cast that spell is greater than Liberator, Urza's Battlethopter's power, put a +1/+1 counter on Liberator."
"Valakut, the Molten Pinnacle",0.0,None,['R'],None,['Land'],None,Rare,PRM,None,None,None,"Valakut, the Molten Pinnacle enters the battlefield tapped.\nWhenever a Mountain enters the battlefield under your control, if you control at least five other Mountains, you may have Valakut, the Molten Pinnacle deal 3 damage to any target.\n{T}: Add {R}."
Grave Titan,6.0,['B'],['B'],None,['Creature'],['Giant'],Mythic,PRM,6,6,None,"Deathtouch\nWhenever Grave Titan enters the battlefield or attacks, create two 2/2 black Zombie creature tokens."
Rampaging Baloths,6.0,['G'],['G'],None,['Creature'],['Beast'],Mythic,PRM,6,6,None,"Trample\nLandfall — Whenever a land enters the battlefield under your control, you may create a 4/4 green Beast creature token."
Terror Ballista,7.0,None,['B'],None,"['Artifact', 'Creature']",['Construct'],Rare,PRM,5,3,None,"Menace\nWhenever Terror Ballista attacks, you may sacrifice another creature. When you do, destroy target creature an opponent controls.\nUnearth {3}{B}{B} ({3}{B}{B}: Return this card from your graveyard to the battlefield. It gains haste. Exile it at the beginning of the next end step or if it would leave the battlefield. Unearth only as a sorcery.)"
Negate,2.0,['U'],['U'],None,['Instant'],None,Common,PRM,None,None,None,Counter target noncreature spell.
Hexavus,6.0,None,None,None,"['Artifact', 'Creature']",['Construct'],Rare,PRM,0,0,None,"Flying\nHexavus enters the battlefield with six +1/+1 counters on it.\n{1}, Remove a +1/+1 counter from Hexavus: Put a flying counter on another target creature.\n{1}, Remove a counter from another creature you control: Put a +1/+1 counter on Hexavus."
Terminate,2.0,"['B', 'R']","['B', 'R']",None,['Instant'],None,Common,PRM,None,None,None,Destroy target creature. It can't be regenerated.
Golgari Signet,2.0,None,"['B', 'G']",None,['Artifact'],None,Uncommon,PRM,None,None,None,"{1}, {T}: Add {B}{G}."
Thran Spider,3.0,None,None,None,"['Artifact', 'Creature']",['Spider'],Rare,PRM,2,4,None,"Reach\nWhen Thran Spider enters the battlefield, you and target opponent each create a tapped Powerstone token.\n{7}: Look at the top four cards of your library. You may reveal an artifact card from among them and put it into your hand. Put the rest on the bottom of your library in a random order."
Blastoderm,4.0,['G'],['G'],None,['Creature'],['Beast'],Common,PRM,5,5,None,"Shroud (This creature can't be the target of spells or abilities.)\nFading 3 (This creature enters the battlefield with three fade counters on it. At the beginning of your upkeep, remove a fade counter from it. If you can't, sacrifice it.)"
Seal of Cleansing,2.0,['W'],['W'],None,['Enchantment'],None,Common,PRM,None,None,None,Sacrifice Seal of Cleansing: Destroy target artifact or enchantment.
Woodcaller Automaton,10.0,None,['G'],None,"['Artifact', 'Creature']",['Construct'],Rare,PRM,8,8,None,"Prototype {2}{G}{G} — 3/3 (You may cast this spell with different mana cost, color, and size. It keeps its abilities and types.)\nWhen Woodcaller Automaton enters the battlefield, if you cast it, untap target land you control. It becomes a Treefolk creature with haste and base power and toughness equal to Woodcaller Automaton's power and toughness. It's still a land."
Remove Soul,2.0,['U'],['U'],None,['Instant'],None,Common,PRM,None,None,None,Counter target creature spell.
Kayla's Music Box,2.0,None,['W'],['Legendary'],['Artifact'],None,Rare,PRM,None,None,None,"{W}, {T}: Look at the top card of your library, then exile it face down. (You may look at it any time.)\n{T}: Until end of turn, you may play cards you own exiled with Kayla's Music Box."
Rampant Growth,2.0,['G'],['G'],None,['Sorcery'],None,Common,PRM,None,None,None,"Search your library for a basic land card, put that card onto the battlefield tapped, then shuffle."
The Stone Brain,2.0,None,None,['Legendary'],['Artifact'],None,Rare,PRM,None,None,None,"{2}, {T}, Exile The Stone Brain: Choose a card name. Search target opponent's graveyard, hand, and library for up to four cards with that name and exile them. That player shuffles, then draws a card for each card exiled from their hand this way. Activate only as a sorcery."
Nameless Inversion,2.0,['B'],['B'],None,"['Tribal', 'Instant']",['Shapeshifter'],Common,PRM,None,None,None,Changeling (This card is every creature type.)\nTarget creature gets +3/-3 and loses all creature types until end of turn.
Izzet Signet,2.0,None,"['R', 'U']",None,['Artifact'],None,Uncommon,PRM,None,None,None,"{1}, {T}: Add {U}{R}."
Blightning,3.0,"['B', 'R']","['B', 'R']",None,['Sorcery'],None,Common,PRM,None,None,None,Blightning deals 3 damage to target player or planeswalker. That player or that planeswalker's controller discards two cards.
The Rack,1.0,None,None,None,['Artifact'],None,Uncommon,PRM,None,None,None,"As The Rack enters the battlefield, choose an opponent.\nAt the beginning of the chosen player's upkeep, The Rack deals X damage to that player, where X is 3 minus the number of cards in their hand."
Scavenged Brawler,6.0,None,None,None,"['Artifact', 'Creature']",['Construct'],Rare,PRM,4,4,None,"Flying, vigilance, trample, lifelink\n{5}, Exile Scavenged Brawler from your graveyard: Choose target creature. Put four +1/+1 counters, a flying counter, a vigilance counter, a trample counter, and a lifelink counter on that creature. Activate only as a sorcery."
Flame Javelin,6.0,['R'],['R'],None,['Instant'],None,Uncommon,PRM,None,None,None,({2/R} can be paid with any two mana or with {R}. This card's mana value is 6.)\nFlame Javelin deals 4 damage to any target.
The Stasis Coffin,3.0,None,None,['Legendary'],['Artifact'],None,Rare,PRM,None,None,None,"{2}, {T}, Exile The Stasis Coffin: You gain protection from everything until your next turn."
Corrupt,6.0,['B'],['B'],None,['Sorcery'],None,Uncommon,PRM,None,None,None,Corrupt deals damage to any target equal to the number of Swamps you control. You gain life equal to the damage dealt this way.
Skyship Weatherlight,4.0,None,None,['Legendary'],['Artifact'],None,Rare,PRM,None,None,None,"When Skyship Weatherlight enters the battlefield, search your library for any number of artifact and/or creature cards, exile them, then shuffle.\n{4}, {T}: Choose a card at random that was exiled with Skyship Weatherlight. Put that card into its owner's hand."
Zodiac Ox,4.0,['G'],['G'],None,['Creature'],['Ox'],Uncommon,PRM,3,3,None,Swampwalk (This creature can't be blocked as long as defending player controls a Swamp.)
Time Spiral,6.0,['U'],['U'],None,['Sorcery'],None,Rare,PRM,None,None,None,"Exile Time Spiral. Each player shuffles their hand and graveyard into their library, then draws seven cards. You untap up to six lands."
Machine God's Effigy,4.0,None,['U'],None,['Artifact'],None,Rare,PRM,None,None,None,"You may have Machine God's Effigy enter the battlefield as a copy of any creature on the battlefield, except it's an artifact and it has ""{T}: Add {U}."" (It's not a creature.)\n{T}: Add {U}."
Rancor,1.0,['G'],['G'],None,['Enchantment'],['Aura'],Common,PRM,None,None,None,"Enchant creature\nEnchanted creature gets +2/+0 and has trample.\nWhen Rancor is put into a graveyard from the battlefield, return Rancor to its owner's hand."
Cultivator of Blades,5.0,['G'],['G'],None,['Creature'],"['Elf', 'Artificer']",Rare,PRM,1,1,None,"Fabricate 2 (When this creature enters the battlefield, put two +1/+1 counters on it or create two 1/1 colorless Servo artifact creature tokens.)\nWhenever Cultivator of Blades attacks, you may have other attacking creatures get +X/+X until end of turn, where X is Cultivator of Blades's power."
Serrated Arrows,4.0,None,None,None,['Artifact'],None,Uncommon,PRM,None,None,None,"Serrated Arrows enters the battlefield with three arrowhead counters on it.\nAt the beginning of your upkeep, if there are no arrowhead counters on Serrated Arrows, sacrifice it.\n{T}, Remove an arrowhead counter from Serrated Arrows: Put a -1/-1 counter on target creature."
Wondrous Crucible,7.0,None,None,None,['Artifact'],None,Rare,PRM,None,None,None,"Permanents you control have ward {2}.\nAt the beginning of your end step, mill two cards, then exile a nonland card at random from your graveyard. Copy it. You may cast the copy without paying its mana cost. (A copy of a permanent spell becomes a token.)"
Ponder,1.0,['U'],['U'],None,['Sorcery'],None,Common,PRM,None,None,None,"Look at the top three cards of your library, then put them back in any order. You may shuffle.\nDraw a card."
Skyship Stalker,4.0,['R'],['R'],None,['Creature'],['Dragon'],Rare,PRM,3,3,None,Flying\n{R}: Skyship Stalker gets +1/+0 until end of turn.\n{R}: Skyship Stalker gains first strike until end of turn.\n{R}: Skyship Stalker gains haste until end of turn.
Wall of Roots,2.0,['G'],['G'],None,['Creature'],"['Plant', 'Wall']",Common,PRM,0,5,None,Defender\nPut a -0/-1 counter on Wall of Roots: Add {G}. Activate only once each turn.
Call the Bloodline,2.0,['B'],['B'],None,['Enchantment'],None,Uncommon,PRM,None,None,None,"{1}, Discard a card: Create a 1/1 black Vampire Knight creature token with lifelink. Activate only once each turn."
Smelting Vat,4.0,None,None,None,['Artifact'],None,Rare,PRM,None,None,None,"{1}, {T}, Sacrifice another artifact: Reveal the top eight cards of your library. Put up to two noncreature artifact cards with total mana value less than or equal to the sacrificed artifact's mana value from among them onto the battlefield and the rest on the bottom of your library in a random order."
Glorious Anthem,3.0,['W'],['W'],None,['Enchantment'],None,Rare,PRM,None,None,None,Creatures you control get +1/+1.
Essence Extraction,3.0,['B'],['B'],None,['Instant'],None,Uncommon,PRM,None,None,None,Essence Extraction deals 3 damage to target creature and you gain 3 life.
Mana Tithe,1.0,['W'],['W'],None,['Instant'],None,Common,PRM,None,None,None,Counter target spell unless its controller pays {1}.
Rise from the Tides,6.0,['U'],['U'],None,['Sorcery'],None,Rare,PRM,None,None,None,Create a tapped 2/2 black Zombie creature token for each instant and sorcery card in your graveyard.
Staff of Titania,2.0,None,None,None,['Artifact'],['Equipment'],Rare,PRM,None,None,None,"Equipped creature gets +X/+X, where X is the number of Forests you control.\nWhenever equipped creature attacks, create a 1/1 green Forest Dryad land creature token. (It's affected by summoning sickness.)\nEquip {3}"
Harmonize,4.0,['G'],['G'],None,['Sorcery'],None,Uncommon,PRM,None,None,None,Draw three cards.
Saheeli's Artistry,6.0,['U'],['U'],None,['Sorcery'],None,Rare,PRM,None,None,None,"Choose one or both —\n• Create a token that's a copy of target artifact.\n• Create a token that's a copy of target creature, except it's an artifact in addition to its other types."
Cityscape Leveler,8.0,None,None,None,"['Artifact', 'Creature']",['Construct'],Mythic,PRM,8,8,None,"Trample\nWhen you cast this spell and whenever Cityscape Leveler attacks, destroy up to one target nonland permanent. Its controller creates a tapped Powerstone token.\nUnearth {8}"
Pendelhaven,0.0,None,['G'],['Legendary'],['Land'],None,Uncommon,PRM,None,None,None,{T}: Add {G}.\n{T}: Target 1/1 creature gets +1/+2 until end of turn.
Grim Monolith,2.0,None,None,None,['Artifact'],None,Rare,PRM,None,None,None,Grim Monolith doesn't untap during your untap step.\n{T}: Add {C}{C}{C}.\n{4}: Untap Grim Monolith.
Portal to Phyrexia,9.0,None,None,None,['Artifact'],None,Mythic,PRM,None,None,None,"When Portal to Phyrexia enters the battlefield, each opponent sacrifices three creatures.\nAt the beginning of your upkeep, put target creature card from a graveyard onto the battlefield under your control. It's a Phyrexian in addition to its other types."
Crumbling Vestige,0.0,None,None,None,['Land'],None,Common,PRM,None,None,None,"Crumbling Vestige enters the battlefield tapped.\nWhen Crumbling Vestige enters the battlefield, add one mana of any color.\n{T}: Add {C}. ({C} represents colorless mana.)"
Zodiac Horse,4.0,['G'],['G'],None,['Creature'],['Horse'],Uncommon,PRM,3,3,None,Islandwalk (This creature can't be blocked as long as defending player controls an Island.)
Heron's Grace Champion,4.0,"['G', 'W']","['G', 'W']",None,['Creature'],"['Human', 'Knight']",Rare,PRM,3,3,None,"Flash\nLifelink\nWhen Heron's Grace Champion enters the battlefield, other Humans you control get +1/+1 and gain lifelink until end of turn."
Mishra's Foundry,0.0,None,None,None,['Land'],None,Rare,PRM,None,None,None,"{T}: Add {C}.\n{2}: Mishra's Foundry becomes a 2/2 Assembly-Worker artifact creature until end of turn. It's still a land.\n{1}, {T}: Target attacking Assembly-Worker gets +2/+2 until end of turn."
Monstrous Hound,4.0,['R'],['R'],None,['Creature'],['Dog'],Rare,PRM,4,4,None,Monstrous Hound can't attack unless you control more lands than defending player.\nMonstrous Hound can't block unless you control more lands than attacking player.
Flaying Tendrils,3.0,None,['B'],None,['Sorcery'],None,Uncommon,PRM,None,None,None,"Devoid (This card has no color.)\nAll creatures get -2/-2 until end of turn. If a creature would die this turn, exile it instead."
Urza's Workshop,0.0,None,None,None,['Land'],"[""Urza's""]",Rare,PRM,None,None,None,{T}: Add {C}.\nMetalcraft — {T}: Add {C} for each Urza's land you control. Activate only if you control three or more artifacts.
Zodiac Rat,1.0,['B'],['B'],None,['Creature'],['Rat'],Common,PRM,1,1,None,Swampwalk (This creature can't be blocked as long as defending player controls a Swamp.)
Identity Thief,4.0,['U'],['U'],None,['Creature'],['Shapeshifter'],Rare,PRM,0,3,None,"Whenever Identity Thief attacks, you may exile another target nontoken creature. If you do, Identity Thief becomes a copy of that creature until end of turn. Return the exiled card to the battlefield under its owner's control at the beginning of the next end step."
Zodiac Dog,3.0,['R'],['R'],None,['Creature'],['Dog'],Common,PRM,2,2,None,Mountainwalk (This creature can't be blocked as long as defending player controls a Mountain.)
Unsubstantiate,2.0,['U'],['U'],None,['Instant'],None,Rare,PRM,None,None,None,Return target spell or creature to its owner's hand.
Hall of Tagsin,0.0,None,None,None,['Land'],None,Rare,PRM,None,None,None,"{T}: Add {C}.\n{1}, {T}: Add one mana of any color.\n{4}, {T}: Create a tapped Powerstone token. (It's an artifact with ""{T}: Add {C}. This mana can't be spent to cast a nonartifact spell."")"
Zodiac Pig,4.0,['B'],['B'],None,['Creature'],['Boar'],Uncommon,PRM,3,3,None,Swampwalk (This creature can't be blocked as long as defending player controls a Swamp.)
Spatial Contortion,2.0,None,None,None,['Instant'],None,Uncommon,PRM,None,None,None,({C} represents colorless mana.)\nTarget creature gets +3/-3 until end of turn.
Blast Zone,0.0,None,None,None,['Land'],None,Rare,PRM,None,None,None,"Blast Zone enters the battlefield with a charge counter on it.\n{T}: Add {C}.\n{X}{X}, {T}: Put X charge counters on Blast Zone.\n{3}, {T}, Sacrifice Blast Zone: Destroy each nonland permanent with mana value equal to the number of charge counters on Blast Zone."
Zodiac Goat,1.0,['R'],['R'],None,['Creature'],['Goat'],Common,PRM,1,1,None,Mountainwalk (This creature can't be blocked as long as defending player controls a Mountain.)
Ulvenwald Observer,6.0,['G'],['G'],None,['Creature'],['Treefolk'],Rare,PRM,6,6,None,"Whenever a creature you control with toughness 4 or greater dies, draw a card."
Fortified Beachhead,0.0,None,"['U', 'W']",None,['Land'],None,Rare,PRM,None,None,None,"As Fortified Beachhead enters the battlefield, you may reveal a Soldier card from your hand. Fortified Beachhead enters the battlefield tapped unless you revealed a Soldier card this way or you control a Soldier.\n{T}: Add {W} or {U}.\n{5}, {T}: Soldiers you control get +1/+1 until end of turn."
Zodiac Snake,3.0,['B'],['B'],None,['Creature'],['Snake'],Common,PRM,2,2,None,Swampwalk (This creature can't be blocked as long as defending player controls a Swamp.)
Assembled Alphas,6.0,['R'],['R'],None,['Creature'],['Wolf'],Rare,PRM,5,5,None,"Whenever Assembled Alphas blocks or becomes blocked by a creature, Assembled Alphas deals 3 damage to that creature and 3 damage to that creature's controller."
Underground River,0.0,None,"['B', 'U']",None,['Land'],None,Rare,PRM,None,None,None,{T}: Add {C}.\n{T}: Add {U} or {B}. Underground River deals 1 damage to you.
Zodiac Tiger,4.0,['G'],['G'],None,['Creature'],['Cat'],Uncommon,PRM,3,4,None,Forestwalk (This creature can't be blocked as long as defending player controls a Forest.)
Noosegraf Mob,6.0,['B'],['B'],None,['Creature'],['Zombie'],Rare,PRM,0,0,None,"Noosegraf Mob enters the battlefield with five +1/+1 counters on it.\nWhenever a player casts a spell, remove a +1/+1 counter from Noosegraf Mob. If you do, create a 2/2 black Zombie creature token."
Brushland,0.0,None,"['G', 'W']",None,['Land'],None,Rare,PRM,None,None,None,{T}: Add {C}.\n{T}: Add {G} or {W}. Brushland deals 1 damage to you.
Niblis of Frost,4.0,['U'],['U'],None,['Creature'],['Spirit'],Rare,PRM,3,3,None,"Flying\nProwess (Whenever you cast a noncreature spell, this creature gets +1/+1 until end of turn.)\nWhenever you cast an instant or sorcery spell, tap target creature an opponent controls. That creature doesn't untap during its controller's next untap step."
Llanowar Wastes,0.0,None,"['B', 'G']",None,['Land'],None,Rare,PRM,None,None,None,{T}: Add {C}.\n{T}: Add {B} or {G}. Llanowar Wastes deals 1 damage to you.
"Thalia, Heretic Cathar",3.0,['W'],['W'],['Legendary'],['Creature'],"['Human', 'Soldier']",Rare,PRM,3,2,None,First strike\nCreatures and nonbasic lands your opponents control enter the battlefield tapped.
Battlefield Forge,0.0,None,"['R', 'W']",None,['Land'],None,Rare,PRM,None,None,None,{T}: Add {C}.\n{T}: Add {R} or {W}. Battlefield Forge deals 1 damage to you.
Island,0.0,None,['U'],['Basic'],['Land'],['Island'],Common,PRM,None,None,None,({T}: Add {U}.)
Sanctifier of Souls,4.0,['W'],['W'],None,['Creature'],"['Human', 'Cleric']",Rare,PRM,2,3,None,"Whenever another creature enters the battlefield under your control, Sanctifier of Souls gets +1/+1 until end of turn.\n{2}{W}, Exile a creature card from your graveyard: Create a 1/1 white Spirit creature token with flying."
Zodiac Rooster,2.0,['G'],['G'],None,['Creature'],['Bird'],Common,PRM,2,1,None,Plainswalk (This creature can't be blocked as long as defending player controls a Plains.)
Undiscovered Paradise,0.0,None,None,None,['Land'],None,Rare,PRM,None,None,None,"{T}: Add one mana of any color. During your next untap step, as you untap your permanents, return Undiscovered Paradise to its owner's hand."
Morphling,5.0,['U'],['U'],None,['Creature'],['Shapeshifter'],Rare,PRM,3,3,None,{U}: Untap Morphling.\n{U}: Morphling gains flying until end of turn.\n{U}: Morphling gains shroud until end of turn. (It can't be the target of spells or abilities.)\n{1}: Morphling gets +1/-1 until end of turn.\n{1}: Morphling gets -1/+1 until end of turn.
Gorilla Shaman,1.0,['R'],['R'],None,['Creature'],"['Ape', 'Shaman']",Common,PRM,1,1,None,{X}{X}{1}: Destroy target noncreature artifact with mana value X.
Doomsday,3.0,['B'],['B'],None,['Sorcery'],None,Rare,PRM,None,None,None,"Search your library and graveyard for five cards and exile the rest. Put the chosen cards on top of your library in any order. You lose half your life, rounded up."
Zodiac Monkey,2.0,['G'],['G'],None,['Creature'],['Monkey'],Common,PRM,2,1,None,Forestwalk (This creature can't be blocked as long as defending player controls a Forest.)
Gush,5.0,['U'],['U'],None,['Instant'],None,Uncommon,PRM,None,None,None,You may return two Islands you control to their owner's hand rather than pay this spell's mana cost.\nDraw two cards.
Sliver Queen,5.0,"['B', 'G', 'R', 'U', 'W']","['B', 'G', 'R', 'U', 'W']",['Legendary'],['Creature'],['Sliver'],Rare,PRM,7,7,None,{2}: Create a 1/1 colorless Sliver creature token.
Ravenous Bloodseeker,2.0,['R'],['R'],None,['Creature'],"['Vampire', 'Berserker']",Uncommon,PRM,1,3,None,Discard a card: Ravenous Bloodseeker gets +2/-2 until end of turn.
Tidings,5.0,['U'],['U'],None,['Sorcery'],None,Uncommon,PRM,None,None,None,Draw four cards.
Plains,0.0,None,['W'],['Basic'],['Land'],['Plains'],Common,PRM,None,None,None,({T}: Add {W}.)
Dread Return,4.0,['B'],['B'],None,['Sorcery'],None,Uncommon,PRM,None,None,None,Return target creature card from your graveyard to the battlefield.\nFlashback—Sacrifice three creatures. (You may cast this card from your graveyard for its flashback cost. Then exile it.)
"Ryusei, the Falling Star",6.0,['R'],['R'],['Legendary'],['Creature'],"['Dragon', 'Spirit']",Rare,PRM,5,5,None,"Flying\nWhen Ryusei, the Falling Star dies, it deals 5 damage to each creature without flying."
Mindwrack Demon,4.0,['B'],['B'],None,['Creature'],['Demon'],Mythic,PRM,4,5,None,"Flying, trample\nWhen Mindwrack Demon enters the battlefield, mill four cards.\nDelirium — At the beginning of your upkeep, you lose 4 life unless there are four or more card types among cards in your graveyard."
Momentary Blink,2.0,['W'],"['U', 'W']",None,['Instant'],None,Common,PRM,None,None,None,"Exile target creature you control, then return it to the battlefield under its owner's control.\nFlashback {3}{U} (You may cast this card from your graveyard for its flashback cost. Then exile it.)"
Sylvan Scrying,2.0,['G'],['G'],None,['Sorcery'],None,Rare,PRM,None,None,None,"Search your library for a land card, reveal it, put it into your hand, then shuffle."
Angel of Deliverance,8.0,['W'],['W'],None,['Creature'],['Angel'],Rare,PRM,6,6,None,"Flying\nDelirium — Whenever Angel of Deliverance deals damage, if there are four or more card types among cards in your graveyard, exile target creature an opponent controls."
Sylvan Library,2.0,['G'],['G'],None,['Enchantment'],None,Rare,PRM,None,None,None,"At the beginning of your draw step, you may draw two additional cards. If you do, choose two cards in your hand drawn this turn. For each of those cards, pay 4 life or put the card on top of your library."
Yawgmoth's Will,3.0,['B'],['B'],None,['Sorcery'],None,Rare,PRM,None,None,None,"Until end of turn, you may play lands and cast spells from your graveyard.\nIf a card would be put into your graveyard from anywhere this turn, exile that card instead."
Elusive Tormentor // Insidious Mist,4.0,['B'],"['B', 'U']",None,['Creature'],"['Vampire', 'Wizard']",Rare,PRM,4,4,None,"{1}, Discard a card: Transform Elusive Tormentor."
Helm of Kaldra,3.0,None,None,['Legendary'],['Artifact'],['Equipment'],Rare,PRM,None,None,None,"Equipped creature has first strike, trample, and haste.\n{1}: If you control Equipment named Helm of Kaldra, Sword of Kaldra, and Shield of Kaldra, create Kaldra, a legendary 4/4 colorless Avatar creature token. Attach those Equipment to it.\nEquip {2}"
Incorrigible Youths,5.0,['R'],['R'],None,['Creature'],['Vampire'],Uncommon,PRM,4,3,None,"Haste\nMadness {2}{R} (If you discard this card, discard it into exile. When you do, cast it for its madness cost or put it into your graveyard.)"
Sword of Kaldra,4.0,None,None,['Legendary'],['Artifact'],['Equipment'],Rare,PRM,None,None,None,"Equipped creature gets +5/+5.\nWhenever equipped creature deals damage to a creature, exile that creature. (Exile it only if it's still on the battlefield.)\nEquip {4} ({4}: Attach to target creature you control. Equip only as a sorcery. This card enters the battlefield unattached and stays on the battlefield if the creature leaves.)"
Drogskol Cavalry,7.0,['W'],['W'],None,['Creature'],"['Spirit', 'Knight']",Rare,PRM,4,4,None,"Flying\nWhenever another Spirit enters the battlefield under your control, you gain 2 life.\n{3}{W}: Create a 1/1 white Spirit creature token with flying."
Shield of Kaldra,4.0,None,None,['Legendary'],['Artifact'],['Equipment'],Rare,PRM,None,None,None,"Equipment named Sword of Kaldra, Shield of Kaldra, and Helm of Kaldra have indestructible.\nEquipped creature has indestructible. (Damage and effects that say ""destroy"" don't destroy it.)\nEquip {4}"
Goblin Dark-Dwellers,5.0,['R'],['R'],None,['Creature'],['Goblin'],Rare,PRM,4,4,None,"Menace\nWhen Goblin Dark-Dwellers enters the battlefield, you may cast target instant or sorcery card with mana value 3 or less from your graveyard without paying its mana cost. If that spell would be put into your graveyard, exile it instead."
Forest,0.0,None,['G'],['Basic'],['Land'],['Forest'],Common,PRM,None,None,None,({T}: Add {G}.)
Nephalia Moondrakes,7.0,['U'],['U'],None,['Creature'],['Drake'],Rare,PRM,5,5,None,"Flying\nWhen Nephalia Moondrakes enters the battlefield, target creature gains flying until end of turn.\n{4}{U}{U}, Exile Nephalia Moondrakes from your graveyard: Creatures you control gain flying until end of turn."
Mountain,0.0,None,['R'],['Basic'],['Land'],['Mountain'],Common,PRM,None,None,None,({T}: Add {R}.)
Anguished Unmaking,3.0,"['B', 'W']","['B', 'W']",None,['Instant'],None,Rare,PRM,None,None,None,Exile target nonland permanent. You lose 3 life.
Island,0.0,None,['U'],['Basic'],['Land'],['Island'],Common,PRM,None,None,None,({T}: Add {U}.)
Blighted Fen,0.0,None,['B'],None,['Land'],None,Rare,PRM,None,None,None,"{T}: Add {C}.\n{4}{B}, {T}, Sacrifice Blighted Fen: Target opponent sacrifices a creature."
Swamp,0.0,None,['B'],['Basic'],['Land'],['Swamp'],Common,PRM,None,None,None,({T}: Add {B}.)
Soul Swallower,4.0,['G'],['G'],None,['Creature'],['Wurm'],Rare,PRM,3,3,None,"Trample\nDelirium — At the beginning of your upkeep, if there are four or more card types among cards in your graveyard, put three +1/+1 counters on Soul Swallower."
Plains,0.0,None,['W'],['Basic'],['Land'],['Plains'],Common,PRM,None,None,None,({T}: Add {W}.)
Markov Dreadknight,5.0,['B'],['B'],None,['Creature'],"['Vampire', 'Knight']",Rare,PRM,3,3,None,"Flying\n{2}{B}, Discard a card: Put two +1/+1 counters on Markov Dreadknight."
Flameblade Angel,6.0,['R'],['R'],None,['Creature'],['Angel'],Rare,PRM,4,4,None,"Flying\nWhenever a source an opponent controls deals damage to you or a permanent you control, you may have Flameblade Angel deal 1 damage to that source's controller."
Obelisk of Alara,6.0,None,"['B', 'G', 'R', 'U', 'W']",None,['Artifact'],None,Rare,PRM,None,None,None,"{1}{W}, {T}: You gain 5 life.\n{1}{U}, {T}: Draw a card, then discard a card.\n{1}{B}, {T}: Target creature gets -2/-2 until end of turn.\n{1}{R}, {T}: Obelisk of Alara deals 3 damage to target player or planeswalker.\n{1}{G}, {T}: Target creature gets +4/+4 until end of turn."
The Tabernacle at Pendrell Vale,0.0,None,None,['Legendary'],['Land'],None,Rare,PRM,None,None,None,"All creatures have ""At the beginning of your upkeep, destroy this creature unless you pay {1}."""
Ajani Vengeant,4.0,"['R', 'W']","['R', 'W']",['Legendary'],['Planeswalker'],['Ajani'],Mythic,PRM,None,None,3,[+1]: Target permanent doesn't untap during its controller's next untap step.\n[−2]: Ajani Vengeant deals 3 damage to any target and you gain 3 life.\n[−7]: Destroy all lands target player controls.
Overbeing of Myth,5.0,"['G', 'U']","['G', 'U']",None,['Creature'],"['Spirit', 'Avatar']",Rare,PRM,*,*,None,"Overbeing of Myth's power and toughness are each equal to the number of cards in your hand.\nAt the beginning of your draw step, draw an additional card."
Snapcaster Mage,2.0,['U'],['U'],None,['Creature'],"['Human', 'Wizard']",Mythic,PRM,2,1,None,"Flash\nWhen Snapcaster Mage enters the battlefield, target instant or sorcery card in your graveyard gains flashback until end of turn. The flashback cost is equal to its mana cost. (You may cast that card from your graveyard for its flashback cost. Then exile it.)"
Wren's Run Packmaster,4.0,['G'],['G'],None,['Creature'],"['Elf', 'Warrior']",Rare,PRM,5,5,None,"Champion an Elf (When this creature enters the battlefield, sacrifice it unless you exile another Elf you control. When this creature leaves the battlefield, that card returns to the battlefield.)\n{2}{G}: Create a 2/2 green Wolf creature token.\nWolves you control have deathtouch."
Smash to Smithereens,2.0,['R'],['R'],None,['Instant'],None,Common,PRM,None,None,None,Destroy target artifact. Smash to Smithereens deals 3 damage to that artifact's controller.
Clash of Wills,1.0,['U'],['U'],None,['Instant'],None,Uncommon,PRM,None,None,None,Counter target spell unless its controller pays {X}.
Mountain,0.0,None,['R'],['Basic'],['Land'],['Mountain'],Common,PRM,None,None,None,({T}: Add {R}.)
Fire // Ice,4.0,['R'],"['R', 'U']",None,['Instant'],None,Uncommon,PRM,None,None,None,Fire deals 2 damage divided as you choose among one or two targets.
Terror,2.0,['B'],['B'],None,['Instant'],None,Common,PRM,None,None,None,"Destroy target nonartifact, nonblack creature. It can't be regenerated."
Abrupt Decay,2.0,"['B', 'G']","['B', 'G']",None,['Instant'],None,Rare,PRM,None,None,None,This spell can't be countered.\nDestroy target nonland permanent with mana value 3 or less.
"Jori En, Ruin Diver",3.0,"['R', 'U']","['R', 'U']",['Legendary'],['Creature'],"['Merfolk', 'Wizard']",Rare,PRM,2,3,None,"Whenever you cast your second spell each turn, draw a card."
Lotus Bloom,0.0,None,None,None,['Artifact'],None,Rare,PRM,None,None,None,"Suspend 3—{0} (Rather than cast this card from your hand, pay {0} and exile it with three time counters on it. At the beginning of your upkeep, remove a time counter. When the last is removed, you may cast it without paying its mana cost.)\n{T}, Sacrifice Lotus Bloom: Add three mana of any one color."
Nissa's Pilgrimage,3.0,['G'],['G'],None,['Sorcery'],None,Common,PRM,None,None,None,"Search your library for up to two basic Forest cards, reveal those cards, and put one onto the battlefield tapped and the rest into your hand. Then shuffle.\nSpell mastery — If there are two or more instant and/or sorcery cards in your graveyard, search your library for up to three basic Forest cards instead of two."
Lightning Helix,2.0,"['R', 'W']","['R', 'W']",None,['Instant'],None,Uncommon,PRM,None,None,None,Lightning Helix deals 3 damage to any target and you gain 3 life.
Immolating Glare,2.0,['W'],['W'],None,['Instant'],None,Uncommon,PRM,None,None,None,Destroy target attacking creature.
Endbringer,6.0,None,None,None,['Creature'],['Eldrazi'],Rare,PRM,5,5,None,"Untap Endbringer during each other player's untap step.\n{T}: Endbringer deals 1 damage to any target.\n{C}, {T}: Target creature can't attack or block this turn.\n{C}{C}, {T}: Draw a card."
Dread Defiler,7.0,None,['B'],None,['Creature'],['Eldrazi'],Rare,PRM,6,8,None,"Devoid (This card has no color.)\n{3}{C}, Exile a creature card from your graveyard: Target opponent loses life equal to the exiled card's power. ({C} represents colorless mana.)"
Swamp,0.0,None,['B'],['Basic'],['Land'],['Swamp'],Common,PRM,None,None,None,({T}: Add {B}.)
Deepfathom Skulker,6.0,None,['U'],None,['Creature'],['Eldrazi'],Rare,PRM,4,4,None,"Devoid (This card has no color.)\nWhenever a creature you control deals combat damage to a player, you may draw a card.\n{3}{C}: Target creature can't be blocked this turn. ({C} represents colorless mana.)"
Gladehart Cavalry,7.0,['G'],['G'],None,['Creature'],"['Elf', 'Knight']",Rare,PRM,6,6,None,"When Gladehart Cavalry enters the battlefield, support 6. (Put a +1/+1 counter on each of up to six other target creatures.)\nWhenever a creature you control with a +1/+1 counter on it dies, you gain 2 life."
Munda's Vanguard,5.0,['W'],['W'],None,['Creature'],"['Kor', 'Knight', 'Ally']",Rare,PRM,3,3,None,"Cohort — {T}, Tap an untapped Ally you control: Put a +1/+1 counter on each creature you control."
Demonic Tutor,2.0,['B'],['B'],None,['Sorcery'],None,Uncommon,PRM,None,None,None,"Search your library for a card, put that card into your hand, then shuffle."
Tyrant of Valakut,7.0,['R'],['R'],None,['Creature'],['Dragon'],Rare,PRM,5,4,None,"Surge {3}{R}{R} (You may cast this spell for its surge cost if you or a teammate has cast another spell this turn.)\nFlying\nWhen Tyrant of Valakut enters the battlefield, if its surge cost was paid, it deals 3 damage to any target."
Fireball,1.0,['R'],['R'],None,['Sorcery'],None,Uncommon,PRM,None,None,None,"This spell costs {1} more to cast for each target beyond the first.\nFireball deals X damage divided evenly, rounded down, among any number of targets."
Island,0.0,None,['U'],['Basic'],['Land'],['Island'],Common,PRM,None,None,None,({T}: Add {U}.)
Temple of the False God,0.0,None,None,None,['Land'],None,Uncommon,PRM,None,None,None,{T}: Add {C}{C}. Activate only if you control five or more lands.
"Kiora, the Crashing Wave",4.0,"['G', 'U']","['G', 'U']",['Legendary'],['Planeswalker'],['Kiora'],Mythic,PRM,None,None,2,"[+1]: Until your next turn, prevent all damage that would be dealt to and dealt by target permanent an opponent controls.\n[−1]: Draw a card. You may play an additional land this turn.\n[−5]: You get an emblem with ""At the beginning of your end step, create a 9/9 blue Kraken creature token."""
"Elspeth, Sun's Champion",6.0,['W'],['W'],['Legendary'],['Planeswalker'],['Elspeth'],Mythic,PRM,None,None,4,"[+1]: Create three 1/1 white Soldier creature tokens.\n[−3]: Destroy all creatures with power 4 or greater.\n[−7]: You get an emblem with ""Creatures you control get +2/+2 and have flying."""
Island,0.0,None,['U'],['Basic'],['Land'],['Island'],Common,PRM,None,None,None,({T}: Add {U}.)
Explore,2.0,['G'],['G'],None,['Sorcery'],None,Common,PRM,None,None,None,You may play an additional land this turn.\nDraw a card.
Cabal Coffers,0.0,None,['B'],None,['Land'],None,Uncommon,PRM,None,None,None,"{2}, {T}: Add {B} for each Swamp you control."
Firebolt,1.0,['R'],['R'],None,['Sorcery'],None,Common,PRM,None,None,None,Firebolt deals 2 damage to any target.\nFlashback {4}{R} (You may cast this card from your graveyard for its flashback cost. Then exile it.)
Avenger of Zendikar,7.0,['G'],['G'],None,['Creature'],['Elemental'],Mythic,PRM,5,5,None,"When Avenger of Zendikar enters the battlefield, create a 0/1 green Plant creature token for each land you control.\nLandfall — Whenever a land enters the battlefield under your control, you may put a +1/+1 counter on each Plant creature you control."
Zodiac Rabbit,1.0,['G'],['G'],None,['Creature'],['Rabbit'],Common,PRM,1,1,None,Forestwalk (This creature can't be blocked as long as defending player controls a Forest.)
Oblivion Sower,6.0,None,None,None,['Creature'],['Eldrazi'],Mythic,PRM,5,8,None,"When you cast this spell, target opponent exiles the top four cards of their library, then you may put any number of land cards that player owns from exile onto the battlefield under your control."
Sedge Troll,3.0,['R'],"['B', 'R']",None,['Creature'],['Troll'],Rare,PRM,2,2,None,Sedge Troll gets +1/+1 as long as you control a Swamp.\n{B}: Regenerate Sedge Troll.
Radiant Flames,3.0,['R'],['R'],None,['Sorcery'],None,Rare,PRM,None,None,None,"Converge — Radiant Flames deals X damage to each creature, where X is the number of colors of mana spent to cast this spell."
Serendib Efreet,3.0,['U'],['U'],None,['Creature'],['Efreet'],Rare,PRM,3,4,None,"Flying\nAt the beginning of your upkeep, Serendib Efreet deals 1 damage to you."
Stasis Snare,3.0,['W'],['W'],None,['Enchantment'],None,Uncommon,PRM,None,None,None,"Flash (You may cast this spell any time you could cast an instant.)\nWhen Stasis Snare enters the battlefield, exile target creature an opponent controls until Stasis Snare leaves the battlefield. (That creature returns under its owner's control.)"
Khabál Ghoul,3.0,['B'],['B'],None,['Creature'],['Zombie'],Rare,PRM,1,1,None,"At the beginning of each end step, put a +1/+1 counter on Khabál Ghoul for each creature that died this turn."
Ruinous Path,3.0,['B'],['B'],None,['Sorcery'],None,Rare,PRM,None,None,None,"Destroy target creature or planeswalker.\nAwaken 4—{5}{B}{B} (If you cast this spell for {5}{B}{B}, also put four +1/+1 counters on target land you control and it becomes a 0/0 Elemental creature with haste. It's still a land.)"
Mutavault,0.0,None,None,None,['Land'],None,Rare,PRM,None,None,None,{T}: Add {C}.\n{1}: Mutavault becomes a 2/2 creature with all creature types until end of turn. It's still a land.
Scythe Leopard,1.0,['G'],['G'],None,['Creature'],['Cat'],Uncommon,PRM,1,1,None,"Landfall — Whenever a land enters the battlefield under your control, Scythe Leopard gets +1/+1 until end of turn."
Thirst for Knowledge,3.0,['U'],['U'],None,['Instant'],None,Uncommon,PRM,None,None,None,Draw three cards. Then discard two cards unless you discard an artifact card.
Ultimate Price,2.0,['B'],['B'],None,['Instant'],None,Uncommon,PRM,None,None,None,Destroy target monocolored creature.
Woolly Thoctar,3.0,"['G', 'R', 'W']","['G', 'R', 'W']",None,['Creature'],['Beast'],Uncommon,PRM,5,4,None,None
Anticipate,2.0,['U'],['U'],None,['Instant'],None,Common,PRM,None,None,None,Look at the top three cards of your library. Put one of them into your hand and the rest on the bottom of your library in any order.
Sprouting Thrinax,3.0,"['B', 'G', 'R']","['B', 'G', 'R']",None,['Creature'],['Lizard'],Uncommon,PRM,3,3,None,"When Sprouting Thrinax dies, create three 1/1 green Saproling creature tokens."
Blight Herder,5.0,None,None,None,['Creature'],"['Eldrazi', 'Processor']",Rare,PRM,4,5,None,"When you cast this spell, you may put two cards your opponents own from exile into their owners' graveyards. If you do, create three 1/1 colorless Eldrazi Scion creature tokens. They have ""Sacrifice this creature: Add {C}."""
Mountain,0.0,None,['R'],['Basic'],['Land'],['Mountain'],Common,PRM,None,None,None,({T}: Add {R}.)
Roast,2.0,['R'],['R'],None,['Sorcery'],None,Uncommon,PRM,None,None,None,Roast deals 5 damage to target creature without flying.
Swamp,0.0,None,['B'],['Basic'],['Land'],['Swamp'],Common,PRM,None,None,None,({T}: Add {B}.)
Forest,0.0,None,['G'],['Basic'],['Land'],['Forest'],Common,PRM,None,None,None,({T}: Add {G}.)
Island,0.0,None,['U'],['Basic'],['Land'],['Island'],Common,PRM,None,None,None,({T}: Add {U}.)
Mountain,0.0,None,['R'],['Basic'],['Land'],['Mountain'],Common,PRM,None,None,None,({T}: Add {R}.)
Plains,0.0,None,['W'],['Basic'],['Land'],['Plains'],Common,PRM,None,None,None,({T}: Add {W}.)
Swamp,0.0,None,['B'],['Basic'],['Land'],['Swamp'],Common,PRM,None,None,None,({T}: Add {B}.)
Forest,0.0,None,['G'],['Basic'],['Land'],['Forest'],Rare,PRM,None,None,None,({T}: Add {G}.)
Island,0.0,None,['U'],['Basic'],['Land'],['Island'],Common,PRM,None,None,None,({T}: Add {U}.)
Mountain,0.0,None,['R'],['Basic'],['Land'],['Mountain'],Rare,PRM,None,None,None,({T}: Add {R}.)
Plains,0.0,None,['W'],['Basic'],['Land'],['Plains'],Common,PRM,None,None,None,({T}: Add {W}.)
Swamp,0.0,None,['B'],['Basic'],['Land'],['Swamp'],Rare,PRM,None,None,None,({T}: Add {B}.)
Oran-Rief Hydra,6.0,['G'],['G'],None,['Creature'],['Hydra'],Rare,PRM,5,5,None,"Trample\nLandfall — Whenever a land enters the battlefield under your control, put a +1/+1 counter on Oran-Rief Hydra. If that land is a Forest, put two +1/+1 counters on Oran-Rief Hydra instead."
Island,0.0,None,['U'],['Basic'],['Land'],['Island'],Rare,PRM,None,None,None,({T}: Add {U}.)
Barrage Tyrant,5.0,None,['R'],None,['Creature'],['Eldrazi'],Rare,PRM,5,3,None,"Devoid (This card has no color.)\n{2}{R}, Sacrifice another colorless creature: Barrage Tyrant deals damage equal to the sacrificed creature's power to any target."
Plains,0.0,None,['W'],['Basic'],['Land'],['Plains'],Rare,PRM,None,None,None,({T}: Add {W}.)
Defiant Bloodlord,7.0,['B'],['B'],None,['Creature'],['Vampire'],Rare,PRM,4,5,None,"Flying\nWhenever you gain life, target opponent loses that much life."
Tendrils of Agony,4.0,['B'],['B'],None,['Sorcery'],None,Uncommon,PRM,None,None,None,"Target player loses 2 life and you gain 2 life.\nStorm (When you cast this spell, copy it for each spell cast before it this turn. You may choose new targets for the copies.)"
Drowner of Hope,6.0,None,['U'],None,['Creature'],['Eldrazi'],Rare,PRM,5,5,None,"Devoid (This card has no color.)\nWhen Drowner of Hope enters the battlefield, create two 1/1 colorless Eldrazi Scion creature tokens. They have ""Sacrifice this creature: Add {C}.""\nSacrifice an Eldrazi Scion: Tap target creature."
Bramblewood Paragon,2.0,['G'],['G'],None,['Creature'],"['Elf', 'Warrior']",Uncommon,PRM,2,2,None,Each other Warrior creature you control enters the battlefield with an additional +1/+1 counter on it.\nEach creature you control with a +1/+1 counter on it has trample.
Goblin Piledriver,2.0,['R'],['R'],None,['Creature'],"['Goblin', 'Warrior']",Rare,PRM,1,2,None,"Protection from blue (This creature can't be blocked, targeted, dealt damage, or enchanted by anything blue.)\nWhenever Goblin Piledriver attacks, it gets +2/+0 until end of turn for each other attacking Goblin."
Hero of Goma Fada,5.0,['W'],['W'],None,['Creature'],"['Human', 'Knight', 'Ally']",Rare,PRM,4,3,None,"Rally — Whenever Hero of Goma Fada or another Ally enters the battlefield under your control, creatures you control gain indestructible until end of turn."
Eternal Witness,3.0,['G'],['G'],None,['Creature'],"['Human', 'Shaman']",Uncommon,PRM,2,1,None,"When Eternal Witness enters the battlefield, you may return target card from your graveyard to your hand."
Mana Flare,3.0,['R'],['R'],None,['Enchantment'],None,Rare,PRM,None,None,None,"Whenever a player taps a land for mana, that player adds one mana of any type that land produced."
Armageddon,4.0,['W'],['W'],None,['Sorcery'],None,Rare,PRM,None,None,None,Destroy all lands.
Noble Hierarch,1.0,['G'],"['G', 'U', 'W']",None,['Creature'],"['Human', 'Druid']",Rare,PRM,0,1,None,"Exalted (Whenever a creature you control attacks alone, that creature gets +1/+1 until end of turn.)\n{T}: Add {G}, {W}, or {U}."
Remand,2.0,['U'],['U'],None,['Instant'],None,Uncommon,PRM,None,None,None,"Counter target spell. If that spell is countered this way, put it into its owner's hand instead of into that player's graveyard.\nDraw a card."
Mizzium Meddler,3.0,['U'],['U'],None,['Creature'],"['Vedalken', 'Wizard']",Rare,PRM,1,4,None,"Flash (You may cast this spell any time you could cast an instant.)\nWhen Mizzium Meddler enters the battlefield, you may change a target of target spell or ability to Mizzium Meddler."
Mirari's Wake,5.0,"['G', 'W']","['G', 'W']",None,['Enchantment'],None,Rare,PRM,None,None,None,"Creatures you control get +1/+1.\nWhenever you tap a land for mana, add one mana of any type that land produced."
Sandsteppe Citadel,0.0,None,"['B', 'G', 'W']",None,['Land'],None,Uncommon,PRM,None,None,None,"Sandsteppe Citadel enters the battlefield tapped.\n{T}: Add {W}, {B}, or {G}."
"Dromoka, the Eternal",5.0,"['G', 'W']","['G', 'W']",['Legendary'],['Creature'],['Dragon'],Rare,PRM,5,5,None,"Flying\nWhenever a Dragon you control attacks, bolster 2. (Choose a creature with the least toughness among creatures you control and put two +1/+1 counters on it.)"
Siege Rhino,4.0,"['B', 'G', 'W']","['B', 'G', 'W']",None,['Creature'],['Rhino'],Rare,PRM,4,5,None,"Trample\nWhen Siege Rhino enters the battlefield, each opponent loses 3 life and you gain 3 life."
"Doran, the Siege Tower",3.0,"['B', 'G', 'W']","['B', 'G', 'W']",['Legendary'],['Creature'],"['Treefolk', 'Shaman']",Rare,PRM,0,5,None,Each creature assigns combat damage equal to its toughness rather than its power.
"Dwynen, Gilt-Leaf Daen",4.0,['G'],['G'],['Legendary'],['Creature'],"['Elf', 'Warrior']",Rare,PRM,3,4,None,"Reach\nOther Elf creatures you control get +1/+1.\nWhenever Dwynen, Gilt-Leaf Daen attacks, you gain 1 life for each attacking Elf you control."
Honored Hierarch,1.0,['G'],['G'],None,['Creature'],"['Human', 'Druid']",Rare,PRM,1,1,None,"Renown 1 (When this creature deals combat damage to a player, if it isn't renowned, put a +1/+1 counter on it and it becomes renowned.)\nAs long as Honored Hierarch is renowned, it has vigilance and ""{T}: Add one mana of any color."""
Kjeldoran Outpost,0.0,None,['W'],None,['Land'],None,Rare,PRM,None,None,None,"If Kjeldoran Outpost would enter the battlefield, sacrifice a Plains instead. If you do, put Kjeldoran Outpost onto the battlefield. If you don't, put it into its owner's graveyard.\n{T}: Add {W}.\n{1}{W}, {T}: Create a 1/1 white Soldier creature token."
Conclave Naturalists,5.0,['G'],['G'],None,['Creature'],['Dryad'],Uncommon,PRM,4,4,None,"When Conclave Naturalists enters the battlefield, you may destroy target artifact or enchantment."
Island,0.0,None,['U'],['Basic'],['Land'],['Island'],Common,PRM,None,None,None,({T}: Add {U}.)
Pia and Kiran Nalaar,4.0,['R'],['R'],['Legendary'],['Creature'],"['Human', 'Artificer']",Rare,PRM,2,2,None,"When Pia and Kiran Nalaar enters the battlefield, create two 1/1 colorless Thopter artifact creature tokens with flying.\n{2}{R}, Sacrifice an artifact: Pia and Kiran Nalaar deals 2 damage to any target."
Circle of Protection: Red,2.0,['W'],['W'],None,['Enchantment'],None,Common,PRM,None,None,None,"{1}: The next time a red source of your choice would deal damage to you this turn, prevent that damage."
Languish,4.0,['B'],['B'],None,['Sorcery'],None,Rare,PRM,None,None,None,All creatures get -4/-4 until end of turn.
Mogg Fanatic,1.0,['R'],['R'],None,['Creature'],['Goblin'],Uncommon,PRM,1,1,None,Sacrifice Mogg Fanatic: It deals 1 damage to any target.
"Kothophed, Soul Hoarder",6.0,['B'],['B'],['Legendary'],['Creature'],['Demon'],Rare,PRM,6,6,None,"Flying\nWhenever a permanent owned by another player is put into a graveyard from the battlefield, you draw a card and you lose 1 life."
"Alhammarret, High Arbiter",7.0,['U'],['U'],['Legendary'],['Creature'],['Sphinx'],Rare,PRM,5,5,None,"Flying\nAs Alhammarret, High Arbiter enters the battlefield, each opponent reveals their hand. You choose the name of a nonland card revealed this way.\nYour opponents can't cast spells with the chosen name (as long as this creature is on the battlefield)."
Mind Stone,2.0,None,None,None,['Artifact'],None,Uncommon,PRM,None,None,None,"{T}: Add {C}.\n{1}, {T}, Sacrifice Mind Stone: Draw a card."
"Hixus, Prison Warden",5.0,['W'],['W'],['Legendary'],['Creature'],"['Human', 'Soldier']",Rare,PRM,4,4,None,"Flash (You may cast this spell any time you could cast an instant.)\nWhenever a creature deals combat damage to you, if Hixus, Prison Warden entered the battlefield this turn, exile that creature until Hixus leaves the battlefield. (That creature returns under its owner's control.)"
Disenchant,2.0,['W'],['W'],None,['Instant'],None,Common,PRM,None,None,None,Destroy target artifact or enchantment.
Valorous Stance,2.0,['W'],['W'],None,['Instant'],None,Uncommon,PRM,None,None,None,"Choose one —\n• Target creature gains indestructible until end of turn. (Damage and effects that say ""destroy"" don't destroy it.)\n• Destroy target creature with toughness 4 or greater."
Baron Sengir,8.0,['B'],['B'],['Legendary'],['Creature'],"['Vampire', 'Noble']",Rare,PRM,5,5,None,"Flying\nWhenever a creature dealt damage by Baron Sengir this turn dies, put a +2/+2 counter on Baron Sengir.\n{T}: Regenerate another target Vampire."
Treetop Village,0.0,None,['G'],None,['Land'],None,Uncommon,PRM,None,None,None,Treetop Village enters the battlefield tapped.\n{T}: Add {G}.\n{1}{G}: Treetop Village becomes a 3/3 green Ape creature with trample until end of turn. It's still a land. (It can deal excess combat damage to the player or planeswalker it's attacking.)
Orator of Ojutai,2.0,['W'],['W'],None,['Creature'],"['Bird', 'Monk']",Uncommon,PRM,0,4,None,"As an additional cost to cast this spell, you may reveal a Dragon card from your hand.\nDefender, flying\nWhen Orator of Ojutai enters the battlefield, if you revealed a Dragon card or controlled a Dragon as you cast this spell, draw a card."
Fireblast,6.0,['R'],['R'],None,['Instant'],None,Common,PRM,None,None,None,You may sacrifice two Mountains rather than pay this spell's mana cost.\nFireblast deals 4 damage to any target.
Seeker of the Way,2.0,['W'],['W'],None,['Creature'],"['Human', 'Warrior']",Uncommon,PRM,2,2,None,"Prowess (Whenever you cast a noncreature spell, this creature gets +1/+1 until end of turn.)\nWhenever you cast a noncreature spell, Seeker of the Way gains lifelink until end of turn."
Relic Seeker,2.0,['W'],['W'],None,['Creature'],"['Human', 'Soldier']",Rare,PRM,2,2,None,"Renown 1 (When this creature deals combat damage to a player, if it isn't renowned, put a +1/+1 counter on it and it becomes renowned.)\nWhen Relic Seeker becomes renowned, you may search your library for an Equipment card, reveal it, put it into your hand, then shuffle."
Plains,0.0,None,['W'],['Basic'],['Land'],['Plains'],Common,PRM,None,None,None,({T}: Add {W}.)
Hand of Justice,6.0,['W'],['W'],None,['Creature'],['Avatar'],Rare,PRM,2,6,None,"{T}, Tap three untapped white creatures you control: Destroy target creature."
Argivian Archaeologist,3.0,['W'],['W'],None,['Creature'],"['Human', 'Artificer']",Rare,PRM,1,1,None,"{W}{W}, {T}: Return target artifact card from your graveyard to your hand."
Living Wish,2.0,['G'],['G'],None,['Sorcery'],None,Rare,PRM,None,None,None,You may reveal a creature or land card you own from outside the game and put it into your hand. Exile Living Wish.
Gleemox,0.0,None,None,None,['Artifact'],None,Rare,PRM,None,None,None,{T}: Add one mana of any color.\nThis card is banned.
Harbinger of the Hunt,5.0,"['G', 'R']","['G', 'R']",None,['Creature'],['Dragon'],Rare,PRM,5,3,None,Flying\n{2}{R}: Harbinger of the Hunt deals 1 damage to each creature without flying.\n{2}{G}: Harbinger of the Hunt deals 1 damage to each other creature with flying.
Pristine Skywise,6.0,"['U', 'W']","['U', 'W']",None,['Creature'],['Dragon'],Rare,PRM,6,4,None,"Flying\nWhenever you cast a noncreature spell, untap Pristine Skywise. It gains protection from the color of your choice until end of turn."
Devil's Play,1.0,['R'],['R'],None,['Sorcery'],None,Rare,PRM,None,None,None,Devil's Play deals X damage to any target.\nFlashback {X}{R}{R}{R} (You may cast this card from your graveyard for its flashback cost. Then exile it.)
Foe-Razer Regent,7.0,['G'],['G'],None,['Creature'],['Dragon'],Rare,PRM,4,5,None,"Flying\nWhen Foe-Razer Regent enters the battlefield, you may have it fight target creature you don't control.\nWhenever a creature you control fights, put two +1/+1 counters on it at the beginning of the next end step."
Swamp,0.0,None,['B'],['Basic'],['Land'],['Swamp'],Common,PRM,None,None,None,({T}: Add {B}.)
Abzan Beastmaster,3.0,['G'],['G'],None,['Creature'],"['Dog', 'Shaman']",Uncommon,PRM,2,1,None,"At the beginning of your upkeep, draw a card if you control the creature with the greatest toughness or tied for the greatest toughness."
Swamp,0.0,None,['B'],['Basic'],['Land'],['Swamp'],Common,PRM,None,None,None,({T}: Add {B}.)
Mayor of Avabruck // Howlpack Alpha,2.0,['G'],['G'],None,['Creature'],"['Human', 'Advisor', 'Werewolf']",Rare,PRM,1,1,None,"Other Human creatures you control get +1/+1.\nAt the beginning of each upkeep, if no spells were cast last turn, transform Mayor of Avabruck."
Frost Walker,2.0,['U'],['U'],None,['Creature'],['Elemental'],Uncommon,PRM,4,1,None,"When Frost Walker becomes the target of a spell or ability, sacrifice it."
Mountain,0.0,None,['R'],['Basic'],['Land'],['Mountain'],Common,PRM,None,None,None,({T}: Add {R}.)
Bloodcrazed Neonate,2.0,['R'],['R'],None,['Creature'],['Vampire'],Common,PRM,2,1,None,"Bloodcrazed Neonate attacks each combat if able.\nWhenever Bloodcrazed Neonate deals combat damage to a player, put a +1/+1 counter on it."
Dragonlord's Servant,2.0,['R'],['R'],None,['Creature'],"['Goblin', 'Shaman']",Uncommon,PRM,1,3,None,Dragon spells you cast cost {1} less to cast.
Mountain,0.0,None,['R'],['Basic'],['Land'],['Mountain'],Common,PRM,None,None,None,({T}: Add {R}.)
Boneyard Wurm,2.0,['G'],['G'],None,['Creature'],['Wurm'],Uncommon,PRM,*,*,None,Boneyard Wurm's power and toughness are each equal to the number of creature cards in your graveyard.
Scaleguard Sentinels,2.0,['G'],['G'],None,['Creature'],"['Human', 'Soldier']",Uncommon,PRM,2,3,None,"As an additional cost to cast this spell, you may reveal a Dragon card from your hand.\nScaleguard Sentinels enters the battlefield with a +1/+1 counter on it if you revealed a Dragon card or controlled a Dragon as you cast this spell."
Forest,0.0,None,['G'],['Basic'],['Land'],['Forest'],Common,PRM,None,None,None,({T}: Add {G}.)
Contagion Clasp,2.0,None,None,None,['Artifact'],None,Uncommon,PRM,None,None,None,"When Contagion Clasp enters the battlefield, put a -1/-1 counter on target creature.\n{4}, {T}: Proliferate. (Choose any number of permanents and/or players, then give each another counter of each kind already there.)"
Necromaster Dragon,5.0,"['B', 'U']","['B', 'U']",None,['Creature'],['Dragon'],Rare,PRM,4,4,None,"Flying\nWhenever Necromaster Dragon deals combat damage to a player, you may pay {2}. If you do, create a 2/2 black Zombie creature token and each opponent mills two cards."
Forest,0.0,None,['G'],['Basic'],['Land'],['Forest'],Common,PRM,None,None,None,({T}: Add {G}.)
Teetering Peaks,0.0,None,['R'],None,['Land'],None,Common,PRM,None,None,None,"Teetering Peaks enters the battlefield tapped.\nWhen Teetering Peaks enters the battlefield, target creature gets +2/+0 until end of turn.\n{T}: Add {R}."
Forest,0.0,None,['G'],['Basic'],['Land'],['Forest'],Common,PRM,None,None,None,({T}: Add {G}.)
Tormented Soul,1.0,['B'],['B'],None,['Creature'],['Spirit'],Common,PRM,1,1,None,Tormented Soul can't block and can't be blocked.
Ojutai's Command,4.0,"['U', 'W']","['U', 'W']",None,['Instant'],None,Rare,PRM,None,None,None,Choose two —\n• Return target creature card with mana value 2 or less from your graveyard to the battlefield.\n• You gain 4 life.\n• Counter target creature spell.\n• Draw a card.
Mountain,0.0,None,['R'],['Basic'],['Land'],['Mountain'],Common,PRM,None,None,None,({T}: Add {R}.)
Dungrove Elder,3.0,['G'],['G'],None,['Creature'],['Treefolk'],Rare,PRM,*,*,None,Hexproof (This creature can't be the target of spells or abilities your opponents control.)\nDungrove Elder's power and toughness are each equal to the number of Forests you control.
Suspension Field,2.0,['W'],['W'],None,['Enchantment'],None,Uncommon,PRM,None,None,None,"When Suspension Field enters the battlefield, you may exile target creature with toughness 3 or greater until Suspension Field leaves the battlefield. (That creature returns under its owner's control.)"
Island,0.0,None,['U'],['Basic'],['Land'],['Island'],Common,PRM,None,None,None,({T}: Add {U}.)
Circle of Flame,2.0,['R'],['R'],None,['Enchantment'],None,Uncommon,PRM,None,None,None,"Whenever a creature without flying attacks you or a planeswalker you control, Circle of Flame deals 1 damage to that creature."
Forest,0.0,None,['G'],['Basic'],['Land'],['Forest'],Common,PRM,None,None,None,({T}: Add {G}.)
Chandra's Phoenix,3.0,['R'],['R'],None,['Creature'],['Phoenix'],Rare,PRM,2,2,None,"Flying\nHaste (This creature can attack and {T} as soon as it comes under your control.)\nWhenever an opponent is dealt damage by a red instant or sorcery spell you control or by a red planeswalker you control, return Chandra's Phoenix from your graveyard to your hand."
Feldon of the Third Path,3.0,['R'],['R'],['Legendary'],['Creature'],"['Human', 'Artificer']",Mythic,PRM,2,3,None,"{2}{R}, {T}: Create a token that's a copy of target creature card in your graveyard, except it's an artifact in addition to its other types. It gains haste. Sacrifice it at the beginning of the next end step."
Island,0.0,None,['U'],['Basic'],['Land'],['Island'],Common,PRM,None,None,None,({T}: Add {U}.)
Auramancer,3.0,['W'],['W'],None,['Creature'],"['Human', 'Wizard']",Common,PRM,2,2,None,"When Auramancer enters the battlefield, you may return target enchantment card from your graveyard to your hand."
Genesis Hydra,2.0,['G'],['G'],None,['Creature'],"['Plant', 'Hydra']",Rare,PRM,0,0,None,"When you cast this spell, reveal the top X cards of your library. You may put a nonland permanent card with mana value X or less from among them onto the battlefield. Then shuffle the rest into your library.\nGenesis Hydra enters the battlefield with X +1/+1 counters on it."
Island,0.0,None,['U'],['Basic'],['Land'],['Island'],Common,PRM,None,None,None,({T}: Add {U}.)
Jace's Ingenuity,5.0,['U'],['U'],None,['Instant'],None,Uncommon,PRM,None,None,None,Draw three cards.
Dualcaster Mage,3.0,['R'],['R'],None,['Creature'],"['Human', 'Wizard']",Rare,PRM,2,2,None,"Flash\nWhen Dualcaster Mage enters the battlefield, copy target instant or sorcery spell. You may choose new targets for the copy."
Swamp,0.0,None,['B'],['Basic'],['Land'],['Swamp'],Common,PRM,None,None,None,({T}: Add {B}.)
Cultivate,3.0,['G'],['G'],None,['Sorcery'],None,Common,PRM,None,None,None,"Search your library for up to two basic land cards, reveal those cards, put one onto the battlefield tapped and the other into your hand, then shuffle."
Liliana of the Veil,3.0,['B'],['B'],['Legendary'],['Planeswalker'],['Liliana'],Mythic,PRM,None,None,3,[+1]: Each player discards a card.\n[−2]: Target player sacrifices a creature.\n[−6]: Separate all permanents target player controls into two piles. That player sacrifices all permanents in the pile of their choice.
Swamp,0.0,None,['B'],['Basic'],['Land'],['Swamp'],Common,PRM,None,None,None,({T}: Add {B}.)
Bloodlord of Vaasgoth,5.0,['B'],['B'],None,['Creature'],"['Vampire', 'Warrior']",Mythic,PRM,3,3,None,"Bloodthirst 3 (If an opponent was dealt damage this turn, this creature enters the battlefield with three +1/+1 counters on it.)\nFlying\nWhenever you cast a Vampire creature spell, it gains bloodthirst 3."
Ravages of War,4.0,['W'],['W'],None,['Sorcery'],None,Rare,PRM,None,None,None,Destroy all lands.
Swamp,0.0,None,['B'],['Basic'],['Land'],['Swamp'],Common,PRM,None,None,None,({T}: Add {B}.)
Garruk's Horde,7.0,['G'],['G'],None,['Creature'],['Beast'],Rare,PRM,7,7,None,Trample\nPlay with the top card of your library revealed.\nYou may cast creature spells from the top of your library. (Do this only any time you could cast that creature spell. You still pay the spell's costs.)
Mountain,0.0,None,['R'],['Basic'],['Land'],['Mountain'],Common,PRM,None,None,None,({T}: Add {R}.)
Darksteel Relic,0.0,None,None,None,['Artifact'],None,Uncommon,PRM,None,None,None,"Indestructible (Effects that say ""destroy"" don't destroy this artifact.)"
Dragonscale Boon,4.0,['G'],['G'],None,['Instant'],None,Common,PRM,None,None,None,Put two +1/+1 counters on target creature and untap it.
Mountain,0.0,None,['R'],['Basic'],['Land'],['Mountain'],Common,PRM,None,None,None,({T}: Add {R}.)
Island,0.0,None,['U'],['Basic'],['Land'],['Island'],Common,PRM,None,None,None,({T}: Add {U}.)
Mountain,0.0,None,['R'],['Basic'],['Land'],['Mountain'],Common,PRM,None,None,None,({T}: Add {R}.)
Plains,0.0,None,['W'],['Basic'],['Land'],['Plains'],Common,PRM,None,None,None,({T}: Add {W}.)
Grim Haruspex,3.0,['B'],['B'],None,['Creature'],"['Human', 'Wizard']",Rare,PRM,3,2,None,"Morph {B} (You may cast this card face down as a 2/2 creature for {3}. Turn it face up any time for its morph cost.)\nWhenever another nontoken creature you control dies, draw a card."
Swamp,0.0,None,['B'],['Basic'],['Land'],['Swamp'],Common,PRM,None,None,None,({T}: Add {B}.)
Mountain,0.0,None,['R'],['Basic'],['Land'],['Mountain'],Common,PRM,None,None,None,({T}: Add {R}.)
Altar of the Brood,1.0,None,None,None,['Artifact'],None,Rare,PRM,None,None,None,"Whenever another permanent enters the battlefield under your control, each opponent mills a card."
Mountain,0.0,None,['R'],['Basic'],['Land'],['Mountain'],Common,PRM,None,None,None,({T}: Add {R}.)
Forest,0.0,None,['G'],['Basic'],['Land'],['Forest'],Common,PRM,None,None,None,({T}: Add {G}.)
Jeskai Infiltrator,3.0,['U'],['U'],None,['Creature'],"['Human', 'Monk']",Rare,PRM,2,3,None,"Jeskai Infiltrator can't be blocked as long as you control no other creatures.\nWhen Jeskai Infiltrator deals combat damage to a player, exile it and the top card of your library in a face-down pile, shuffle that pile, then manifest those cards. (To manifest a card, put it onto the battlefield face down as a 2/2 creature. Turn it face up any time for its mana cost if it's a creature card.)"
Mountain,0.0,None,['R'],['Basic'],['Land'],['Mountain'],Common,PRM,None,None,None,({T}: Add {R}.)
Swamp,0.0,None,['B'],['Basic'],['Land'],['Swamp'],Common,PRM,None,None,None,({T}: Add {B}.)
Ainok Tracker,6.0,['R'],['R'],None,['Creature'],"['Dog', 'Scout']",Common,PRM,3,3,None,First strike\nMorph {4}{R} (You may cast this card face down as a 2/2 creature for {3}. Turn it face up any time for its morph cost.)
Forest,0.0,None,['G'],['Basic'],['Land'],['Forest'],Common,PRM,None,None,None,({T}: Add {G}.)
Shrine of Burning Rage,2.0,None,None,None,['Artifact'],None,Uncommon,PRM,None,None,None,"At the beginning of your upkeep or whenever you cast a red spell, put a charge counter on Shrine of Burning Rage.\n{3}, {T}, Sacrifice Shrine of Burning Rage: It deals damage equal to the number of charge counters on it to any target."
Hordeling Outburst,3.0,['R'],['R'],None,['Sorcery'],None,Uncommon,PRM,None,None,None,Create three 1/1 red Goblin creature tokens.
Forest,0.0,None,['G'],['Basic'],['Land'],['Forest'],Common,PRM,None,None,None,({T}: Add {G}.)
Rhox War Monk,3.0,"['G', 'U', 'W']","['G', 'U', 'W']",None,['Creature'],"['Rhino', 'Monk']",Uncommon,PRM,3,4,None,Lifelink
Disdainful Stroke,2.0,['U'],['U'],None,['Instant'],None,Common,PRM,None,None,None,Counter target spell with mana value 4 or greater.
Forest,0.0,None,['G'],['Basic'],['Land'],['Forest'],Common,PRM,None,None,None,({T}: Add {G}.)
"Sheoldred, Whispering One",7.0,['B'],['B'],['Legendary'],['Creature'],"['Phyrexian', 'Praetor']",Mythic,PRM,6,6,None,"Swampwalk (This creature can't be blocked as long as defending player controls a Swamp.)\nAt the beginning of your upkeep, return target creature card from your graveyard to the battlefield.\nAt the beginning of each opponent's upkeep, that player sacrifices a creature."
Briber's Purse,0.0,None,None,None,['Artifact'],None,Uncommon,PRM,None,None,None,"Briber's Purse enters the battlefield with X gem counters on it.\n{1}, {T}, Remove a gem counter from Briber's Purse: Target creature can't attack or block this turn."
Forest,0.0,None,['G'],['Basic'],['Land'],['Forest'],Common,PRM,None,None,None,({T}: Add {G}.)
Maul Splicer,7.0,['G'],['G'],None,['Creature'],"['Phyrexian', 'Human', 'Artificer']",Common,PRM,1,1,None,"When Maul Splicer enters the battlefield, create two 3/3 colorless Phyrexian Golem artifact creature tokens.\nGolem creatures you control have trample."
Ghostfire Blade,1.0,None,None,None,['Artifact'],['Equipment'],Rare,PRM,None,None,None,Equipped creature gets +2/+2.\nEquip {3}\nGhostfire Blade's equip ability costs {2} less to activate if it targets a colorless creature.
Pack Leader,2.0,['W'],['W'],None,['Creature'],['Dog'],Rare,PRM,2,2,None,"Other Dogs you control get +1/+1.\nWhenever Pack Leader attacks, prevent all combat damage that would be dealt this turn to Dogs you control."
Phyrexian Metamorph,4.0,['U'],['U'],None,"['Artifact', 'Creature']","['Phyrexian', 'Shapeshifter']",Rare,PRM,0,0,None,"({U/P} can be paid with either {U} or 2 life.)\nYou may have Phyrexian Metamorph enter the battlefield as a copy of any artifact or creature on the battlefield, except it's an artifact in addition to its other types."
Mystic of the Hidden Way,5.0,['U'],['U'],None,['Creature'],"['Human', 'Monk']",Common,PRM,3,2,None,Mystic of the Hidden Way can't be blocked.\nMorph {2}{U} (You may cast this card face down as a 2/2 creature for {3}. Turn it face up any time for its morph cost.)
Priest of Urabrask,3.0,['R'],['R'],None,['Creature'],"['Phyrexian', 'Human', 'Cleric']",Uncommon,PRM,2,1,None,"When Priest of Urabrask enters the battlefield, add {R}{R}{R}."
Watcher of the Roost,3.0,['W'],['W'],None,['Creature'],"['Bird', 'Soldier']",Uncommon,PRM,2,1,None,"Flying\nMorph—Reveal a white card in your hand. (You may cast this card face down as a 2/2 creature for {3}. Turn it face up any time for its morph cost.)\nWhen Watcher of the Roost is turned face up, you gain 2 life."
Massacre Wurm,6.0,['B'],['B'],None,['Creature'],"['Phyrexian', 'Wurm']",Mythic,PRM,6,5,None,"When Massacre Wurm enters the battlefield, creatures your opponents control get -2/-2 until end of turn.\nWhenever a creature an opponent controls dies, that player loses 2 life."
Myr Superion,2.0,None,None,None,"['Artifact', 'Creature']",['Myr'],Rare,PRM,5,6,None,Spend only mana produced by creatures to cast this spell.
Jeering Instigator,2.0,['R'],['R'],None,['Creature'],"['Goblin', 'Rogue']",Rare,PRM,2,1,None,"Morph {2}{R} (You may cast this card face down as a 2/2 creature for {3}. Turn it face up any time for its morph cost.)\nWhen Jeering Instigator is turned face up, if it's your turn, gain control of another target creature until end of turn. Untap that creature. It gains haste until end of turn."
Solemn Simulacrum,4.0,None,None,None,"['Artifact', 'Creature']",['Golem'],Rare,PRM,2,2,None,"When Solemn Simulacrum enters the battlefield, you may search your library for a basic land card, put that card onto the battlefield tapped, then shuffle.\nWhen Solemn Simulacrum dies, you may draw a card."
Vault Skirge,2.0,['B'],['B'],None,"['Artifact', 'Creature']","['Phyrexian', 'Imp']",Common,PRM,1,1,None,({B/P} can be paid with either {B} or 2 life.)\nFlying\nLifelink (Damage dealt by this creature also causes you to gain that much life.)
Smite the Monstrous,4.0,['W'],['W'],None,['Instant'],None,Common,PRM,None,None,None,Destroy target creature with power 4 or greater.
Containment Priest,2.0,['W'],['W'],None,['Creature'],"['Human', 'Cleric']",Rare,PRM,2,2,None,"Flash\nIf a nontoken creature would enter the battlefield and it wasn't cast, exile it instead."
Pristine Talisman,3.0,None,None,None,['Artifact'],None,Common,PRM,None,None,None,{T}: Add {C}. You gain 1 life.
Reality Shift,2.0,['U'],['U'],None,['Instant'],None,Uncommon,PRM,None,None,None,"Exile target creature. Its controller manifests the top card of their library. (That player puts the top card of their library onto the battlefield face down as a 2/2 creature. If it's a creature card, it can be turned face up any time for its mana cost.)"
Surgical Extraction,1.0,['B'],['B'],None,['Instant'],None,Rare,PRM,None,None,None,"({B/P} can be paid with either {B} or 2 life.)\nChoose target card in a graveyard other than a basic land card. Search its owner's graveyard, hand, and library for any number of cards with the same name as that card and exile them. Then that player shuffles."
Ruthless Ripper,1.0,['B'],['B'],None,['Creature'],"['Human', 'Assassin']",Uncommon,PRM,1,1,None,"Deathtouch\nMorph—Reveal a black card in your hand. (You may cast this card face down as a 2/2 creature for {3}. Turn it face up any time for its morph cost.)\nWhen Ruthless Ripper is turned face up, target player loses 2 life."
Grim Tutor,3.0,['B'],['B'],None,['Sorcery'],None,Mythic,PRM,None,None,None,"Search your library for a card, put that card into your hand, then shuffle. You lose 3 life."
Suture Priest,2.0,['W'],['W'],None,['Creature'],"['Phyrexian', 'Cleric']",Common,PRM,1,1,None,"Whenever another creature enters the battlefield under your control, you may gain 1 life.\nWhenever a creature enters the battlefield under an opponent's control, you may have that player lose 1 life."
Write into Being,3.0,['U'],['U'],None,['Sorcery'],None,Common,PRM,None,None,None,"Look at the top two cards of your library. Manifest one of those cards, then put the other on the top or bottom of your library. (To manifest a card, put it onto the battlefield face down as a 2/2 creature. Turn it face up any time for its mana cost if it's a creature card.)"
"Mangara, the Diplomat",4.0,['W'],['W'],['Legendary'],['Creature'],"['Human', 'Cleric']",Mythic,PRM,2,4,None,"Lifelink\nWhenever an opponent attacks with creatures, if two or more of those creatures are attacking you and/or planeswalkers you control, draw a card.\nWhenever an opponent casts their second spell each turn, draw a card."
Swamp,0.0,None,['B'],['Basic'],['Land'],['Swamp'],Common,PRM,None,None,None,({T}: Add {B}.)
Debilitating Injury,2.0,['B'],['B'],None,['Enchantment'],['Aura'],Common,PRM,None,None,None,Enchant creature\nEnchanted creature gets -2/-2.
Plains,0.0,None,['W'],['Basic'],['Land'],['Plains'],Common,PRM,None,None,None,({T}: Add {W}.)
"Ugin, the Spirit Dragon",8.0,None,None,['Legendary'],['Planeswalker'],['Ugin'],Mythic,PRM,None,None,7,"[+2]: Ugin, the Spirit Dragon deals 3 damage to any target.\n[−X]: Exile each permanent with mana value X or less that's one or more colors.\n[−10]: You gain 7 life, draw seven cards, then put up to seven permanent cards from your hand onto the battlefield."
Speaker of the Heavens,1.0,['W'],['W'],None,['Creature'],"['Human', 'Cleric']",Rare,PRM,1,1,None,"Vigilance, lifelink\n{T}: Create a 4/4 white Angel creature token with flying. Activate only if you have at least 7 life more than your starting life total and only as a sorcery."
Mountain,0.0,None,['R'],['Basic'],['Land'],['Mountain'],Common,PRM,None,None,None,({T}: Add {R}.)
Ugin's Construct,4.0,None,None,None,"['Artifact', 'Creature']",['Construct'],Uncommon,PRM,4,5,None,"When Ugin's Construct enters the battlefield, sacrifice a permanent that's one or more colors."
Island,0.0,None,['U'],['Basic'],['Land'],['Island'],Common,PRM,None,None,None,({T}: Add {U}.)
Sultai Emissary,2.0,['B'],['B'],None,['Creature'],"['Zombie', 'Warrior']",Common,PRM,1,1,None,"When Sultai Emissary dies, manifest the top card of your library. (Put that card onto the battlefield face down as a 2/2 creature. Turn it face up any time for its mana cost if it's a creature card.)"
Idol of Endurance,3.0,['W'],['W'],None,['Artifact'],None,Rare,PRM,None,None,None,"When Idol of Endurance enters the battlefield, exile all creature cards with mana value 3 or less from your graveyard until Idol of Endurance leaves the battlefield.\n{1}{W}, {T}: Until end of turn, you may cast a creature spell from among cards exiled with Idol of Endurance without paying its mana cost."
Forest,0.0,None,['G'],['Basic'],['Land'],['Forest'],Common,PRM,None,None,None,({T}: Add {G}.)
Soul Summons,2.0,['W'],['W'],None,['Sorcery'],None,Common,PRM,None,None,None,Manifest the top card of your library. (Put it onto the battlefield face down as a 2/2 creature. Turn it face up any time for its mana cost if it's a creature card.)
Runed Halo,2.0,['W'],['W'],None,['Enchantment'],None,Rare,PRM,None,None,None,"As Runed Halo enters the battlefield, choose a card name.\nYou have protection from the chosen card name. (You can't be targeted, dealt damage, or enchanted by anything with that name.)"
Swamp,0.0,None,['B'],['Basic'],['Land'],['Swamp'],Common,PRM,None,None,None,({T}: Add {B}.)
Wildcall,2.0,['G'],['G'],None,['Sorcery'],None,Rare,PRM,None,None,None,"Manifest the top card of your library, then put X +1/+1 counters on it. (To manifest a card, put it onto the battlefield face down as a 2/2 creature. Turn it face up any time for its mana cost if it's a creature card.)"
Temple of Silence,0.0,None,"['B', 'W']",None,['Land'],None,Rare,PRM,None,None,None,"Temple of Silence enters the battlefield tapped.\nWhen Temple of Silence enters the battlefield, scry 1.\n{T}: Add {W} or {B}."
Plains,0.0,None,['W'],['Basic'],['Land'],['Plains'],Common,PRM,None,None,None,({T}: Add {W}.)
Formless Nurturing,4.0,['G'],['G'],None,['Sorcery'],None,Common,PRM,None,None,None,"Manifest the top card of your library, then put a +1/+1 counter on it. (To manifest a card, put it onto the battlefield face down as a 2/2 creature. Turn it face up any time for its mana cost if it's a creature card.)"
Nine Lives,3.0,['W'],['W'],None,['Enchantment'],None,Rare,PRM,None,None,None,"Hexproof\nIf a source would deal damage to you, prevent that damage and put an incarnation counter on Nine Lives.\nWhen there are nine or more incarnation counters on Nine Lives, exile it.\nWhen Nine Lives leaves the battlefield, you lose the game."
Mountain,0.0,None,['R'],['Basic'],['Land'],['Mountain'],Common,PRM,None,None,None,({T}: Add {R}.)
Hewed Stone Retainers,3.0,None,None,None,"['Artifact', 'Creature']",['Golem'],Uncommon,PRM,4,4,None,Cast this spell only if you've cast another spell this turn.
Ghostly Pilferer,2.0,['U'],['U'],None,['Creature'],"['Spirit', 'Rogue']",Rare,PRM,2,1,None,"Whenever Ghostly Pilferer becomes untapped, you may pay {2}. If you do, draw a card.\nWhenever an opponent casts a spell from anywhere other than their hand, draw a card.\nDiscard a card: Ghostly Pilferer can't be blocked this turn."
Island,0.0,None,['U'],['Basic'],['Land'],['Island'],Common,PRM,None,None,None,({T}: Add {U}.)
Fierce Invocation,5.0,['R'],['R'],None,['Sorcery'],None,Common,PRM,None,None,None,"Manifest the top card of your library, then put two +1/+1 counters on it. (To manifest a card, put it onto the battlefield face down as a 2/2 creature. Turn it face up any time for its mana cost if it's a creature card.)"
"Barrin, Tolarian Archmage",3.0,['U'],['U'],['Legendary'],['Creature'],"['Human', 'Wizard']",Rare,PRM,2,2,None,"When Barrin, Tolarian Archmage enters the battlefield, return up to one other target creature or planeswalker to its owner's hand.\nAt the beginning of your end step, if a permanent was put into your hand from the battlefield this turn, draw a card."
Forest,0.0,None,['G'],['Basic'],['Land'],['Forest'],Common,PRM,None,None,None,({T}: Add {G}.)
Arashin War Beast,7.0,['G'],['G'],None,['Creature'],['Beast'],Uncommon,PRM,6,6,None,"Whenever Arashin War Beast deals combat damage to one or more blocking creatures, manifest the top card of your library. (Put it onto the battlefield face down as a 2/2 creature. Turn it face up any time for its mana cost if it's a creature card.)"
Stormwing Entity,5.0,['U'],['U'],None,['Creature'],['Elemental'],Rare,PRM,3,3,None,"This spell costs {2}{U} less to cast if you've cast an instant or sorcery spell this turn.\nFlying\nProwess (Whenever you cast a noncreature spell, this creature gets +1/+1 until end of turn.)\nWhen Stormwing Entity enters the battlefield, scry 2."
Swamp,0.0,None,['B'],['Basic'],['Land'],['Swamp'],Common,PRM,None,None,None,({T}: Add {B}.)
Rishadan Port,0.0,None,None,None,['Land'],None,Rare,PRM,None,None,None,"{T}: Add {C}.\n{1}, {T}: Tap target land."
Sublime Epiphany,6.0,['U'],['U'],None,['Instant'],None,Rare,PRM,None,None,None,Choose one or more —\n• Counter target spell.\n• Counter target activated or triggered ability.\n• Return target nonland permanent to its owner's hand.\n• Create a token that's a copy of target creature you control.\n• Target player draws a card.
Plains,0.0,None,['W'],['Basic'],['Land'],['Plains'],Common,PRM,None,None,None,({T}: Add {W}.)
Reaper of the Wilds,4.0,"['B', 'G']","['B', 'G']",None,['Creature'],['Gorgon'],Rare,PRM,4,5,None,"Whenever another creature dies, scry 1. (Look at the top card of your library. You may put that card on the bottom of your library.)\n{B}: Reaper of the Wilds gains deathtouch until end of turn.\n{1}{G}: Reaper of the Wilds gains hexproof until end of turn."
Shacklegeist,2.0,['U'],['U'],None,['Creature'],['Spirit'],Rare,PRM,2,2,None,Flying\nShacklegeist can block only creatures with flying.\nTap two untapped Spirits you control: Tap target creature you don't control.
Mountain,0.0,None,['R'],['Basic'],['Land'],['Mountain'],Common,PRM,None,None,None,({T}: Add {R}.)
Courser of Kruphix,3.0,['G'],['G'],None,"['Enchantment', 'Creature']",['Centaur'],Rare,PRM,2,4,None,"Play with the top card of your library revealed.\nYou may play lands from the top of your library.\nLandfall — Whenever a land enters the battlefield under your control, you gain 1 life."
Temple of Epiphany,0.0,None,"['R', 'U']",None,['Land'],None,Rare,PRM,None,None,None,"Temple of Epiphany enters the battlefield tapped.\nWhen Temple of Epiphany enters the battlefield, scry 1.\n{T}: Add {U} or {R}."
Island,0.0,None,['U'],['Basic'],['Land'],['Island'],Common,PRM,None,None,None,({T}: Add {U}.)
Whip of Erebos,4.0,['B'],['B'],['Legendary'],"['Enchantment', 'Artifact']",None,Rare,PRM,None,None,None,"Creatures you control have lifelink.\n{2}{B}{B}, {T}: Return target creature card from your graveyard to the battlefield. It gains haste. Exile it at the beginning of the next end step. If it would leave the battlefield, exile it instead of putting it anywhere else. Activate only as a sorcery."
Discontinuity,6.0,['U'],['U'],None,['Instant'],None,Mythic,PRM,None,None,None,"As long as it's your turn, this spell costs {2}{U}{U} less to cast.\nEnd the turn. (Exile all spells and abilities from the stack, including this card. The player whose turn it is discards down to their maximum hand size. Damage wears off, and ""this turn"" and ""until end of turn"" effects end.)"
Forest,0.0,None,['G'],['Basic'],['Land'],['Forest'],Common,PRM,None,None,None,({T}: Add {G}.)
Hero's Downfall,3.0,['B'],['B'],None,['Instant'],None,Rare,PRM,None,None,None,Destroy target creature or planeswalker.
"Vito, Thorn of the Dusk Rose",3.0,['B'],['B'],['Legendary'],['Creature'],"['Vampire', 'Cleric']",Rare,PRM,1,3,None,"Whenever you gain life, target opponent loses that much life.\n{3}{B}{B}: Creatures you control gain lifelink until end of turn."
Squadron Hawk,2.0,['W'],['W'],None,['Creature'],['Bird'],Common,PRM,1,1,None,"Flying\nWhen Squadron Hawk enters the battlefield, you may search your library for up to three cards named Squadron Hawk, reveal them, put them into your hand, then shuffle."
Necropolis Fiend,9.0,['B'],['B'],None,['Creature'],['Demon'],Rare,PRM,4,5,None,"Delve (Each card you exile from your graveyard while casting this spell pays for {1}.)\nFlying\n{X}, {T}, Exile X cards from your graveyard: Target creature gets -X/-X until end of turn."
Hooded Blightfang,3.0,['B'],['B'],None,['Creature'],['Snake'],Rare,PRM,1,4,None,"Deathtouch\nWhenever a creature you control with deathtouch attacks, each opponent loses 1 life and you gain 1 life.\nWhenever a creature you control with deathtouch deals damage to a planeswalker, destroy that planeswalker."
Artisan of Kozilek,9.0,None,None,None,['Creature'],['Eldrazi'],Uncommon,PRM,10,9,None,"When you cast this spell, you may return target creature card from your graveyard to the battlefield.\nAnnihilator 2 (Whenever this creature attacks, defending player sacrifices two permanents.)"
Griselbrand,8.0,['B'],['B'],['Legendary'],['Creature'],['Demon'],Mythic,PRM,7,7,None,"Flying, lifelink\nPay 7 life: Draw seven cards."
Thieves' Guild Enforcer,1.0,['B'],['B'],None,['Creature'],"['Human', 'Rogue']",Rare,PRM,1,1,None,"Flash\nWhenever Thieves' Guild Enforcer or another Rogue enters the battlefield under your control, each opponent mills two cards.\nAs long as an opponent has eight or more cards in their graveyard, Thieves' Guild Enforcer gets +2/+1 and has deathtouch."
Sword of Fire and Ice,3.0,None,None,None,['Artifact'],['Equipment'],Rare,PRM,None,None,None,"Equipped creature gets +2/+2 and has protection from red and from blue.\nWhenever equipped creature deals combat damage to a player, Sword of Fire and Ice deals 2 damage to any target and you draw a card.\nEquip {2}"
Temporal Manipulation,5.0,['U'],['U'],None,['Sorcery'],None,Rare,PRM,None,None,None,Take an extra turn after this one.
Necromentia,3.0,['B'],['B'],None,['Sorcery'],None,Rare,PRM,None,None,None,"Choose a card name other than a basic land card name. Search target opponent's graveyard, hand, and library for any number of cards with that name and exile them. That player shuffles, then creates a 2/2 black Zombie creature token for each card exiled from their hand this way."
Signal Pest,1.0,None,None,None,"['Artifact', 'Creature']",['Pest'],Uncommon,PRM,0,1,None,"Battle cry (Whenever this creature attacks, each other attacking creature gets +1/+0 until end of turn.)\nSignal Pest can't be blocked except by creatures with flying or reach."
Supplant Form,6.0,['U'],['U'],None,['Instant'],None,Rare,PRM,None,None,None,Return target creature to its owner's hand. You create a token that's a copy of that creature.
Peer into the Abyss,7.0,['B'],['B'],None,['Sorcery'],None,Rare,PRM,None,None,None,Target player draws cards equal to half the number of cards in their library and loses half their life. Round up each time.
Hero of Bladehold,4.0,['W'],['W'],None,['Creature'],"['Human', 'Knight']",Mythic,PRM,3,4,None,"Battle cry (Whenever this creature attacks, each other attacking creature gets +1/+0 until end of turn.)\nWhenever Hero of Bladehold attacks, create two 1/1 white Soldier creature tokens that are tapped and attacking."
Sandsteppe Mastodon,7.0,['G'],['G'],None,['Creature'],['Elephant'],Rare,PRM,5,5,None,"Reach\nWhen Sandsteppe Mastodon enters the battlefield, bolster 5. (Choose a creature with the least toughness among creatures you control and put five +1/+1 counters on it.)"
Temple of Malady,0.0,None,"['B', 'G']",None,['Land'],None,Rare,PRM,None,None,None,"Temple of Malady enters the battlefield tapped.\nWhen Temple of Malady enters the battlefield, scry 1.\n{T}: Add {B} or {G}."
Tectonic Edge,0.0,None,None,None,['Land'],None,Uncommon,PRM,None,None,None,"{T}: Add {C}.\n{1}, {T}, Sacrifice Tectonic Edge: Destroy target nonbasic land. Activate only if an opponent controls four or more lands."
Shamanic Revelation,5.0,['G'],['G'],None,['Sorcery'],None,Rare,PRM,None,None,None,Draw a card for each creature you control.\nFerocious — You gain 4 life for each creature you control with power 4 or greater.
"Gadrak, the Crown-Scourge",3.0,['R'],['R'],['Legendary'],['Creature'],['Dragon'],Rare,PRM,5,4,None,"Flying\nGadrak, the Crown-Scourge can't attack unless you control four or more artifacts.\nAt the beginning of your end step, create a Treasure token for each nontoken creature that died this turn. (It's an artifact with ""{T}, Sacrifice this artifact: Add one mana of any color."")"
Mardu Shadowspear,1.0,['B'],['B'],None,['Creature'],"['Human', 'Warrior']",Uncommon,PRM,1,1,None,"Whenever Mardu Shadowspear attacks, each opponent loses 1 life.\nDash {1}{B} (You may cast this spell for its dash cost. If you do, it gains haste, and it's returned from the battlefield to its owner's hand at the beginning of the next end step.)"
Conspicuous Snoop,2.0,['R'],['R'],None,['Creature'],"['Goblin', 'Rogue']",Rare,PRM,2,2,None,"Play with the top card of your library revealed.\nYou may cast Goblin spells from the top of your library.\nAs long as the top card of your library is a Goblin card, Conspicuous Snoop has all activated abilities of that card."
Master's Call,3.0,['W'],['W'],None,['Instant'],None,Common,PRM,None,None,None,Create two 1/1 colorless Myr artifact creature tokens.
Temur War Shaman,6.0,['G'],['G'],None,['Creature'],"['Human', 'Shaman']",Rare,PRM,4,5,None,"When Temur War Shaman enters the battlefield, manifest the top card of your library. (Put that card onto the battlefield face down as a 2/2 creature. Turn it face up any time for its mana cost if it's a creature card.)\nWhenever a permanent you control is turned face up, if it's a creature, you may have it fight target creature you don't control."
Transmogrify,4.0,['R'],['R'],None,['Sorcery'],None,Rare,PRM,None,None,None,"Exile target creature. That creature's controller reveals cards from the top of their library until they reveal a creature card. That player puts that card onto the battlefield, then shuffles the rest into their library."
Treasure Mage,3.0,['U'],['U'],None,['Creature'],"['Human', 'Wizard']",Uncommon,PRM,2,2,None,"When Treasure Mage enters the battlefield, you may search your library for an artifact card with mana value 6 or greater, reveal it, put it into your hand, then shuffle."
Boltwing Marauder,5.0,"['B', 'R']","['B', 'R']",None,['Creature'],['Dragon'],Rare,PRM,5,4,None,"Flying\nWhenever another creature enters the battlefield under your control, target creature gets +2/+0 until end of turn."
Volcanic Salvo,12.0,['R'],['R'],None,['Sorcery'],None,Rare,PRM,None,None,None,"This spell costs {X} less to cast, where X is the total power of creatures you control.\nVolcanic Salvo deals 6 damage to each of up to two target creatures and/or planeswalkers."
Plague Myr,2.0,None,None,None,"['Artifact', 'Creature']","['Phyrexian', 'Myr']",Uncommon,PRM,1,1,None,Infect (This creature deals damage to creatures in the form of -1/-1 counters and to players in the form of poison counters.)\n{T}: Add {C}.
Flamerush Rider,5.0,['R'],['R'],None,['Creature'],"['Human', 'Warrior']",Rare,PRM,3,3,None,"Whenever Flamerush Rider attacks, create a token that's a copy of another target attacking creature and that's tapped and attacking. Exile the token at end of combat.\nDash {2}{R}{R} (You may cast this spell for its dash cost. If you do, it gains haste, and it's returned from the battlefield to its owner's hand at the beginning of the next end step.)"
Brash Taunter,5.0,['R'],['R'],None,['Creature'],['Goblin'],Rare,PRM,1,1,None,"Indestructible\nWhenever Brash Taunter is dealt damage, it deals that much damage to target opponent.\n{2}{R}, {T}: Brash Taunter fights another target creature."
Thopter Assembly,6.0,None,None,None,"['Artifact', 'Creature']",['Thopter'],Rare,PRM,5,5,None,"Flying\nAt the beginning of your upkeep, if you control no Thopters other than Thopter Assembly, return Thopter Assembly to its owner's hand and create five 1/1 colorless Thopter artifact creature tokens with flying."
Archfiend of Depravity,5.0,['B'],['B'],None,['Creature'],['Demon'],Rare,PRM,5,4,None,"Flying\nAt the beginning of each opponent's end step, that player chooses up to two creatures they control, then sacrifices the rest."
Terror of the Peaks,5.0,['R'],['R'],None,['Creature'],['Dragon'],Mythic,PRM,5,4,None,"Flying\nSpells your opponents cast that target Terror of the Peaks cost an additional 3 life to cast.\nWhenever another creature enters the battlefield under your control, Terror of the Peaks deals damage equal to that creature's power to any target."
Mirran Crusader,3.0,['W'],['W'],None,['Creature'],"['Human', 'Knight']",Rare,PRM,2,2,None,"Double strike, protection from black and from green"
Sage-Eye Avengers,6.0,['U'],['U'],None,['Creature'],"['Djinn', 'Monk']",Rare,PRM,4,5,None,"Prowess (Whenever you cast a noncreature spell, this creature gets +1/+1 until end of turn.)\nWhenever Sage-Eye Avengers attacks, you may return target creature to its owner's hand if its power is less than Sage-Eye Avengers's power."
Temple of Triumph,0.0,None,"['R', 'W']",None,['Land'],None,Rare,PRM,None,None,None,"Temple of Triumph enters the battlefield tapped.\nWhen Temple of Triumph enters the battlefield, scry 1.\n{T}: Add {R} or {W}."
Black Sun's Zenith,2.0,['B'],['B'],None,['Sorcery'],None,Rare,PRM,None,None,None,Put X -1/-1 counters on each creature. Shuffle Black Sun's Zenith into its owner's library.
Dragonscale General,4.0,['W'],['W'],None,['Creature'],"['Human', 'Warrior']",Rare,PRM,2,3,None,"At the beginning of your end step, bolster X, where X is the number of tapped creatures you control. (Choose a creature with the least toughness among creatures you control and put X +1/+1 counters on it.)"
Double Vision,5.0,['R'],['R'],None,['Enchantment'],None,Rare,PRM,None,None,None,"Whenever you cast your first instant or sorcery spell each turn, copy that spell. You may choose new targets for the copy."
Treasure Hunt,2.0,['U'],['U'],None,['Sorcery'],None,Common,PRM,None,None,None,"Reveal cards from the top of your library until you reveal a nonland card, then put all cards revealed this way into your hand."
Mastery of the Unseen,2.0,['W'],['W'],None,['Enchantment'],None,Rare,PRM,None,None,None,"Whenever a permanent you control is turned face up, you gain 1 life for each creature you control.\n{3}{W}: Manifest the top card of your library. (Put it onto the battlefield face down as a 2/2 creature. Turn it face up any time for its mana cost if it's a creature card.)"
"Jolrael, Mwonvuli Recluse",2.0,['G'],['G'],['Legendary'],['Creature'],"['Human', 'Druid']",Rare,PRM,1,2,None,"Whenever you draw your second card each turn, create a 2/2 green Cat creature token.\n{4}{G}{G}: Until end of turn, creatures you control have base power and toughness X/X, where X is the number of cards in your hand."
Searing Blaze,2.0,['R'],['R'],None,['Instant'],None,Common,PRM,None,None,None,"Searing Blaze deals 1 damage to target player or planeswalker and 1 damage to target creature that player or that planeswalker's controller controls.\nLandfall — If you had a land enter the battlefield under your control this turn, Searing Blaze deals 3 damage to that player or planeswalker and 3 damage to that creature instead."
Frenzied Goblin,1.0,['R'],['R'],None,['Creature'],"['Goblin', 'Berserker']",Uncommon,PRM,1,1,None,"Whenever Frenzied Goblin attacks, you may pay {R}. If you do, target creature can't block this turn."
Vendilion Clique,3.0,['U'],['U'],['Legendary'],['Creature'],"['Faerie', 'Wizard']",Rare,PRM,3,1,None,"Flash\nFlying\nWhen Vendilion Clique enters the battlefield, look at target player's hand. You may choose a nonland card from it. If you do, that player reveals the chosen card, puts it on the bottom of their library, then draws a card."
Sultai Ascendancy,3.0,"['B', 'G', 'U']","['B', 'G', 'U']",None,['Enchantment'],None,Rare,PRM,None,None,None,"At the beginning of your upkeep, surveil 2. (Look at the top two cards of your library, then put any number of them into your graveyard and the rest on top of your library in any order.)"
Sporeweb Weaver,3.0,['G'],['G'],None,['Creature'],['Spider'],Rare,PRM,1,4,None,"Reach, hexproof from blue\nWhenever Sporeweb Weaver is dealt damage, you gain 1 life and create a 1/1 green Saproling creature token."
Glistener Elf,1.0,['G'],['G'],None,['Creature'],"['Phyrexian', 'Elf', 'Warrior']",Common,PRM,1,1,None,Infect (This creature deals damage to creatures in the form of -1/-1 counters and to players in the form of poison counters.)
"Thalia, Guardian of Thraben",2.0,['W'],['W'],['Legendary'],['Creature'],"['Human', 'Soldier']",Rare,PRM,2,1,None,First strike\nNoncreature spells cost {1} more to cast.
Heroic Intervention,2.0,['G'],['G'],None,['Instant'],None,Rare,PRM,None,None,None,Permanents you control gain hexproof and indestructible until end of turn.
Bitterblossom,2.0,['B'],['B'],None,"['Tribal', 'Enchantment']",['Faerie'],Rare,PRM,None,None,None,"At the beginning of your upkeep, you lose 1 life and create a 1/1 black Faerie Rogue creature token with flying."
Shardless Agent,3.0,"['G', 'U']","['G', 'U']",None,"['Artifact', 'Creature']","['Human', 'Rogue']",Uncommon,PRM,2,2,None,"Cascade (When you cast this spell, exile cards from the top of your library until you exile a nonland card that costs less. You may cast it without paying its mana cost. Put the exiled cards on the bottom of your library in a random order.)"
Primal Might,1.0,['G'],['G'],None,['Sorcery'],None,Rare,PRM,None,None,None,Target creature you control gets +X/+X until end of turn. Then it fights up to one target creature you don't control.
Wall of Omens,2.0,['W'],['W'],None,['Creature'],['Wall'],Uncommon,PRM,0,4,None,"Defender\nWhen Wall of Omens enters the battlefield, draw a card."
Shadowmage Infiltrator,3.0,"['B', 'U']","['B', 'U']",None,['Creature'],"['Human', 'Wizard']",Rare,PRM,1,3,None,"Fear (This creature can't be blocked except by artifact creatures and/or black creatures.)\nWhenever Shadowmage Infiltrator deals combat damage to a player, you may draw a card."
Spellstutter Sprite,2.0,['U'],['U'],None,['Creature'],"['Faerie', 'Wizard']",Common,PRM,1,1,None,"Flash\nFlying\nWhen Spellstutter Sprite enters the battlefield, counter target spell with mana value X or less, where X is the number of Faeries you control."
Dragon Throne of Tarkir,4.0,None,None,['Legendary'],['Artifact'],['Equipment'],Rare,PRM,None,None,None,"Equipped creature has defender and ""{2}, {T}: Other creatures you control gain trample and get +X/+X until end of turn, where X is this creature's power.""\nEquip {3}"
Elder Gargaroth,5.0,['G'],['G'],None,['Creature'],['Beast'],Mythic,PRM,6,6,None,"Vigilance, reach, trample\nWhenever Elder Gargaroth attacks or blocks, choose one —\n• Create a 3/3 green Beast creature token.\n• You gain 3 life.\n• Draw a card."
Everflowing Chalice,0.0,None,None,None,['Artifact'],None,Uncommon,PRM,None,None,None,Multikicker {2} (You may pay an additional {2} any number of times as you cast this spell.)\nEverflowing Chalice enters the battlefield with a charge counter on it for each time it was kicked.\n{T}: Add {C} for each charge counter on Everflowing Chalice.
Utter End,4.0,"['B', 'W']","['B', 'W']",None,['Instant'],None,Rare,PRM,None,None,None,Exile target nonland permanent.
Fabled Passage,0.0,None,None,None,['Land'],None,Rare,PRM,None,None,None,"{T}, Sacrifice Fabled Passage: Search your library for a basic land card, put it onto the battlefield tapped, then shuffle. Then if you control four or more lands, untap that land."
"Glissa, the Traitor",3.0,"['B', 'G']","['B', 'G']",['Legendary'],['Creature'],"['Phyrexian', 'Zombie', 'Elf']",Mythic,PRM,3,3,None,"First strike, deathtouch\nWhenever a creature an opponent controls dies, you may return target artifact card from your graveyard to your hand."
Sultai Charm,3.0,"['B', 'G', 'U']","['B', 'G', 'U']",None,['Instant'],None,Uncommon,PRM,None,None,None,"Choose one —\n• Destroy target monocolored creature.\n• Destroy target artifact or enchantment.\n• Draw two cards, then discard a card."
Sparkhunter Masticore,3.0,None,None,None,"['Artifact', 'Creature']",['Masticore'],Rare,PRM,3,4,None,"As an additional cost to cast this spell, discard a card.\nProtection from planeswalkers\n{1}: Sparkhunter Masticore deals 1 damage to target planeswalker.\n{3}: Sparkhunter Masticore gains indestructible until end of turn."
Peace Strider,4.0,None,None,None,"['Artifact', 'Creature']",['Construct'],Uncommon,PRM,3,3,None,"When Peace Strider enters the battlefield, you gain 3 life."
Baneslayer Angel,5.0,['W'],['W'],None,['Creature'],['Angel'],Mythic,PRM,5,5,None,"Flying, first strike, lifelink, protection from Demons and from Dragons"
Pierce Strider,4.0,None,None,None,"['Artifact', 'Creature']","['Phyrexian', 'Construct']",Uncommon,PRM,3,3,None,"When Pierce Strider enters the battlefield, target opponent loses 3 life."
Fanatic of Xenagos,3.0,"['G', 'R']","['G', 'R']",None,['Creature'],"['Centaur', 'Warrior']",Uncommon,PRM,3,3,None,"Trample\nTribute 1 (As this creature enters the battlefield, an opponent of your choice may put a +1/+1 counter on it.)\nWhen Fanatic of Xenagos enters the battlefield, if tribute wasn't paid, it gets +1/+1 and gains haste until end of turn."
Fiery Emancipation,6.0,['R'],['R'],None,['Enchantment'],None,Mythic,PRM,None,None,None,"If a source you control would deal damage to a permanent or player, it deals triple that damage to that permanent or player instead."
Laquatus's Champion,6.0,['B'],['B'],None,['Creature'],"['Nightmare', 'Horror']",Rare,PRM,6,3,None,"When Laquatus's Champion enters the battlefield, target player loses 6 life.\nWhen Laquatus's Champion leaves the battlefield, that player gains 6 life.\n{B}: Regenerate Laquatus's Champion."
Rattleclaw Mystic,2.0,['G'],"['G', 'R', 'U']",None,['Creature'],"['Human', 'Shaman']",Rare,PRM,2,1,None,"{T}: Add {G}, {U}, or {R}.\nMorph {2} (You may cast this card face down as a 2/2 creature for {3}. Turn it face up any time for its morph cost.)\nWhen Rattleclaw Mystic is turned face up, add {G}{U}{R}."
Chromatic Orrery,7.0,None,None,['Legendary'],['Artifact'],None,Mythic,PRM,None,None,None,"You may spend mana as though it were mana of any color.\n{T}: Add {C}{C}{C}{C}{C}.\n{5}, {T}: Draw a card for each color among permanents you control."
Heir of the Wilds,2.0,['G'],['G'],None,['Creature'],"['Human', 'Warrior']",Uncommon,PRM,2,2,None,"Deathtouch\nFerocious — Whenever Heir of the Wilds attacks, if you control a creature with power 4 or greater, Heir of the Wilds gets +1/+1 until end of turn."
Feline Sovereign,3.0,['G'],['G'],None,['Creature'],['Cat'],Rare,PRM,2,3,None,"Other Cats you control get +1/+1 and have protection from Dogs.\nWhenever one or more Cats you control deal combat damage to a player, destroy up to one target artifact or enchantment that player controls."
Memnite,0.0,None,None,None,"['Artifact', 'Creature']",['Construct'],Uncommon,PRM,1,1,None,None
Stoke the Flames,4.0,['R'],['R'],None,['Instant'],None,Uncommon,PRM,None,None,None,Convoke (Your creatures can help cast this spell. Each creature you tap while casting this spell pays for {1} or one mana of that creature's color.)\nStoke the Flames deals 4 damage to any target.
"Subira, Tulzidi Caravanner",3.0,['R'],['R'],['Legendary'],['Creature'],"['Human', 'Shaman']",Rare,PRM,2,3,None,"Haste\n{1}: Another target creature with power 2 or less can't be blocked this turn.\n{1}{R}, {T}, Discard your hand: Until end of turn, whenever a creature you control with power 2 or less deals combat damage to a player, draw a card."
Golem's Heart,2.0,None,None,None,['Artifact'],None,Uncommon,PRM,None,None,None,"Whenever a player casts an artifact spell, you may gain 1 life."
Brain Maggot,2.0,['B'],['B'],None,"['Enchantment', 'Creature']",['Insect'],Uncommon,PRM,1,1,None,"When Brain Maggot enters the battlefield, target opponent reveals their hand and you choose a nonland card from it. Exile that card until Brain Maggot leaves the battlefield."
Mazemind Tome,2.0,None,None,None,['Artifact'],None,Rare,PRM,None,None,None,"{T}, Put a page counter on Mazemind Tome: Scry 1.\n{2}, {T}, Put a page counter on Mazemind Tome: Draw a card.\nWhen there are four or more page counters on Mazemind Tome, exile it. If you do, you gain 4 life."
Plague Stinger,2.0,['B'],['B'],None,['Creature'],"['Phyrexian', 'Insect', 'Horror']",Common,PRM,1,1,None,Flying\nInfect (This creature deals damage to creatures in the form of -1/-1 counters and to players in the form of poison counters.)
Zurgo Helmsmasher,5.0,"['B', 'R', 'W']","['B', 'R', 'W']",['Legendary'],['Creature'],"['Orc', 'Warrior']",Mythic,PRM,7,2,None,"Haste\nZurgo Helmsmasher attacks each combat if able.\nZurgo Helmsmasher has indestructible as long as it's your turn.\nWhenever a creature dealt damage by Zurgo Helmsmasher this turn dies, put a +1/+1 counter on Zurgo Helmsmasher."
Animal Sanctuary,0.0,None,None,None,['Land'],None,Rare,PRM,None,None,None,"{T}: Add {C}.\n{2}, {T}: Put a +1/+1 counter on target Bird, Cat, Dog, Goat, Ox, or Snake."
Tempered Steel,3.0,['W'],['W'],None,['Enchantment'],None,Rare,PRM,None,None,None,Artifact creatures you control get +2/+2.
Arcanis the Omnipotent,6.0,['U'],['U'],['Legendary'],['Creature'],['Wizard'],Mythic,PRM,3,4,None,{T}: Draw three cards.\n{2}{U}{U}: Return Arcanis the Omnipotent to its owner's hand.
"Kaervek, the Spiteful",4.0,['B'],['B'],['Legendary'],['Creature'],"['Human', 'Warlock']",Rare,PRM,3,2,None,Other creatures get -1/-1.
Memoricide,4.0,['B'],['B'],None,['Sorcery'],None,Rare,PRM,None,None,None,"Choose a nonland card name. Search target player's graveyard, hand, and library for any number of cards with that name and exile them. Then that player shuffles."
"Radha, Heart of Keld",3.0,"['G', 'R']","['G', 'R']",['Legendary'],['Creature'],"['Elf', 'Warrior']",Rare,PRM,3,3,None,"As long as it's your turn, Radha, Heart of Keld has first strike.\nYou may look at the top card of your library any time, and you may play lands from the top of your library.\n{4}{R}{G}: Radha gets +X/+X until end of turn, where X is the number of lands you control."
Liliana's Specter,3.0,['B'],['B'],None,['Creature'],['Specter'],Common,PRM,2,1,None,"Flying\nWhen Liliana's Specter enters the battlefield, each opponent discards a card."
Repeal,1.0,['U'],['U'],None,['Instant'],None,Common,PRM,None,None,None,Return target nonland permanent with mana value X to its owner's hand.\nDraw a card.
"Niambi, Esteemed Speaker",2.0,"['U', 'W']","['U', 'W']",['Legendary'],['Creature'],"['Human', 'Cleric']",Rare,PRM,2,1,None,"Flash\nWhen Niambi, Esteemed Speaker enters the battlefield, you may return another target creature you control to its owner's hand. If you do, you gain life equal to that creature's mana value.\n{1}{W}{U}, {T}, Discard a legendary card: Draw two cards."
Doom Blade,2.0,['B'],['B'],None,['Instant'],None,Common,PRM,None,None,None,Destroy target nonblack creature.
Sage of the Inward Eye,5.0,"['R', 'U', 'W']","['R', 'U', 'W']",None,['Creature'],"['Djinn', 'Wizard']",Rare,PRM,3,4,None,"Flying\nWhenever you cast a noncreature spell, creatures you control gain lifelink until end of turn."
Sanctum of All,5.0,"['B', 'G', 'R', 'U', 'W']","['B', 'G', 'R', 'U', 'W']",['Legendary'],['Enchantment'],['Shrine'],Rare,PRM,None,None,None,"At the beginning of your upkeep, you may search your library and/or graveyard for a Shrine card and put it onto the battlefield. If you search your library this way, shuffle.\nIf an ability of another Shrine you control triggers while you control six or more Shrines, that ability triggers an additional time."
Steel Hellkite,6.0,None,None,None,"['Artifact', 'Creature']",['Dragon'],Rare,PRM,5,5,None,Flying\n{2}: Steel Hellkite gets +1/+0 until end of turn.\n{X}: Destroy each nonland permanent with mana value X whose controller was dealt combat damage by Steel Hellkite this turn. Activate only once each turn.
Rakshasa Vizier,5.0,"['B', 'G', 'U']","['B', 'G', 'U']",None,['Creature'],['Demon'],Rare,PRM,4,4,None,"Whenever one or more cards are put into exile from your graveyard, put that many +1/+1 counters on Rakshasa Vizier."
See the Truth,2.0,['U'],['U'],None,['Sorcery'],None,Rare,PRM,None,None,None,"Look at the top three cards of your library. Put one of those cards into your hand and the rest on the bottom of your library in any order. If this spell was cast from anywhere other than your hand, put each of those cards into your hand instead."
Wurmcoil Engine,6.0,None,None,None,"['Artifact', 'Creature']","['Phyrexian', 'Wurm']",Mythic,PRM,6,6,None,"Deathtouch, lifelink\nWhen Wurmcoil Engine dies, create a 3/3 colorless Phyrexian Wurm artifact creature token with deathtouch and a 3/3 colorless Phyrexian Wurm artifact creature token with lifelink."
Avalanche Tusker,5.0,"['G', 'R', 'U']","['G', 'R', 'U']",None,['Creature'],"['Elephant', 'Warrior']",Rare,PRM,6,4,None,"Whenever Avalanche Tusker attacks, target creature defending player controls blocks it this combat if able."
Pursued Whale,7.0,['U'],['U'],None,['Creature'],['Whale'],Rare,PRM,8,8,None,"When Pursued Whale enters the battlefield, each opponent creates a 1/1 red Pirate creature token with ""This creature can't block"" and ""Creatures you control attack each combat if able.""\nSpells your opponents cast that target Pursued Whale cost {3} more to cast."
Brave the Elements,1.0,['W'],['W'],None,['Instant'],None,Uncommon,PRM,None,None,None,Choose a color. White creatures you control gain protection from the chosen color until end of turn.
Ankle Shanker,5.0,"['B', 'R', 'W']","['B', 'R', 'W']",None,['Creature'],"['Goblin', 'Berserker']",Rare,PRM,2,2,None,"Haste\nWhenever Ankle Shanker attacks, creatures you control gain first strike and deathtouch until end of turn."
Demonic Embrace,3.0,['B'],['B'],None,['Enchantment'],['Aura'],Rare,PRM,None,None,None,"Enchant creature\nEnchanted creature gets +3/+1, has flying, and is a Demon in addition to its other types.\nYou may cast Demonic Embrace from your graveyard by paying 3 life and discarding a card in addition to paying its other costs."
Gatekeeper of Malakir,2.0,['B'],['B'],None,['Creature'],"['Vampire', 'Warrior']",Uncommon,PRM,2,2,None,"Kicker {B} (You may pay an additional {B} as you cast this spell.)\nWhen Gatekeeper of Malakir enters the battlefield, if it was kicked, target player sacrifices a creature."
Ivorytusk Fortress,5.0,"['B', 'G', 'W']","['B', 'G', 'W']",None,['Creature'],['Elephant'],Rare,PRM,5,7,None,Untap each creature you control with a +1/+1 counter on it during each other player's untap step.
Expedition Map,1.0,None,None,None,['Artifact'],None,Rare,PRM,None,None,None,"{2}, {T}, Sacrifice Expedition Map: Search your library for a land card, reveal it, put it into your hand, then shuffle."
Wild Nacatl,1.0,['G'],['G'],None,['Creature'],"['Cat', 'Warrior']",Common,PRM,1,1,None,Wild Nacatl gets +1/+1 as long as you control a Mountain.\nWild Nacatl gets +1/+1 as long as you control a Plains.
Swamp,0.0,None,['B'],['Basic'],['Land'],['Swamp'],Common,PRM,None,None,None,({T}: Add {B}.)
Rift Bolt,3.0,['R'],['R'],None,['Sorcery'],None,Common,PRM,None,None,None,"Rift Bolt deals 3 damage to any target.\nSuspend 1—{R} (Rather than cast this card from your hand, you may pay {R} and exile it with a time counter on it. At the beginning of your upkeep, remove a time counter. When the last is removed, you may cast it without paying its mana cost.)"
Island,0.0,None,['U'],['Basic'],['Land'],['Island'],Common,PRM,None,None,None,({T}: Add {U}.)
Ajani Goldmane,4.0,['W'],['W'],['Legendary'],['Planeswalker'],['Ajani'],Mythic,PRM,None,None,4,"[+1]: You gain 2 life.\n[−1]: Put a +1/+1 counter on each creature you control. Those creatures gain vigilance until end of turn.\n[−6]: Create a white Avatar creature token. It has ""This creature's power and toughness are each equal to your life total."""
Plains,0.0,None,['W'],['Basic'],['Land'],['Plains'],Common,PRM,None,None,None,({T}: Add {W}.)
Maelstrom Pulse,3.0,"['B', 'G']","['B', 'G']",None,['Sorcery'],None,Rare,PRM,None,None,None,Destroy target nonland permanent and all other permanents with the same name as that permanent.
Mountain,0.0,None,['R'],['Basic'],['Land'],['Mountain'],Common,PRM,None,None,None,({T}: Add {R}.)
Krosan Grip,3.0,['G'],['G'],None,['Instant'],None,Uncommon,PRM,None,None,None,"Split second (As long as this spell is on the stack, players can't cast spells or activate abilities that aren't mana abilities.)\nDestroy target artifact or enchantment."
Arashin Sovereign,7.0,"['G', 'W']","['G', 'W']",None,['Creature'],['Dragon'],Rare,PRM,6,6,None,"Flying\nWhen Arashin Sovereign dies, you may put it on the top or bottom of its owner's library."
Harrow,3.0,['G'],['G'],None,['Instant'],None,Common,PRM,None,None,None,"As an additional cost to cast this spell, sacrifice a land.\nSearch your library for up to two basic land cards, put them onto the battlefield, then shuffle."
Forest,0.0,None,['G'],['Basic'],['Land'],['Forest'],Common,PRM,None,None,None,({T}: Add {G}.)
Mitotic Slime,5.0,['G'],['G'],None,['Creature'],['Ooze'],Rare,PRM,4,4,None,"When Mitotic Slime dies, create two 2/2 green Ooze creature tokens. They have ""When this creature dies, create two 1/1 green Ooze creature tokens."""
Hydra Broodmaster,6.0,['G'],['G'],None,['Creature'],['Hydra'],Rare,PRM,7,7,None,"{X}{X}{G}: Monstrosity X. (If this creature isn't monstrous, put X +1/+1 counters on it and it becomes monstrous.)\nWhen Hydra Broodmaster becomes monstrous, create X X/X green Hydra creature tokens."
Burst Lightning,1.0,['R'],['R'],None,['Instant'],None,Common,PRM,None,None,None,"Kicker {4} (You may pay an additional {4} as you cast this spell.)\nBurst Lightning deals 2 damage to any target. If this spell was kicked, it deals 4 damage instead."
Font of Fertility,1.0,['G'],['G'],None,['Enchantment'],None,Common,PRM,None,None,None,"{1}{G}, Sacrifice Font of Fertility: Search your library for a basic land card, put it onto the battlefield tapped, then shuffle."
Cyclonic Rift,2.0,['U'],['U'],None,['Instant'],None,Rare,PRM,None,None,None,"Return target nonland permanent you don't control to its owner's hand.\nOverload {6}{U} (You may cast this spell for its overload cost. If you do, change ""target"" in its text to ""each."")"
Qasali Pridemage,2.0,"['G', 'W']","['G', 'W']",None,['Creature'],"['Cat', 'Wizard']",Common,PRM,2,2,None,"Exalted (Whenever a creature you control attacks alone, that creature gets +1/+1 until end of turn.)\n{1}, Sacrifice Qasali Pridemage: Destroy target artifact or enchantment."
Temple of Mystery,0.0,None,"['G', 'U']",None,['Land'],None,Rare,PRM,None,None,None,"Temple of Mystery enters the battlefield tapped.\nWhen Temple of Mystery enters the battlefield, scry 1.\n{T}: Add {G} or {U}."
Academy Ruins,0.0,None,['U'],['Legendary'],['Land'],None,Rare,PRM,None,None,None,"{T}: Add {C}.\n{1}{U}, {T}: Put target artifact card from your graveyard on top of your library."
Anathemancer,3.0,"['B', 'R']","['B', 'R']",None,['Creature'],"['Zombie', 'Wizard']",Uncommon,PRM,2,2,None,"When Anathemancer enters the battlefield, it deals damage to target player equal to the number of nonbasic lands that player controls.\nUnearth {5}{B}{R} ({5}{B}{R}: Return this card from your graveyard to the battlefield. It gains haste. Exile it at the beginning of the next end step or if it would leave the battlefield. Unearth only as a sorcery.)"
Prophet of Kruphix,5.0,"['G', 'U']","['G', 'U']",None,['Creature'],"['Human', 'Wizard']",Rare,PRM,2,3,None,Untap all creatures and lands you control during each other player's untap step.\nYou may cast creature spells as though they had flash.
Council's Judgment,3.0,['W'],['W'],None,['Sorcery'],None,Rare,PRM,None,None,None,"Will of the council — Starting with you, each player votes for a nonland permanent you don't control. Exile each permanent with the most votes or tied for most votes."
Birds of Paradise,1.0,['G'],['G'],None,['Creature'],['Bird'],Rare,PRM,0,1,None,Flying\n{T}: Add one mana of any color.
Prognostic Sphinx,5.0,['U'],['U'],None,['Creature'],['Sphinx'],Rare,PRM,3,5,None,"Flying\nDiscard a card: Prognostic Sphinx gains hexproof until end of turn. Tap it.\nWhenever Prognostic Sphinx attacks, scry 3."
Sun Titan,6.0,['W'],['W'],None,['Creature'],['Giant'],Mythic,PRM,6,6,None,"Vigilance\nWhenever Sun Titan enters the battlefield or attacks, you may return target permanent card with mana value 3 or less from your graveyard to the battlefield."
Banishing Light,3.0,['W'],['W'],None,['Enchantment'],None,Uncommon,PRM,None,None,None,"When Banishing Light enters the battlefield, exile target nonland permanent an opponent controls until Banishing Light leaves the battlefield."
Blood Moon,3.0,['R'],['R'],None,['Enchantment'],None,Rare,PRM,None,None,None,Nonbasic lands are Mountains.
Ancient Hellkite,7.0,['R'],['R'],None,['Creature'],['Dragon'],Rare,PRM,6,6,None,Flying\n{R}: Ancient Hellkite deals 1 damage to target creature defending player controls. Activate only if Ancient Hellkite is attacking.
Bile Blight,2.0,['B'],['B'],None,['Instant'],None,Uncommon,PRM,None,None,None,Target creature and all other creatures with the same name as that creature get -3/-3 until end of turn.
Sylvan Ranger,2.0,['G'],['G'],None,['Creature'],"['Elf', 'Scout', 'Ranger']",Common,PRM,1,1,None,"When Sylvan Ranger enters the battlefield, you may search your library for a basic land card, reveal it, put it into your hand, then shuffle."
Reclamation Sage,3.0,['G'],['G'],None,['Creature'],"['Elf', 'Shaman']",Uncommon,PRM,2,1,None,"When Reclamation Sage enters the battlefield, you may destroy target artifact or enchantment."
Siege Dragon,7.0,['R'],['R'],None,['Creature'],['Dragon'],Rare,PRM,5,5,None,"Flying\nWhen Siege Dragon enters the battlefield, destroy all Walls your opponents control.\nWhenever Siege Dragon attacks, if defending player controls no Walls, it deals 2 damage to each creature without flying that player controls."
Goblin Rabblemaster,3.0,['R'],['R'],None,['Creature'],"['Goblin', 'Warrior']",Rare,PRM,2,2,None,"Other Goblin creatures you control attack each combat if able.\nAt the beginning of combat on your turn, create a 1/1 red Goblin creature token with haste.\nWhenever Goblin Rabblemaster attacks, it gets +1/+0 until end of turn for each other attacking Goblin."
Toxic Deluge,3.0,['B'],['B'],None,['Sorcery'],None,Rare,PRM,None,None,None,"As an additional cost to cast this spell, pay X life.\nAll creatures get -X/-X until end of turn."
Sorrow's Path,0.0,None,None,None,['Land'],None,Rare,PRM,None,None,None,"{T}: Choose two target blocking creatures an opponent controls. If each of those creatures could block all creatures that the other is blocking, remove both of them from combat. Each one then blocks all creatures the other was blocking.\nWhenever Sorrow's Path becomes tapped, it deals 2 damage to you and each creature you control."
Phytotitan,6.0,['G'],['G'],None,['Creature'],"['Plant', 'Elemental']",Rare,PRM,7,2,None,"When Phytotitan dies, return it to the battlefield tapped under its owner's control at the beginning of their next upkeep."
Wheel of Fortune,3.0,['R'],['R'],None,['Sorcery'],None,Rare,PRM,None,None,None,"Each player discards their hand, then draws seven cards."
In Garruk's Wake,9.0,['B'],['B'],None,['Sorcery'],None,Rare,PRM,None,None,None,Destroy all creatures you don't control and all planeswalkers you don't control.
Thoughtseize,1.0,['B'],['B'],None,['Sorcery'],None,Rare,PRM,None,None,None,Target player reveals their hand. You choose a nonland card from it. That player discards that card. You lose 2 life.
Wasteland,0.0,None,None,None,['Land'],None,Uncommon,PRM,None,None,None,"{T}: Add {C}.\n{T}, Sacrifice Wasteland: Destroy target nonbasic land."
Mercurial Pretender,5.0,['U'],['U'],None,['Creature'],['Shapeshifter'],Rare,PRM,0,0,None,"You may have Mercurial Pretender enter the battlefield as a copy of a creature you control, except it has ""{2}{U}{U}: Return this creature to its owner's hand."""
Guul Draz Assassin,1.0,['B'],['B'],None,['Creature'],"['Vampire', 'Assassin']",Rare,PRM,1,1,None,"Level up {1}{B} ({1}{B}: Put a level counter on this. Level up only as a sorcery.)\nLEVEL 2-3\n2/2\n{B}, {T}: Target creature gets -2/-2 until end of turn.\nLEVEL 4+\n4/4\n{B}, {T}: Target creature gets -4/-4 until end of turn."
Chief Engineer,2.0,['U'],['U'],None,['Creature'],"['Vedalken', 'Artificer']",Rare,PRM,1,3,None,Artifact spells you cast have convoke. (Your creatures can help cast those spells. Each creature you tap while casting an artifact spell pays for {1} or one mana of that creature's color.)
Sword of War and Peace,3.0,None,None,None,['Artifact'],['Equipment'],Mythic,PRM,None,None,None,"Equipped creature gets +2/+2 and has protection from red and from white.\nWhenever equipped creature deals combat damage to a player, Sword of War and Peace deals damage to that player equal to the number of cards in their hand and you gain 1 life for each card in your hand.\nEquip {2}"
"Emrakul, the Aeons Torn",15.0,None,None,['Legendary'],['Creature'],['Eldrazi'],Mythic,PRM,15,15,None,"This spell can't be countered.\nWhen you cast this spell, take an extra turn after this one.\nFlying, protection from spells that are one or more colors, annihilator 6\nWhen Emrakul, the Aeons Torn is put into a graveyard from anywhere, its owner shuffles their graveyard into their library."
Indulgent Tormentor,5.0,['B'],['B'],None,['Creature'],['Demon'],Rare,PRM,5,3,None,"Flying\nAt the beginning of your upkeep, draw a card unless target opponent sacrifices a creature or pays 3 life."
Ravenous Demon // Archdemon of Greed,5.0,['B'],['B'],None,['Creature'],['Demon'],Rare,PRM,4,4,None,Sacrifice a Human: Transform Ravenous Demon. Activate only as a sorcery.
Resolute Archangel,7.0,['W'],['W'],None,['Creature'],['Angel'],Rare,PRM,4,4,None,"Flying\nWhen Resolute Archangel enters the battlefield, if your life total is less than your starting life total, it becomes equal to your starting life total."
Sword of Body and Mind,3.0,None,None,None,['Artifact'],['Equipment'],Mythic,PRM,None,None,None,"Equipped creature gets +2/+2 and has protection from green and from blue.\nWhenever equipped creature deals combat damage to a player, you create a 2/2 green Wolf creature token and that player mills ten cards.\nEquip {2}"
Lord of Shatterskull Pass,4.0,['R'],['R'],None,['Creature'],"['Minotaur', 'Shaman']",Rare,PRM,3,3,None,"Level up {1}{R} ({1}{R}: Put a level counter on this. Level up only as a sorcery.)\nLEVEL 1-5\n6/6\nLEVEL 6+\n6/6\nWhenever Lord of Shatterskull Pass attacks, it deals 6 damage to each creature defending player controls."
Fated Intervention,5.0,['G'],['G'],None,['Instant'],None,Rare,PRM,None,None,None,"Create two 3/3 green Centaur enchantment creature tokens. If it's your turn, scry 2. (Look at the top two cards of your library, then put any number of them on the bottom of your library and the rest on top in any order.)"
Cloudpost,0.0,None,None,None,['Land'],['Locus'],Common,PRM,None,None,None,Cloudpost enters the battlefield tapped.\n{T}: Add {C} for each Locus on the battlefield.
Magister of Worth,6.0,"['B', 'W']","['B', 'W']",None,['Creature'],['Angel'],Rare,PRM,4,4,None,"Flying\nWill of the council — When Magister of Worth enters the battlefield, starting with you, each player votes for grace or condemnation. If grace gets more votes, each player returns each creature card from their graveyard to the battlefield. If condemnation gets more votes or the vote is tied, destroy all creatures other than Magister of Worth."
Sword of Light and Shadow,3.0,None,None,None,['Artifact'],['Equipment'],Mythic,PRM,None,None,None,"Equipped creature gets +2/+2 and has protection from white and from black.\nWhenever equipped creature deals combat damage to a player, you gain 3 life and you may return up to one target creature card from your graveyard to your hand.\nEquip {2}"
Bloodbraid Elf,4.0,"['G', 'R']","['G', 'R']",None,['Creature'],"['Elf', 'Berserker']",Uncommon,PRM,3,2,None,"Haste\nCascade (When you cast this spell, exile cards from the top of your library until you exile a nonland card that costs less. You may cast it without paying its mana cost. Put the exiled cards on the bottom of your library in a random order.)"
Hall of Triumph,3.0,None,None,['Legendary'],['Artifact'],None,Rare,PRM,None,None,None,"As Hall of Triumph enters the battlefield, choose a color.\nCreatures you control of the chosen color get +1/+1."
Blightsteel Colossus,12.0,None,None,None,"['Artifact', 'Creature']","['Phyrexian', 'Golem']",Mythic,PRM,11,11,None,"Trample, infect, indestructible\nIf Blightsteel Colossus would be put into a graveyard from anywhere, reveal Blightsteel Colossus and shuffle it into its owner's library instead."
Elvish Visionary,2.0,['G'],['G'],None,['Creature'],"['Elf', 'Shaman']",Common,PRM,1,1,None,"When Elvish Visionary enters the battlefield, draw a card."
Magma Spray,1.0,['R'],['R'],None,['Instant'],None,Rare,PRM,None,None,None,"Magma Spray deals 2 damage to target creature. If that creature would die this turn, exile it instead."
Curse of Wizardry,4.0,['B'],['B'],None,['Enchantment'],None,Uncommon,PRM,None,None,None,"As Curse of Wizardry enters the battlefield, choose a color.\nWhenever a player casts a spell of the chosen color, that player loses 1 life."
Dissolve,3.0,['U'],['U'],None,['Instant'],None,Uncommon,PRM,None,None,None,Counter target spell. Scry 1. (Look at the top card of your library. You may put that card on the bottom of your library.)
Mox Opal,0.0,None,None,['Legendary'],['Artifact'],None,Mythic,PRM,None,None,None,Metalcraft — {T}: Add one mana of any color. Activate only if you control three or more artifacts.
Pathrazer of Ulamog,11.0,None,None,None,['Creature'],['Eldrazi'],Uncommon,PRM,9,9,None,"Annihilator 3 (Whenever this creature attacks, defending player sacrifices three permanents.)\nPathrazer of Ulamog can't be blocked except by three or more creatures."
Dictate of the Twin Gods,5.0,['R'],['R'],None,['Enchantment'],None,Rare,PRM,None,None,None,"Flash\nIf a source would deal damage to a permanent or player, it deals double that damage to that permanent or player instead."
Celestial Purge,2.0,['W'],['W'],None,['Instant'],None,Uncommon,PRM,None,None,None,Exile target black or red permanent.
Dawnbringer Charioteers,4.0,['W'],['W'],None,['Creature'],"['Human', 'Soldier']",Rare,PRM,2,4,None,"Flying, lifelink\nHeroic — Whenever you cast a spell that targets Dawnbringer Charioteers, put a +1/+1 counter on Dawnbringer Charioteers."
Bituminous Blast,5.0,"['B', 'R']","['B', 'R']",None,['Instant'],None,Uncommon,PRM,None,None,None,"Cascade (When you cast this spell, exile cards from the top of your library until you exile a nonland card that costs less. You may cast it without paying its mana cost. Put the exiled cards on the bottom of your library in a random order.)\nBituminous Blast deals 4 damage to target creature."
Squelching Leeches,4.0,['B'],['B'],None,['Creature'],['Leech'],Uncommon,PRM,*,*,None,Squelching Leeches's power and toughness are each equal to the number of Swamps you control.
Dark Confidant,2.0,['B'],['B'],None,['Creature'],"['Human', 'Wizard']",Mythic,PRM,2,1,None,"At the beginning of your upkeep, reveal the top card of your library and put that card into your hand. You lose life equal to its mana value."
Land Tax,1.0,['W'],['W'],None,['Enchantment'],None,Rare,PRM,None,None,None,"At the beginning of your upkeep, if an opponent controls more lands than you, you may search your library for up to three basic land cards, reveal them, put them into your hand, then shuffle."
Heroes' Bane,5.0,['G'],['G'],None,['Creature'],['Hydra'],Rare,PRM,0,0,None,"Heroes' Bane enters the battlefield with four +1/+1 counters on it.\n{2}{G}{G}: Put X +1/+1 counters on Heroes' Bane, where X is its power."
Sneak Attack,4.0,['R'],['R'],None,['Enchantment'],None,Mythic,PRM,None,None,None,{R}: You may put a creature card from your hand onto the battlefield. That creature gains haste. Sacrifice the creature at the beginning of the next end step.
Deathless Angel,6.0,['W'],['W'],None,['Creature'],['Angel'],Rare,PRM,5,7,None,Flying\n{W}{W}: Target creature gains indestructible until end of turn.
Dictate of Kruphix,3.0,['U'],['U'],None,['Enchantment'],None,Rare,PRM,None,None,None,"Flash\nAt the beginning of each player's draw step, that player draws an additional card."
Kaalia of the Vast,4.0,"['B', 'R', 'W']","['B', 'R', 'W']",['Legendary'],['Creature'],"['Human', 'Cleric']",Mythic,PRM,2,2,None,"Flying\nWhenever Kaalia of the Vast attacks an opponent, you may put an Angel, Demon, or Dragon creature card from your hand onto the battlefield tapped and attacking that opponent."
Staggershock,3.0,['R'],['R'],None,['Instant'],None,Common,PRM,None,None,None,"Staggershock deals 2 damage to any target.\nRebound (If you cast this spell from your hand, exile it as it resolves. At the beginning of your next upkeep, you may cast this card from exile without paying its mana cost.)"
Scourge of Fleets,7.0,['U'],['U'],None,['Creature'],['Kraken'],Rare,PRM,6,6,None,"When Scourge of Fleets enters the battlefield, return each creature your opponents control with toughness X or less to its owner's hand, where X is the number of Islands you control."
Doubling Season,5.0,['G'],['G'],None,['Enchantment'],None,Mythic,PRM,None,None,None,"If an effect would create one or more tokens under your control, it creates twice that many of those tokens instead.\nIf an effect would put one or more counters on a permanent you control, it puts twice that many of those counters on that permanent instead."
Terra Stomper,6.0,['G'],['G'],None,['Creature'],['Beast'],Rare,PRM,8,8,None,This spell can't be countered.\nTrample (This creature can deal excess combat damage to the player or planeswalker it's attacking.)
Doomwake Giant,5.0,['B'],['B'],None,"['Enchantment', 'Creature']",['Giant'],Rare,PRM,4,6,None,"Constellation — Whenever Doomwake Giant or another enchantment enters the battlefield under your control, creatures your opponents control get -1/-1 until end of turn."
Spawn of Thraxes,7.0,['R'],['R'],None,['Creature'],['Dragon'],Rare,PRM,5,5,None,"Flying\nWhen Spawn of Thraxes enters the battlefield, it deals damage to any target equal to the number of Mountains you control."
Eidolon of Blossoms,4.0,['G'],['G'],None,"['Enchantment', 'Creature']",['Spirit'],Rare,PRM,2,2,None,"Constellation — Whenever Eidolon of Blossoms or another enchantment enters the battlefield under your control, draw a card."
"Oloro, Ageless Ascetic",6.0,"['B', 'U', 'W']","['B', 'U', 'W']",['Legendary'],['Creature'],"['Giant', 'Soldier']",Mythic,PRM,4,5,None,"At the beginning of your upkeep, you gain 2 life.\nWhenever you gain life, you may pay {1}. If you do, draw a card and each opponent loses 1 life.\nAt the beginning of your upkeep, if Oloro, Ageless Ascetic is in the command zone, you gain 2 life."
"Atraxa, Praetors' Voice",4.0,"['B', 'G', 'U', 'W']","['B', 'G', 'U', 'W']",['Legendary'],['Creature'],"['Phyrexian', 'Angel', 'Horror']",Mythic,PRM,4,4,None,"Flying, vigilance, deathtouch, lifelink\nAt the beginning of your end step, proliferate. (Choose any number of permanents and/or players, then give each another counter of each kind already there.)"
Sudden Shock,2.0,['R'],['R'],None,['Instant'],None,Uncommon,PRM,None,None,None,"Split second (As long as this spell is on the stack, players can't cast spells or activate abilities that aren't mana abilities.)\nSudden Shock deals 2 damage to any target."
"Nekusar, the Mindrazer",5.0,"['B', 'R', 'U']","['B', 'R', 'U']",['Legendary'],['Creature'],"['Zombie', 'Wizard']",Mythic,PRM,2,4,None,"At the beginning of each player's draw step, that player draws an additional card.\nWhenever an opponent draws a card, Nekusar, the Mindrazer deals 1 damage to that player."
Karn Liberated,7.0,None,None,['Legendary'],['Planeswalker'],['Karn'],Mythic,PRM,None,None,6,"[+4]: Target player exiles a card from their hand.\n[−3]: Exile target permanent.\n[−14]: Restart the game, leaving in exile all non-Aura permanent cards exiled with Karn Liberated. Then put those cards onto the battlefield under your control."
Eater of Hope,7.0,['B'],['B'],None,['Creature'],['Demon'],Rare,PRM,6,4,None,"Flying\n{B}, Sacrifice another creature: Regenerate Eater of Hope.\n{2}{B}, Sacrifice two other creatures: Destroy target creature."
"Jace, the Mind Sculptor",4.0,['U'],['U'],['Legendary'],['Planeswalker'],['Jace'],Mythic,PRM,None,None,3,"[+2]: Look at the top card of target player's library. You may put that card on the bottom of that player's library.\n[0]: Draw three cards, then put two cards from your hand on top of your library in any order.\n[−1]: Return target creature to its owner's hand.\n[−12]: Exile all cards from target player's library, then that player shuffles their hand into their library."
Serra Avenger,2.0,['W'],['W'],None,['Creature'],['Angel'],Rare,PRM,3,3,None,"You can't cast this spell during your first, second, or third turns of the game.\nFlying, vigilance"
"Elesh Norn, Grand Cenobite",7.0,['W'],['W'],['Legendary'],['Creature'],"['Phyrexian', 'Praetor']",Mythic,PRM,4,7,None,Vigilance\nOther creatures you control get +2/+2.\nCreatures your opponents control get -2/-2.
Chord of Calling,3.0,['G'],['G'],None,['Instant'],None,Rare,PRM,None,None,None,"Convoke (Your creatures can help cast this spell. Each creature you tap while casting this spell pays for {1} or one mana of that creature's color.)\nSearch your library for a creature card with mana value X or less, put it onto the battlefield, then shuffle."
"Jaya Ballard, Task Mage",3.0,['R'],['R'],['Legendary'],['Creature'],"['Human', 'Spellshaper']",Rare,PRM,2,2,None,"{R}, {T}, Discard a card: Destroy target blue permanent.\n{1}{R}, {T}, Discard a card: Jaya Ballard, Task Mage deals 3 damage to any target. A creature dealt damage this way can't be regenerated this turn.\n{5}{R}{R}, {T}, Discard a card: Jaya Ballard deals 6 damage to each creature and each player."
Stealer of Secrets,3.0,['U'],['U'],None,['Creature'],"['Human', 'Rogue']",Common,PRM,2,2,None,"Whenever Stealer of Secrets deals combat damage to a player, draw a card."
Voidslime,3.0,"['G', 'U']","['G', 'U']",None,['Instant'],None,Rare,PRM,None,None,None,"Counter target spell, activated ability, or triggered ability. (Mana abilities can't be targeted.)"
Xathrid Necromancer,3.0,['B'],['B'],None,['Creature'],"['Human', 'Wizard']",Rare,PRM,2,2,None,"Whenever Xathrid Necromancer or another Human creature you control dies, create a tapped 2/2 black Zombie creature token."
Krosan Verge,0.0,None,None,None,['Land'],None,Uncommon,PRM,None,None,None,"Krosan Verge enters the battlefield tapped.\n{T}: Add {C}.\n{2}, {T}, Sacrifice Krosan Verge: Search your library for a Forest card and a Plains card, put them onto the battlefield tapped, then shuffle."
Shard Phoenix,5.0,['R'],['R'],None,['Creature'],['Phoenix'],Rare,PRM,2,2,None,Flying (This creature can't be blocked except by creatures with flying or reach.)\nSacrifice Shard Phoenix: It deals 2 damage to each creature without flying.\n{R}{R}{R}: Return Shard Phoenix from your graveyard to your hand. Activate only during your upkeep.
"Hanna, Ship's Navigator",3.0,"['U', 'W']","['U', 'W']",['Legendary'],['Creature'],"['Human', 'Artificer']",Rare,PRM,1,2,None,"{1}{W}{U}, {T}: Return target artifact or enchantment card from your graveyard to your hand."
Pernicious Deed,3.0,"['B', 'G']","['B', 'G']",None,['Enchantment'],None,Rare,PRM,None,None,None,"{X}, Sacrifice Pernicious Deed: Destroy each artifact, creature, and enchantment with mana value X or less."
Sword of Feast and Famine,3.0,None,None,None,['Artifact'],['Equipment'],Mythic,PRM,None,None,None,"Equipped creature gets +2/+2 and has protection from black and from green.\nWhenever equipped creature deals combat damage to a player, that player discards a card and you untap all lands you control.\nEquip {2}"
Myriad Landscape,0.0,None,None,None,['Land'],None,Uncommon,PRM,None,None,None,"Myriad Landscape enters the battlefield tapped.\n{T}: Add {C}.\n{2}, {T}, Sacrifice Myriad Landscape: Search your library for up to two basic land cards that share a land type, put them onto the battlefield tapped, then shuffle."
Meddling Mage,2.0,"['U', 'W']","['U', 'W']",None,['Creature'],"['Human', 'Wizard']",Rare,PRM,2,2,None,"As Meddling Mage enters the battlefield, choose a nonland card name.\nSpells with the chosen name can't be cast."
Lion's Eye Diamond,0.0,None,None,None,['Artifact'],None,Rare,PRM,None,None,None,"Discard your hand, Sacrifice Lion's Eye Diamond: Add three mana of any one color. Activate only as an instant."
Fearless Fledgling,2.0,['W'],['W'],None,['Creature'],['Griffin'],Uncommon,PRM,1,1,None,"Landfall — Whenever a land enters the battlefield under your control, put a +1/+1 counter on Fearless Fledgling. It gains flying until end of turn."
Gruul Guildmage,2.0,"['G', 'R']","['G', 'R']",None,['Creature'],"['Human', 'Shaman']",Uncommon,PRM,2,2,None,"({R/G} can be paid with either {R} or {G}.)\n{3}{R}, Sacrifice a land: Gruul Guildmage deals 2 damage to target player or planeswalker.\n{3}{G}: Target creature gets +2/+2 until end of turn."
Tormented Hero,1.0,['B'],['B'],None,['Creature'],"['Human', 'Warrior']",Uncommon,PRM,2,1,None,"Tormented Hero enters the battlefield tapped.\nHeroic — Whenever you cast a spell that targets Tormented Hero, each opponent loses 1 life. You gain life equal to the life lost this way."
Canopy Baloth,4.0,['G'],['G'],None,['Creature'],['Beast'],Common,PRM,4,3,None,"Landfall — Whenever a land enters the battlefield under your control, Canopy Baloth gets +2/+2 until end of turn."
Rise from the Grave,5.0,['B'],['B'],None,['Sorcery'],None,Uncommon,PRM,None,None,None,Put target creature card from a graveyard onto the battlefield under your control. That creature is a black Zombie in addition to its other colors and types.
Encroaching Wastes,0.0,None,None,None,['Land'],None,Uncommon,PRM,None,None,None,"{T}: Add {C}.\n{4}, {T}, Sacrifice Encroaching Wastes: Destroy target nonbasic land."
Felidar Retreat,4.0,['W'],['W'],None,['Enchantment'],None,Rare,PRM,None,None,None,"Landfall — Whenever a land enters the battlefield under your control, choose one —\n• Create a 2/2 white Cat Beast creature token.\n• Put a +1/+1 counter on each creature you control. Those creatures gain vigilance until end of turn."
Mind Control,5.0,['U'],['U'],None,['Enchantment'],['Aura'],Uncommon,PRM,None,None,None,Enchant creature\nYou control enchanted creature.
Batterskull,5.0,None,None,None,['Artifact'],['Equipment'],Mythic,PRM,None,None,None,"Living weapon (When this Equipment enters the battlefield, create a 0/0 black Phyrexian Germ creature token, then attach this to it.)\nEquipped creature gets +4/+4 and has vigilance and lifelink.\n{3}: Return Batterskull to its owner's hand.\nEquip {5}"
Prowling Felidar,4.0,['W'],['W'],None,['Creature'],"['Cat', 'Beast']",Common,PRM,2,3,None,"Vigilance\nLandfall — Whenever a land enters the battlefield under your control, put a +1/+1 counter on Prowling Felidar."
Skyknight Legionnaire,3.0,"['R', 'W']","['R', 'W']",None,['Creature'],"['Human', 'Knight']",Common,PRM,2,2,None,"Flying, haste"
Forgestoker Dragon,6.0,['R'],['R'],None,['Creature'],['Dragon'],Rare,PRM,5,4,None,Flying\n{1}{R}: Forgestoker Dragon deals 1 damage to target creature. That creature can't block this combat. Activate only if Forgestoker Dragon is attacking.
Skyclave Squid,2.0,['U'],['U'],None,['Creature'],['Squid'],Common,PRM,3,2,None,"Defender\nLandfall — Whenever a land enters the battlefield under your control, Skyclave Squid can attack this turn as though it didn't have defender."
Force of Nature,6.0,['G'],['G'],None,['Creature'],['Elemental'],Rare,PRM,8,8,None,"Trample (This creature can deal excess combat damage to the player or planeswalker it's attacking.)\nAt the beginning of your upkeep, Force of Nature deals 8 damage to you unless you pay {G}{G}{G}{G}."
Geist of Saint Traft,3.0,"['U', 'W']","['U', 'W']",['Legendary'],['Creature'],"['Spirit', 'Cleric']",Mythic,PRM,2,2,None,"Hexproof (This creature can't be the target of spells or abilities your opponents control.)\nWhenever Geist of Saint Traft attacks, create a 4/4 white Angel creature token with flying that's tapped and attacking. Exile that token at end of combat."
Dreadwurm,5.0,['B'],['B'],None,['Creature'],"['Wurm', 'Horror']",Common,PRM,5,4,None,"Landfall — Whenever a land enters the battlefield under your control, Dreadwurm gains indestructible until end of turn. (Damage and effects that say ""destroy"" don't destroy it.)"
Curse of Thirst,5.0,['B'],['B'],None,['Enchantment'],"['Aura', 'Curse']",Uncommon,PRM,None,None,None,"Enchant player\nAt the beginning of enchanted player's upkeep, Curse of Thirst deals damage to that player equal to the number of Curses attached to them."
Pain Seer,2.0,['B'],['B'],None,['Creature'],"['Human', 'Wizard']",Rare,PRM,2,2,None,"Inspired — Whenever Pain Seer becomes untapped, reveal the top card of your library and put that card into your hand. You lose life equal to that card's mana value."
Spitfire Lagac,4.0,['R'],['R'],None,['Creature'],['Lizard'],Common,PRM,3,4,None,"Landfall — Whenever a land enters the battlefield under your control, Spitfire Lagac deals 1 damage to each opponent."
Ghost-Lit Raider,3.0,['R'],['R'],None,['Creature'],['Spirit'],Uncommon,PRM,2,1,None,"{2}{R}, {T}: Ghost-Lit Raider deals 2 damage to target creature.\nChannel — {3}{R}, Discard Ghost-Lit Raider: It deals 4 damage to target creature."
Kiora's Follower,2.0,"['G', 'U']","['G', 'U']",None,['Creature'],['Merfolk'],Uncommon,PRM,2,2,None,{T}: Untap another target permanent.
Akoum Hellhound,1.0,['R'],['R'],None,['Creature'],"['Elemental', 'Dog']",Common,PRM,0,1,None,"Landfall — Whenever a land enters the battlefield under your control, Akoum Hellhound gets +2/+2 until end of turn."
Okina Nightwatch,5.0,['G'],['G'],None,['Creature'],"['Human', 'Monk']",Common,PRM,4,3,None,"As long as you have more cards in hand than each opponent, Okina Nightwatch gets +3/+3."
Nessian Wilds Ravager,6.0,['G'],['G'],None,['Creature'],['Hydra'],Rare,PRM,6,6,None,"Tribute 6 (As this creature enters the battlefield, an opponent of your choice may put six +1/+1 counters on it.)\nWhen Nessian Wilds Ravager enters the battlefield, if tribute wasn't paid, you may have Nessian Wilds Ravager fight another target creature. (Each deals damage equal to its power to the other.)"
Kazandu Nectarpot,2.0,['G'],['G'],None,['Creature'],['Insect'],Common,PRM,1,3,None,"Landfall — Whenever a land enters the battlefield under your control, you gain 1 life."
Fated Conflagration,4.0,['R'],['R'],None,['Instant'],None,Rare,PRM,None,None,None,"Fated Conflagration deals 5 damage to target creature or planeswalker. If it's your turn, scry 2. (Look at the top two cards of your library, then put any number of them on the bottom of your library and the rest on top in any order.)"
"Moraug, Fury of Akoum",6.0,['R'],['R'],['Legendary'],['Creature'],"['Minotaur', 'Warrior']",Mythic,PRM,6,6,None,"Each creature you control gets +1/+0 for each time it has attacked this turn.\nLandfall — Whenever a land enters the battlefield under your control, if it's your main phase, there's an additional combat phase after this phase. At the beginning of that combat, untap all creatures you control."
"Budoka Pupil // Ichiga, Who Topples Oaks",3.0,['G'],['G'],None,['Creature'],"['Human', 'Monk']",Uncommon,PRM,2,2,None,"Whenever you cast a Spirit or Arcane spell, you may put a ki counter on Budoka Pupil.\nAt the beginning of the end step, if there are two or more ki counters on Budoka Pupil, you may flip it."
Tromokratis,7.0,['U'],['U'],['Legendary'],['Creature'],['Kraken'],Rare,PRM,8,8,None,"Tromokratis has hexproof unless it's attacking or blocking.\nTromokratis can't be blocked unless all creatures defending player controls block it. (If any creature that player controls doesn't block this creature, it can't be blocked.)"
Ruin Crab,1.0,['U'],['U'],None,['Creature'],['Crab'],Uncommon,PRM,0,3,None,"Landfall — Whenever a land enters the battlefield under your control, each opponent mills three cards. (To mill a card, a player puts the top card of their library into their graveyard.)"
Glacial Ray,2.0,['R'],['R'],None,['Instant'],['Arcane'],Common,PRM,None,None,None,"Glacial Ray deals 2 damage to any target.\nSplice onto Arcane {1}{R} (As you cast an Arcane spell, you may reveal this card from your hand and pay its splice cost. If you do, add this card's effects to that spell.)"
Arbiter of the Ideal,6.0,['U'],['U'],None,['Creature'],['Sphinx'],Rare,PRM,4,5,None,"Flying\nInspired — Whenever Arbiter of the Ideal becomes untapped, reveal the top card of your library. If it's an artifact, creature, or land card, you may put it onto the battlefield with a manifestation counter on it. That permanent is an enchantment in addition to its other types."
Skyclave Geopede,3.0,['R'],['R'],None,['Creature'],['Insect'],Uncommon,PRM,3,1,None,"Trample\nLandfall — Whenever a land enters the battlefield under your control, Skyclave Geopede gets +2/+2 until end of turn."
Genju of the Spires,1.0,['R'],['R'],None,['Enchantment'],['Aura'],Uncommon,PRM,None,None,None,"Enchant Mountain\n{2}: Enchanted Mountain becomes a 6/1 red Spirit creature until end of turn. It's still a land.\nWhen enchanted Mountain is put into a graveyard, you may return Genju of the Spires from your graveyard to your hand."
Silent Sentinel,7.0,['W'],['W'],None,['Creature'],['Archon'],Rare,PRM,4,6,None,"Flying\nWhenever Silent Sentinel attacks, you may return target enchantment card from your graveyard to the battlefield."
Makindi Ox,5.0,['W'],['W'],None,['Creature'],['Ox'],Common,PRM,4,4,None,"Landfall — Whenever a land enters the battlefield under your control, tap target creature an opponent controls."
Banisher Priest,3.0,['W'],['W'],None,['Creature'],"['Human', 'Cleric']",Uncommon,PRM,2,2,None,"When Banisher Priest enters the battlefield, exile target creature an opponent controls until Banisher Priest leaves the battlefield. (That creature returns under its owner's control.)"
Canyon Jerboa,3.0,['W'],['W'],None,['Creature'],['Mouse'],Uncommon,PRM,1,2,None,"Landfall — Whenever a land enters the battlefield under your control, creatures you control get +1/+1 until end of turn."
Serum Visions,1.0,['U'],['U'],None,['Sorcery'],None,Common,PRM,None,None,None,Draw a card. Scry 2.
Greater Good,4.0,['G'],['G'],None,['Enchantment'],None,Rare,PRM,None,None,None,"Sacrifice a creature: Draw cards equal to the sacrificed creature's power, then discard three cards."
Territorial Scythecat,3.0,['G'],['G'],None,['Creature'],['Cat'],Common,PRM,2,1,None,"Trample\nLandfall — Whenever a land enters the battlefield under your control, put a +1/+1 counter on Territorial Scythecat."
Balance,2.0,['W'],['W'],None,['Sorcery'],None,Rare,PRM,None,None,None,"Each player chooses a number of lands they control equal to the number of lands controlled by the player who controls the fewest, then sacrifices the rest. Players discard cards and sacrifice creatures the same way."
Warleader's Helix,4.0,"['R', 'W']","['R', 'W']",None,['Instant'],None,Uncommon,PRM,None,None,None,Warleader's Helix deals 4 damage to any target and you gain 4 life.
Darksteel Ingot,3.0,None,None,None,['Artifact'],None,Common,PRM,None,None,None,"Indestructible (Effects that say ""destroy"" don't destroy this artifact.)\n{T}: Add one mana of any color."
Elvish Mystic,1.0,['G'],['G'],None,['Creature'],"['Elf', 'Druid']",Common,PRM,1,1,None,{T}: Add {G}.
Skyclave Pick-Axe,1.0,['G'],['G'],None,['Artifact'],['Equipment'],Uncommon,PRM,None,None,None,"When Skyclave Pick-Axe enters the battlefield, attach it to target creature you control.\nLandfall — Whenever a land enters the battlefield under your control, equipped creature gets +2/+2 until end of turn.\nEquip {2}{G}"
Myr Enforcer,7.0,None,None,None,"['Artifact', 'Creature']",['Myr'],Common,PRM,4,4,None,Affinity for artifacts (This spell costs {1} less to cast for each artifact you control.)
Riku of Two Reflections,5.0,"['G', 'R', 'U']","['G', 'R', 'U']",['Legendary'],['Creature'],"['Human', 'Wizard']",Mythic,PRM,2,2,None,"Whenever you cast an instant or sorcery spell, you may pay {U}{R}. If you do, copy that spell. You may choose new targets for the copy.\nWhenever another nontoken creature enters the battlefield under your control, you may pay {G}{U}. If you do, create a token that's a copy of that creature."
Brushfire Elemental,2.0,"['G', 'R']","['G', 'R']",None,['Creature'],['Elemental'],Uncommon,PRM,1,1,None,"Haste\nBrushfire Elemental can't be blocked by creatures with power 2 or less.\nLandfall — Whenever a land enters the battlefield under your control, Brushfire Elemental gets +2/+2 until end of turn."
Bonesplitter,1.0,None,None,None,['Artifact'],['Equipment'],Common,PRM,None,None,None,Equipped creature gets +2/+0.\nEquip {1}
"Karador, Ghost Chieftain",8.0,"['B', 'G', 'W']","['B', 'G', 'W']",['Legendary'],['Creature'],"['Centaur', 'Spirit']",Mythic,PRM,3,4,None,"This spell costs {1} less to cast for each creature card in your graveyard.\nOnce during each of your turns, you may cast a creature spell from your graveyard."
Skyclave Shade,2.0,['B'],['B'],None,['Creature'],['Shade'],Rare,PRM,3,1,None,"Kicker {2}{B}\nSkyclave Shade can't block.\nIf Skyclave Shade was kicked, it enters the battlefield with two +1/+1 counters on it.\nLandfall — Whenever a land enters the battlefield under your control, if Skyclave Shade is in your graveyard and it's your turn, you may cast it from your graveyard this turn."
Rukh Egg,4.0,['R'],['R'],None,['Creature'],"['Bird', 'Egg']",Rare,PRM,0,3,None,"When Rukh Egg dies, create a 4/4 red Bird creature token with flying at the beginning of the next end step."
Entomb,1.0,['B'],['B'],None,['Instant'],None,Rare,PRM,None,None,None,"Search your library for a card, put that card into your graveyard, then shuffle."
Valakut Exploration,3.0,['R'],['R'],None,['Enchantment'],None,Rare,PRM,None,None,None,"Landfall — Whenever a land enters the battlefield under your control, exile the top card of your library. You may play that card for as long as it remains exiled.\nAt the beginning of your end step, if there are cards exiled with Valakut Exploration, put them into their owner's graveyard, then Valakut Exploration deals that much damage to each opponent."
Soul Collector,5.0,['B'],['B'],None,['Creature'],['Vampire'],Rare,PRM,3,4,None,"Flying\nWhenever a creature dealt damage by Soul Collector this turn dies, return that card to the battlefield under your control.\nMorph {B}{B}{B} (You may cast this card face down as a 2/2 creature for {3}. Turn it face up any time for its morph cost.)"
Ember Swallower,4.0,['R'],['R'],None,['Creature'],['Elemental'],Rare,PRM,4,5,None,"{5}{R}{R}: Monstrosity 3. (If this creature isn't monstrous, put three +1/+1 counters on it and it becomes monstrous.)\nWhen Ember Swallower becomes monstrous, each player sacrifices three lands."
"Omnath, Locus of Creation",4.0,"['G', 'R', 'U', 'W']","['G', 'R', 'U', 'W']",['Legendary'],['Creature'],['Elemental'],Mythic,PRM,4,4,None,"When Omnath, Locus of Creation enters the battlefield, draw a card.\nLandfall — Whenever a land enters the battlefield under your control, you gain 4 life if this is the first time this ability has resolved this turn. If it's the second time, add {R}{G}{W}{U}. If it's the third time, Omnath deals 4 damage to each opponent and each planeswalker you don't control."
Elvish Aberration,6.0,['G'],['G'],None,['Creature'],"['Elf', 'Mutant']",Uncommon,PRM,4,5,None,"{T}: Add {G}{G}{G}.\nForestcycling {2} ({2}, Discard this card: Search your library for a Forest card, reveal it, put it into your hand, then shuffle.)"
Celestial Archon,5.0,['W'],['W'],None,"['Enchantment', 'Creature']",['Archon'],Rare,PRM,4,4,None,"Bestow {5}{W}{W} (If you cast this card for its bestow cost, it's an Aura spell with enchant creature. It becomes a creature again if it's not attached to a creature.)\nFlying, first strike\nEnchanted creature gets +4/+4 and has flying and first strike."
Scute Swarm,3.0,['G'],['G'],None,['Creature'],['Insect'],Rare,PRM,1,1,None,"Landfall — Whenever a land enters the battlefield under your control, create a 1/1 green Insect creature token. If you control six or more lands, create a token that's a copy of Scute Swarm instead."
Carrion Feeder,1.0,['B'],['B'],None,['Creature'],['Zombie'],Common,PRM,1,1,None,Carrion Feeder can't block.\nSacrifice a creature: Put a +1/+1 counter on Carrion Feeder.
Abhorrent Overlord,7.0,['B'],['B'],None,['Creature'],['Demon'],Rare,PRM,6,6,None,"Flying\nWhen Abhorrent Overlord enters the battlefield, create a number of 1/1 black Harpy creature tokens with flying equal to your devotion to black. (Each {B} in the mana costs of permanents you control counts toward your devotion to black.)\nAt the beginning of your upkeep, sacrifice a creature."
"Phylath, World Sculptor",6.0,"['G', 'R']","['G', 'R']",['Legendary'],['Creature'],['Elemental'],Rare,PRM,5,5,None,"When Phylath, World Sculptor enters the battlefield, create a 0/1 green Plant creature token for each basic land you control.\nLandfall — Whenever a land enters the battlefield under your control, put four +1/+1 counters on target Plant you control."
Withered Wretch,2.0,['B'],['B'],None,['Creature'],"['Zombie', 'Cleric']",Uncommon,PRM,2,2,None,{1}: Exile target card from a graveyard.
"Anthousa, Setessan Hero",5.0,['G'],['G'],['Legendary'],['Creature'],"['Human', 'Warrior']",Rare,PRM,4,5,None,"Heroic — Whenever you cast a spell that targets Anthousa, Setessan Hero, up to three target lands you control each become 2/2 Warrior creatures until end of turn. They're still lands."
Lithoform Engine,4.0,None,None,['Legendary'],['Artifact'],None,Mythic,PRM,None,None,None,"{2}, {T}: Copy target activated or triggered ability you control. You may choose new targets for the copy.\n{3}, {T}: Copy target instant or sorcery spell you control. You may choose new targets for the copy.\n{4}, {T}: Copy target permanent spell you control. (The copy becomes a token.)"
Skirk Marauder,2.0,['R'],['R'],None,['Creature'],['Goblin'],Common,PRM,2,1,None,"Morph {2}{R} (You may cast this card face down as a 2/2 creature for {3}. Turn it face up any time for its morph cost.)\nWhen Skirk Marauder is turned face up, it deals 2 damage to any target."
Nighthowler,3.0,['B'],['B'],None,"['Enchantment', 'Creature']",['Horror'],Rare,PRM,0,0,None,"Bestow {2}{B}{B} (If you cast this card for its bestow cost, it's an Aura spell with enchant creature. It becomes a creature again if it's not attached to a creature.)\nNighthowler and enchanted creature each get +X/+X, where X is the number of creature cards in all graveyards."
Coveted Prize,5.0,['B'],['B'],None,['Sorcery'],None,Rare,PRM,None,None,None,"This spell costs {1} less to cast for each creature in your party. (Your party consists of up to one each of Cleric, Rogue, Warrior, and Wizard.)\nSearch your library for a card, put it into your hand, then shuffle. If you have a full party, you may cast a spell with mana value 4 or less from your hand without paying its mana cost."
Willbender,2.0,['U'],['U'],None,['Creature'],"['Human', 'Wizard']",Uncommon,PRM,1,2,None,"Morph {1}{U} (You may cast this card face down as a 2/2 creature for {3}. Turn it face up any time for its morph cost.)\nWhen Willbender is turned face up, change the target of target spell or ability with a single target."
Sylvan Caryatid,2.0,['G'],['G'],None,['Creature'],['Plant'],Rare,PRM,0,3,None,"Defender, hexproof\n{T}: Add one mana of any color."
"Orah, Skyclave Hierophant",4.0,"['B', 'W']","['B', 'W']",['Legendary'],['Creature'],"['Kor', 'Cleric']",Rare,PRM,3,3,None,"Lifelink\nWhenever Orah, Skyclave Hierophant or another Cleric you control dies, return target Cleric card with lesser mana value from your graveyard to the battlefield."
Feral Throwback,6.0,['G'],['G'],None,['Creature'],['Beast'],Rare,PRM,3,3,None,"Amplify 2 (As this creature enters the battlefield, put two +1/+1 counters on it for each Beast card you reveal in your hand.)\nProvoke (Whenever this creature attacks, you may have target creature defending player controls untap and block it if able.)"
Dragon Fodder,2.0,['R'],['R'],None,['Sorcery'],None,Common,PRM,None,None,None,Create two 1/1 red Goblin creature tokens.
Inscription of Abundance,2.0,['G'],['G'],None,['Instant'],None,Rare,PRM,None,None,None,"Kicker {2}{G}\nChoose one. If this spell was kicked, choose any number instead.\n• Put two +1/+1 counters on target creature.\n• Target player gains X life, where X is the greatest power among creatures they control.\n• Target creature you control fights target creature you don't control."
Bloodstained Mire,0.0,None,None,None,['Land'],None,Rare,PRM,None,None,None,"{T}, Pay 1 life, Sacrifice Bloodstained Mire: Search your library for a Swamp or Mountain card, put it onto the battlefield, then shuffle."
Karametra's Acolyte,4.0,['G'],['G'],None,['Creature'],"['Human', 'Druid']",Uncommon,PRM,1,4,None,{T}: Add an amount of {G} equal to your devotion to green. (Each {G} in the mana costs of permanents you control counts toward your devotion to green.)
Skyclave Relic,3.0,None,None,None,['Artifact'],None,Rare,PRM,None,None,None,"Kicker {3}\nIndestructible\nWhen Skyclave Relic enters the battlefield, if it was kicked, create two tapped tokens that are copies of Skyclave Relic.\n{T}: Add one mana of any color."
Silent Specter,6.0,['B'],['B'],None,['Creature'],['Specter'],Rare,PRM,4,4,None,"Flying\nWhenever Silent Specter deals combat damage to a player, that player discards two cards.\nMorph {3}{B}{B} (You may cast this card face down as a 2/2 creature for {3}. Turn it face up any time for its morph cost.)"
Phalanx Leader,2.0,['W'],['W'],None,['Creature'],"['Human', 'Soldier']",Uncommon,PRM,1,1,None,"Heroic — Whenever you cast a spell that targets Phalanx Leader, put a +1/+1 counter on each creature you control."
Crawling Barrens,0.0,None,None,None,['Land'],None,Rare,PRM,None,None,None,{T}: Add {C}.\n{4}: Put two +1/+1 counters on Crawling Barrens. Then you may have it become a 0/0 Elemental creature until end of turn. It's still a land.
Whipcorder,2.0,['W'],['W'],None,['Creature'],"['Human', 'Soldier', 'Rebel']",Uncommon,PRM,2,2,None,"{W}, {T}: Tap target creature.\nMorph {W} (You may cast this card face down as a 2/2 creature for {3}. Turn it face up any time for its morph cost.)"
Bident of Thassa,4.0,['U'],['U'],['Legendary'],"['Enchantment', 'Artifact']",None,Rare,PRM,None,None,None,"Whenever a creature you control deals combat damage to a player, you may draw a card.\n{1}{U}, {T}: Creatures your opponents control attack this turn if able."
Nighthawk Scavenger,3.0,['B'],['B'],None,['Creature'],"['Vampire', 'Rogue']",Rare,PRM,1+*,3,None,"Flying, deathtouch, lifelink\nNighthawk Scavenger's power is equal to 1 plus the number of card types among cards in your opponents' graveyards."
Glory,5.0,['W'],['W'],None,['Creature'],['Incarnation'],Rare,PRM,3,3,None,Flying\n{2}{W}: Choose a color. Creatures you control gain protection from the chosen color until end of turn. Activate only if Glory is in your graveyard.
Sin Collector,3.0,"['B', 'W']","['B', 'W']",None,['Creature'],"['Human', 'Cleric']",Uncommon,PRM,2,1,None,"When Sin Collector enters the battlefield, target opponent reveals their hand. You choose an instant or sorcery card from it and exile that card."
"Charix, the Raging Isle",4.0,['U'],['U'],['Legendary'],['Creature'],"['Leviathan', 'Crab']",Rare,PRM,0,17,None,"Spells your opponents cast that target Charix, the Raging Isle cost {2} more to cast.\n{3}: Charix gets +X/-X until end of turn, where X is the number of Islands you control."
Arrogant Wurm,5.0,['G'],['G'],None,['Creature'],['Wurm'],Uncommon,PRM,4,4,None,"Trample\nMadness {2}{G} (If you discard this card, discard it into exile. When you do, cast it for its madness cost or put it into your graveyard.)"
Ghor-Clan Rampager,4.0,"['G', 'R']","['G', 'R']",None,['Creature'],['Beast'],Uncommon,PRM,4,4,None,"Trample\nBloodrush — {R}{G}, Discard Ghor-Clan Rampager: Target attacking creature gets +4/+4 and gains trample until end of turn."
Nahiri's Lithoforming,2.0,['R'],['R'],None,['Sorcery'],None,Rare,PRM,None,None,None,"Sacrifice X lands. For each land sacrificed this way, draw a card. You may play X additional lands this turn. Lands you control enter the battlefield tapped this turn."
Circular Logic,3.0,['U'],['U'],None,['Instant'],None,Uncommon,PRM,None,None,None,"Counter target spell unless its controller pays {1} for each card in your graveyard.\nMadness {U} (If you discard this card, discard it into exile. When you do, cast it for its madness cost or put it into your graveyard.)"
Grisly Salvage,2.0,"['B', 'G']","['B', 'G']",None,['Instant'],None,Common,PRM,None,None,None,Reveal the top five cards of your library. You may put a creature or land card from among them into your hand. Put the rest into your graveyard.
Swarm Shambler,1.0,['G'],['G'],None,['Creature'],"['Fungus', 'Beast']",Rare,PRM,0,0,None,"Swarm Shambler enters the battlefield with a +1/+1 counter on it.\nWhenever a creature you control with a +1/+1 counter on it becomes the target of a spell an opponent controls, create a 1/1 green Insect creature token.\n{1}, {T}: Put a +1/+1 counter on Swarm Shambler."
Chainer's Edict,2.0,['B'],['B'],None,['Sorcery'],None,Uncommon,PRM,None,None,None,Target player sacrifices a creature.\nFlashback {5}{B}{B} (You may cast this card from your graveyard for its flashback cost. Then exile it.)
Shipbreaker Kraken,6.0,['U'],['U'],None,['Creature'],['Kraken'],Rare,PRM,6,6,None,"{6}{U}{U}: Monstrosity 4. (If this creature isn't monstrous, put four +1/+1 counters on it and it becomes monstrous.)\nWhen Shipbreaker Kraken becomes monstrous, tap up to four target creatures. Those creatures don't untap during their controllers' untap steps for as long as you control Shipbreaker Kraken."
"Drana, the Last Bloodchief",5.0,['B'],['B'],['Legendary'],['Creature'],"['Vampire', 'Cleric']",Mythic,PRM,4,4,None,"Flying\nWhenever Drana, the Last Bloodchief attacks, defending player chooses a nonlegendary creature card in your graveyard. You return that card to the battlefield with an additional +1/+1 counter on it. The creature is a Vampire in addition to its other types."
Wild Mongrel,2.0,['G'],['G'],None,['Creature'],['Dog'],Common,PRM,2,2,None,Discard a card: Wild Mongrel gets +1/+1 and becomes the color of your choice until end of turn.
Crucible of Worlds,3.0,None,None,None,['Artifact'],None,Rare,PRM,None,None,None,You may play lands from your graveyard.
Nimble Trapfinder,2.0,['U'],['U'],None,['Creature'],"['Human', 'Rogue']",Rare,PRM,2,1,None,"Nimble Trapfinder can't be blocked if you had another Cleric, Rogue, Warrior, or Wizard enter the battlefield under your control this turn.\nAt the beginning of combat on your turn, if you have a full party, creatures you control gain ""Whenever this creature deals combat damage to a player, draw a card"" until end of turn."
Stone-Tongue Basilisk,7.0,['G'],['G'],None,['Creature'],['Basilisk'],Rare,PRM,4,5,None,"Whenever Stone-Tongue Basilisk deals combat damage to a creature, destroy that creature at end of combat.\nThreshold — As long as seven or more cards are in your graveyard, all creatures able to block Stone-Tongue Basilisk do so."
Vengevine,4.0,['G'],['G'],None,['Creature'],['Elemental'],Mythic,PRM,4,3,None,"Haste\nWhenever you cast a spell, if it's the second creature spell you cast this turn, you may return Vengevine from your graveyard to the battlefield."
Master of Winds,4.0,['U'],['U'],None,['Creature'],"['Sphinx', 'Wizard']",Rare,PRM,1,4,None,"Flying\nWhen Master of Winds enters the battlefield, draw two cards, then discard a card.\nWhenever you cast an instant, sorcery, or Wizard spell, you may have Master of Winds's base power and toughness become 4/1 or 1/4 until end of turn."
Fungal Shambler,7.0,"['B', 'G', 'U']","['B', 'G', 'U']",None,['Creature'],"['Fungus', 'Beast']",Rare,PRM,6,4,None,"Trample\nWhenever Fungal Shambler deals damage to an opponent, you draw a card and that opponent discards a card."
Rakdos Cackler,1.0,"['B', 'R']","['B', 'R']",None,['Creature'],['Devil'],Uncommon,PRM,1,1,None,Unleash (You may have this creature enter the battlefield with a +1/+1 counter on it. It can't block as long as it has a +1/+1 counter on it.)
Coralhelm Chronicler,3.0,['U'],['U'],None,['Creature'],"['Merfolk', 'Wizard']",Rare,PRM,2,2,None,"Whenever you cast a kicked spell, draw a card, then discard a card.\nWhen Coralhelm Chronicler enters the battlefield, look at the top five cards of your library. You may reveal a card with a kicker ability from among them and put it into your hand. Put the rest on the bottom of your library in a random order."
Questing Phelddagrif,4.0,"['G', 'U', 'W']","['G', 'U', 'W']",None,['Creature'],['Phelddagrif'],Rare,PRM,4,4,None,{G}: Questing Phelddagrif gets +1/+1 until end of turn. Target opponent creates a 1/1 green Hippo creature token.\n{W}: Questing Phelddagrif gains protection from black and from red until end of turn. Target opponent gains 2 life.\n{U}: Questing Phelddagrif gains flying until end of turn. Target opponent may draw a card.
Dimir Charm,2.0,"['B', 'U']","['B', 'U']",None,['Instant'],None,Uncommon,PRM,None,None,None,Choose one —\n• Counter target sorcery spell.\n• Destroy target creature with power 2 or less.\n• Look at the top three cards of target player's library. Put one back and the rest into that player's graveyard.
Shatterskull Charger,3.0,['R'],['R'],None,['Creature'],"['Giant', 'Warrior']",Rare,PRM,4,3,None,"Kicker {2}\nTrample, haste\nIf Shatterskull Charger was kicked, it enters the battlefield with a +1/+1 counter on it.\nAt the beginning of your end step, if Shatterskull Charger doesn't have a +1/+1 counter on it, return it to its owner's hand."
Shivan Dragon,6.0,['R'],['R'],None,['Creature'],['Dragon'],Rare,PRM,5,5,None,Flying (This creature can't be blocked except by creatures with flying or reach.)\n{R}: Shivan Dragon gets +1/+0 until end of turn.
Experiment One,1.0,['G'],['G'],None,['Creature'],"['Human', 'Ooze']",Uncommon,PRM,1,1,None,"Evolve (Whenever a creature enters the battlefield under your control, if that creature has greater power or toughness than this creature, put a +1/+1 counter on this creature.)\nRemove two +1/+1 counters from Experiment One: Regenerate Experiment One. (The next time this creature would be destroyed, instead tap it, remove it from combat, and heal all damage on it.)"
Tajuru Paragon,2.0,['G'],['G'],None,['Creature'],['Elf'],Rare,PRM,3,2,None,"Tajuru Paragon is also a Cleric, Rogue, Warrior, and Wizard.\nKicker {3}\nWhen Tajuru Paragon enters the battlefield, if it was kicked, reveal the top six cards of your library. You may put a card that shares a creature type with it from among them into your hand. Put the rest on the bottom of your library in a random order."
Ratchet Bomb,2.0,None,None,None,['Artifact'],None,Rare,PRM,None,None,None,"{T}: Put a charge counter on Ratchet Bomb.\n{T}, Sacrifice Ratchet Bomb: Destroy each nonland permanent with mana value equal to the number of charge counters on Ratchet Bomb."
Legion Angel,4.0,['W'],['W'],None,['Creature'],"['Angel', 'Warrior']",Rare,PRM,4,3,None,"Flying\nWhen Legion Angel enters the battlefield, you may reveal a card you own named Legion Angel from outside the game and put it into your hand."
Boomerang,2.0,['U'],['U'],None,['Instant'],None,Common,PRM,None,None,None,Return target permanent to its owner's hand.
Colossal Whale,7.0,['U'],['U'],None,['Creature'],['Whale'],Rare,PRM,5,5,None,"Islandwalk (This creature can't be blocked as long as defending player controls an Island.)\nWhenever Colossal Whale attacks, you may exile target creature defending player controls until Colossal Whale leaves the battlefield. (That creature returns under its owner's control.)"
Cragplate Baloth,7.0,['G'],['G'],None,['Creature'],['Beast'],Rare,PRM,6,6,None,"Kicker {2}{G}\nThis spell can't be countered.\nHexproof, haste\nIf Cragplate Baloth was kicked, it enters the battlefield with four +1/+1 counters on it."
Sign in Blood,2.0,['B'],['B'],None,['Sorcery'],None,Common,PRM,None,None,None,Target player draws two cards and loses 2 life.
Goblin Diplomats,2.0,['R'],['R'],None,['Creature'],['Goblin'],Rare,PRM,2,1,None,{T}: Each creature attacks this turn if able.
Thieving Skydiver,2.0,['U'],['U'],None,['Creature'],"['Merfolk', 'Rogue']",Rare,PRM,2,1,None,"Kicker {X}. X can't be 0. (You may pay an additional {X} as you cast this spell.)\nFlying\nWhen Thieving Skydiver enters the battlefield, if it was kicked, gain control of target artifact with mana value X or less. If that artifact is an Equipment, attach it to Thieving Skydiver."
Nullpriest of Oblivion,2.0,['B'],['B'],None,['Creature'],"['Vampire', 'Cleric']",Rare,PRM,2,1,None,"Kicker {3}{B}\nMenace, lifelink\nWhen Nullpriest of Oblivion enters the battlefield, if it was kicked, return target creature card from your graveyard to the battlefield."
Cancel,3.0,['U'],['U'],None,['Instant'],None,Common,PRM,None,None,None,Counter target spell.
Megantic Sliver,6.0,['G'],['G'],None,['Creature'],['Sliver'],Rare,PRM,3,3,None,Sliver creatures you control get +3/+3.
Maul of the Skyclaves,3.0,['W'],['W'],None,['Artifact'],['Equipment'],Rare,PRM,None,None,None,"When Maul of the Skyclaves enters the battlefield, attach it to target creature you control.\nEquipped creature gets +2/+2 and has flying and first strike.\nEquip {2}{W}{W}"
Day of Judgment,4.0,['W'],['W'],None,['Sorcery'],None,Rare,PRM,None,None,None,Destroy all creatures.
Hive Stirrings,3.0,['W'],['W'],None,['Sorcery'],None,Common,PRM,None,None,None,Create two 1/1 colorless Sliver creature tokens.
Archpriest of Iona,1.0,['W'],['W'],None,['Creature'],"['Human', 'Cleric']",Rare,PRM,*,2,None,"Archpriest of Iona's power is equal to the number of creatures in your party. (Your party consists of up to one each of Cleric, Rogue, Warrior, and Wizard.)\nAt the beginning of combat on your turn, if you have a full party, target creature gets +1/+1 and gains flying until end of turn."
Emeria Angel,4.0,['W'],['W'],None,['Creature'],['Angel'],Rare,PRM,3,3,None,"Flying\nLandfall — Whenever a land enters the battlefield under your control, you may create a 1/1 white Bird creature token with flying."
Magmatic Channeler,2.0,['R'],['R'],None,['Creature'],"['Human', 'Wizard']",Rare,PRM,1,3,None,"As long as there are four or more instant and/or sorcery cards in your graveyard, Magmatic Channeler gets +3/+1.\n{T}, Discard a card: Exile the top two cards of your library, then choose one of them. You may play that card this turn."
Nissa's Chosen,2.0,['G'],['G'],None,['Creature'],"['Elf', 'Warrior']",Common,PRM,2,3,None,"If Nissa's Chosen would die, put it on the bottom of its owner's library instead."
Breaking // Entering,8.0,"['U', 'B']","['B', 'R', 'U']",None,['Sorcery'],None,Rare,PRM,None,None,None,Target player mills eight cards.\nFuse (You may cast one or both halves of this card from your hand.)
"Taborax, Hope's Demise",3.0,['B'],['B'],['Legendary'],['Creature'],"['Demon', 'Cleric']",Rare,PRM,2,2,None,"Flying\nTaborax, Hope's Demise has lifelink as long as it has five or more +1/+1 counters on it.\nWhenever another nontoken creature you control dies, put a +1/+1 counter on Taborax. If that creature was a Cleric, you may draw a card. If you do, you lose 1 life."
Vampire Nighthawk,3.0,['B'],['B'],None,['Creature'],"['Vampire', 'Shaman']",Uncommon,PRM,2,3,None,"Flying, deathtouch, lifelink"
Plains,0.0,None,['W'],['Basic'],['Land'],['Plains'],Common,PRM,None,None,None,({T}: Add {W}.)
Oran-Rief Ooze,3.0,['G'],['G'],None,['Creature'],['Ooze'],Rare,PRM,2,2,None,"When Oran-Rief Ooze enters the battlefield, put a +1/+1 counter on target creature you control.\nWhenever Oran-Rief Ooze attacks, put a +1/+1 counter on each attacking creature with a +1/+1 counter on it."
Kor Duelist,1.0,['W'],['W'],None,['Creature'],"['Kor', 'Soldier']",Uncommon,PRM,1,1,None,"As long as Kor Duelist is equipped, it has double strike. (It deals both first-strike and regular combat damage.)"
"Melek, Izzet Paragon",6.0,"['R', 'U']","['R', 'U']",['Legendary'],['Creature'],"['Weird', 'Wizard']",Rare,PRM,2,4,None,"Play with the top card of your library revealed.\nYou may cast instant and sorcery spells from the top of your library.\nWhenever you cast an instant or sorcery spell from your library, copy it. You may choose new targets for the copy."
Ancient Greenwarden,6.0,['G'],['G'],None,['Creature'],['Elemental'],Mythic,PRM,5,7,None,"Reach\nYou may play lands from your graveyard.\nIf a land entering the battlefield causes a triggered ability of a permanent you control to trigger, that ability triggers an additional time."
Umezawa's Jitte,2.0,None,None,['Legendary'],['Artifact'],['Equipment'],Rare,PRM,None,None,None,"Whenever equipped creature deals combat damage, put two charge counters on Umezawa's Jitte.\nRemove a charge counter from Umezawa's Jitte: Choose one —\n• Equipped creature gets +2/+2 until end of turn.\n• Target creature gets -1/-1 until end of turn.\n• You gain 2 life.\nEquip {2}"
Render Silent,3.0,"['U', 'W']","['U', 'W']",None,['Instant'],None,Rare,PRM,None,None,None,Counter target spell. Its controller can't cast spells this turn.
Maddening Cacophony,2.0,['U'],['U'],None,['Sorcery'],None,Rare,PRM,None,None,None,"Kicker {3}{U}\nEach opponent mills eight cards. If this spell was kicked, instead each opponent mills half their library, rounded up."
Avatar of Woe,8.0,['B'],['B'],None,['Creature'],['Avatar'],Rare,PRM,6,5,None,"If there are ten or more creature cards total in all graveyards, this spell costs {6} less to cast.\nFear (This creature can't be blocked except by artifact creatures and/or black creatures.)\n{T}: Destroy target creature. It can't be regenerated."
Trostani's Summoner,7.0,"['G', 'W']","['G', 'W']",None,['Creature'],"['Elf', 'Shaman']",Uncommon,PRM,1,1,None,"When Trostani's Summoner enters the battlefield, create a 2/2 white Knight creature token with vigilance, a 3/3 green Centaur creature token, and a 4/4 green Rhino creature token with trample."
Leyline Tyrant,4.0,['R'],['R'],None,['Creature'],['Dragon'],Mythic,PRM,4,4,None,"Flying\nYou don't lose unspent red mana as steps and phases end.\nWhen Leyline Tyrant dies, you may pay any amount of {R}. When you do, it deals that much damage to any target."
Despise,1.0,['B'],['B'],None,['Sorcery'],None,Uncommon,PRM,None,None,None,Target opponent reveals their hand. You choose a creature or planeswalker card from it. That player discards that card.
Maze's End,0.0,None,None,None,['Land'],None,Mythic,PRM,None,None,None,"Maze's End enters the battlefield tapped.\n{T}: Add {C}.\n{3}, {T}, Return Maze's End to its owner's hand: Search your library for a Gate card, put it onto the battlefield, then shuffle. If you control ten or more Gates with different names, you win the game."
"Ashaya, Soul of the Wild",5.0,['G'],['G'],['Legendary'],['Creature'],['Elemental'],Mythic,PRM,*,*,None,"Ashaya, Soul of the Wild's power and toughness are each equal to the number of lands you control.\nNontoken creatures you control are Forest lands in addition to their other types. (They're still affected by summoning sickness.)"
Diregraf Ghoul,1.0,['B'],['B'],None,['Creature'],['Zombie'],Uncommon,PRM,2,2,None,Diregraf Ghoul enters the battlefield tapped.
Forsaken Monument,5.0,None,None,['Legendary'],['Artifact'],None,Mythic,PRM,None,None,None,"Colorless creatures you control get +2/+2.\nWhenever you tap a permanent for {C}, add an additional {C}.\nWhenever you cast a colorless spell, you gain 2 life."
Raging Kavu,3.0,"['G', 'R']","['G', 'R']",None,['Creature'],['Kavu'],Rare,PRM,3,1,None,Flash\nHaste
Judge's Familiar,1.0,"['U', 'W']","['U', 'W']",None,['Creature'],['Bird'],Uncommon,PRM,1,1,None,Flying\nSacrifice Judge's Familiar: Counter target instant or sorcery spell unless its controller pays {1}.
Throne of Makindi,0.0,None,None,None,['Land'],None,Rare,PRM,None,None,None,"{T}: Add {C}.\n{1}, {T}: Put a charge counter on Throne of Makindi.\n{T}, Remove a charge counter from Throne of Makindi: Add two mana of any one color. Spend this mana only to cast kicked spells."
Rhox,6.0,['G'],['G'],None,['Creature'],"['Rhino', 'Beast']",Rare,PRM,5,5,None,"You may have Rhox assign its combat damage as though it weren't blocked.\n{2}{G}: Regenerate Rhox. (The next time this creature would be destroyed this turn, it isn't. Instead tap it, remove all damage from it, and remove it from combat.)"
Izzet Charm,2.0,"['R', 'U']","['R', 'U']",None,['Instant'],None,Uncommon,PRM,None,None,None,"Choose one —\n• Counter target noncreature spell unless its controller pays {2}.\n• Izzet Charm deals 2 damage to target creature.\n• Draw two cards, then discard two cards."
Myriad Construct,4.0,None,None,None,"['Artifact', 'Creature']",['Construct'],Rare,PRM,4,4,None,"Kicker {3}\nIf Myriad Construct was kicked, it enters the battlefield with a +1/+1 counter on it for each nonbasic land your opponents control.\nWhen Myriad Construct becomes the target of a spell, sacrifice it and create a number of 1/1 colorless Construct artifact creature tokens equal to its power."
Oblivion Ring,3.0,['W'],['W'],None,['Enchantment'],None,Common,PRM,None,None,None,"When Oblivion Ring enters the battlefield, exile another target nonland permanent.\nWhen Oblivion Ring leaves the battlefield, return the exiled card to the battlefield under its owner's control."
Call of the Conclave,2.0,"['G', 'W']","['G', 'W']",None,['Sorcery'],None,Uncommon,PRM,None,None,None,Create a 3/3 green Centaur creature token.
Angel of Destiny,5.0,['W'],['W'],None,['Creature'],"['Angel', 'Cleric']",Mythic,PRM,2,6,None,"Flying, double strike\nWhenever a creature you control deals combat damage to a player, you and that player each gain that much life.\nAt the beginning of your end step, if you have at least 15 life more than your starting life total, each player Angel of Destiny attacked this turn loses the game."
Hellspark Elemental,2.0,['R'],['R'],None,['Creature'],['Elemental'],Uncommon,PRM,3,1,None,"Trample, haste\nAt the beginning of the end step, sacrifice Hellspark Elemental.\nUnearth {1}{R} ({1}{R}: Return this card from your graveyard to the battlefield. It gains haste. Exile it at the beginning of the next end step or if it would leave the battlefield. Unearth only as a sorcery.)"
Reliquary Tower,0.0,None,None,None,['Land'],None,Uncommon,PRM,None,None,None,You have no maximum hand size.\n{T}: Add {C}.
"Tazri, Beacon of Unity",5.0,['W'],"['B', 'G', 'R', 'U', 'W']",['Legendary'],['Creature'],"['Human', 'Warrior']",Mythic,PRM,4,6,None,"This spell costs {1} less to cast for each creature in your party.\n{2/U}{2/B}{2/R}{2/G}: Look at the top six cards of your library. You may reveal up to two Cleric, Rogue, Warrior, Wizard, and/or Ally cards from among them and put them into your hand. Put the rest on the bottom of your library in a random order."
Lightning Greaves,2.0,None,None,None,['Artifact'],['Equipment'],Uncommon,PRM,None,None,None,Equipped creature has haste and shroud. (It can't be the target of spells or abilities.)\nEquip {0}
Farseek,2.0,['G'],['G'],None,['Sorcery'],None,Common,PRM,None,None,None,"Search your library for a Plains, Island, Swamp, or Mountain card, put it onto the battlefield tapped, then shuffle."
Sea Gate Stormcaller,2.0,['U'],['U'],None,['Creature'],"['Human', 'Wizard']",Mythic,PRM,2,1,None,"Kicker {4}{U}\nWhen Sea Gate Stormcaller enters the battlefield, copy the next instant or sorcery spell with mana value 2 or less you cast this turn when you cast it. If Sea Gate Stormcaller was kicked, copy that spell twice instead. You may choose new targets for the copies."
Browbeat,3.0,['R'],['R'],None,['Sorcery'],None,Uncommon,PRM,None,None,None,"Any player may have Browbeat deal 5 damage to them. If no one does, target player draws three cards."
Searing Spear,2.0,['R'],['R'],None,['Instant'],None,Common,PRM,None,None,None,Searing Spear deals 3 damage to any target.
Scourge of the Skyclaves,2.0,['B'],['B'],None,['Creature'],['Demon'],Mythic,PRM,*,*,None,"Kicker {4}{B}\nWhen you cast this spell, if it was kicked, each player loses half their life, rounded up.\nScourge of the Skyclaves's power and toughness are each equal to 20 minus the highest life total among players."
Sakura-Tribe Elder,2.0,['G'],['G'],None,['Creature'],"['Snake', 'Shaman']",Common,PRM,1,1,None,"Sacrifice Sakura-Tribe Elder: Search your library for a basic land card, put that card onto the battlefield tapped, then shuffle."
Fathom Mage,4.0,"['G', 'U']","['G', 'U']",None,['Creature'],"['Human', 'Wizard']",Rare,PRM,1,1,None,"Evolve (Whenever a creature enters the battlefield under your control, if that creature has greater power or toughness than this creature, put a +1/+1 counter on this creature.)\nWhenever a +1/+1 counter is put on Fathom Mage, you may draw a card."
Kargan Intimidator,2.0,['R'],['R'],None,['Creature'],"['Human', 'Warrior']",Rare,PRM,3,1,None,Cowards can't block Warriors.\n{1}: Choose one that hasn't been chosen this turn —\n• Kargan Intimidator gets +1/+1 until end of turn.\n• Target creature becomes a Coward until end of turn.\n• Target Warrior gains trample until end of turn.
Watchwolf,2.0,"['G', 'W']","['G', 'W']",None,['Creature'],['Wolf'],Uncommon,PRM,3,3,None,None
Treasury Thrull,6.0,"['B', 'W']","['B', 'W']",None,['Creature'],['Thrull'],Rare,PRM,4,4,None,"Extort (Whenever you cast a spell, you may pay {W/B}. If you do, each opponent loses 1 life and you gain that much life.)\nWhenever Treasury Thrull attacks, you may return target artifact, creature, or enchantment card from your graveyard to your hand."
Wayward Guide-Beast,1.0,['R'],['R'],None,['Creature'],['Beast'],Rare,PRM,2,2,None,"Trample, haste\nWhenever Wayward Guide-Beast deals combat damage to a player, return a land you control to its owner's hand."
Murderous Redcap,4.0,"['B', 'R']","['B', 'R']",None,['Creature'],"['Goblin', 'Assassin']",Uncommon,PRM,2,2,None,"When Murderous Redcap enters the battlefield, it deals damage equal to its power to any target.\nPersist (When this creature dies, if it had no -1/-1 counters on it, return it to the battlefield under its owner's control with a -1/-1 counter on it.)"
Consuming Aberration,5.0,"['B', 'U']","['B', 'U']",None,['Creature'],['Horror'],Rare,PRM,*,*,None,"Consuming Aberration's power and toughness are each equal to the number of cards in your opponents' graveyards.\nWhenever you cast a spell, each opponent reveals cards from the top of their library until they reveal a land card, then puts those cards into their graveyard."
Inscription of Ruin,3.0,['B'],['B'],None,['Sorcery'],None,Rare,PRM,None,None,None,"Kicker {2}{B}{B}\nChoose one. If this spell was kicked, choose any number instead.\n• Target opponent discards two cards.\n• Return target creature card with mana value 2 or less from your graveyard to the battlefield.\n• Destroy target creature with mana value 3 or less."
Mulldrifter,5.0,['U'],['U'],None,['Creature'],['Elemental'],Common,PRM,2,2,None,"Flying\nWhen Mulldrifter enters the battlefield, draw two cards.\nEvoke {2}{U} (You may cast this spell for its evoke cost. If you do, it's sacrificed when it enters the battlefield.)"
Nightveil Specter,3.0,"['B', 'U']","['B', 'U']",None,['Creature'],['Specter'],Rare,PRM,2,3,None,"Flying\nWhenever Nightveil Specter deals combat damage to a player, that player exiles the top card of their library.\nYou may play lands and cast spells from among cards exiled with Nightveil Specter."
Shadows' Verdict,5.0,['B'],['B'],None,['Sorcery'],None,Rare,PRM,None,None,None,Exile all creatures and planeswalkers with mana value 3 or less from the battlefield and all creature and planeswalker cards with mana value 3 or less from all graveyards.
Naya Sojourners,5.0,"['G', 'R', 'W']","['G', 'R', 'W']",None,['Creature'],"['Elf', 'Shaman']",Common,PRM,5,3,None,"When you cycle Naya Sojourners or it dies, you may put a +1/+1 counter on target creature.\nCycling {2}{G} ({2}{G}, Discard this card: Draw a card.)"
Foundry Champion,6.0,"['R', 'W']","['R', 'W']",None,['Creature'],"['Elemental', 'Soldier']",Rare,PRM,4,4,None,"When Foundry Champion enters the battlefield, it deals damage to any target equal to the number of creatures you control.\n{R}: Foundry Champion gets +1/+0 until end of turn.\n{W}: Foundry Champion gets +0/+1 until end of turn."
Inscription of Insight,4.0,['U'],['U'],None,['Sorcery'],None,Rare,PRM,None,None,None,"Kicker {2}{U}{U}\nChoose one. If this spell was kicked, choose any number instead.\n• Return up to two target creatures to their owners' hands.\n• Scry 2, then draw two cards.\n• Target player creates an X/X blue Illusion creature token, where X is the number of cards in their hand."
Marisi's Twinclaws,4.0,"['G', 'R', 'W']","['G', 'R', 'W']",None,['Creature'],"['Cat', 'Warrior']",Uncommon,PRM,2,4,None,Double strike
Firemane Avenger,4.0,"['R', 'W']","['R', 'W']",None,['Creature'],['Angel'],Rare,PRM,3,3,None,"Flying\nBattalion — Whenever Firemane Avenger and at least two other creatures attack, Firemane Avenger deals 3 damage to any target and you gain 3 life."
Squad Commander,4.0,['W'],['W'],None,['Creature'],"['Kor', 'Warrior']",Rare,PRM,3,3,None,"When Squad Commander enters the battlefield, create a 1/1 white Kor Warrior creature token for each creature in your party. (Your party consists of up to one each of Cleric, Rogue, Warrior, and Wizard.)\nAt the beginning of combat on your turn, if you have a full party, creatures you control get +1/+0 and gain indestructible until end of turn."
Skarrg Goliath,8.0,['G'],['G'],None,['Creature'],['Beast'],Rare,PRM,9,9,None,"Trample\nBloodrush — {5}{G}{G}, Discard Skarrg Goliath: Target attacking creature gets +9/+9 and gains trample until end of turn."
"Kaza, Roil Chaser",2.0,"['R', 'U']","['R', 'U']",['Legendary'],['Creature'],"['Human', 'Wizard']",Rare,PRM,1,2,None,"Flying, haste\n{T}: The next instant or sorcery spell you cast this turn costs {X} less to cast, where X is the number of Wizards you control as this ability resolves."
Elite Inquisitor,2.0,['W'],['W'],None,['Creature'],"['Human', 'Soldier']",Rare,PRM,2,2,None,"First strike, vigilance\nProtection from Vampires, from Werewolves, and from Zombies"
Zameck Guildmage,2.0,"['G', 'U']","['G', 'U']",None,['Creature'],"['Elf', 'Wizard']",Uncommon,PRM,2,2,None,"{G}{U}: This turn, each creature you control enters the battlefield with an additional +1/+1 counter on it.\n{G}{U}, Remove a +1/+1 counter from a creature you control: Draw a card."
"Akiri, Fearless Voyager",3.0,"['R', 'W']","['R', 'W']",['Legendary'],['Creature'],"['Kor', 'Warrior']",Rare,PRM,3,3,None,"Whenever you attack a player with one or more equipped creatures, draw a card.\n{W}: You may unattach an Equipment from a creature you control. If you do, tap that creature and it gains indestructible until end of turn."
Path to Exile,1.0,['W'],['W'],None,['Instant'],None,Uncommon,PRM,None,None,None,"Exile target creature. Its controller may search their library for a basic land card, put that card onto the battlefield tapped, then shuffle."
Decree of Pain,8.0,['B'],['B'],None,['Sorcery'],None,Rare,PRM,None,None,None,"Destroy all creatures. They can't be regenerated. Draw a card for each creature destroyed this way.\nCycling {3}{B}{B} ({3}{B}{B}, Discard this card: Draw a card.)\nWhen you cycle Decree of Pain, all creatures get -2/-2 until end of turn."
"Zareth San, the Trickster",5.0,"['B', 'U']","['B', 'U']",['Legendary'],['Creature'],"['Merfolk', 'Rogue']",Rare,PRM,4,4,None,"Flash\n{2}{U}{B}, Return an unblocked attacking Rogue you control to its owner's hand: Put Zareth San, the Trickster from your hand onto the battlefield tapped and attacking.\nWhenever Zareth San deals combat damage to a player, you may put target permanent card from that player's graveyard onto the battlefield under your control."
Accumulated Knowledge,2.0,['U'],['U'],None,['Instant'],None,Common,PRM,None,None,None,"Draw a card, then draw cards equal to the number of cards named Accumulated Knowledge in all graveyards."
Duplicant,6.0,None,None,None,"['Artifact', 'Creature']",['Shapeshifter'],Rare,PRM,2,4,None,"Imprint — When Duplicant enters the battlefield, you may exile target nontoken creature.\nAs long as a card exiled with Duplicant is a creature card, Duplicant has the power, toughness, and creature types of the last creature card exiled with Duplicant. It's still a Shapeshifter."
Luminarch Aspirant,2.0,['W'],['W'],None,['Creature'],"['Human', 'Cleric']",Rare,PRM,1,1,None,"At the beginning of combat on your turn, put a +1/+1 counter on target creature you control."
Maze of Ith,0.0,None,None,None,['Land'],None,Rare,PRM,None,None,None,{T}: Untap target attacking creature. Prevent all combat damage that would be dealt to and dealt by that creature this turn.
Mind's Eye,5.0,None,None,None,['Artifact'],None,Rare,PRM,None,None,None,"Whenever an opponent draws a card, you may pay {1}. If you do, draw a card."
"Linvala, Shield of Sea Gate",3.0,"['U', 'W']","['U', 'W']",['Legendary'],['Creature'],"['Angel', 'Wizard']",Rare,PRM,3,3,None,"Flying\nAt the beginning of combat on your turn, if you have a full party, choose target nonland permanent an opponent controls. Until your next turn, it can't attack or block, and its activated abilities can't be activated.\nSacrifice Linvala: Choose hexproof or indestructible. Creatures you control gain that ability until end of turn."
Slave of Bolas,5.0,"['B', 'R', 'U']","['B', 'R', 'U']",None,['Sorcery'],None,Uncommon,PRM,None,None,None,Gain control of target creature. Untap that creature. It gains haste until end of turn. Sacrifice it at the beginning of the next end step.
Command Tower,0.0,None,None,None,['Land'],None,Common,PRM,None,None,None,{T}: Add one mana of any color in your commander's color identity.
"Zagras, Thief of Heartbeats",6.0,"['B', 'R']","['B', 'R']",['Legendary'],['Creature'],"['Vampire', 'Rogue']",Rare,PRM,4,4,None,"This spell costs {1} less to cast for each creature in your party.\nFlying, deathtouch, haste\nOther creatures you control have deathtouch.\nWhenever a creature you control deals combat damage to a planeswalker, destroy that planeswalker."
Garruk Wildspeaker,4.0,['G'],['G'],['Legendary'],['Planeswalker'],['Garruk'],Mythic,PRM,None,None,3,[+1]: Untap two target lands.\n[−1]: Create a 3/3 green Beast creature token.\n[−4]: Creatures you control get +3/+3 and gain trample until end of turn.
Rubblehulk,6.0,"['G', 'R']","['G', 'R']",None,['Creature'],['Elemental'],Rare,PRM,*,*,None,"Rubblehulk's power and toughness are each equal to the number of lands you control.\nBloodrush — {1}{R}{G}, Discard Rubblehulk: Target attacking creature gets +X/+X until end of turn, where X is the number of lands you control."
"Yasharn, Implacable Earth",4.0,"['G', 'W']","['G', 'W']",['Legendary'],['Creature'],"['Elemental', 'Boar']",Rare,PRM,4,4,None,"When Yasharn enters the battlefield, search your library for a basic Forest card and a basic Plains card, reveal those cards, put them into your hand, then shuffle.\nPlayers can't pay life or sacrifice nonland permanents to cast spells or activate abilities."
Jace Beleren,3.0,['U'],['U'],['Legendary'],['Planeswalker'],['Jace'],Mythic,PRM,None,None,3,[+2]: Each player draws a card.\n[−1]: Target player draws a card.\n[−10]: Target player mills twenty cards.
Rhystic Study,3.0,['U'],['U'],None,['Enchantment'],None,Common,PRM,None,None,None,"Whenever an opponent casts a spell, you may draw a card unless that player pays {1}."
"Verazol, the Split Current",2.0,"['G', 'U']","['G', 'U']",['Legendary'],['Creature'],['Serpent'],Rare,PRM,0,0,None,"Verazol, the Split Current enters the battlefield with a +1/+1 counter on it for each mana spent to cast it.\nWhenever you cast a kicked spell, you may remove two +1/+1 counters from Verazol. If you do, copy that spell. You may choose new targets for the copy. (A copy of a permanent spell becomes a token.)"
Dark Ritual,1.0,['B'],['B'],None,['Instant'],None,Common,PRM,None,None,None,Add {B}{B}{B}.
Loyal Retainers,3.0,['W'],['W'],None,['Creature'],"['Human', 'Advisor']",Uncommon,PRM,1,1,None,"Sacrifice Loyal Retainers: Return target legendary creature card from your graveyard to the battlefield. Activate only during your turn, before attackers are declared."
"Grakmaw, Skyclave Ravager",3.0,"['B', 'G']","['B', 'G']",['Legendary'],['Creature'],"['Hydra', 'Horror']",Rare,PRM,0,0,None,"Grakmaw, Skyclave Ravager enters the battlefield with three +1/+1 counters on it.\nWhenever another creature you control dies, if it had a +1/+1 counter on it, put a +1/+1 counter on Grakmaw.\nWhen Grakmaw dies, create an X/X black and green Hydra creature token, where X is the number of +1/+1 counters on Grakmaw."
Kitchen Finks,3.0,"['G', 'W']","['G', 'W']",None,['Creature'],['Ouphe'],Uncommon,PRM,3,2,None,"When Kitchen Finks enters the battlefield, you gain 2 life.\nPersist (When this creature dies, if it had no -1/-1 counters on it, return it to the battlefield under its owner's control with a -1/-1 counter on it.)"
"Diaochan, Artful Beauty",4.0,['R'],['R'],['Legendary'],['Creature'],"['Human', 'Advisor']",Rare,PRM,1,1,None,"{T}: Destroy target creature of your choice, then destroy target creature of an opponent's choice. Activate only during your turn, before attackers are declared."
Skyclave Apparition,3.0,['W'],['W'],None,['Creature'],"['Kor', 'Spirit']",Rare,PRM,2,2,None,"When Skyclave Apparition enters the battlefield, exile up to one target nonland, nontoken permanent you don't control with mana value 4 or less.\nWhen Skyclave Apparition leaves the battlefield, the exiled card's owner creates an X/X blue Illusion creature token, where X is the mana value of the exiled card."
Merrow Reejerey,3.0,['U'],['U'],None,['Creature'],"['Merfolk', 'Soldier']",Uncommon,PRM,2,2,None,"Other Merfolk creatures you control get +1/+1.\nWhenever you cast a Merfolk spell, you may tap or untap target permanent."
Scroll Rack,2.0,None,None,None,['Artifact'],None,Rare,PRM,None,None,None,"{1}, {T}: Exile any number of cards from your hand face down. Put that many cards from the top of your library into your hand. Then look at the exiled cards and put them on top of your library in any order."
Roiling Vortex,2.0,['R'],['R'],None,['Enchantment'],None,Rare,PRM,None,None,None,"At the beginning of each player's upkeep, Roiling Vortex deals 1 damage to them.\nWhenever a player casts a spell, if no mana was spent to cast that spell, Roiling Vortex deals 5 damage to that player.\n{R}: Your opponents can't gain life this turn."
Magma Jet,2.0,['R'],['R'],None,['Instant'],None,Uncommon,PRM,None,None,None,Magma Jet deals 2 damage to any target. Scry 2.
Desertion,5.0,['U'],['U'],None,['Instant'],None,Rare,PRM,None,None,None,"Counter target spell. If an artifact or creature spell is countered this way, put that card onto the battlefield under your control instead of into its owner's graveyard."
Relic Robber,3.0,['R'],['R'],None,['Creature'],"['Goblin', 'Rogue']",Rare,PRM,2,2,None,"Haste\nWhenever Relic Robber deals combat damage to a player, that player creates a 0/1 colorless Goblin Construct artifact creature token with ""This creature can't block"" and ""At the beginning of your upkeep, this creature deals 1 damage to you."""
Chrome Mox,0.0,None,None,None,['Artifact'],None,Rare,PRM,None,None,None,"Imprint — When Chrome Mox enters the battlefield, you may exile a nonartifact, nonland card from your hand.\n{T}: Add one mana of any of the exiled card's colors."
Ancestral Recall,1.0,['U'],['U'],None,['Instant'],None,Rare,PRM,None,None,None,Target player draws three cards.
"Obuun, Mul Daya Ancestor",4.0,"['G', 'R', 'W']","['G', 'R', 'W']",['Legendary'],['Creature'],"['Elf', 'Spirit']",Mythic,PRM,3,3,None,"At the beginning of combat on your turn, up to one target land you control becomes an X/X Elemental creature with trample and haste until end of turn, where X is Obuun's power. It's still a land.\nLandfall — Whenever a land enters the battlefield under your control, put a +1/+1 counter on target creature."
"Treva, the Renewer",6.0,"['G', 'U', 'W']","['G', 'U', 'W']",['Legendary'],['Creature'],['Dragon'],Rare,PRM,6,6,None,"Flying\nWhenever Treva, the Renewer deals combat damage to a player, you may pay {2}{W}. If you do, choose a color, then you gain 1 life for each permanent of that color."
Mox Ruby,0.0,None,['R'],None,['Artifact'],None,Rare,PRM,None,None,None,{T}: Add {R}.
Archon of Emeria,3.0,['W'],['W'],None,['Creature'],['Archon'],Rare,PRM,2,3,None,Flying\nEach player can't cast more than one spell each turn.\nNonbasic lands your opponents control enter the battlefield tapped.
Go for the Throat,2.0,['B'],['B'],None,['Instant'],None,Uncommon,PRM,None,None,None,Destroy target nonartifact creature.
Metalworker,3.0,None,None,None,"['Artifact', 'Creature']",['Construct'],Rare,PRM,1,2,None,{T}: Reveal any number of artifact cards in your hand. Add {C}{C} for each card revealed this way.
"Anowon, the Ruin Thief",4.0,"['B', 'U']","['B', 'U']",['Legendary'],['Creature'],"['Vampire', 'Rogue']",Mythic,PRM,2,4,None,"Other Rogues you control get +1/+1.\nWhenever one or more Rogues you control deal combat damage to a player, that player mills a card for each 1 damage dealt to them. If the player mills at least one creature card this way, you draw a card. (To mill a card, a player puts the top card of their library into their graveyard.)"
Two-Headed Dragon,6.0,['R'],['R'],None,['Creature'],['Dragon'],Rare,PRM,4,4,None,Flying\nMenace (This creature can't be blocked except by two or more creatures.)\nTwo-Headed Dragon can block an additional creature each combat.\n{1}{R}: Two-Headed Dragon gets +2/+0 until end of turn.
Moat,4.0,['W'],['W'],None,['Enchantment'],None,Rare,PRM,None,None,None,Creatures without flying can't attack.
Soul Shatter,3.0,['B'],['B'],None,['Instant'],None,Rare,PRM,None,None,None,Each opponent sacrifices a creature or planeswalker with the highest mana value among creatures and planeswalkers they control.
Lightning Hounds,4.0,['R'],['R'],None,['Creature'],['Dog'],Common,PRM,3,2,None,First strike
Eureka,4.0,['G'],['G'],None,['Sorcery'],None,Rare,PRM,None,None,None,"Starting with you, each player may put a permanent card from their hand onto the battlefield. Repeat this process until no one puts a card onto the battlefield."
"Nahiri, Heir of the Ancients",4.0,"['R', 'W']","['R', 'W']",['Legendary'],['Planeswalker'],['Nahiri'],Mythic,PRM,None,None,4,"[+1]: Create a 1/1 white Kor Warrior creature token. You may attach an Equipment you control to it.\n[−2]: Look at the top six cards of your library. You may reveal a Warrior or Equipment card from among them and put it into your hand. Put the rest on the bottom of your library in a random order.\n[−3]: Nahiri, Heir of the Ancients deals damage to target creature or planeswalker equal to twice the number of Equipment you control."
Warmonger,4.0,['R'],['R'],None,['Creature'],"['Minotaur', 'Monger']",Uncommon,PRM,3,3,None,{2}: Warmonger deals 1 damage to each creature without flying and each player. Any player may activate this ability.
Mishra's Workshop,0.0,None,None,None,['Land'],None,Rare,PRM,None,None,None,{T}: Add {C}{C}{C}. Spend this mana only to cast artifact spells.
Nissa of Shadowed Boughs,4.0,"['B', 'G']","['B', 'G']",['Legendary'],['Planeswalker'],['Nissa'],Mythic,PRM,None,None,4,"Landfall — Whenever a land enters the battlefield under your control, put a loyalty counter on Nissa of Shadowed Boughs.\n[+1]: Untap target land you control. You may have it become a 3/3 Elemental creature with haste and menace until end of turn. It's still a land.\n[−5]: You may put a creature card with mana value less than or equal to the number of lands you control onto the battlefield from your hand or graveyard with two +1/+1 counters on it."
Scent of Cinder,2.0,['R'],['R'],None,['Sorcery'],None,Common,PRM,None,None,None,"Reveal any number of red cards in your hand. Scent of Cinder deals X damage to any target, where X is the number of cards revealed this way."
Mana Vault,1.0,None,None,None,['Artifact'],None,Rare,PRM,None,None,None,"Mana Vault doesn't untap during your untap step.\nAt the beginning of your upkeep, you may pay {4}. If you do, untap Mana Vault.\nAt the beginning of your draw step, if Mana Vault is tapped, it deals 1 damage to you.\n{T}: Add {C}{C}{C}."
"Jace, Mirror Mage",3.0,['U'],['U'],['Legendary'],['Planeswalker'],['Jace'],Mythic,PRM,None,None,4,"Kicker {2}\nWhen Jace, Mirror Mage enters the battlefield, if Jace was kicked, create a token that's a copy of Jace, Mirror Mage, except it's not legendary and its starting loyalty is 1.\n[+1]: Scry 2.\n[0]: Draw a card and reveal it. Remove a number of loyalty counters equal to that card's mana value from Jace, Mirror Mage."
Broodmate Dragon,6.0,"['B', 'G', 'R']","['B', 'G', 'R']",None,['Creature'],['Dragon'],Rare,PRM,4,4,None,"Flying\nWhen Broodmate Dragon enters the battlefield, create a 4/4 red Dragon creature token with flying."
Library of Alexandria,0.0,None,None,None,['Land'],None,Rare,PRM,None,None,None,{T}: Add {C}.\n{T}: Draw a card. Activate only if you have exactly seven cards in hand.
Kazandu Mammoth // Kazandu Valley,3.0,['G'],['G'],None,['Creature'],['Elephant'],Rare,PRM,3,3,None,"Landfall — Whenever a land enters the battlefield under your control, Kazandu Mammoth gets +2/+2 until end of turn."
Powder Keg,2.0,None,None,None,['Artifact'],None,Rare,PRM,None,None,None,"At the beginning of your upkeep, you may put a fuse counter on Powder Keg.\n{T}, Sacrifice Powder Keg: Destroy each artifact and creature with mana value equal to the number of fuse counters on Powder Keg."
The Abyss,4.0,['B'],['B'],['World'],['Enchantment'],None,Rare,PRM,None,None,None,"At the beginning of each player's upkeep, destroy target nonartifact creature that player controls of their choice. It can't be regenerated."
Phyrexian Negator,3.0,['B'],['B'],None,['Creature'],"['Phyrexian', 'Horror']",Rare,PRM,5,5,None,"Trample\nWhenever Phyrexian Negator is dealt damage, sacrifice that many permanents."
Nether Void,4.0,['B'],['B'],['World'],['Enchantment'],None,Rare,PRM,None,None,None,"Whenever a player casts a spell, counter it unless that player pays {3}."
Char,3.0,['R'],['R'],None,['Instant'],None,Rare,PRM,None,None,None,Char deals 4 damage to any target and 2 damage to you.
Mana Drain,2.0,['U'],['U'],None,['Instant'],None,Rare,PRM,None,None,None,"Counter target spell. At the beginning of your next main phase, add an amount of {C} equal to that spell's mana value."
Mother of Runes,1.0,['W'],['W'],None,['Creature'],"['Human', 'Cleric']",Uncommon,PRM,1,1,None,{T}: Target creature you control gains protection from the color of your choice until end of turn.
Black Lotus,0.0,None,None,None,['Artifact'],None,Rare,PRM,None,None,None,"{T}, Sacrifice Black Lotus: Add three mana of any one color."
Riverglide Pathway // Lavaglide Pathway,0.0,None,"['R', 'U']",None,['Land'],None,Rare,PRM,None,None,None,{T}: Add {U}.
Wren's Run Vanquisher,2.0,['G'],['G'],None,['Creature'],"['Elf', 'Warrior']",Uncommon,PRM,3,3,None,"As an additional cost to cast this spell, reveal an Elf card from your hand or pay {3}.\nDeathtouch (Any amount of damage this deals to a creature is enough to destroy it.)"
Show and Tell,3.0,['U'],['U'],None,['Sorcery'],None,Rare,PRM,None,None,None,"Each player may put an artifact, creature, enchantment, or land card from their hand onto the battlefield."
Brightclimb Pathway // Grimclimb Pathway,0.0,None,"['B', 'W']",None,['Land'],None,Rare,PRM,None,None,None,{T}: Add {W}.
Resurrection,4.0,['W'],['W'],None,['Sorcery'],None,Uncommon,PRM,None,None,None,Return target creature card from your graveyard to the battlefield.
Bribery,5.0,['U'],['U'],None,['Sorcery'],None,Rare,PRM,None,None,None,Search target opponent's library for a creature card and put that card onto the battlefield under your control. Then that player shuffles.
Confounding Conundrum,2.0,['U'],['U'],None,['Enchantment'],None,Rare,PRM,None,None,None,"When Confounding Conundrum enters the battlefield, draw a card.\nWhenever a land enters the battlefield under an opponent's control, if that player had another land enter the battlefield under their control this turn, they return a land they control to its owner's hand."
Avalanche Riders,4.0,['R'],['R'],None,['Creature'],"['Human', 'Nomad']",Uncommon,PRM,2,2,None,"Haste\nEcho {3}{R} (At the beginning of your upkeep, if this came under your control since the beginning of your last upkeep, sacrifice it unless you pay its echo cost.)\nWhen Avalanche Riders enters the battlefield, destroy target land."
Selesnya Signet,2.0,None,"['G', 'W']",None,['Artifact'],None,Uncommon,PRM,None,None,None,"{1}, {T}: Add {G}{W}."
Branchloft Pathway // Boulderloft Pathway,0.0,None,"['G', 'W']",None,['Land'],None,Rare,PRM,None,None,None,{T}: Add {G}.
Deranged Hermit,5.0,['G'],['G'],None,['Creature'],['Elf'],Rare,PRM,1,1,None,"Echo {3}{G}{G} (At the beginning of your upkeep, if this came under your control since the beginning of your last upkeep, sacrifice it unless you pay its echo cost.)\nWhen Deranged Hermit enters the battlefield, create four 1/1 green Squirrel creature tokens.\nSquirrel creatures get +1/+1."
Dimir Signet,2.0,None,"['B', 'U']",None,['Artifact'],None,Uncommon,PRM,None,None,None,"{1}, {T}: Add {U}{B}."
"Lu Bu, Master-at-Arms",6.0,['R'],['R'],['Legendary'],['Creature'],"['Human', 'Soldier', 'Warrior']",Rare,PRM,4,3,None,Haste; horsemanship (This creature can't be blocked except by creatures with horsemanship.)
Winter Orb,2.0,None,None,None,['Artifact'],None,Rare,PRM,None,None,None,"As long as Winter Orb is untapped, players can't untap more than one land during their untap steps."
Needleverge Pathway // Pillarverge Pathway,0.0,None,"['R', 'W']",None,['Land'],None,Rare,PRM,None,None,None,{T}: Add {R}.
Thran Quarry,0.0,None,None,None,['Land'],None,Rare,PRM,None,None,None,"At the beginning of the end step, if you control no creatures, sacrifice Thran Quarry.\n{T}: Add one mana of any color."
Mind Twist,1.0,['B'],['B'],None,['Sorcery'],None,Rare,PRM,None,None,None,Target player discards X cards at random.
Skittering Skirge,2.0,['B'],['B'],None,['Creature'],"['Phyrexian', 'Imp']",Common,PRM,3,2,None,"Flying\nWhen you cast a creature spell, sacrifice Skittering Skirge."
Timetwister,3.0,['U'],['U'],None,['Sorcery'],None,Rare,PRM,None,None,None,"Each player shuffles their hand and graveyard into their library, then draws seven cards. (Then put Timetwister into its owner's graveyard.)"
Cragcrown Pathway // Timbercrown Pathway,0.0,None,"['G', 'R']",None,['Land'],None,Rare,PRM,None,None,None,{T}: Add {R}.
Rewind,4.0,['U'],['U'],None,['Instant'],None,Common,PRM,None,None,None,Counter target spell. Untap up to four lands.
Goblin Vandal,1.0,['R'],['R'],None,['Creature'],"['Goblin', 'Rogue']",Common,PRM,1,1,None,"Whenever Goblin Vandal attacks and isn't blocked, you may pay {R}. If you do, destroy target artifact defending player controls and Goblin Vandal assigns no combat damage this turn."
Albino Troll,2.0,['G'],['G'],None,['Creature'],['Troll'],Uncommon,PRM,3,3,None,"Echo {1}{G} (At the beginning of your upkeep, if this came under your control since the beginning of your last upkeep, sacrifice it unless you pay its echo cost.)\n{1}{G}: Regenerate Albino Troll."
Carnival Hellsteed,6.0,"['B', 'R']","['B', 'R']",None,['Creature'],"['Nightmare', 'Horse']",Rare,PRM,5,4,None,"First strike, haste\nUnleash (You may have this creature enter the battlefield with a +1/+1 counter on it. It can't block as long as it has a +1/+1 counter on it.)"
Clearwater Pathway // Murkwater Pathway,0.0,None,"['B', 'U']",None,['Land'],None,Rare,PRM,None,None,None,{T}: Add {U}.
Priest of Titania,2.0,['G'],['G'],None,['Creature'],"['Elf', 'Druid']",Common,PRM,1,1,None,{T}: Add {G} for each Elf on the battlefield.
Elvish Lyrist,1.0,['G'],['G'],None,['Creature'],['Elf'],Common,PRM,1,1,None,"{G}, {T}, Sacrifice Elvish Lyrist: Destroy target enchantment."
Time Walk,2.0,['U'],['U'],None,['Sorcery'],None,Rare,PRM,None,None,None,Take an extra turn after this one.
"Emeria's Call // Emeria, Shattered Skyclave",7.0,['W'],['W'],None,['Sorcery'],None,Mythic,PRM,None,None,None,Create two 4/4 white Angel Warrior creature tokens with flying. Non-Angel creatures you control gain indestructible until your next turn.
Arc Lightning,3.0,['R'],['R'],None,['Sorcery'],None,Common,PRM,None,None,None,"Arc Lightning deals 3 damage divided as you choose among one, two, or three targets."
Gruul Signet,2.0,None,"['G', 'R']",None,['Artifact'],None,Uncommon,PRM,None,None,None,"{1}, {T}: Add {R}{G}."
Stroke of Genius,3.0,['U'],['U'],None,['Instant'],None,Rare,PRM,None,None,None,Target player draws X cards.
Orzhov Signet,2.0,None,"['B', 'W']",None,['Artifact'],None,Uncommon,PRM,None,None,None,"{1}, {T}: Add {W}{B}."
"Sea Gate Restoration // Sea Gate, Reborn",7.0,['U'],['U'],None,['Sorcery'],None,Mythic,PRM,None,None,None,Draw cards equal to the number of cards in your hand plus one. You have no maximum hand size for the rest of the game.
Gaea's Cradle,0.0,None,['G'],['Legendary'],['Land'],None,Rare,PRM,None,None,None,{T}: Add {G} for each creature you control.
Azorius Signet,2.0,None,"['U', 'W']",None,['Artifact'],None,Uncommon,PRM,None,None,None,"{1}, {T}: Add {W}{U}."
Pouncing Jaguar,1.0,['G'],['G'],None,['Creature'],['Cat'],Common,PRM,2,2,None,"Echo {G} (At the beginning of your upkeep, if this came under your control since the beginning of your last upkeep, sacrifice it unless you pay its echo cost.)"
Boros Signet,2.0,None,"['R', 'W']",None,['Artifact'],None,Uncommon,PRM,None,None,None,"{1}, {T}: Add {R}{W}."
"Agadeem's Awakening // Agadeem, the Undercrypt",3.0,['B'],['B'],None,['Sorcery'],None,Mythic,PRM,None,None,None,Return from your graveyard to the battlefield any number of target creature cards that each have a different mana value X or less.
Call of the Herd,3.0,['G'],['G'],None,['Sorcery'],None,Rare,PRM,None,None,None,Create a 3/3 green Elephant creature token.\nFlashback {3}{G} (You may cast this card from your graveyard for its flashback cost. Then exile it.)
Mox Sapphire,0.0,None,['U'],None,['Artifact'],None,Rare,PRM,None,None,None,{T}: Add {U}.
"Karn, Silver Golem",5.0,None,None,['Legendary'],"['Artifact', 'Creature']",['Golem'],Rare,PRM,4,4,None,"Whenever Karn, Silver Golem blocks or becomes blocked, it gets -4/+4 until end of turn.\n{1}: Target noncreature artifact becomes an artifact creature with power and toughness each equal to its mana value until end of turn."
Simic Signet,2.0,None,"['G', 'U']",None,['Artifact'],None,Uncommon,PRM,None,None,None,"{1}, {T}: Add {G}{U}."
"Shatterskull Smashing // Shatterskull, the Hammer Pass",2.0,['R'],['R'],None,['Sorcery'],None,Mythic,PRM,None,None,None,"Shatterskull Smashing deals X damage divided as you choose among up to two target creatures and/or planeswalkers. If X is 6 or more, Shatterskull Smashing deals twice X damage divided as you choose among them instead."
Argothian Enchantress,2.0,['G'],['G'],None,['Creature'],"['Human', 'Druid']",Rare,PRM,0,1,None,"Shroud (This creature can't be the target of spells or abilities.)\nWhenever you cast an enchantment spell, draw a card."
Rakdos Signet,2.0,None,"['B', 'R']",None,['Artifact'],None,Uncommon,PRM,None,None,None,"{1}, {T}: Add {B}{R}."
Volcanic Hammer,2.0,['R'],['R'],None,['Sorcery'],None,Common,PRM,None,None,None,Volcanic Hammer deals 3 damage to any target.
Corpsejack Menace,4.0,"['B', 'G']","['B', 'G']",None,['Creature'],['Fungus'],Rare,PRM,4,4,None,"If one or more +1/+1 counters would be put on a creature you control, twice that many +1/+1 counters are put on it instead."
"Turntimber Symbiosis // Turntimber, Serpentine Wood",7.0,['G'],['G'],None,['Sorcery'],None,Mythic,PRM,None,None,None,"Look at the top seven cards of your library. You may put a creature card from among them onto the battlefield. If that card has mana value 3 or less, it enters with three additional +1/+1 counters on it. Put the rest on the bottom of your library in a random order."
Carnophage,1.0,['B'],['B'],None,['Creature'],['Zombie'],Common,PRM,2,2,None,"At the beginning of your upkeep, tap Carnophage unless you pay 1 life."
Mox Emerald,0.0,None,['G'],None,['Artifact'],None,Rare,PRM,None,None,None,{T}: Add {G}.
Dauntless Dourbark,4.0,['G'],['G'],None,['Creature'],"['Treefolk', 'Warrior']",Rare,PRM,*,*,None,Dauntless Dourbark's power and toughness are each equal to the number of Forests you control plus the number of Treefolk you control.\nDauntless Dourbark has trample as long as you control another Treefolk.
Cryptborn Horror,3.0,"['B', 'R']","['B', 'R']",None,['Creature'],['Horror'],Rare,PRM,0,0,None,"Trample\nCryptborn Horror enters the battlefield with X +1/+1 counters on it, where X is the total life lost by your opponents this turn."
Ondu Inversion // Ondu Skyruins,8.0,['W'],['W'],None,['Sorcery'],None,Rare,PRM,None,None,None,Destroy all nonland permanents.
Brion Stoutarm,4.0,"['R', 'W']","['R', 'W']",['Legendary'],['Creature'],"['Giant', 'Warrior']",Rare,PRM,4,4,None,"Lifelink\n{R}, {T}, Sacrifice another creature: Brion Stoutarm deals damage equal to the sacrificed creature's power to target player or planeswalker."
Mox Jet,0.0,None,['B'],None,['Artifact'],None,Rare,PRM,None,None,None,{T}: Add {B}.
Wood Elves,3.0,['G'],['G'],None,['Creature'],"['Elf', 'Scout']",Common,PRM,1,1,None,"When Wood Elves enters the battlefield, search your library for a Forest card, put that card onto the battlefield, then shuffle."
Mox Pearl,0.0,None,['W'],None,['Artifact'],None,Rare,PRM,None,None,None,{T}: Add {W}.
Glasspool Mimic // Glasspool Shore,3.0,['U'],['U'],None,['Creature'],"['Shapeshifter', 'Rogue']",Rare,PRM,0,0,None,"You may have Glasspool Mimic enter the battlefield as a copy of a creature you control, except it's a Shapeshifter Rogue in addition to its other types."
Oath of Druids,2.0,['G'],['G'],None,['Enchantment'],None,Rare,PRM,None,None,None,"At the beginning of each player's upkeep, that player chooses target player who controls more creatures than they do and is their opponent. The first player may reveal cards from the top of their library until they reveal a creature card. If the first player does, that player puts that card onto the battlefield and all other cards revealed this way into their graveyard."
Grove of the Guardian,0.0,None,"['G', 'W']",None,['Land'],None,Rare,PRM,None,None,None,"{T}: Add {C}.\n{3}{G}{W}, {T}, Tap two untapped creatures you control, Sacrifice Grove of the Guardian: Create an 8/8 green and white Elemental creature token with vigilance."
Faerie Conclave,0.0,None,['U'],None,['Land'],None,Uncommon,PRM,None,None,None,Faerie Conclave enters the battlefield tapped.\n{T}: Add {U}.\n{1}{U}: Faerie Conclave becomes a 2/1 blue Faerie creature with flying until end of turn. It's still a land.
Hypersonic Dragon,5.0,"['R', 'U']","['R', 'U']",None,['Creature'],['Dragon'],Rare,PRM,4,4,None,"Flying, haste\nYou may cast sorcery spells as though they had flash. (You may cast them any time you could cast an instant.)"
Hagra Mauling // Hagra Broodpit,4.0,['B'],['B'],None,['Instant'],None,Rare,PRM,None,None,None,This spell costs {1} less to cast if an opponent controls no basic lands.\nDestroy target creature.
"Kamahl, Pit Fighter",6.0,['R'],['R'],['Legendary'],['Creature'],"['Human', 'Barbarian']",Rare,PRM,6,1,None,"Haste (This creature can attack and {T} as soon as it comes under your control.)\n{T}: Kamahl, Pit Fighter deals 3 damage to any target."
Supreme Verdict,4.0,"['U', 'W']","['U', 'W']",None,['Sorcery'],None,Rare,PRM,None,None,None,This spell can't be countered.\nDestroy all creatures.
Reya Dawnbringer,9.0,['W'],['W'],['Legendary'],['Creature'],['Angel'],Rare,PRM,4,6,None,"Flying\nAt the beginning of your upkeep, you may return target creature card from your graveyard to the battlefield."
Archon of the Triumvirate,7.0,"['U', 'W']","['U', 'W']",None,['Creature'],['Archon'],Rare,PRM,4,5,None,"Flying\nWhenever Archon of the Triumvirate attacks, detain up to two target nonland permanents your opponents control. (Until your next turn, those permanents can't attack or block and their activated abilities can't be activated.)"
Valakut Awakening // Valakut Stoneforge,3.0,['R'],['R'],None,['Instant'],None,Rare,PRM,None,None,None,"Put any number of cards from your hand on the bottom of your library, then draw that many cards plus one."
Wall of Blossoms,2.0,['G'],['G'],None,['Creature'],"['Plant', 'Wall']",Uncommon,PRM,0,4,None,"Defender\nWhen Wall of Blossoms enters the battlefield, draw a card."
Deadbridge Goliath,4.0,['G'],['G'],None,['Creature'],['Insect'],Rare,PRM,5,5,None,"Scavenge {4}{G}{G} ({4}{G}{G}, Exile this card from your graveyard: Put a number of +1/+1 counters equal to this card's power on target creature. Scavenge only as a sorcery.)"
Spike Feeder,3.0,['G'],['G'],None,['Creature'],['Spike'],Uncommon,PRM,0,0,None,"Spike Feeder enters the battlefield with two +1/+1 counters on it.\n{2}, Remove a +1/+1 counter from Spike Feeder: Put a +1/+1 counter on target creature.\nRemove a +1/+1 counter from Spike Feeder: You gain 2 life."
Basri Ket,3.0,['W'],['W'],['Legendary'],['Planeswalker'],['Basri'],Mythic,PRM,None,None,3,"[+1]: Put a +1/+1 counter on up to one target creature. It gains indestructible until end of turn.\n[−2]: Whenever one or more nontoken creatures attack this turn, create that many 1/1 white Soldier creature tokens that are tapped and attacking.\n[−6]: You get an emblem with ""At the beginning of combat on your turn, create a 1/1 white Soldier creature token, then put a +1/+1 counter on each creature you control."""
Hermit Druid,2.0,['G'],['G'],None,['Creature'],"['Human', 'Druid']",Rare,PRM,1,1,None,"{G}, {T}: Reveal cards from the top of your library until you reveal a basic land card. Put that card into your hand and all other cards revealed this way into your graveyard."
Pillar of Flame,1.0,['R'],['R'],None,['Sorcery'],None,Common,PRM,None,None,None,"Pillar of Flame deals 2 damage to any target. If a creature dealt damage this way would die this turn, exile it instead."
"Liliana, Waker of the Dead",4.0,['B'],['B'],['Legendary'],['Planeswalker'],['Liliana'],Mythic,PRM,None,None,4,"[+1]: Each player discards a card. Each opponent who can't loses 3 life.\n[−3]: Target creature gets -X/-X until end of turn, where X is the number of cards in your graveyard.\n[−7]: You get an emblem with ""At the beginning of combat on your turn, put target creature card from a graveyard onto the battlefield under your control. It gains haste."""
Forbid,3.0,['U'],['U'],None,['Instant'],None,Uncommon,PRM,None,None,None,"Buyback—Discard two cards. (You may discard two cards in addition to any other costs as you cast this spell. If you do, put this card into your hand as it resolves.)\nCounter target spell."
Gitaxian Probe,1.0,['U'],['U'],None,['Sorcery'],None,Common,PRM,None,None,None,({U/P} can be paid with either {U} or 2 life.)\nLook at target player's hand.\nDraw a card.
"Chandra, Heart of Fire",5.0,['R'],['R'],['Legendary'],['Planeswalker'],['Chandra'],Mythic,PRM,None,None,5,"[+1]: Discard your hand, then exile the top three cards of your library. Until end of turn, you may play cards exiled this way.\n[+1]: Chandra, Heart of Fire deals 2 damage to any target.\n[−9]: Search your graveyard and library for any number of red instant and/or sorcery cards, exile them, then shuffle. You may cast them this turn. Add six {R}."
Dryad Militant,1.0,"['G', 'W']","['G', 'W']",None,['Creature'],"['Dryad', 'Soldier']",Uncommon,PRM,2,1,None,"If an instant or sorcery card would be put into a graveyard from anywhere, exile it instead."
"Teferi, Master of Time",4.0,['U'],['U'],['Legendary'],['Planeswalker'],['Teferi'],Mythic,PRM,None,None,3,"You may activate loyalty abilities of Teferi, Master of Time on any player's turn any time you could cast an instant.\n[+1]: Draw a card, then discard a card.\n[−3]: Target creature you don't control phases out. (Treat it and anything attached to it as though they don't exist until its controller's next turn.)\n[−10]: Take two extra turns after this one."
Fling,2.0,['R'],['R'],None,['Instant'],None,Common,PRM,None,None,None,"As an additional cost to cast this spell, sacrifice a creature.\nFling deals damage equal to the sacrificed creature's power to any target."
Evolving Wilds,0.0,None,None,None,['Land'],None,Common,PRM,None,None,None,"{T}, Sacrifice Evolving Wilds: Search your library for a basic land card, put it onto the battlefield tapped, then shuffle."
Groundbreaker,3.0,['G'],['G'],None,['Creature'],['Elemental'],Rare,PRM,6,1,None,"Trample, haste\nAt the beginning of the end step, sacrifice Groundbreaker."
Cathedral of War,0.0,None,None,None,['Land'],None,Rare,PRM,None,None,None,"Cathedral of War enters the battlefield tapped.\nExalted (Whenever a creature you control attacks alone, that creature gets +1/+1 until end of turn.)\n{T}: Add {C}."
"Garruk, Unleashed",4.0,['G'],['G'],['Legendary'],['Planeswalker'],['Garruk'],Mythic,PRM,None,None,4,"[+1]: Up to one target creature gets +3/+3 and gains trample until end of turn.\n[−2]: Create a 3/3 green Beast creature token. Then if an opponent controls more creatures than you, put a loyalty counter on Garruk, Unleashed.\n[−7]: You get an emblem with ""At the beginning of your end step, you may search your library for a creature card, put it onto the battlefield, then shuffle."""
Crystalline Sliver,2.0,"['U', 'W']","['U', 'W']",None,['Creature'],['Sliver'],Uncommon,PRM,2,2,None,All Slivers have shroud. (They can't be the targets of spells or abilities.)
Staff of Nin,6.0,None,None,None,['Artifact'],None,Rare,PRM,None,None,None,"At the beginning of your upkeep, draw a card.\n{T}: Staff of Nin deals 1 damage to any target."
"Tevesh Szat, Doom of Fools",5.0,['B'],['B'],['Legendary'],['Planeswalker'],['Szat'],Mythic,PRM,None,None,4,"[+2]: Create two 0/1 black Thrull creature tokens.\n[+1]: You may sacrifice another creature or planeswalker. If you do, draw two cards, then draw another card if the sacrificed permanent was a commander.\n[−10]: Gain control of all commanders. Put all commanders from the command zone onto the battlefield under your control.\nTevesh Szat, Doom of Fools can be your commander.\nPartner"
Yixlid Jailer,2.0,['B'],['B'],None,['Creature'],"['Zombie', 'Wizard']",Uncommon,PRM,2,1,None,Cards in graveyards lose all abilities.
Mwonvuli Beast Tracker,3.0,['G'],['G'],None,['Creature'],"['Human', 'Scout']",Uncommon,PRM,2,1,None,"When Mwonvuli Beast Tracker enters the battlefield, search your library for a creature card with deathtouch, hexproof, reach, or trample and reveal it. Shuffle and put that card on top."
"Jeska, Thrice Reborn",3.0,['R'],['R'],['Legendary'],['Planeswalker'],['Jeska'],Mythic,PRM,None,None,0,"Jeska, Thrice Reborn enters the battlefield with a loyalty counter on her for each time you've cast a commander from the command zone this game.\n[0]: Choose target creature. Until your next turn, if that creature would deal combat damage to one of your opponents, it deals triple that damage to that player instead.\n[−X]: Jeska, Thrice Reborn deals X damage to each of up to three targets.\nJeska, Thrice Reborn can be your commander.\nPartner"
Zoetic Cavern,0.0,None,None,None,['Land'],None,Uncommon,PRM,None,None,None,{T}: Add {C}.\nMorph {2} (You may cast this card face down as a 2/2 creature for {3}. Turn it face up any time for its morph cost.)
Avacyn's Pilgrim,1.0,['G'],"['G', 'W']",None,['Creature'],"['Human', 'Monk']",Common,PRM,1,1,None,{T}: Add {W}.
Undergrowth Stadium,0.0,None,"['B', 'G']",None,['Land'],None,Rare,PRM,None,None,None,Undergrowth Stadium enters the battlefield tapped unless you have two or more opponents.\n{T}: Add {B} or {G}.
Staunch Defenders,5.0,['W'],['W'],None,['Creature'],"['Human', 'Soldier']",Uncommon,PRM,3,4,None,"When Staunch Defenders enters the battlefield, you gain 4 life."
Magmaquake,2.0,['R'],['R'],None,['Instant'],None,Rare,PRM,None,None,None,Magmaquake deals X damage to each creature without flying and each planeswalker.
Rejuvenating Springs,0.0,None,"['G', 'U']",None,['Land'],None,Rare,PRM,None,None,None,Rejuvenating Springs enters the battlefield tapped unless you have two or more opponents.\n{T}: Add {G} or {U}.
Chill,2.0,['U'],['U'],None,['Enchantment'],None,Uncommon,PRM,None,None,None,Red spells cost {2} more to cast.
Xathrid Gorgon,6.0,['B'],['B'],None,['Creature'],['Gorgon'],Rare,PRM,3,6,None,"Deathtouch (Any amount of damage this deals to a creature is enough to destroy it.)\n{2}{B}, {T}: Put a petrification counter on target creature. It gains defender and becomes a colorless artifact in addition to its other types. Its activated abilities can't be activated. (A creature with defender can't attack.)"
Training Center,0.0,None,"['R', 'U']",None,['Land'],None,Rare,PRM,None,None,None,Training Center enters the battlefield tapped unless you have two or more opponents.\n{T}: Add {U} or {R}.
Dismiss,4.0,['U'],['U'],None,['Instant'],None,Uncommon,PRM,None,None,None,Counter target spell.\nDraw a card.
Sunscorch Regent,5.0,['W'],['W'],None,['Creature'],['Dragon'],Rare,PRM,4,3,None,"Flying\nWhenever an opponent casts a spell, put a +1/+1 counter on Sunscorch Regent and you gain 1 life."
Spectator Seating,0.0,None,"['R', 'W']",None,['Land'],None,Rare,PRM,None,None,None,Spectator Seating enters the battlefield tapped unless you have two or more opponents.\n{T}: Add {R} or {W}.
Goblin Bombardment,2.0,['R'],['R'],None,['Enchantment'],None,Uncommon,PRM,None,None,None,Sacrifice a creature: Goblin Bombardment deals 1 damage to any target.
Forbidden Alchemy,3.0,['U'],"['B', 'U']",None,['Instant'],None,Common,PRM,None,None,None,Look at the top four cards of your library. Put one of them into your hand and the rest into your graveyard.\nFlashback {6}{B} (You may cast this card from your graveyard for its flashback cost. Then exile it.)
Vault of Champions,0.0,None,"['B', 'W']",None,['Land'],None,Rare,PRM,None,None,None,Vault of Champions enters the battlefield tapped unless you have two or more opponents.\n{T}: Add {W} or {B}.
Jackal Pup,1.0,['R'],['R'],None,['Creature'],['Jackal'],Uncommon,PRM,2,1,None,"Whenever Jackal Pup is dealt damage, it deals that much damage to you."
Lingering Souls,3.0,['W'],"['B', 'W']",None,['Sorcery'],None,Uncommon,PRM,None,None,None,Create two 1/1 white Spirit creature tokens with flying.\nFlashback {1}{B} (You may cast this card from your graveyard for its flashback cost. Then exile it.)
Wheel of Misfortune,3.0,['R'],['R'],None,['Sorcery'],None,Rare,PRM,None,None,None,"Each player secretly chooses a number 0 or greater, then all players reveal those numbers simultaneously and determine the highest and lowest numbers revealed this way. Wheel of Misfortune deals damage equal to the highest number to each player who chose that number. Each player who didn't choose the lowest number discards their hand, then draws seven cards."
Scragnoth,5.0,['G'],['G'],None,['Creature'],['Beast'],Uncommon,PRM,3,4,None,This spell can't be countered.\nProtection from blue
Acidic Slime,5.0,['G'],['G'],None,['Creature'],['Ooze'],Uncommon,PRM,2,2,None,"Deathtouch (Any amount of damage this deals to a creature is enough to destroy it.)\nWhen Acidic Slime enters the battlefield, destroy target artifact, enchantment, or land."
Horizon Stone,5.0,None,None,None,['Artifact'],None,Rare,PRM,None,None,None,"If you would lose unspent mana, that mana becomes colorless instead."
Reanimate,1.0,['B'],['B'],None,['Sorcery'],None,Uncommon,PRM,None,None,None,Put target creature card from a graveyard onto the battlefield under your control. You lose life equal to its mana value.
Stairs to Infinity,0.0,None,None,None,['Plane'],['Xerex'],Rare,PRM,None,None,None,"Players have no maximum hand size.\nWhenever you roll the planar die, draw a card.\nWhenever chaos ensues, reveal the top card of your planar deck. You may put it on the bottom of your planar deck."
Nevinyrral's Disk,4.0,None,None,None,['Artifact'],None,Rare,PRM,None,None,None,"Nevinyrral's Disk enters the battlefield tapped.\n{1}, {T}: Destroy all artifacts, creatures, and enchantments."
Bottle Gnomes,3.0,None,None,None,"['Artifact', 'Creature']",['Gnome'],Uncommon,PRM,1,3,None,Sacrifice Bottle Gnomes: You gain 3 life.
Celestine Reef,0.0,None,None,None,['Plane'],['Luvion'],Rare,PRM,None,None,None,"Creatures without flying or islandwalk can't attack.\nWhenever chaos ensues, until a player planeswalks, you can't lose the game and your opponents can't win the game."
Biowaste Blob,4.0,['G'],['G'],None,['Creature'],['Ooze'],Rare,PRM,0,0,None,"Oozes you control get +1/+1.\nAt the beginning of your upkeep, if you control a commander, create a token that's a copy of Biowaste Blob."
Tradewind Rider,4.0,['U'],['U'],None,['Creature'],['Spirit'],Rare,PRM,1,4,None,"Flying\n{T}, Tap two untapped creatures you control: Return target permanent to its owner's hand."
Horizon Boughs,0.0,None,None,None,['Plane'],['Pyrulea'],Rare,PRM,None,None,None,"All permanents untap during each player's untap step.\nWhenever chaos ensues, you may search your library for up to three basic land cards, put them onto the battlefield tapped, then shuffle."
Profane Transfusion,9.0,['B'],['B'],None,['Sorcery'],None,Mythic,PRM,None,None,None,"Two target players exchange life totals. You create an X/X colorless Horror artifact creature token, where X is the difference between those players' life totals."
Intuition,3.0,['U'],['U'],None,['Instant'],None,Rare,PRM,None,None,None,Search your library for three cards and reveal them. Target opponent chooses one. Put that card into your hand and the rest into your graveyard. Then shuffle.
Mirrored Depths,0.0,None,None,None,['Plane'],['Karsus'],Rare,PRM,None,None,None,"Whenever a player casts a spell, that player flips a coin. If the player loses the flip, counter that spell.\nWhenever chaos ensues, target player reveals the top card of their library. If it's a nonland card, you may cast it without paying its mana cost."
Promise of Tomorrow,3.0,['W'],['W'],None,['Enchantment'],None,Rare,PRM,None,None,None,"Whenever a creature you control dies, exile it.\nAt the beginning of each end step, if you control no creatures, sacrifice Promise of Tomorrow and return all cards exiled with it to the battlefield under your control."
Time Warp,5.0,['U'],['U'],None,['Sorcery'],None,Rare,PRM,None,None,None,Target player takes an extra turn after this one.
Tember City,0.0,None,None,None,['Plane'],['Kinshala'],Rare,PRM,None,None,None,"Whenever a player taps a land for mana, Tember City deals 1 damage to that player.\nWhenever chaos ensues, each other player sacrifices a nonland permanent."
Flamekin Herald,3.0,['R'],['R'],None,['Creature'],"['Elemental', 'Wizard']",Rare,PRM,3,2,None,"Commander spells you cast have cascade. (Whenever you cast a commander, exile cards from the top of your library until you exile a nonland card with lesser mana value. You may cast it without paying its mana cost. Put the exiled cards on the bottom of your library in a random order.)"
Living Death,5.0,['B'],['B'],None,['Sorcery'],None,Rare,PRM,None,None,None,"Each player exiles all creature cards from their graveyard, then sacrifices all creatures they control, then puts all cards they exiled this way onto the battlefield."
Tazeem,0.0,None,None,None,['Plane'],['Zendikar'],Rare,PRM,None,None,None,"Creatures can't block.\nWhenever chaos ensues, draw a card for each land you control."
Court of Bounty,4.0,['G'],['G'],None,['Enchantment'],None,Rare,PRM,None,None,None,"When Court of Bounty enters the battlefield, you become the monarch.\nAt the beginning of your upkeep, you may put a land card from your hand onto the battlefield. If you're the monarch, instead you may put a creature or land card from your hand onto the battlefield."
Capsize,3.0,['U'],['U'],None,['Instant'],None,Common,PRM,None,None,None,"Buyback {3} (You may pay an additional {3} as you cast this spell. If you do, put this card into your hand as it resolves.)\nReturn target permanent to its owner's hand."
Lotus Cobra,2.0,['G'],['G'],None,['Creature'],['Snake'],Mythic,PRM,2,1,None,"Landfall — Whenever a land enters the battlefield under your control, add one mana of any color."
Court of Ire,5.0,['R'],['R'],None,['Enchantment'],None,Rare,PRM,None,None,None,"When Court of Ire enters the battlefield, you become the monarch.\nAt the beginning of your upkeep, Court of Ire deals 2 damage to any target. If you're the monarch, it deals 7 damage instead."
Fireslinger,2.0,['R'],['R'],None,['Creature'],"['Human', 'Wizard']",Common,PRM,1,1,None,{T}: Fireslinger deals 1 damage to any target and 1 damage to you.
Killing Wave,1.0,['B'],['B'],None,['Sorcery'],None,Rare,PRM,None,None,None,"For each creature, its controller sacrifices it unless they pay X life."
Court of Ambition,4.0,['B'],['B'],None,['Enchantment'],None,Rare,PRM,None,None,None,"When Court of Ambition enters the battlefield, you become the monarch.\nAt the beginning of your upkeep, each opponent loses 3 life unless they discard a card. If you're the monarch, instead each opponent loses 6 life unless they discard two cards."
Restoration Angel,4.0,['W'],['W'],None,['Creature'],['Angel'],Rare,PRM,3,4,None,"Flash\nFlying\nWhen Restoration Angel enters the battlefield, you may exile target non-Angel creature you control, then return that card to the battlefield under your control."
Court of Cunning,3.0,['U'],['U'],None,['Enchantment'],None,Rare,PRM,None,None,None,"When Court of Cunning enters the battlefield, you become the monarch.\nAt the beginning of your upkeep, any number of target players each mill two cards. If you're the monarch, each of those players mills ten cards instead. (To mill a card, a player puts the top card of their library into their graveyard.)"
Muscle Sliver,2.0,['G'],['G'],None,['Creature'],['Sliver'],Common,PRM,1,1,None,All Sliver creatures get +1/+1.
Latch Seeker,3.0,['U'],['U'],None,['Creature'],['Spirit'],Uncommon,PRM,3,1,None,Latch Seeker can't be blocked.
Court of Grace,4.0,['W'],['W'],None,['Enchantment'],None,Rare,PRM,None,None,None,"When Court of Grace enters the battlefield, you become the monarch.\nAt the beginning of your upkeep, create a 1/1 white Spirit creature token with flying. If you're the monarch, create a 4/4 white Angel creature token with flying instead."
Dauthi Slayer,2.0,['B'],['B'],None,['Creature'],"['Dauthi', 'Soldier']",Common,PRM,2,2,None,Shadow (This creature can block or be blocked by only creatures with shadow.)\nDauthi Slayer attacks each combat if able.
Silverblade Paladin,3.0,['W'],['W'],None,['Creature'],"['Human', 'Knight']",Rare,PRM,2,2,None,"Soulbond (You may pair this creature with another unpaired creature when either enters the battlefield. They remain paired for as long as you control both of them.)\nAs long as Silverblade Paladin is paired with another creature, both creatures have double strike."
Magus of the Order,4.0,['G'],['G'],None,['Creature'],"['Human', 'Wizard']",Rare,PRM,3,3,None,"{G}, {T}, Sacrifice Magus of the Order and another green creature: Search your library for a green creature card, put it onto the battlefield, then shuffle."
Aura of Silence,3.0,['W'],['W'],None,['Enchantment'],None,Uncommon,PRM,None,None,None,Artifact and enchantment spells your opponents cast cost {2} more to cast.\nSacrifice Aura of Silence: Destroy target artifact or enchantment.
Moonsilver Spear,4.0,None,None,None,['Artifact'],['Equipment'],Rare,PRM,None,None,None,"Equipped creature has first strike.\nWhenever equipped creature attacks, create a 4/4 white Angel creature token with flying.\nEquip {4}"
Dawnglade Regent,7.0,['G'],['G'],None,['Creature'],['Elk'],Rare,PRM,8,8,None,"When Dawnglade Regent enters the battlefield, you become the monarch.\nAs long as you're the monarch, permanents you control have hexproof."
Gemstone Mine,0.0,None,None,None,['Land'],None,Uncommon,PRM,None,None,None,"Gemstone Mine enters the battlefield with three mining counters on it.\n{T}, Remove a mining counter from Gemstone Mine: Add one mana of any color. If there are no mining counters on Gemstone Mine, sacrifice it."
Goblin Guide,1.0,['R'],['R'],None,['Creature'],"['Goblin', 'Scout']",Rare,PRM,2,2,None,"Haste\nWhenever Goblin Guide attacks, defending player reveals the top card of their library. If it's a land card, that player puts it into their hand."
Commander's Plate,1.0,None,None,None,['Artifact'],['Equipment'],Mythic,PRM,None,None,None,Equipped creature gets +3/+3 and has protection from each color that's not in your commander's color identity.\nEquip commander {3}\nEquip {5}
Gaea's Blessing,2.0,['G'],['G'],None,['Sorcery'],None,Uncommon,PRM,None,None,None,"Target player shuffles up to three target cards from their graveyard into their library.\nDraw a card.\nWhen Gaea's Blessing is put into your graveyard from your library, shuffle your graveyard into your library."
Voidmage Prodigy,2.0,['U'],['U'],None,['Creature'],"['Human', 'Wizard']",Rare,PRM,2,1,None,"{U}{U}, Sacrifice a Wizard: Counter target spell.\nMorph {U} (You may cast this card face down as a 2/2 creature for {3}. Turn it face up any time for its morph cost.)"
Body of Knowledge,5.0,['U'],['U'],None,['Creature'],['Avatar'],Rare,PRM,*,*,None,"Body of Knowledge's power and toughness are each equal to the number of cards in your hand.\nYou have no maximum hand size.\nWhenever Body of Knowledge is dealt damage, draw that many cards."
Empyrial Armor,3.0,['W'],['W'],None,['Enchantment'],['Aura'],Common,PRM,None,None,None,Enchant creature\nEnchanted creature gets +1/+1 for each card in your hand.
Old Man of the Sea,3.0,['U'],['U'],None,['Creature'],['Djinn'],Rare,PRM,2,3,None,You may choose not to untap Old Man of the Sea during your untap step.\n{T}: Gain control of target creature with power less than or equal to Old Man of the Sea's power for as long as Old Man of the Sea remains tapped and that creature's power remains less than or equal to Old Man of the Sea's power.
Sphinx of the Second Sun,8.0,['U'],['U'],None,['Creature'],['Sphinx'],Mythic,PRM,6,6,None,"Flying\nAt the beginning of your postcombat main phase, there is an additional beginning phase after this phase. (The beginning phase includes the untap, upkeep, and draw steps.)"
Ophidian,3.0,['U'],['U'],None,['Creature'],['Snake'],Common,PRM,1,3,None,"Whenever Ophidian attacks and isn't blocked, you may draw a card. If you do, Ophidian assigns no combat damage this turn."
Stunted Growth,5.0,['G'],['G'],None,['Sorcery'],None,Rare,PRM,None,None,None,Target player chooses three cards from their hand and puts them on top of their library in any order.
Rakshasa Debaser,6.0,['B'],['B'],None,['Creature'],['Demon'],Rare,PRM,6,6,None,"Whenever Rakshasa Debaser attacks, put target creature card from defending player's graveyard onto the battlefield under your control.\nEncore {6}{B}{B} ({6}{B}{B}, Exile this card from your graveyard: For each opponent, create a token copy that attacks that opponent this turn if able. They gain haste. Sacrifice them at the beginning of the next end step. Activate only as a sorcery.)"
Storm Entity,2.0,['R'],['R'],None,['Creature'],['Elemental'],Uncommon,PRM,1,1,None,Haste\nStorm Entity enters the battlefield with a +1/+1 counter on it for each other spell cast this turn.
Pyrokinesis,6.0,['R'],['R'],None,['Instant'],None,Rare,PRM,None,None,None,You may exile a red card from your hand rather than pay this spell's mana cost.\nPyrokinesis deals 4 damage divided as you choose among any number of target creatures.
Hellkite Courser,6.0,['R'],['R'],None,['Creature'],['Dragon'],Mythic,PRM,6,5,None,"Flying\nWhen Hellkite Courser enters the battlefield, you may put a commander you own from the command zone onto the battlefield. It gains haste. Return it to the command zone at the beginning of the next end step."
Vampiric Tutor,1.0,['B'],['B'],None,['Instant'],None,Rare,PRM,None,None,None,"Search your library for a card, then shuffle and put that card on top. You lose 2 life."
Orcish Lumberjack,1.0,['R'],"['G', 'R']",None,['Creature'],['Orc'],Common,PRM,1,1,None,"{T}, Sacrifice a Forest: Add three mana in any combination of {R} and/or {G}."
Reshape the Earth,9.0,['G'],['G'],None,['Sorcery'],None,Mythic,PRM,None,None,None,"Search your library for up to ten land cards, put them onto the battlefield tapped, then shuffle."
Uktabi Orangutan,3.0,['G'],['G'],None,['Creature'],['Ape'],Uncommon,PRM,2,2,None,"When Uktabi Orangutan enters the battlefield, destroy target artifact."
Apex Devastator,10.0,['G'],['G'],None,['Creature'],"['Chimera', 'Hydra']",Mythic,PRM,10,10,None,"Cascade, cascade, cascade, cascade (When you cast this spell, exile cards from the top of your library until you exile a nonland card that costs less. You may cast it without paying its mana cost. Put the exiled cards on the bottom of your library in a random order. Multiple instances of cascade each trigger separately.)"
River Boa,2.0,['G'],['G'],None,['Creature'],['Snake'],Uncommon,PRM,2,1,None,Islandwalk (This creature can't be blocked as long as defending player controls an Island.)\n{G}: Regenerate River Boa.
Hymn to Tourach,2.0,['B'],['B'],None,['Sorcery'],None,Uncommon,PRM,None,None,None,Target player discards two cards at random.
Archon of Coronation,6.0,['W'],['W'],None,['Creature'],['Archon'],Mythic,PRM,5,5,None,"Flying\nWhen Archon of Coronation enters the battlefield, you become the monarch.\nAs long as you're the monarch, damage doesn't cause you to lose life. (When a creature deals combat damage to you, its controller still becomes the monarch.)"
Quirion Ranger,1.0,['G'],['G'],None,['Creature'],"['Elf', 'Ranger']",Common,PRM,1,1,None,Return a Forest you control to its owner's hand: Untap target creature. Activate only once each turn.
Fyndhorn Elves,1.0,['G'],['G'],None,['Creature'],"['Elf', 'Druid']",Common,PRM,1,1,None,{T}: Add {G}.
Bladegriff Prototype,5.0,None,None,None,"['Artifact', 'Creature']",['Griffin'],Rare,PRM,3,2,None,"Flying\nWhenever Bladegriff Prototype deals combat damage to a player, destroy target nonland permanent of that player's choice that one of your opponents controls."
Man-o'-War,3.0,['U'],['U'],None,['Creature'],['Jellyfish'],Common,PRM,2,2,None,"When Man-o'-War enters the battlefield, return target creature to its owner's hand."
Slash the Ranks,5.0,['W'],['W'],None,['Sorcery'],None,Rare,PRM,None,None,None,Destroy all creatures and planeswalkers except for commanders.
Longbow Archer,2.0,['W'],['W'],None,['Creature'],"['Human', 'Soldier', 'Archer']",Uncommon,PRM,2,2,None,First strike; reach (This creature can block creatures with flying.)
Wrong Turn,3.0,['U'],['U'],None,['Instant'],None,Rare,PRM,None,None,None,"Target opponent gains control of target creature. (If an attacking or blocking creature changes controllers, it's removed from combat.)"
Impulse,2.0,['U'],['U'],None,['Instant'],None,Common,PRM,None,None,None,Look at the top four cards of your library. Put one of them into your hand and the rest on the bottom of your library in any order.
Volcanic Island,0.0,None,"['R', 'U']",None,['Land'],"['Island', 'Mountain']",Rare,PRM,None,None,None,({T}: Add {U} or {R}.)
Necrotic Hex,7.0,['B'],['B'],None,['Sorcery'],None,Rare,PRM,None,None,None,Each player sacrifices six creatures. You create six tapped 2/2 black Zombie creature tokens.
Volcanic Geyser,2.0,['R'],['R'],None,['Instant'],None,Uncommon,PRM,None,None,None,Volcanic Geyser deals X damage to any target.
Underground Sea,0.0,None,"['B', 'U']",None,['Land'],"['Island', 'Swamp']",Rare,PRM,None,None,None,({T}: Add {U} or {B}.)
Emberwilde Captain,4.0,['R'],['R'],None,['Creature'],"['Djinn', 'Pirate']",Rare,PRM,4,2,None,"When Emberwilde Captain enters the battlefield, you become the monarch.\nWhenever an opponent attacks you while you're the monarch, Emberwilde Captain deals damage to that player equal to the number of cards in their hand."
Stupor,3.0,['B'],['B'],None,['Sorcery'],None,Uncommon,PRM,None,None,None,"Target opponent discards a card at random, then discards a card."
Tundra,0.0,None,"['U', 'W']",None,['Land'],"['Plains', 'Island']",Rare,PRM,None,None,None,({T}: Add {W} or {U}.)
Sweet-Gum Recluse,6.0,['G'],['G'],None,['Creature'],['Spider'],Rare,PRM,0,3,None,"Flash\nCascade\nReach\nWhen Sweet-Gum Recluse enters the battlefield, put three +1/+1 counters on each of any number of target creatures that entered the battlefield this turn."
Ball Lightning,3.0,['R'],['R'],None,['Creature'],['Elemental'],Rare,PRM,6,1,None,"Trample (This creature can deal excess combat damage to the player or planeswalker it's attacking.)\nHaste (This creature can attack and {T} as soon as it comes under your control.)\nAt the beginning of the end step, sacrifice Ball Lightning."
Deathbringer Regent,7.0,['B'],['B'],None,['Creature'],['Dragon'],Rare,PRM,5,6,None,"Flying\nWhen Deathbringer Regent enters the battlefield, if you cast it from your hand and there are five or more other creatures on the battlefield, destroy all other creatures."
Keeper of the Accord,4.0,['W'],['W'],None,['Creature'],"['Human', 'Soldier']",Rare,PRM,3,4,None,"At the beginning of each opponent's end step, if that player controls more creatures than you, create a 1/1 white Soldier creature token.\nAt the beginning of each opponent's end step, if that player controls more lands than you, you may search your library for a basic Plains card, put it onto the battlefield tapped, then shuffle."
Pillage,3.0,['R'],['R'],None,['Sorcery'],None,Uncommon,PRM,None,None,None,Destroy target artifact or land. It can't be regenerated.
Tropical Island,0.0,None,"['G', 'U']",None,['Land'],"['Forest', 'Island']",Rare,PRM,None,None,None,({T}: Add {G} or {U}.)
Laboratory Drudge,4.0,['U'],['U'],None,['Creature'],"['Zombie', 'Horror']",Rare,PRM,3,4,None,"At the beginning of each end step, draw a card if you've cast a spell from a graveyard or activated an ability of a card in a graveyard this turn."
Enlightened Tutor,1.0,['W'],['W'],None,['Instant'],None,Uncommon,PRM,None,None,None,"Search your library for an artifact or enchantment card, reveal it, then shuffle and put that card on top."
Taiga,0.0,None,"['G', 'R']",None,['Land'],"['Mountain', 'Forest']",Rare,PRM,None,None,None,({T}: Add {R} or {G}.)
Hullbreacher,3.0,['U'],['U'],None,['Creature'],"['Merfolk', 'Pirate']",Rare,PRM,3,2,None,"Flash\nIf an opponent would draw a card except the first one they draw in each of their draw steps, instead you create a Treasure token. (It's an artifact with ""{T}, Sacrifice this artifact: Add one mana of any color."")"
Hammer of Bogardan,3.0,['R'],['R'],None,['Sorcery'],None,Rare,PRM,None,None,None,Hammer of Bogardan deals 3 damage to any target.\n{2}{R}{R}{R}: Return Hammer of Bogardan from your graveyard to your hand. Activate only during your upkeep.
Scrubland,0.0,None,"['B', 'W']",None,['Land'],"['Plains', 'Swamp']",Rare,PRM,None,None,None,({T}: Add {W} or {B}.)
Mnemonic Deluge,9.0,['U'],['U'],None,['Sorcery'],None,Mythic,PRM,None,None,None,Exile target instant or sorcery card from a graveyard. Copy that card three times. You may cast the copies without paying their mana costs. Exile Mnemonic Deluge.
Dissipate,3.0,['U'],['U'],None,['Instant'],None,Uncommon,PRM,None,None,None,"Counter target spell. If that spell is countered this way, exile it instead of putting it into its owner's graveyard."
Savannah,0.0,None,"['G', 'W']",None,['Land'],"['Forest', 'Plains']",Rare,PRM,None,None,None,({T}: Add {G} or {W}.)
Nightshade Harvester,4.0,['B'],['B'],None,['Creature'],"['Elf', 'Shaman']",Rare,PRM,2,2,None,"Whenever a land enters the battlefield under an opponent's control, that player loses 1 life. Put a +1/+1 counter on Nightshade Harvester."
Aurora Phoenix,6.0,['R'],['R'],None,['Creature'],['Phoenix'],Rare,PRM,5,3,None,"Flying\nCascade (When you cast this spell, exile cards from the top of your library until you exile a nonland card that costs less. You may cast it without paying its mana cost. Put the exiled cards on the bottom of your library in a random order.)\nWhenever you cast a spell with cascade, return Aurora Phoenix from your graveyard to your hand."
Balduvian Horde,4.0,['R'],['R'],None,['Creature'],"['Human', 'Barbarian']",Rare,PRM,5,5,None,"When Balduvian Horde enters the battlefield, sacrifice it unless you discard a card at random."
Red Elemental Blast,1.0,['R'],['R'],None,['Instant'],None,Uncommon,PRM,None,None,None,Choose one —\n• Counter target blue spell.\n• Destroy target blue permanent.
Soulfire Eruption,9.0,['R'],['R'],None,['Sorcery'],None,Mythic,PRM,None,None,None,"Choose any number of target creatures, planeswalkers, and/or players. For each of them, exile the top card of your library, then Soulfire Eruption deals damage equal to that card's mana value to that permanent or player. You may play the exiled cards until the end of your next turn."
Reckless Wurm,5.0,['R'],['R'],None,['Creature'],['Wurm'],Uncommon,PRM,4,4,None,"Trample\nMadness {2}{R} (If you discard this card, discard it into exile. When you do, cast it for its madness cost or put it into your graveyard.)"
Plateau,0.0,None,"['R', 'W']",None,['Land'],"['Mountain', 'Plains']",Rare,PRM,None,None,None,({T}: Add {R} or {W}.)
Rootweaver Druid,3.0,['G'],['G'],None,['Creature'],"['Elf', 'Druid']",Rare,PRM,2,1,None,"When Rootweaver Druid enters the battlefield, each opponent may search their library for up to three basic land cards. They each put one of those cards onto the battlefield tapped under your control and the rest onto the battlefield tapped under their control. Then each player who searched their library this way shuffles."
Calciderm,4.0,['W'],['W'],None,['Creature'],['Beast'],Uncommon,PRM,5,5,None,"Shroud (This creature can't be the target of spells or abilities.)\nVanishing 4 (This creature enters the battlefield with four time counters on it. At the beginning of your upkeep, remove a time counter from it. When the last is removed, sacrifice it.)"
War Room,0.0,None,None,None,['Land'],None,Rare,PRM,None,None,None,"{T}: Add {C}.\n{3}, {T}, Pay life equal to the number of colors in your commanders' color identity: Draw a card."
Memory Lapse,2.0,['U'],['U'],None,['Instant'],None,Common,PRM,None,None,None,"Counter target spell. If that spell is countered this way, put it on top of its owner's library instead of into that player's graveyard."
Thunderbreak Regent,4.0,['R'],['R'],None,['Creature'],['Dragon'],Rare,PRM,4,4,None,"Flying\nWhenever a Dragon you control becomes the target of a spell or ability an opponent controls, Thunderbreak Regent deals 3 damage to that player."
Phyrexian Triniform,9.0,None,None,None,"['Artifact', 'Creature']","['Phyrexian', 'Golem']",Mythic,PRM,9,9,None,"When Phyrexian Triniform dies, create three 3/3 colorless Phyrexian Golem artifact creature tokens.\nEncore {12} ({12}, Exile this card from your graveyard: For each opponent, create a token copy that attacks that opponent this turn if able. They gain haste. Sacrifice them at the beginning of the next end step. Activate only as a sorcery.)"
Blood Knight,2.0,['R'],['R'],None,['Creature'],"['Human', 'Knight']",Uncommon,PRM,2,2,None,"First strike, protection from white"
Bayou,0.0,None,"['B', 'G']",None,['Land'],"['Swamp', 'Forest']",Rare,PRM,None,None,None,({T}: Add {B} or {G}.)
Elvish Dreadlord,5.0,['B'],['B'],None,['Creature'],"['Zombie', 'Elf']",Rare,PRM,3,3,None,"Deathtouch\nWhen Elvish Dreadlord dies, non-Elf creatures get -3/-3 until end of turn.\nEncore {5}{B}{B} ({5}{B}{B}, Exile this card from your graveyard: For each opponent, create a token copy that attacks that opponent this turn if able. They gain haste. Sacrifice them at the beginning of the next end step. Activate only as a sorcery.)"
Elves of Deep Shadow,1.0,['G'],"['B', 'G']",None,['Creature'],"['Elf', 'Druid']",Uncommon,PRM,1,1,None,{T}: Add {B}. Elves of Deep Shadow deals 1 damage to you.
Basalt Monolith,3.0,None,None,None,['Artifact'],None,Uncommon,PRM,None,None,None,Basalt Monolith doesn't untap during your untap step.\n{T}: Add {C}{C}{C}.\n{3}: Untap Basalt Monolith.
Sakashima's Protege,6.0,['U'],['U'],None,['Creature'],['Shapeshifter'],Rare,PRM,3,1,None,"Flash\nCascade (When you cast this spell, exile cards from the top of your library until you exile a nonland card that costs less. You may cast it without paying its mana cost. Put the exiled cards on the bottom of your library in a random order.)\nYou may have Sakashima's Protege enter the battlefield as a copy of any permanent that entered the battlefield this turn."
Mind Warp,4.0,['B'],['B'],None,['Sorcery'],None,Uncommon,PRM,None,None,None,Look at target player's hand and choose X cards from it. That player discards those cards.
Badlands,0.0,None,"['B', 'R']",None,['Land'],"['Swamp', 'Mountain']",Rare,PRM,None,None,None,({T}: Add {B} or {R}.)
Armored Skyhunter,4.0,['W'],['W'],None,['Creature'],"['Cat', 'Knight']",Rare,PRM,3,3,None,"Flying\nWhenever Armored Skyhunter attacks, look at the top six cards of your library. You may put an Aura or Equipment card from among them onto the battlefield. If an Equipment is put onto the battlefield this way, you may attach it to a creature you control. Put the rest of those cards on the bottom of your library in a random order."
Jeweled Lotus,0.0,None,None,None,['Artifact'],None,Mythic,PRM,None,None,None,"{T}, Sacrifice Jeweled Lotus: Add three mana of any one color. Spend this mana only to cast your commander."
Underworld Dreams,3.0,['B'],['B'],None,['Enchantment'],None,Rare,PRM,None,None,None,"Whenever an opponent draws a card, Underworld Dreams deals 1 damage to that player."
Future Sight,5.0,['U'],['U'],None,['Enchantment'],None,Rare,PRM,None,None,None,Play with the top card of your library revealed.\nYou may play lands and cast spells from the top of your library.
Amphin Mutineer,4.0,['U'],['U'],None,['Creature'],"['Salamander', 'Pirate']",Rare,PRM,3,3,None,"When Amphin Mutineer enters the battlefield, exile up to one target non-Salamander creature. That creature's controller creates a 4/3 blue Salamander Warrior creature token.\nEncore {4}{U}{U} ({4}{U}{U}, Exile this card from your graveyard: For each opponent, create a token copy that attacks that opponent this turn if able. They gain haste. Sacrifice them at the beginning of the next end step. Activate only as a sorcery.)"
Icatian Javelineers,1.0,['W'],['W'],None,['Creature'],"['Human', 'Soldier']",Common,PRM,1,1,None,"Icatian Javelineers enters the battlefield with a javelin counter on it.\n{T}, Remove a javelin counter from Icatian Javelineers: It deals 1 damage to any target."
Control Magic,4.0,['U'],['U'],None,['Enchantment'],['Aura'],Rare,PRM,None,None,None,Enchant creature\nYou control enchanted creature.
Coercive Recruiter,5.0,['R'],['R'],None,['Creature'],"['Orc', 'Pirate']",Rare,PRM,4,3,None,"Whenever Coercive Recruiter or another Pirate enters the battlefield under your control, gain control of target creature until end of turn. Untap that creature. Until end of turn, it gains haste and becomes a Pirate in addition to its other types."
Fiery Temper,3.0,['R'],['R'],None,['Instant'],None,Common,PRM,None,None,None,"Fiery Temper deals 3 damage to any target.\nMadness {R} (If you discard this card, discard it into exile. When you do, cast it for its madness cost or put it into your graveyard.)"
Karakas,0.0,None,['W'],['Legendary'],['Land'],None,Uncommon,PRM,None,None,None,{T}: Add {W}.\n{T}: Return target legendary creature to its owner's hand.
Immaculate Magistrate,4.0,['G'],['G'],None,['Creature'],"['Elf', 'Shaman']",Rare,PRM,2,2,None,{T}: Put a +1/+1 counter on target creature for each Elf you control.
Spiritmonger,5.0,"['B', 'G']","['B', 'G']",None,['Creature'],['Beast'],Rare,PRM,6,6,None,"Whenever Spiritmonger deals damage to a creature, put a +1/+1 counter on Spiritmonger.\n{B}: Regenerate Spiritmonger.\n{G}: Spiritmonger becomes the color of your choice until end of turn."
Ancient Grudge,2.0,['R'],"['G', 'R']",None,['Instant'],None,Common,PRM,None,None,None,Destroy target artifact.\nFlashback {G} (You may cast this card from your graveyard for its flashback cost. Then exile it.)
Szat's Will,5.0,['B'],['B'],None,['Instant'],None,Rare,PRM,None,None,None,"Choose one. If you control a commander as you cast this spell, you may choose both.\n• Each opponent sacrifices a creature they control with the greatest power.\n• Exile all opponents' graveyards, then create X 0/1 black Thrull creature tokens, where X is the greatest power among creature cards exiled this way."
Dismember,3.0,['B'],['B'],None,['Instant'],None,Uncommon,PRM,None,None,None,({B/P} can be paid with either {B} or 2 life.)\nTarget creature gets -5/-5 until end of turn.
Jeska's Will,3.0,['R'],['R'],None,['Sorcery'],None,Rare,PRM,None,None,None,"Choose one. If you control a commander as you cast this spell, you may choose both instead.\n• Add {R} for each card in target opponent's hand.\n• Exile the top three cards of your library. You may play them this turn."
Windswept Heath,0.0,None,None,None,['Land'],None,Rare,PRM,None,None,None,"{T}, Pay 1 life, Sacrifice Windswept Heath: Search your library for a Forest or Plains card, put it onto the battlefield, then shuffle."
Kamahl's Will,4.0,['G'],['G'],None,['Instant'],None,Rare,PRM,None,None,None,"Choose one. If you control a commander as you cast this spell, you may choose both.\n• Until end of turn, any number of target lands you control become 1/1 Elemental creatures with vigilance, indestructible, and haste. They're still lands.\n• Choose target creature you don't control. Each creature you control deals damage equal to its power to that creature."
Hedge Troll,3.0,['G'],"['G', 'W']",None,['Creature'],"['Troll', 'Cleric']",Uncommon,PRM,2,2,None,Hedge Troll gets +1/+1 as long as you control a Plains.\n{W}: Regenerate Hedge Troll.
Wooded Foothills,0.0,None,None,None,['Land'],None,Rare,PRM,None,None,None,"{T}, Pay 1 life, Sacrifice Wooded Foothills: Search your library for a Mountain or Forest card, put it onto the battlefield, then shuffle."
Plague Reaver,3.0,['B'],['B'],None,['Creature'],['Beast'],Rare,PRM,6,5,None,"At the beginning of your end step, sacrifice each other creature you control.\nDiscard two cards, Sacrifice Plague Reaver: Choose target opponent. Return Plague Reaver to the battlefield under that player's control at the beginning of their next upkeep."
Windseeker Centaur,3.0,['R'],['R'],None,['Creature'],['Centaur'],Rare,PRM,2,2,None,Vigilance
Polluted Delta,0.0,None,None,None,['Land'],None,Rare,PRM,None,None,None,"{T}, Pay 1 life, Sacrifice Polluted Delta: Search your library for an Island or Swamp card, put it onto the battlefield, then shuffle."
Command Beacon,0.0,None,None,None,['Land'],None,Rare,PRM,None,None,None,"{T}: Add {C}.\n{T}, Sacrifice Command Beacon: Put your commander into your hand from the command zone."
Sewers of Estark,4.0,['B'],['B'],None,['Instant'],None,Rare,PRM,None,None,None,"Choose target creature. If it's attacking, it can't be blocked this turn. If it's blocking, prevent all combat damage that would be dealt this combat by it and each creature it's blocking."
Flooded Strand,0.0,None,None,None,['Land'],None,Rare,PRM,None,None,None,"{T}, Pay 1 life, Sacrifice Flooded Strand: Search your library for a Plains or Island card, put it onto the battlefield, then shuffle."
Sakashima's Will,4.0,['U'],['U'],None,['Sorcery'],None,Rare,PRM,None,None,None,"Choose one. If you control a commander as you cast this spell, you may choose both.\n• Target opponent chooses a creature they control. You gain control of it.\n• Choose a creature you control. Each other creature you control becomes a copy of that creature until end of turn."
Mana Crypt,0.0,None,None,None,['Artifact'],None,Rare,PRM,None,None,None,"At the beginning of your upkeep, flip a coin. If you lose the flip, Mana Crypt deals 3 damage to you.\n{T}: Add {C}{C}."
Force of Will,5.0,['U'],['U'],None,['Instant'],None,Rare,PRM,None,None,None,You may pay 1 life and exile a blue card from your hand rather than pay this spell's mana cost.\nCounter target spell.
Soul of Eternity,7.0,['W'],['W'],None,['Creature'],['Avatar'],Rare,PRM,*,*,None,"Soul of Eternity's power and toughness are each equal to your life total.\nEncore {7}{W}{W} ({7}{W}{W}, Exile this card from your graveyard: For each opponent, create a token copy that attacks that opponent this turn if able. They gain haste. Sacrifice them at the beginning of the next end step. Activate only as a sorcery.)"
Giant Badger,3.0,['G'],['G'],None,['Creature'],['Badger'],Rare,PRM,2,2,None,"Whenever Giant Badger blocks, it gets +2/+2 until end of turn."
Leatherback Baloth,3.0,['G'],['G'],None,['Creature'],['Beast'],Uncommon,PRM,4,5,None,None
Triumphant Reckoning,9.0,['W'],['W'],None,['Sorcery'],None,Mythic,PRM,None,None,None,"Return all artifact, enchantment, and planeswalker cards from your graveyard to the battlefield."
Arena,0.0,None,None,None,['Land'],None,Rare,PRM,None,None,None,"{3}, {T}: Tap target creature you control and target creature of an opponent's choice they control. Those creatures fight each other. (Each deals damage equal to its power to the other.)"
Kor Firewalker,2.0,['W'],['W'],None,['Creature'],"['Kor', 'Soldier']",Uncommon,PRM,2,2,None,"Protection from red\nWhenever a player casts a red spell, you may gain 1 life."
Port Razer,5.0,['R'],['R'],None,['Creature'],"['Orc', 'Pirate']",Mythic,PRM,4,4,None,"Whenever Port Razer deals combat damage to a player, untap each creature you control. After this phase, there is an additional combat phase.\nPort Razer can't attack a player it has already attacked this turn."
Nalathni Dragon,4.0,['R'],['R'],None,['Creature'],['Dragon'],Rare,PRM,1,1,None,"Flying; banding (Any creatures with banding, and up to one without, can attack in a band. Bands are blocked as a group. If any creatures with banding you control are blocking or being blocked by a creature, you divide that creature's combat damage, not its controller, among any of the creatures it's being blocked by or is blocking.)\n{R}: Nalathni Dragon gets +1/+0 until end of turn. If this ability has been activated four or more times this turn, sacrifice Nalathni Dragon at the beginning of the next end step."
Celestial Colonnade,0.0,None,"['U', 'W']",None,['Land'],None,Rare,PRM,None,None,None,"Celestial Colonnade enters the battlefield tapped.\n{T}: Add {W} or {U}.\n{3}{W}{U}: Until end of turn, Celestial Colonnade becomes a 4/4 white and blue Elemental creature with flying and vigilance. It's still a land."
Volcanic Fallout,3.0,['R'],['R'],None,['Instant'],None,Uncommon,PRM,None,None,None,This spell can't be countered.\nVolcanic Fallout deals 2 damage to each creature and each player.
Rings of Brighthearth,3.0,None,None,None,['Artifact'],None,Rare,PRM,None,None,None,"Whenever you activate an ability, if it isn't a mana ability, you may pay {2}. If you do, copy that ability. You may choose new targets for the copy."
City of Brass,0.0,None,None,None,['Land'],None,Rare,PRM,None,None,None,"Whenever City of Brass becomes tapped, it deals 1 damage to you.\n{T}: Add one mana of any color."
Infest,3.0,['B'],['B'],None,['Sorcery'],None,Uncommon,PRM,None,None,None,All creatures get -2/-2 until end of turn.
Austere Command,6.0,['W'],['W'],None,['Sorcery'],None,Rare,PRM,None,None,None,Choose two —\n• Destroy all artifacts.\n• Destroy all enchantments.\n• Destroy all creatures with mana value 3 or less.\n• Destroy all creatures with mana value 4 or greater.
White Knight,2.0,['W'],['W'],None,['Creature'],"['Human', 'Knight']",Uncommon,PRM,2,2,None,"First strike (This creature deals combat damage before creatures without first strike.)\nProtection from black (This creature can't be blocked, targeted, dealt damage, or enchanted by anything black.)"
Sinkhole,2.0,['B'],['B'],None,['Sorcery'],None,Rare,PRM,None,None,None,Destroy target land.
Staff of Domination,3.0,None,None,None,['Artifact'],None,Rare,PRM,None,None,None,"{1}: Untap Staff of Domination.\n{2}, {T}: You gain 1 life.\n{3}, {T}: Untap target creature.\n{4}, {T}: Tap target creature.\n{5}, {T}: Draw a card."
Thawing Glaciers,0.0,None,None,None,['Land'],None,Rare,PRM,None,None,None,"Thawing Glaciers enters the battlefield tapped.\n{1}, {T}: Search your library for a basic land card, put that card onto the battlefield tapped, then shuffle. Return Thawing Glaciers to its owner's hand at the beginning of the next cleanup step."
Opposition Agent,3.0,['B'],['B'],None,['Creature'],"['Human', 'Rogue']",Rare,PRM,3,2,None,"Flash\nYou control your opponents while they're searching their libraries.\nWhile an opponent is searching their library, they exile each card they find. You may play those cards for as long as they remain exiled, and you may spend mana as though it were mana of any color to cast them."
Stone Rain,3.0,['R'],['R'],None,['Sorcery'],None,Common,PRM,None,None,None,Destroy target land.
Ancient Ziggurat,0.0,None,None,None,['Land'],None,Uncommon,PRM,None,None,None,{T}: Add one mana of any color. Spend this mana only to cast a creature spell.
Blasphemous Act,9.0,['R'],['R'],None,['Sorcery'],None,Rare,PRM,None,None,None,This spell costs {1} less to cast for each creature on the battlefield.\nBlasphemous Act deals 13 damage to each creature.
Sol Ring,1.0,None,None,None,['Artifact'],None,Uncommon,PRM,None,None,None,{T}: Add {C}{C}.
Tidehollow Sculler,2.0,"['B', 'W']","['B', 'W']",None,"['Artifact', 'Creature']",['Zombie'],Uncommon,PRM,2,2,None,"When Tidehollow Sculler enters the battlefield, target opponent reveals their hand and you choose a nonland card from it. Exile that card.\nWhen Tidehollow Sculler leaves the battlefield, return the exiled card to its owner's hand."
Akroma's Will,4.0,['W'],['W'],None,['Instant'],None,Rare,PRM,None,None,None,"Choose one. If you control a commander as you cast this spell, you may choose both instead.\n• Creatures you control gain flying, vigilance, and double strike until end of turn.\n• Creatures you control gain lifelink, indestructible, and protection from all colors until end of turn."
Serra Angel,5.0,['W'],['W'],None,['Creature'],['Angel'],Uncommon,PRM,4,4,None,"Flying, vigilance"
Hada Freeblade,1.0,['W'],['W'],None,['Creature'],"['Human', 'Soldier', 'Ally']",Uncommon,PRM,0,1,None,"Whenever Hada Freeblade or another Ally enters the battlefield under your control, you may put a +1/+1 counter on Hada Freeblade."
Seraphic Greatsword,2.0,['W'],['W'],None,['Artifact'],['Equipment'],Mythic,PRM,None,None,None,"Equipped creature gets +2/+2.\nWhenever equipped creature attacks the player with the most life or tied for most life, create a 4/4 white Angel creature token with flying that's tapped and attacking that player.\nEquip {4}"
Regrowth,2.0,['G'],['G'],None,['Sorcery'],None,Uncommon,PRM,None,None,None,Return target card from your graveyard to your hand.
Mycoid Shepherd,4.0,"['G', 'W']","['G', 'W']",None,['Creature'],['Fungus'],Rare,PRM,5,4,None,"Whenever Mycoid Shepherd or another creature you control with power 5 or greater dies, you may gain 5 life."
Prodigal Sorcerer,3.0,['U'],['U'],None,['Creature'],"['Human', 'Wizard']",Common,PRM,1,1,None,{T}: Prodigal Sorcerer deals 1 damage to any target.
Honor of the Pure,2.0,['W'],['W'],None,['Enchantment'],None,Rare,PRM,None,None,None,White creatures you control get +1/+1.
Savage Lands,0.0,None,"['B', 'G', 'R']",None,['Land'],None,Uncommon,PRM,None,None,None,"Savage Lands enters the battlefield tapped.\n{T}: Add {B}, {R}, or {G}."
Kalastria Highborn,2.0,['B'],['B'],None,['Creature'],"['Vampire', 'Shaman']",Rare,PRM,2,2,None,"Whenever Kalastria Highborn or another Vampire you control dies, you may pay {B}. If you do, target player loses 2 life and you gain 2 life."
Lord of Atlantis,2.0,['U'],['U'],None,['Creature'],['Merfolk'],Rare,PRM,2,2,None,Other Merfolk get +1/+1 and have islandwalk. (They can't be blocked as long as defending player controls an Island.)
Shepherd of the Lost,5.0,['W'],['W'],None,['Creature'],['Angel'],Uncommon,PRM,3,3,None,"Flying, first strike, vigilance"
Humble Defector,2.0,['R'],['R'],None,['Creature'],"['Human', 'Rogue']",Uncommon,PRM,2,1,None,{T}: Draw two cards. Target opponent gains control of Humble Defector. Activate only during your turn.
Kor Skyfisher,2.0,['W'],['W'],None,['Creature'],"['Kor', 'Soldier']",Common,PRM,2,3,None,"Flying\nWhen Kor Skyfisher enters the battlefield, return a permanent you control to its owner's hand."
Preordain,1.0,['U'],['U'],None,['Sorcery'],None,Common,PRM,None,None,None,"Scry 2, then draw a card. (To scry 2, look at the top two cards of your library, then put any number of them on the bottom and the rest on top in any order.)"
Lightning Bolt,1.0,['R'],['R'],None,['Instant'],None,Common,PRM,None,None,None,Lightning Bolt deals 3 damage to any target.
Retaliator Griffin,4.0,"['G', 'R', 'W']","['G', 'R', 'W']",None,['Creature'],['Griffin'],Rare,PRM,2,2,None,"Flying\nWhenever a source an opponent controls deals damage to you, you may put that many +1/+1 counters on Retaliator Griffin."
Victimize,3.0,['B'],['B'],None,['Sorcery'],None,Uncommon,PRM,None,None,None,"Choose two target creature cards in your graveyard. Sacrifice a creature. If you do, return the chosen cards to the battlefield tapped."
Survival of the Fittest,2.0,['G'],['G'],None,['Enchantment'],None,Rare,PRM,None,None,None,"{G}, Discard a creature card: Search your library for a creature card, reveal that card, put it into your hand, then shuffle."
Commander's Sphere,3.0,None,None,None,['Artifact'],None,Common,PRM,None,None,None,{T}: Add one mana of any color in your commander's color identity.\nSacrifice Commander's Sphere: Draw a card.
Drain Life,2.0,['B'],['B'],None,['Sorcery'],None,Common,PRM,None,None,None,"Spend only black mana on X.\nDrain Life deals X damage to any target. You gain life equal to the damage dealt, but not more life than the player's life total before the damage was dealt, the planeswalker's loyalty before the damage was dealt, or the creature's toughness."
Burning Wish,2.0,['R'],['R'],None,['Sorcery'],None,Rare,PRM,None,None,None,You may reveal a sorcery card you own from outside the game and put it into your hand. Exile Burning Wish.
Thought Vessel,2.0,None,None,None,['Artifact'],None,Uncommon,PRM,None,None,None,You have no maximum hand size.\n{T}: Add {C}.
Crusade,2.0,['W'],['W'],None,['Enchantment'],None,Rare,PRM,None,None,None,White creatures get +1/+1.
Mondronen Shaman // Tovolar's Magehunter,4.0,['R'],['R'],None,['Creature'],"['Human', 'Shaman', 'Werewolf']",Rare,PRM,3,2,None,"At the beginning of each upkeep, if no spells were cast last turn, transform Mondronen Shaman."
Burnished Hart,3.0,None,None,None,"['Artifact', 'Creature']",['Elk'],Uncommon,PRM,2,2,None,"{3}, Sacrifice Burnished Hart: Search your library for up to two basic land cards, put them onto the battlefield tapped, then shuffle."
Blue Elemental Blast,1.0,['U'],['U'],None,['Instant'],None,Uncommon,PRM,None,None,None,Choose one —\n• Counter target red spell.\n• Destroy target red permanent.
Phyrexian Dreadnought,1.0,None,None,None,"['Artifact', 'Creature']","['Phyrexian', 'Dreadnought']",Rare,PRM,12,12,None,"Trample\nWhen Phyrexian Dreadnought enters the battlefield, sacrifice it unless you sacrifice any number of creatures with total power 12 or greater."
Black Knight,2.0,['B'],['B'],None,['Creature'],"['Human', 'Knight']",Uncommon,PRM,2,2,None,"First strike (This creature deals combat damage before creatures without first strike.)\nProtection from white (This creature can't be blocked, targeted, dealt damage, or enchanted by anything white.)"
Ghostly Prison,3.0,['W'],['W'],None,['Enchantment'],None,Uncommon,PRM,None,None,None,Creatures can't attack you unless their controller pays {2} for each creature they control that's attacking you.
Return to Dust,4.0,['W'],['W'],None,['Instant'],None,Uncommon,PRM,None,None,None,"Exile target artifact or enchantment. If you cast this spell during your main phase, you may exile up to one other target artifact or enchantment."
Stifle,1.0,['U'],['U'],None,['Instant'],None,Rare,PRM,None,None,None,Counter target activated or triggered ability. (Mana abilities can't be targeted.)
Viscera Seer,1.0,['B'],['B'],None,['Creature'],"['Vampire', 'Wizard']",Common,PRM,1,1,None,Sacrifice a creature: Scry 1. (Look at the top card of your library. You may put that card on the bottom of your library.)
Comet Storm,2.0,['R'],['R'],None,['Instant'],None,Mythic,PRM,None,None,None,"Multikicker {1} (You may pay an additional {1} any number of times as you cast this spell.)\nChoose any target, then choose another target for each time this spell was kicked. Comet Storm deals X damage to each of them."
Natural Order,4.0,['G'],['G'],None,['Sorcery'],None,Rare,PRM,None,None,None,"As an additional cost to cast this spell, sacrifice a green creature.\nSearch your library for a green creature card, put it onto the battlefield, then shuffle."
Fleshbag Marauder,3.0,['B'],['B'],None,['Creature'],"['Zombie', 'Warrior']",Common,PRM,3,1,None,"When Fleshbag Marauder enters the battlefield, each player sacrifices a creature."
Joraga Warcaller,1.0,['G'],['G'],None,['Creature'],"['Elf', 'Warrior']",Rare,PRM,1,1,None,Multikicker {1}{G} (You may pay an additional {1}{G} any number of times as you cast this spell.)\nJoraga Warcaller enters the battlefield with a +1/+1 counter on it for each time it was kicked.\nOther Elf creatures you control get +1/+1 for each +1/+1 counter on Joraga Warcaller.
Gravecrawler,1.0,['B'],['B'],None,['Creature'],['Zombie'],Rare,PRM,2,1,None,Gravecrawler can't block.\nYou may cast Gravecrawler from your graveyard as long as you control a Zombie.
Surging Flame,2.0,['R'],['R'],None,['Instant'],None,Common,PRM,None,None,None,"Ripple 4 (When you cast this spell, you may reveal the top four cards of your library. You may cast spells with the same name as this spell from among those cards without paying their mana costs. Put the rest on the bottom of your library.)\nSurging Flame deals 2 damage to any target."
Zombie Apocalypse,6.0,['B'],['B'],None,['Sorcery'],None,Rare,PRM,None,None,None,"Return all Zombie creature cards from your graveyard to the battlefield tapped, then destroy all Humans."
Path of Ancestry,0.0,None,None,None,['Land'],None,Common,PRM,None,None,None,"Path of Ancestry enters the battlefield tapped.\n{T}: Add one mana of any color in your commander's color identity. When that mana is spent to cast a creature spell that shares a creature type with your commander, scry 1. (Look at the top card of your library. You may put that card on the bottom.)"
Castigate,2.0,"['B', 'W']","['B', 'W']",None,['Sorcery'],None,Common,PRM,None,None,None,Target opponent reveals their hand. You choose a nonland card from it and exile that card.
Strangleroot Geist,2.0,['G'],['G'],None,['Creature'],['Spirit'],Uncommon,PRM,2,1,None,"Haste\nUndying (When this creature dies, if it had no +1/+1 counters on it, return it to the battlefield under its owner's control with a +1/+1 counter on it.)"
Opal Palace,0.0,None,None,None,['Land'],None,Common,PRM,None,None,None,"{T}: Add {C}.\n{1}, {T}: Add one mana of any color in your commander's color identity. If you spend this mana to cast your commander, it enters the battlefield with a number of additional +1/+1 counters on it equal to the number of times it's been cast from the command zone this game."
Gather the Townsfolk,2.0,['W'],['W'],None,['Sorcery'],None,Common,PRM,None,None,None,"Create two 1/1 white Human creature tokens.\nFateful hour — If you have 5 or less life, create five of those tokens instead."
Nearheath Stalker,5.0,['R'],['R'],None,['Creature'],"['Vampire', 'Rogue']",Common,PRM,4,1,None,"Undying (When this creature dies, if it had no +1/+1 counters on it, return it to the battlefield under its owner's control with a +1/+1 counter on it.)"
Curse of the Bloody Tome,3.0,['U'],['U'],None,['Enchantment'],"['Aura', 'Curse']",Common,PRM,None,None,None,"Enchant player\nAt the beginning of enchanted player's upkeep, that player mills two cards."
