Name,CMC,Colors,Color identity,Supertypes,Types,Subtypes,Rarity,Set,Power,Toughness,Loyalty,Text
Cathartic Reunion,2.0,['R'],['R'],None,['Sorcery'],None,Rare,SLD,None,None,None,"As an additional cost to cast this spell, discard two cards.\nDraw three cards."
Shadowspear,1.0,None,None,['Legendary'],['Artifact'],['Equipment'],Rare,SLD,None,None,None,Equipped creature gets +1/+1 and has trample and lifelink.\n{1}: Permanents your opponents control lose hexproof and indestructible until end of turn.\nEquip {2}
Distant Melody,4.0,['U'],['U'],None,['Sorcery'],None,Rare,SLD,None,None,None,Choose a creature type. Draw a card for each permanent you control of that type.
Protean Hulk,7.0,['G'],['G'],None,['Creature'],['Beast'],Rare,SLD,6,6,None,"When Protean Hulk dies, search your library for any number of creature cards with total mana value 6 or less, put them onto the battlefield, then shuffle."
Nexus of Fate,7.0,['U'],['U'],None,['Instant'],None,Mythic,SLD,None,None,None,"Take an extra turn after this one.\nIf Nexus of Fate would be put into a graveyard from anywhere, reveal Nexus of Fate and shuffle it into its owner's library instead."
Swamp,0.0,None,['B'],['Basic'],['Land'],['Swamp'],Rare,SLD,None,None,None,({T}: Add {B}.)
Fleet Swallower,7.0,['U'],['U'],None,['Creature'],['Fish'],Rare,SLD,6,6,None,"Whenever Fleet Swallower attacks, target player mills half their library, rounded up."
Giver of Runes,1.0,['W'],['W'],None,['Creature'],"['Kor', 'Cleric']",Rare,SLD,1,2,None,{T}: Another target creature you control gains protection from colorless or from the color of your choice until end of turn.
Primal Vigor,5.0,['G'],['G'],None,['Enchantment'],None,Rare,SLD,None,None,None,"If one or more tokens would be created, twice that many of those tokens are created instead.\nIf one or more +1/+1 counters would be put on a creature, twice that many +1/+1 counters are put on that creature instead."
Hero's Downfall,3.0,['B'],['B'],None,['Instant'],None,Rare,SLD,None,None,None,Destroy target creature or planeswalker.
Unbreakable Formation,3.0,['W'],['W'],None,['Instant'],None,Rare,SLD,None,None,None,"Creatures you control gain indestructible until end of turn.\nAddendum — If you cast this spell during your main phase, put a +1/+1 counter on each of those creatures and they gain vigilance until end of turn."
Unholy Grotto // Unholy Grotto,0.0,None,['B'],None,['Land'],None,Rare,SLD,None,None,None,"{T}: Add {C}.\n{B}, {T}: Put target Zombie card from your graveyard on top of your library."
Temur Sabertooth,4.0,['G'],['G'],None,['Creature'],['Cat'],Rare,SLD,4,3,None,"{1}{G}: You may return another creature you control to its owner's hand. If you do, Temur Sabertooth gains indestructible until end of turn."
Managorger Hydra,3.0,['G'],['G'],None,['Creature'],['Hydra'],Rare,SLD,1,1,None,"Trample\nWhenever a player casts a spell, put a +1/+1 counter on Managorger Hydra."
Time Reversal,5.0,['U'],['U'],None,['Sorcery'],None,Mythic,SLD,None,None,None,"Each player shuffles their hand and graveyard into their library, then draws seven cards. Exile Time Reversal."
Tree of Tales,0.0,None,['G'],None,"['Artifact', 'Land']",None,Rare,SLD,None,None,None,{T}: Add {G}.
Vault of Whispers,0.0,None,['B'],None,"['Artifact', 'Land']",None,Rare,SLD,None,None,None,{T}: Add {B}.
"Grimgrin, Corpse-Born // Grimgrin, Corpse-Born",5.0,"['B', 'U']","['B', 'U']",['Legendary'],['Creature'],"['Zombie', 'Warrior']",Mythic,SLD,5,5,None,"Grimgrin, Corpse-Born enters the battlefield tapped and doesn't untap during your untap step.\nSacrifice another creature: Untap Grimgrin and put a +1/+1 counter on it.\nWhenever Grimgrin attacks, destroy target creature defending player controls, then put a +1/+1 counter on Grimgrin."
Ancient Den,0.0,None,['W'],None,"['Artifact', 'Land']",None,Rare,SLD,None,None,None,{T}: Add {W}.
Zombie Master // Zombie Master,3.0,['B'],['B'],None,['Creature'],['Zombie'],Rare,SLD,2,3,None,"Other Zombie creatures have swampwalk. (They can't be blocked as long as defending player controls a Swamp.)\nOther Zombies have ""{B}: Regenerate this permanent."""
Mother of Runes,1.0,['W'],['W'],None,['Creature'],"['Human', 'Cleric']",Rare,SLD,1,1,None,{T}: Target creature you control gains protection from the color of your choice until end of turn.
Orzhov Signet,2.0,None,"['B', 'W']",None,['Artifact'],None,Rare,SLD,None,None,None,"{1}, {T}: Add {W}{B}."
Noxious Ghoul // Noxious Ghoul,5.0,['B'],['B'],None,['Creature'],['Zombie'],Rare,SLD,3,3,None,"Whenever Noxious Ghoul or another Zombie enters the battlefield, all non-Zombie creatures get -1/-1 until end of turn."
Golgari Signet,2.0,None,"['B', 'G']",None,['Artifact'],None,Rare,SLD,None,None,None,"{1}, {T}: Add {B}{G}."
Selesnya Signet,2.0,None,"['G', 'W']",None,['Artifact'],None,Rare,SLD,None,None,None,"{1}, {T}: Add {G}{W}."
Death Baron // Death Baron,3.0,['B'],['B'],None,['Creature'],"['Zombie', 'Wizard']",Rare,SLD,2,2,None,Skeletons you control and other Zombies you control get +1/+1 and have deathtouch.
Gruul Signet,2.0,None,"['G', 'R']",None,['Artifact'],None,Rare,SLD,None,None,None,"{1}, {T}: Add {R}{G}."
Azorius Signet,2.0,None,"['U', 'W']",None,['Artifact'],None,Rare,SLD,None,None,None,"{1}, {T}: Add {W}{U}."
Bloom Tender,2.0,['G'],['G'],None,['Creature'],"['Elf', 'Druid']",Rare,SLD,1,1,None,"{T}: For each color among permanents you control, add one mana of that color."
Mesa Enchantress,3.0,['W'],['W'],None,['Creature'],"['Human', 'Druid']",Rare,SLD,0,2,None,"Whenever you cast an enchantment spell, you may draw a card."
Sphere of Safety,5.0,['W'],['W'],None,['Enchantment'],None,Rare,SLD,None,None,None,"Creatures can't attack you or planeswalkers you control unless their controller pays {X} for each of those creatures, where X is the number of enchantments you control."
Sanctum Prelate,3.0,['W'],['W'],None,['Creature'],"['Human', 'Cleric']",Mythic,SLD,2,2,None,"As Sanctum Prelate enters the battlefield, choose a number.\nNoncreature spells with mana value equal to the chosen number can't be cast."
Sliver Hivelord,5.0,"['B', 'G', 'R', 'U', 'W']","['B', 'G', 'R', 'U', 'W']",['Legendary'],['Creature'],['Sliver'],Mythic,SLD,5,5,None,"Sliver creatures you control have indestructible. (Damage and effects that say ""destroy"" don't destroy them.)"
Ob Nixilis Reignited,5.0,['B'],['B'],['Legendary'],['Planeswalker'],['Nixilis'],Mythic,SLD,None,None,5,"[+1]: You draw a card and you lose 1 life.\n[−3]: Destroy target creature.\n[−8]: Target opponent gets an emblem with ""Whenever a player draws a card, you lose 2 life."""
Fractured Identity,5.0,"['U', 'W']","['U', 'W']",None,['Sorcery'],None,Rare,SLD,None,None,None,Exile target nonland permanent. Each player other than its controller creates a token that's a copy of it.
Drown in the Loch,2.0,"['B', 'U']","['B', 'U']",None,['Instant'],None,Rare,SLD,None,None,None,Choose one —\n• Counter target spell with mana value less than or equal to the number of cards in its controller's graveyard.\n• Destroy target creature with mana value less than or equal to the number of cards in its controller's graveyard.
All Is Dust,7.0,None,None,None,"['Tribal', 'Sorcery']",['Eldrazi'],Rare,SLD,None,None,None,Each player sacrifices all permanents they control that are one or more colors.
Heartless Hidetsugu,5.0,['R'],['R'],['Legendary'],['Creature'],"['Ogre', 'Shaman']",Rare,SLD,4,3,None,"{T}: Heartless Hidetsugu deals damage to each player equal to half that player's life total, rounded down."
"Marchesa, the Black Rose",4.0,"['B', 'R', 'U']","['B', 'R', 'U']",['Legendary'],['Creature'],"['Human', 'Wizard']",Rare,SLD,3,3,None,"Dethrone (Whenever this creature attacks the player with the most life or tied for most life, put a +1/+1 counter on it.)\nOther creatures you control have dethrone.\nWhenever a creature you control with a +1/+1 counter on it dies, return that card to the battlefield under your control at the beginning of the next end step."
Kami of the Crescent Moon,2.0,['U'],['U'],['Legendary'],['Creature'],['Spirit'],Rare,SLD,1,3,None,"At the beginning of each player's draw step, that player draws an additional card."
"Samut, Voice of Dissent",5.0,"['G', 'R']","['G', 'R', 'W']",['Legendary'],['Creature'],"['Human', 'Warrior']",Mythic,SLD,3,4,None,"Flash\nDouble strike, vigilance, haste\nOther creatures you control have haste.\n{W}, {T}: Untap another target creature."
Forest,0.0,None,['G'],['Basic'],['Land'],['Forest'],Rare,SLD,None,None,None,({T}: Add {G}.)
Brion Stoutarm,4.0,"['R', 'W']","['R', 'W']",['Legendary'],['Creature'],"['Giant', 'Warrior']",Rare,SLD,4,4,None,"Lifelink\n{R}, {T}, Sacrifice another creature: Brion Stoutarm deals damage equal to the sacrificed creature's power to target player or planeswalker."
Swamp,0.0,None,['B'],['Basic'],['Land'],['Swamp'],Rare,SLD,None,None,None,({T}: Add {B}.)
"Fynn, the Fangbearer",2.0,['G'],['G'],['Legendary'],['Creature'],"['Human', 'Warrior']",Rare,SLD,1,3,None,"Deathtouch\nWhenever a creature you control with deathtouch deals combat damage to a player, that player gets two poison counters. (A player with ten or more poison counters loses the game.)"
Plains,0.0,None,['W'],['Basic'],['Land'],['Plains'],Rare,SLD,None,None,None,({T}: Add {W}.)
"Teferi, Time Raveler",3.0,"['U', 'W']","['U', 'W']",['Legendary'],['Planeswalker'],['Teferi'],Rare,SLD,None,None,4,"Each opponent can cast spells only any time they could cast a sorcery.\n[+1]: Until your next turn, you may cast sorcery spells as though they had flash.\n[−3]: Return up to one target artifact, creature, or enchantment to its owner's hand. Draw a card."
Path of Ancestry,0.0,None,None,None,['Land'],None,Rare,SLD,None,None,None,"Path of Ancestry enters the battlefield tapped.\n{T}: Add one mana of any color in your commander's color identity. When that mana is spent to cast a creature spell that shares a creature type with your commander, scry 1. (Look at the top card of your library. You may put that card on the bottom.)"
Battle of Wits,5.0,['U'],['U'],None,['Enchantment'],None,Rare,SLD,None,None,None,"At the beginning of your upkeep, if you have 200 or more cards in your library, you win the game."
"Teferi, Hero of Dominaria",5.0,"['U', 'W']","['U', 'W']",['Legendary'],['Planeswalker'],['Teferi'],Mythic,SLD,None,None,4,"[+1]: Draw a card. At the beginning of the next end step, untap up to two lands.\n[−3]: Put target nonland permanent into its owner's library third from the top.\n[−8]: You get an emblem with ""Whenever you draw a card, exile target permanent an opponent controls."""
Silence,1.0,['W'],['W'],None,['Instant'],None,Rare,SLD,None,None,None,Your opponents can't cast spells this turn.
Cultivate,3.0,['G'],['G'],None,['Sorcery'],None,Rare,SLD,None,None,None,"Search your library for up to two basic land cards, reveal those cards, put one onto the battlefield tapped and the other into your hand, then shuffle."
"Daretti, Ingenious Iconoclast",3.0,"['B', 'R']","['B', 'R']",['Legendary'],['Planeswalker'],['Daretti'],Mythic,SLD,None,None,3,"[+1]: Create a 1/1 colorless Construct artifact creature token with defender.\n[−1]: You may sacrifice an artifact. If you do, destroy target artifact or creature.\n[−6]: Choose target artifact card in a graveyard or artifact on the battlefield. Create three tokens that are copies of it."
"Shalai, Voice of Plenty",4.0,['W'],"['G', 'W']",['Legendary'],['Creature'],['Angel'],Rare,SLD,3,4,None,"Flying\nYou, planeswalkers you control, and other creatures you control have hexproof.\n{4}{G}{G}: Put a +1/+1 counter on each creature you control."
Mountain,0.0,None,['R'],['Basic'],['Land'],['Mountain'],Rare,SLD,None,None,None,({T}: Add {R}.)
Bow of Nylea,3.0,['G'],['G'],['Legendary'],"['Enchantment', 'Artifact']",None,Rare,SLD,None,None,None,"Attacking creatures you control have deathtouch.\n{1}{G}, {T}: Choose one —\n• Put a +1/+1 counter on target creature.\n• Bow of Nylea deals 2 damage to target creature with flying.\n• You gain 3 life.\n• Put up to four target cards from your graveyard on the bottom of your library in any order."
Island,0.0,None,['U'],['Basic'],['Land'],['Island'],Rare,SLD,None,None,None,({T}: Add {U}.)
Thragtusk,5.0,['G'],['G'],None,['Creature'],['Beast'],Rare,SLD,5,3,None,"When Thragtusk enters the battlefield, you gain 5 life.\nWhen Thragtusk leaves the battlefield, create a 3/3 green Beast creature token."
"Sisay, Weatherlight Captain",3.0,['W'],"['B', 'G', 'R', 'U', 'W']",['Legendary'],['Creature'],"['Human', 'Soldier']",Rare,SLD,2,2,None,"Sisay, Weatherlight Captain gets +1/+1 for each color among other legendary permanents you control.\n{W}{U}{B}{R}{G}: Search your library for a legendary permanent card with mana value less than Sisay's power, put that card onto the battlefield, then shuffle."
Meandering Towershell,5.0,['G'],['G'],None,['Creature'],['Turtle'],Rare,SLD,5,9,None,"Islandwalk (This creature can't be blocked as long as defending player controls an Island.)\nWhenever Meandering Towershell attacks, exile it. Return it to the battlefield under your control tapped and attacking at the beginning of the declare attackers step on your next turn."
Mycosynth Wellspring,2.0,None,None,None,['Artifact'],None,Rare,SLD,None,None,None,"When Mycosynth Wellspring enters the battlefield or is put into a graveyard from the battlefield, you may search your library for a basic land card, reveal it, put it into your hand, then shuffle."
Rise of the Dark Realms,9.0,['B'],['B'],None,['Sorcery'],None,Mythic,SLD,None,None,None,Put all creature cards from all graveyards onto the battlefield under your control.
Mycosynth Lattice,6.0,None,None,None,['Artifact'],None,Mythic,SLD,None,None,None,"All permanents are artifacts in addition to their other types.\nAll cards that aren't on the battlefield, spells, and permanents are colorless.\nPlayers may spend mana as though it were mana of any color."
Vindictive Lich,4.0,['B'],['B'],None,['Creature'],"['Zombie', 'Wizard']",Rare,SLD,4,1,None,"When Vindictive Lich dies, choose one or more. Each mode must target a different player.\n• Target opponent sacrifices a creature.\n• Target opponent discards two cards.\n• Target opponent loses 5 life."
"Liliana, Death's Majesty",5.0,['B'],['B'],['Legendary'],['Planeswalker'],['Liliana'],Mythic,SLD,None,None,5,[+1]: Create a 2/2 black Zombie creature token. Mill two cards.\n[−3]: Return target creature card from your graveyard to the battlefield. That creature is a black Zombie in addition to its other colors and types.\n[−7]: Destroy all non-Zombie creatures.
Mycosynth Golem,11.0,None,None,None,"['Artifact', 'Creature']",['Golem'],Rare,SLD,4,5,None,Affinity for artifacts (This spell costs {1} less to cast for each artifact you control.)\nArtifact creature spells you cast have affinity for artifacts. (They cost {1} less to cast for each artifact you control.)
Shelldock Isle,0.0,None,['U'],None,['Land'],None,Rare,SLD,None,None,None,"Hideaway 4 (When this land enters the battlefield, look at the top four cards of your library, exile one face down, then put the rest on the bottom in a random order.)\nShelldock Isle enters the battlefield tapped.\n{T}: Add {U}.\n{U}, {T}: You may play the exiled card without paying its mana cost if a library has twenty or fewer cards in it."
Terminate,2.0,"['B', 'R']","['B', 'R']",None,['Instant'],None,Rare,SLD,None,None,None,Destroy target creature. It can't be regenerated.
Frantic Search,3.0,['U'],['U'],None,['Instant'],None,Rare,SLD,None,None,None,"Draw two cards, then discard two cards. Untap up to three lands."
Mass Hysteria,1.0,['R'],['R'],None,['Enchantment'],None,Rare,SLD,None,None,None,All creatures have haste.
Well of Lost Dreams,4.0,None,None,None,['Artifact'],None,Rare,SLD,None,None,None,"Whenever you gain life, you may pay {X}, where X is less than or equal to the amount of life you gained. If you do, draw X cards."
Path to Exile,1.0,['W'],['W'],None,['Instant'],None,Rare,SLD,None,None,None,"Exile target creature. Its controller may search their library for a basic land card, put that card onto the battlefield tapped, then shuffle."
Abrade,2.0,['R'],['R'],None,['Instant'],None,Rare,SLD,None,None,None,Choose one —\n• Abrade deals 3 damage to target creature.\n• Destroy target artifact.
Inferno Titan,6.0,['R'],['R'],None,['Creature'],['Giant'],Mythic,SLD,6,6,None,"{R}: Inferno Titan gets +1/+0 until end of turn.\nWhenever Inferno Titan enters the battlefield or attacks, it deals 3 damage divided as you choose among one, two, or three targets."
"Gisela, Blade of Goldnight",7.0,"['R', 'W']","['R', 'W']",['Legendary'],['Creature'],['Angel'],Mythic,SLD,5,5,None,"Flying, first strike\nIf a source would deal damage to an opponent or a permanent an opponent controls, that source deals double that damage to that player or permanent instead.\nIf a source would deal damage to you or a permanent you control, prevent half that damage, rounded up."
Oppression,3.0,['B'],['B'],None,['Enchantment'],None,Rare,SLD,None,None,None,"Whenever a player casts a spell, that player discards a card."
Monastery Swiftspear,1.0,['R'],['R'],None,['Creature'],"['Human', 'Monk']",Rare,SLD,1,2,None,"Haste\nProwess (Whenever you cast a noncreature spell, this creature gets +1/+1 until end of turn.)"
"Heliod, Sun-Crowned",3.0,['W'],['W'],['Legendary'],"['Enchantment', 'Creature']",['God'],Mythic,SLD,5,5,None,"Indestructible\nAs long as your devotion to white is less than five, Heliod isn't a creature.\nWhenever you gain life, put a +1/+1 counter on target creature or enchantment you control.\n{1}{W}: Another target creature gains lifelink until end of turn."
"Venser, the Sojourner",5.0,"['U', 'W']","['U', 'W']",['Legendary'],['Planeswalker'],['Venser'],Mythic,SLD,None,None,3,"[+2]: Exile target permanent you own. Return it to the battlefield under your control at the beginning of the next end step.\n[−1]: Creatures can't be blocked this turn.\n[−8]: You get an emblem with ""Whenever you cast a spell, exile target permanent."""
Urabrask the Hidden,5.0,['R'],['R'],['Legendary'],['Creature'],"['Phyrexian', 'Praetor']",Mythic,SLD,4,4,None,Creatures you control have haste.\nCreatures your opponents control enter the battlefield tapped.
"Aminatou, the Fateshifter",3.0,"['B', 'U', 'W']","['B', 'U', 'W']",['Legendary'],['Planeswalker'],['Aminatou'],Mythic,SLD,None,None,3,"[+1]: Draw a card, then put a card from your hand on top of your library.\n[−1]: Exile another target permanent you own, then return it to the battlefield under your control.\n[−6]: Choose left or right. Each player gains control of all nonland permanents other than Aminatou, the Fateshifter controlled by the next player in the chosen direction.\nAminatou, the Fateshifter can be your commander."
"Jin-Gitaxias, Core Augur",10.0,['U'],['U'],['Legendary'],['Creature'],"['Phyrexian', 'Praetor']",Mythic,SLD,5,4,None,"Flash\nAt the beginning of your end step, draw seven cards.\nEach opponent's maximum hand size is reduced by seven."
Phyrexian Tower,0.0,None,['B'],['Legendary'],['Land'],None,Rare,SLD,None,None,None,"{T}: Add {C}.\n{T}, Sacrifice a creature: Add {B}{B}."
"Chandra, Flame's Catalyst",6.0,['R'],['R'],['Legendary'],['Planeswalker'],['Chandra'],Mythic,SLD,None,None,5,"[+1]: Chandra, Flame's Catalyst deals 3 damage to each opponent.\n[−2]: You may cast target red instant or sorcery card from your graveyard. If that spell would be put into your graveyard, exile it instead.\n[−8]: Discard your hand, then draw seven cards. Until end of turn, you may cast spells from your hand without paying their mana costs."
Exquisite Blood,5.0,['B'],['B'],None,['Enchantment'],None,Rare,SLD,None,None,None,"Whenever an opponent loses life, you gain that much life."
Darksteel Ingot,3.0,None,None,None,['Artifact'],None,Rare,SLD,None,None,None,"Indestructible (Effects that say ""destroy"" don't destroy this artifact.)\n{T}: Add one mana of any color."
"Karn, Scion of Urza",4.0,None,None,['Legendary'],['Planeswalker'],['Karn'],Mythic,SLD,None,None,5,"[+1]: Reveal the top two cards of your library. An opponent chooses one of them. Put that card into your hand and exile the other with a silver counter on it.\n[−1]: Put a card you own with a silver counter on it from exile into your hand.\n[−2]: Create a 0/0 colorless Construct artifact creature token with ""This creature gets +1/+1 for each artifact you control."""
Chromatic Lantern,3.0,None,None,None,['Artifact'],None,Rare,SLD,None,None,None,"Lands you control have ""{T}: Add one mana of any color.""\n{T}: Add one mana of any color."
"Mazirek, Kraul Death Priest",5.0,"['B', 'G']","['B', 'G']",['Legendary'],['Creature'],"['Insect', 'Shaman']",Rare,SLD,2,2,None,"Flying\nWhenever a player sacrifices another permanent, put a +1/+1 counter on each creature you control."
Swarmyard,0.0,None,None,None,['Land'],None,Rare,SLD,None,None,None,"{T}: Add {C}.\n{T}: Regenerate target Insect, Rat, Spider, or Squirrel. (The next time it would be destroyed, instead tap it, remove it from combat, and heal all damage on it.)"
"Grist, the Hunger Tide",3.0,"['B', 'G']","['B', 'G']",['Legendary'],['Planeswalker'],['Grist'],Mythic,SLD,None,None,3,"As long as Grist, the Hunger Tide isn't on the battlefield, it's a 1/1 Insect creature in addition to its other types.\n[+1]: Create a 1/1 black and green Insect creature token, then mill a card. If an Insect card was milled this way, put a loyalty counter on Grist and repeat this process.\n[−2]: You may sacrifice a creature. When you do, destroy target creature or planeswalker.\n[−5]: Each opponent loses life equal to the number of creature cards in your graveyard."
Squirrel Mob,3.0,['G'],['G'],None,['Creature'],['Squirrel'],Rare,SLD,2,2,None,Squirrel Mob gets +1/+1 for each other Squirrel on the battlefield.
Noxious Revival,1.0,['G'],['G'],None,['Instant'],None,Rare,SLD,None,None,None,({G/P} can be paid with either {G} or 2 life.)\nPut target card from a graveyard on top of its owner's library.
Chatter of the Squirrel,1.0,['G'],['G'],None,['Sorcery'],None,Rare,SLD,None,None,None,Create a 1/1 green Squirrel creature token.\nFlashback {1}{G} (You may cast this card from your graveyard for its flashback cost. Then exile it.)
Giant Adephage,7.0,['G'],['G'],None,['Creature'],['Insect'],Mythic,SLD,7,7,None,"Trample\nWhenever Giant Adephage deals combat damage to a player, create a token that's a copy of Giant Adephage."
Spell Queller,3.0,"['U', 'W']","['U', 'W']",None,['Creature'],['Spirit'],Rare,SLD,2,3,None,"Flash\nFlying\nWhen Spell Queller enters the battlefield, exile target spell with mana value 4 or less.\nWhen Spell Queller leaves the battlefield, the exiled card's owner may cast that card without paying its mana cost."
Eldritch Evolution,3.0,['G'],['G'],None,['Sorcery'],None,Rare,SLD,None,None,None,"As an additional cost to cast this spell, sacrifice a creature.\nSearch your library for a creature card with mana value X or less, where X is 2 plus the sacrificed creature's mana value. Put that card onto the battlefield, then shuffle. Exile Eldritch Evolution."
Dryad of the Ilysian Grove,3.0,['G'],['G'],None,"['Enchantment', 'Creature']","['Nymph', 'Dryad']",Rare,SLD,2,4,None,You may play an additional land on each of your turns.\nLands you control are every basic land type in addition to their other types.
Nature's Lore,2.0,['G'],['G'],None,['Sorcery'],None,Rare,SLD,None,None,None,"Search your library for a Forest card, put that card onto the battlefield, then shuffle."
"Vona, Butcher of Magan",5.0,"['B', 'W']","['B', 'W']",['Legendary'],['Creature'],"['Vampire', 'Knight']",Mythic,SLD,4,4,None,"Vigilance, lifelink\n{T}, Pay 7 life: Destroy target nonland permanent. Activate only during your turn."
Decree of Pain,8.0,['B'],['B'],None,['Sorcery'],None,Rare,SLD,None,None,None,"Destroy all creatures. They can't be regenerated. Draw a card for each creature destroyed this way.\nCycling {3}{B}{B} ({3}{B}{B}, Discard this card: Draw a card.)\nWhen you cycle Decree of Pain, all creatures get -2/-2 until end of turn."
Wrath of God,4.0,['W'],['W'],None,['Sorcery'],None,Rare,SLD,None,None,None,Destroy all creatures. They can't be regenerated.
"Kumena, Tyrant of Orazca",3.0,"['G', 'U']","['G', 'U']",['Legendary'],['Creature'],"['Merfolk', 'Shaman']",Mythic,SLD,2,4,None,"Tap another untapped Merfolk you control: Kumena, Tyrant of Orazca can't be blocked this turn.\nTap three untapped Merfolk you control: Draw a card.\nTap five untapped Merfolk you control: Put a +1/+1 counter on each Merfolk you control."
Howling Mine,2.0,None,None,None,['Artifact'],None,Rare,SLD,None,None,None,"At the beginning of each player's draw step, if Howling Mine is untapped, that player draws an additional card."
Counterspell,2.0,['U'],['U'],None,['Instant'],None,Rare,SLD,None,None,None,Counter target spell.
Snow-Covered Swamp,0.0,None,['B'],"['Basic', 'Snow']",['Land'],['Swamp'],Rare,SLD,None,None,None,({T}: Add {B}.)
Balance,2.0,['W'],['W'],None,['Sorcery'],None,Mythic,SLD,None,None,None,"Each player chooses a number of lands they control equal to the number of lands controlled by the player who controls the fewest, then sacrifices the rest. Players discard cards and sacrifice creatures the same way."
"Elenda, the Dusk Rose",4.0,"['B', 'W']","['B', 'W']",['Legendary'],['Creature'],"['Vampire', 'Knight']",Mythic,SLD,1,1,None,"Lifelink\nWhenever another creature dies, put a +1/+1 counter on Elenda, the Dusk Rose.\nWhen Elenda dies, create X 1/1 white Vampire creature tokens with lifelink, where X is Elenda's power."
Collected Company,4.0,['G'],['G'],None,['Instant'],None,Rare,SLD,None,None,None,Look at the top six cards of your library. Put up to two creature cards with mana value 3 or less from among them onto the battlefield. Put the rest on the bottom of your library in any order.
Teferi's Protection,3.0,['W'],['W'],None,['Instant'],None,Rare,SLD,None,None,None,"Until your next turn, your life total can't change and you gain protection from everything. All permanents you control phase out. (While they're phased out, they're treated as though they don't exist. They phase in before you untap during your untap step.)\nExile Teferi's Protection."
Admiral Beckett Brass,4.0,"['B', 'R', 'U']","['B', 'R', 'U']",['Legendary'],['Creature'],"['Human', 'Pirate']",Mythic,SLD,3,3,None,"Other Pirates you control get +1/+1.\nAt the beginning of your end step, gain control of target nonland permanent controlled by a player who was dealt combat damage by three or more Pirates this turn."
"Razaketh, the Foulblooded",8.0,['B'],['B'],['Legendary'],['Creature'],['Demon'],Mythic,SLD,8,8,None,"Flying, trample\nPay 2 life, Sacrifice another creature: Search your library for a card, put that card into your hand, then shuffle."
"Kothophed, Soul Hoarder",6.0,['B'],['B'],['Legendary'],['Creature'],['Demon'],Rare,SLD,6,6,None,"Flying\nWhenever a permanent owned by another player is put into a graveyard from the battlefield, you draw a card and you lose 1 life."
Island,0.0,None,['U'],['Basic'],['Land'],['Island'],Rare,SLD,None,None,None,({T}: Add {U}.)
Liliana's Contract,5.0,['B'],['B'],None,['Enchantment'],None,Rare,SLD,None,None,None,"When Liliana's Contract enters the battlefield, you draw four cards and you lose 4 life.\nAt the beginning of your upkeep, if you control four or more Demons with different names, you win the game."
Captain Lannery Storm,3.0,['R'],['R'],['Legendary'],['Creature'],"['Human', 'Pirate']",Rare,SLD,2,2,None,"Haste\nWhenever Captain Lannery Storm attacks, create a Treasure token. (It's an artifact with ""{T}, Sacrifice this artifact: Add one mana of any color."")\nWhenever you sacrifice a Treasure, Captain Lannery Storm gets +1/+0 until end of turn."
Griselbrand,8.0,['B'],['B'],['Legendary'],['Creature'],['Demon'],Mythic,SLD,7,7,None,"Flying, lifelink\nPay 7 life: Draw seven cards."
Demonlord Belzenlok,6.0,['B'],['B'],['Legendary'],['Creature'],"['Elder', 'Demon']",Mythic,SLD,6,6,None,"Flying, trample\nWhen Demonlord Belzenlok enters the battlefield, exile cards from the top of your library until you exile a nonland card, then put that card into your hand. If the card's mana value is 4 or greater, repeat this process. Demonlord Belzenlok deals 1 damage to you for each card put into your hand this way."
Homeward Path,0.0,None,None,None,['Land'],None,Rare,SLD,None,None,None,{T}: Add {C}.\n{T}: Each player gains control of all creatures they own.
Warren Instigator,2.0,['R'],['R'],None,['Creature'],"['Goblin', 'Berserker']",Mythic,SLD,1,1,None,"Double strike\nWhenever Warren Instigator deals damage to an opponent, you may put a Goblin creature card from your hand onto the battlefield."
Geier Reach Sanitarium,0.0,None,None,['Legendary'],['Land'],None,Rare,SLD,None,None,None,"{T}: Add {C}.\n{2}, {T}: Each player draws a card, then discards a card."
Roil Elemental,6.0,['U'],['U'],None,['Creature'],['Elemental'],Rare,SLD,3,2,None,"Flying\nLandfall — Whenever a land enters the battlefield under your control, you may gain control of target creature for as long as you control Roil Elemental."
"Jetmir, Nexus of Revels // Jetmir, Nexus of Revels",4.0,"['G', 'R', 'W']","['G', 'R', 'W']",['Legendary'],['Creature'],"['Cat', 'Demon']",Mythic,SLD,5,4,None,Creatures you control get +1/+0 and have vigilance as long as you control three or more creatures.\nCreatures you control also get +1/+0 and have trample as long as you control six or more creatures.\nCreatures you control also get +1/+0 and have double strike as long as you control nine or more creatures.
"Malik, Grim Manipulator",5.0,"['B', 'R', 'W']","['B', 'R', 'W']",['Legendary'],['Creature'],"['Human', 'Rogue']",Mythic,SLD,4,3,None,"When Malik, Grim Manipulator enters the battlefield, you and target opponent each secretly choose a creature that player controls. Then those choices are revealed, and that player sacrifices those creatures.\nWhenever an opponent sacrifices a creature, you create a Treasure token."
"Tinybones, Trinket Thief",2.0,['B'],['B'],['Legendary'],['Creature'],"['Skeleton', 'Rogue']",Mythic,SLD,1,2,None,"At the beginning of each end step, if an opponent discarded a card this turn, you draw a card and you lose 1 life.\n{4}{B}{B}: Each opponent with no cards in hand loses 10 life."
"Gregor, Shrewd Magistrate",3.0,"['U', 'W']","['U', 'W']",['Legendary'],['Creature'],"['Human', 'Advisor']",Mythic,SLD,1,3,None,"Skulk (This creature can't be blocked by creatures with greater power.)\nWhenever Gregor, Shrewd Magistrate deals combat damage to a player, draw cards equal to its power."
Academy Ruins,0.0,None,['U'],['Legendary'],['Land'],None,Rare,SLD,None,None,None,"{T}: Add {C}.\n{1}{U}, {T}: Put target artifact card from your graveyard on top of your library."
"Greymond, Avacyn's Stalwart",4.0,['W'],['W'],['Legendary'],['Creature'],"['Human', 'Soldier']",Mythic,SLD,3,4,None,"As Greymond, Avacyn's Stalwart enters the battlefield, choose two abilities from among first strike, vigilance, and lifelink.\nHumans you control have each of the chosen abilities.\nAs long as you control four or more Humans, Humans you control get +2/+2."
Reassembling Skeleton,2.0,['B'],['B'],None,['Creature'],"['Skeleton', 'Warrior']",Rare,SLD,1,1,None,{1}{B}: Return Reassembling Skeleton from your graveyard to the battlefield tapped.
Dreadbore,2.0,"['B', 'R']","['B', 'R']",None,['Sorcery'],None,Rare,SLD,None,None,None,Destroy target creature or planeswalker.
Necrogen Mists,3.0,['B'],['B'],None,['Enchantment'],None,Rare,SLD,None,None,None,"At the beginning of each player's upkeep, that player discards a card."
Assassin's Trophy,2.0,"['B', 'G']","['B', 'G']",None,['Instant'],None,Rare,SLD,None,None,None,"Destroy target permanent an opponent controls. Its controller may search their library for a basic land card, put it onto the battlefield, then shuffle."
Bottomless Pit,3.0,['B'],['B'],None,['Enchantment'],None,Rare,SLD,None,None,None,"At the beginning of each player's upkeep, that player discards a card at random."
Voidslime,3.0,"['G', 'U']","['G', 'U']",None,['Instant'],None,Rare,SLD,None,None,None,"Counter target spell, activated ability, or triggered ability. (Mana abilities can't be targeted.)"
Forest,0.0,None,['G'],['Basic'],['Land'],['Forest'],Rare,SLD,None,None,None,({T}: Add {G}.)
The Mimeoplasm,5.0,"['B', 'G', 'U']","['B', 'G', 'U']",['Legendary'],['Creature'],['Ooze'],Mythic,SLD,0,0,None,"As The Mimeoplasm enters the battlefield, you may exile two creature cards from graveyards. If you do, it enters the battlefield as a copy of one of those cards with a number of additional +1/+1 counters on it equal to the power of the other card."
Mountain,0.0,None,['R'],['Basic'],['Land'],['Mountain'],Rare,SLD,None,None,None,({T}: Add {R}.)
Scavenging Ooze,2.0,['G'],['G'],None,['Creature'],['Ooze'],Rare,SLD,2,2,None,"{G}: Exile target card from a graveyard. If it was a creature card, put a +1/+1 counter on Scavenging Ooze and you gain 1 life."
Time Stop,6.0,['U'],['U'],None,['Instant'],None,Rare,SLD,None,None,None,"End the turn. (Exile all spells and abilities from the stack, including this card. The player whose turn it is discards down to their maximum hand size. Damage wears off, and ""this turn"" and ""until end of turn"" effects end.)"
Necrotic Ooze,4.0,['B'],['B'],None,['Creature'],['Ooze'],Rare,SLD,4,3,None,"As long as Necrotic Ooze is on the battlefield, it has all activated abilities of all creature cards in all graveyards."
Swamp,0.0,None,['B'],['Basic'],['Land'],['Swamp'],Rare,SLD,None,None,None,({T}: Add {B}.)
Sacred Foundry,0.0,None,"['R', 'W']",None,['Land'],"['Mountain', 'Plains']",Rare,SLD,None,None,None,"({T}: Add {R} or {W}.)\nAs Sacred Foundry enters the battlefield, you may pay 2 life. If you don't, it enters the battlefield tapped."
Steam Vents,0.0,None,"['R', 'U']",None,['Land'],"['Island', 'Mountain']",Rare,SLD,None,None,None,"({T}: Add {U} or {R}.)\nAs Steam Vents enters the battlefield, you may pay 2 life. If you don't, it enters the battlefield tapped."
Island,0.0,None,['U'],['Basic'],['Land'],['Island'],Rare,SLD,None,None,None,({T}: Add {U}.)
Mistbind Clique,4.0,['U'],['U'],None,['Creature'],"['Faerie', 'Wizard']",Rare,SLD,4,4,None,"Flash\nFlying\nChampion a Faerie (When this enters the battlefield, sacrifice it unless you exile another Faerie you control. When this leaves the battlefield, that card returns to the battlefield.)\nWhen a Faerie is championed with Mistbind Clique, tap all lands target player controls."
Plains,0.0,None,['W'],['Basic'],['Land'],['Plains'],Rare,SLD,None,None,None,({T}: Add {W}.)
Temple Garden,0.0,None,"['G', 'W']",None,['Land'],"['Forest', 'Plains']",Rare,SLD,None,None,None,"({T}: Add {G} or {W}.)\nAs Temple Garden enters the battlefield, you may pay 2 life. If you don't, it enters the battlefield tapped."
Godless Shrine,0.0,None,"['B', 'W']",None,['Land'],"['Plains', 'Swamp']",Rare,SLD,None,None,None,"({T}: Add {W} or {B}.)\nAs Godless Shrine enters the battlefield, you may pay 2 life. If you don't, it enters the battlefield tapped."
Stomping Ground,0.0,None,"['G', 'R']",None,['Land'],"['Mountain', 'Forest']",Rare,SLD,None,None,None,"({T}: Add {R} or {G}.)\nAs Stomping Ground enters the battlefield, you may pay 2 life. If you don't, it enters the battlefield tapped."
Watery Grave,0.0,None,"['B', 'U']",None,['Land'],"['Island', 'Swamp']",Rare,SLD,None,None,None,"({T}: Add {U} or {B}.)\nAs Watery Grave enters the battlefield, you may pay 2 life. If you don't, it enters the battlefield tapped."
Forest,0.0,None,['G'],['Basic'],['Land'],['Forest'],Rare,SLD,None,None,None,({T}: Add {G}.)
"Atla Palani, Nest Tender",4.0,"['G', 'R', 'W']","['G', 'R', 'W']",['Legendary'],['Creature'],"['Human', 'Shaman']",Mythic,SLD,2,3,None,"{2}, {T}: Create a 0/1 green Egg creature token with defender.\nWhenever an Egg you control dies, reveal cards from the top of your library until you reveal a creature card. Put that card onto the battlefield and the rest on the bottom of your library in a random order."
Damnation,4.0,['B'],['B'],None,['Sorcery'],None,Rare,SLD,None,None,None,Destroy all creatures. They can't be regenerated.
Voracious Hydra,2.0,['G'],['G'],None,['Creature'],['Hydra'],Rare,SLD,0,1,None,"Trample\nVoracious Hydra enters the battlefield with X +1/+1 counters on it.\nWhen Voracious Hydra enters the battlefield, choose one —\n• Double the number of +1/+1 counters on Voracious Hydra.\n• Voracious Hydra fights target creature you don't control."
Enchanted Evening,5.0,"['U', 'W']","['U', 'W']",None,['Enchantment'],None,Rare,SLD,None,None,None,All permanents are enchantments in addition to their other types.
Sower of Temptation,4.0,['U'],['U'],None,['Creature'],"['Faerie', 'Wizard']",Rare,SLD,2,2,None,"Flying\nWhen Sower of Temptation enters the battlefield, gain control of target creature for as long as Sower of Temptation remains on the battlefield."
"Tasigur, the Golden Fang",6.0,['B'],"['B', 'G', 'U']",['Legendary'],['Creature'],"['Human', 'Shaman']",Rare,SLD,4,5,None,"Delve (Each card you exile from your graveyard while casting this spell pays for {1}.)\n{2}{G/U}{G/U}: Mill two cards, then return a nonland card of an opponent's choice from your graveyard to your hand."
Explore,2.0,['G'],['G'],None,['Sorcery'],None,Rare,SLD,None,None,None,You may play an additional land this turn.\nDraw a card.
"Oona, Queen of the Fae",6.0,"['B', 'U']","['B', 'U']",['Legendary'],['Creature'],"['Faerie', 'Wizard']",Mythic,SLD,5,5,None,"Flying\n{X}{U/B}: Choose a color. Target opponent exiles the top X cards of their library. For each card of the chosen color exiled this way, create a 1/1 blue and black Faerie Rogue creature token with flying."
Tasha's Hideous Laughter,3.0,['U'],['U'],None,['Sorcery'],None,Rare,SLD,None,None,None,Each opponent exiles cards from the top of their library until that player has exiled cards with total mana value 20 or more.
Peregrine Drake,5.0,['U'],['U'],None,['Creature'],['Drake'],Rare,SLD,2,3,None,"Flying\nWhen Peregrine Drake enters the battlefield, untap up to five lands."
Inkmoth Nexus,0.0,None,None,None,['Land'],None,Rare,SLD,None,None,None,{T}: Add {C}.\n{1}: Inkmoth Nexus becomes a 1/1 Phyrexian Blinkmoth artifact creature with flying and infect until end of turn. It's still a land. (It deals damage to creatures in the form of -1/-1 counters and to players in the form of poison counters.)
Island,0.0,None,['U'],['Basic'],['Land'],['Island'],Rare,SLD,None,None,None,({T}: Add {U}.)
Trinisphere,3.0,None,None,None,['Artifact'],None,Mythic,SLD,None,None,None,"As long as Trinisphere is untapped, each spell that would cost less than three mana to cast costs three mana to cast. (Additional mana in the cost may be paid with any color of mana or colorless mana. For example, a spell that would cost {1}{B} to cast costs {2}{B} to cast instead.)"
Sphere of Resistance,2.0,None,None,None,['Artifact'],None,Rare,SLD,None,None,None,Spells cost {1} more to cast.
Fatal Push,1.0,['B'],['B'],None,['Instant'],None,Rare,SLD,None,None,None,Destroy target creature if it has mana value 2 or less.\nRevolt — Destroy that creature if it has mana value 4 or less instead if a permanent you controlled left the battlefield this turn.
"Ink-Eyes, Servant of Oni",6.0,['B'],['B'],['Legendary'],['Creature'],"['Rat', 'Ninja']",Rare,SLD,5,4,None,"Ninjutsu {3}{B}{B} ({3}{B}{B}, Return an unblocked attacker you control to hand: Put this card onto the battlefield from your hand tapped and attacking.)\nWhenever Ink-Eyes, Servant of Oni deals combat damage to a player, you may put target creature card from that player's graveyard onto the battlefield under your control.\n{1}{B}: Regenerate Ink-Eyes."
Regisaur Alpha,5.0,"['G', 'R']","['G', 'R']",None,['Creature'],['Dinosaur'],Rare,SLD,4,4,None,"Other Dinosaurs you control have haste.\nWhen Regisaur Alpha enters the battlefield, create a 3/3 green Dinosaur creature token with trample."
"Arahbo, Roar of the World",5.0,"['G', 'W']","['G', 'W']",['Legendary'],['Creature'],"['Cat', 'Avatar']",Mythic,SLD,5,5,None,"Eminence — At the beginning of combat on your turn, if Arahbo, Roar of the World is in the command zone or on the battlefield, another target Cat you control gets +3/+3 until end of turn.\nWhenever another Cat you control attacks, you may pay {1}{G}{W}. If you do, it gains trample and gets +X/+X until end of turn, where X is its power."
Wayward Swordtooth,3.0,['G'],['G'],None,['Creature'],['Dinosaur'],Rare,SLD,5,5,None,"Ascend (If you control ten or more permanents, you get the city's blessing for the rest of the game.)\nYou may play an additional land on each of your turns.\nWayward Swordtooth can't attack or block unless you have the city's blessing."
Leonin Warleader,4.0,['W'],['W'],None,['Creature'],"['Cat', 'Soldier']",Rare,SLD,4,4,None,"Whenever Leonin Warleader attacks, create two 1/1 white Cat creature tokens with lifelink that are tapped and attacking."
Goblin Bushwhacker,1.0,['R'],['R'],None,['Creature'],"['Goblin', 'Warrior']",Rare,SLD,1,1,None,"Kicker {R} (You may pay an additional {R} as you cast this spell.)\nWhen Goblin Bushwhacker enters the battlefield, if it was kicked, creatures you control get +1/+0 and gain haste until end of turn."
Polyraptor,8.0,['G'],['G'],None,['Creature'],['Dinosaur'],Mythic,SLD,5,5,None,"Enrage — Whenever Polyraptor is dealt damage, create a token that's a copy of Polyraptor."
Opt,1.0,['U'],['U'],None,['Instant'],None,Rare,SLD,None,None,None,Scry 1.\nDraw a card.
Bitterblossom,2.0,['B'],['B'],None,"['Tribal', 'Enchantment']",['Faerie'],Mythic,SLD,None,None,None,"At the beginning of your upkeep, you lose 1 life and create a 1/1 black Faerie Rogue creature token with flying."
Mountain,0.0,None,['R'],['Basic'],['Land'],['Mountain'],Rare,SLD,None,None,None,({T}: Add {R}.)
Sliver Overlord,5.0,"['B', 'G', 'R', 'U', 'W']","['B', 'G', 'R', 'U', 'W']",['Legendary'],['Creature'],"['Sliver', 'Mutant']",Mythic,SLD,7,7,None,"{3}: Search your library for a Sliver card, reveal that card, put it into your hand, then shuffle.\n{3}: Gain control of target Sliver. (This effect lasts indefinitely.)"
Rampaging Ferocidon,3.0,['R'],['R'],None,['Creature'],['Dinosaur'],Rare,SLD,3,3,None,"Menace\nPlayers can't gain life.\nWhenever another creature enters the battlefield, Rampaging Ferocidon deals 1 damage to that creature's controller."
Life from the Loam,2.0,['G'],['G'],None,['Sorcery'],None,Rare,SLD,None,None,None,"Return up to three target land cards from your graveyard to your hand.\nDredge 3 (If you would draw a card, you may mill three cards instead. If you do, return this card from your graveyard to your hand.)"
Golgari Thug,2.0,['B'],['B'],None,['Creature'],"['Human', 'Warrior']",Rare,SLD,1,1,None,"When Golgari Thug dies, put target creature card from your graveyard on top of your library.\nDredge 4 (If you would draw a card, you may mill four cards instead. If you do, return this card from your graveyard to your hand.)"
"Etali, Primal Storm",6.0,['R'],['R'],['Legendary'],['Creature'],"['Elder', 'Dinosaur']",Rare,SLD,6,6,None,"Whenever Etali, Primal Storm attacks, exile the top card of each player's library, then you may cast any number of spells from among those cards without paying their mana costs."
Bloodghast,2.0,['B'],['B'],None,['Creature'],"['Vampire', 'Spirit']",Rare,SLD,2,1,None,"Bloodghast can't block.\nBloodghast has haste as long as an opponent has 10 or less life.\nLandfall — Whenever a land enters the battlefield under your control, you may return Bloodghast from your graveyard to the battlefield."
Snow-Covered Mountain,0.0,None,['R'],"['Basic', 'Snow']",['Land'],['Mountain'],Rare,SLD,None,None,None,({T}: Add {R}.)
"Thalia, Guardian of Thraben",2.0,['W'],['W'],['Legendary'],['Creature'],"['Human', 'Soldier']",Rare,SLD,2,1,None,First strike\nNoncreature spells cost {1} more to cast.
"Jinnie Fay, Jetmir's Second // Jinnie Fay, Jetmir's Second",3.0,"['G', 'R', 'W']","['G', 'R', 'W']",['Legendary'],['Creature'],"['Elf', 'Druid']",Rare,SLD,3,3,None,"If you would create one or more tokens, you may instead create that many 2/2 green Cat creature tokens with haste or that many 3/1 green Dog creature tokens with vigilance."
"Nylea, God of the Hunt",4.0,['G'],['G'],['Legendary'],"['Enchantment', 'Creature']",['God'],Mythic,SLD,6,6,None,"Indestructible\nAs long as your devotion to green is less than five, Nylea isn't a creature. (Each {G} in the mana costs of permanents you control counts toward your devotion to green.)\nOther creatures you control have trample.\n{3}{G}: Target creature gets +2/+2 until end of turn."
"Mogis, God of Slaughter",4.0,"['B', 'R']","['B', 'R']",['Legendary'],"['Enchantment', 'Creature']",['God'],Mythic,SLD,7,5,None,"Indestructible\nAs long as your devotion to black and red is less than seven, Mogis isn't a creature.\nAt the beginning of each opponent's upkeep, Mogis deals 2 damage to that player unless they sacrifice a creature."
"Athreos, God of Passage",3.0,"['B', 'W']","['B', 'W']",['Legendary'],"['Enchantment', 'Creature']",['God'],Mythic,SLD,5,4,None,"Indestructible\nAs long as your devotion to white and black is less than seven, Athreos isn't a creature.\nWhenever another creature you own dies, return it to your hand unless target opponent pays 3 life."
"Erebos, God of the Dead",4.0,['B'],['B'],['Legendary'],"['Enchantment', 'Creature']",['God'],Mythic,SLD,5,7,None,"Indestructible\nAs long as your devotion to black is less than five, Erebos isn't a creature. (Each {B} in the mana costs of permanents you control counts toward your devotion to black.)\nYour opponents can't gain life.\n{1}{B}, Pay 2 life: Draw a card."
Forest,0.0,None,['G'],['Basic'],['Land'],['Forest'],Rare,SLD,None,None,None,({T}: Add {G}.)
"Ephara, God of the Polis",4.0,"['U', 'W']","['U', 'W']",['Legendary'],"['Enchantment', 'Creature']",['God'],Mythic,SLD,6,5,None,"Indestructible\nAs long as your devotion to white and blue is less than seven, Ephara isn't a creature.\nAt the beginning of each upkeep, if you had another creature enter the battlefield under your control last turn, draw a card."
Mountain,0.0,None,['R'],['Basic'],['Land'],['Mountain'],Rare,SLD,None,None,None,({T}: Add {R}.)
"Iroas, God of Victory",4.0,"['R', 'W']","['R', 'W']",['Legendary'],"['Enchantment', 'Creature']",['God'],Mythic,SLD,7,4,None,"Indestructible\nAs long as your devotion to red and white is less than seven, Iroas isn't a creature.\nCreatures you control have menace.\nPrevent all damage that would be dealt to attacking creatures you control."
Swamp,0.0,None,['B'],['Basic'],['Land'],['Swamp'],Rare,SLD,None,None,None,({T}: Add {B}.)
Island,0.0,None,['U'],['Basic'],['Land'],['Island'],Rare,SLD,None,None,None,({T}: Add {U}.)
"Karametra, God of Harvests",5.0,"['G', 'W']","['G', 'W']",['Legendary'],"['Enchantment', 'Creature']",['God'],Mythic,SLD,6,7,None,"Indestructible\nAs long as your devotion to green and white is less than seven, Karametra isn't a creature.\nWhenever you cast a creature spell, you may search your library for a Forest or Plains card, put it onto the battlefield tapped, then shuffle."
Plains,0.0,None,['W'],['Basic'],['Land'],['Plains'],Rare,SLD,None,None,None,({T}: Add {W}.)
"Heliod, God of the Sun",4.0,['W'],['W'],['Legendary'],"['Enchantment', 'Creature']",['God'],Mythic,SLD,5,6,None,"Indestructible\nAs long as your devotion to white is less than five, Heliod isn't a creature. (Each {W} in the mana costs of permanents you control counts toward your devotion to white.)\nOther creatures you control have vigilance.\n{2}{W}{W}: Create a 2/1 white Cleric enchantment creature token."
Sublime Archangel,4.0,['W'],['W'],None,['Creature'],['Angel'],Mythic,SLD,4,3,None,"Flying\nExalted (Whenever a creature you control attacks alone, that creature gets +1/+1 until end of turn.)\nOther creatures you control have exalted. (If a creature has multiple instances of exalted, each triggers separately.)"
Forest,0.0,None,['G'],['Basic'],['Land'],['Forest'],Rare,SLD,None,None,None,({T}: Add {G}.)
Restoration Angel,4.0,['W'],['W'],None,['Creature'],['Angel'],Rare,SLD,3,4,None,"Flash\nFlying\nWhen Restoration Angel enters the battlefield, you may exile target non-Angel creature you control, then return that card to the battlefield under your control."
Mountain,0.0,None,['R'],['Basic'],['Land'],['Mountain'],Rare,SLD,None,None,None,({T}: Add {R}.)
Beacon of Tomorrows,8.0,['U'],['U'],None,['Sorcery'],None,Rare,SLD,None,None,None,Target player takes an extra turn after this one. Shuffle Beacon of Tomorrows into its owner's library.
Swamp,0.0,None,['B'],['Basic'],['Land'],['Swamp'],Rare,SLD,None,None,None,({T}: Add {B}.)
Blinding Angel,5.0,['W'],['W'],None,['Creature'],['Angel'],Rare,SLD,2,4,None,"Flying (This creature can't be blocked except by creatures with flying or reach.)\nWhenever Blinding Angel deals combat damage to a player, that player skips their next combat phase."
Island,0.0,None,['U'],['Basic'],['Land'],['Island'],Rare,SLD,None,None,None,({T}: Add {U}.)
Plains,0.0,None,['W'],['Basic'],['Land'],['Plains'],Rare,SLD,None,None,None,({T}: Add {W}.)
Angel of Serenity,7.0,['W'],['W'],None,['Creature'],['Angel'],Mythic,SLD,5,6,None,"Flying\nWhen Angel of Serenity enters the battlefield, you may exile up to three other target creatures from the battlefield and/or creature cards from graveyards.\nWhen Angel of Serenity leaves the battlefield, return the exiled cards to their owners' hands."
Mudhole,3.0,['R'],['R'],None,['Instant'],None,Rare,SLD,None,None,None,Target player exiles all land cards from their graveyard.
Botanical Sanctum,0.0,None,"['G', 'U']",None,['Land'],None,Rare,SLD,None,None,None,Botanical Sanctum enters the battlefield tapped unless you control two or fewer other lands.\n{T}: Add {G} or {U}.
Inspiring Vantage,0.0,None,"['R', 'W']",None,['Land'],None,Rare,SLD,None,None,None,Inspiring Vantage enters the battlefield tapped unless you control two or fewer other lands.\n{T}: Add {R} or {W}.
Goblin Snowman,4.0,['R'],['R'],None,['Creature'],['Goblin'],Rare,SLD,1,1,None,"Whenever Goblin Snowman blocks, prevent all combat damage that would be dealt to and dealt by it this turn.\n{T}: Goblin Snowman deals 1 damage to target creature it's blocking."
Blooming Marsh,0.0,None,"['B', 'G']",None,['Land'],None,Rare,SLD,None,None,None,Blooming Marsh enters the battlefield tapped unless you control two or fewer other lands.\n{T}: Add {B} or {G}.
Storm Crow,2.0,['U'],['U'],None,['Creature'],['Bird'],Rare,SLD,1,2,None,Flying (This creature can't be blocked except by creatures with flying or reach.)
Spirebluff Canal,0.0,None,"['R', 'U']",None,['Land'],None,Rare,SLD,None,None,None,Spirebluff Canal enters the battlefield tapped unless you control two or fewer other lands.\n{T}: Add {U} or {R}.
Squire,2.0,['W'],['W'],None,['Creature'],"['Human', 'Soldier']",Rare,SLD,1,2,None,None
Concealed Courtyard,0.0,None,"['B', 'W']",None,['Land'],None,Rare,SLD,None,None,None,Concealed Courtyard enters the battlefield tapped unless you control two or fewer other lands.\n{T}: Add {W} or {B}.
Walking Ballista,0.0,None,None,None,"['Artifact', 'Creature']",['Construct'],Rare,SLD,0,0,None,Walking Ballista enters the battlefield with X +1/+1 counters on it.\n{4}: Put a +1/+1 counter on Walking Ballista.\nRemove a +1/+1 counter from Walking Ballista: It deals 1 damage to any target.
The First Sliver,5.0,"['B', 'G', 'R', 'U', 'W']","['B', 'G', 'R', 'U', 'W']",['Legendary'],['Creature'],['Sliver'],Mythic,SLD,7,7,None,"Cascade (When you cast this spell, exile cards from the top of your library until you exile a nonland card that costs less. You may cast it without paying its mana cost. Put the exiled cards on the bottom of your library in a random order.)\nSliver spells you cast have cascade."
Darksteel Colossus,11.0,None,None,None,"['Artifact', 'Creature']",['Golem'],Mythic,SLD,11,11,None,"Trample, indestructible\nIf Darksteel Colossus would be put into a graveyard from anywhere, reveal Darksteel Colossus and shuffle it into its owner's library instead."
Rampant Growth,2.0,['G'],['G'],None,['Sorcery'],None,Rare,SLD,None,None,None,"Search your library for a basic land card, put that card onto the battlefield tapped, then shuffle."
Arcbound Ravager,2.0,None,None,None,"['Artifact', 'Creature']",['Beast'],Rare,SLD,0,0,None,"Sacrifice an artifact: Put a +1/+1 counter on Arcbound Ravager.\nModular 1 (This creature enters the battlefield with a +1/+1 counter on it. When it dies, you may put its +1/+1 counters on target artifact creature.)"
Food Chain,3.0,['G'],['G'],None,['Enchantment'],None,Mythic,SLD,None,None,None,"Exile a creature you control: Add X mana of any one color, where X is 1 plus the exiled creature's mana value. Spend this mana only to cast creature spells."
"Narset, Enlightened Master",6.0,"['R', 'U', 'W']","['R', 'U', 'W']",['Legendary'],['Creature'],"['Human', 'Monk']",Mythic,SLD,3,2,None,"First strike, hexproof\nWhenever Narset, Enlightened Master attacks, exile the top four cards of your library. Until end of turn, you may cast noncreature spells from among those cards without paying their mana costs."
Forest,0.0,None,['G'],['Basic'],['Land'],['Forest'],Rare,SLD,None,None,None,({T}: Add {G}.)
Mountain,0.0,None,['R'],['Basic'],['Land'],['Mountain'],Rare,SLD,None,None,None,({T}: Add {R}.)
Plains,0.0,None,['W'],['Basic'],['Land'],['Plains'],Rare,SLD,None,None,None,({T}: Add {W}.)
Mountain,0.0,None,['R'],['Basic'],['Land'],['Mountain'],Rare,SLD,None,None,None,({T}: Add {R}.)
Blood Artist,2.0,['B'],['B'],None,['Creature'],['Vampire'],Rare,SLD,0,1,None,"Whenever Blood Artist or another creature dies, target player loses 1 life and you gain 1 life."
Mountain,0.0,None,['R'],['Basic'],['Land'],['Mountain'],Rare,SLD,None,None,None,({T}: Add {R}.)
Mountain,0.0,None,['R'],['Basic'],['Land'],['Mountain'],Rare,SLD,None,None,None,({T}: Add {R}.)
Marrow-Gnawer,5.0,['B'],['B'],['Legendary'],['Creature'],"['Rat', 'Rogue']",Rare,SLD,2,3,None,"All Rats have fear.\n{T}, Sacrifice a Rat: Create X 1/1 black Rat creature tokens, where X is the number of Rats you control."
Mountain,0.0,None,['R'],['Basic'],['Land'],['Mountain'],Rare,SLD,None,None,None,({T}: Add {R}.)
"Mirri, Weatherlight Duelist",3.0,"['G', 'W']","['G', 'W']",['Legendary'],['Creature'],"['Cat', 'Warrior']",Mythic,SLD,3,2,None,"First strike\nWhenever Mirri, Weatherlight Duelist attacks, each opponent can't block with more than one creature this combat.\nAs long as Mirri, Weatherlight Duelist is tapped, no more than one creature can attack you each combat."
Mountain,0.0,None,['R'],['Basic'],['Land'],['Mountain'],Rare,SLD,None,None,None,({T}: Add {R}.)
Mountain,0.0,None,['R'],['Basic'],['Land'],['Mountain'],Rare,SLD,None,None,None,({T}: Add {R}.)
Goblin Lackey,1.0,['R'],['R'],None,['Creature'],['Goblin'],Rare,SLD,1,1,None,"Whenever Goblin Lackey deals damage to a player, you may put a Goblin permanent card from your hand onto the battlefield."
Mountain,0.0,None,['R'],['Basic'],['Land'],['Mountain'],Rare,SLD,None,None,None,({T}: Add {R}.)
Snow-Covered Island,0.0,None,['U'],"['Basic', 'Snow']",['Land'],['Island'],Rare,SLD,None,None,None,({T}: Add {U}.)
Snow-Covered Island,0.0,None,['U'],"['Basic', 'Snow']",['Land'],['Island'],Rare,SLD,None,None,None,({T}: Add {U}.)
Mountain,0.0,None,['R'],['Basic'],['Land'],['Mountain'],Rare,SLD,None,None,None,({T}: Add {R}.)
Forest,0.0,None,['G'],['Basic'],['Land'],['Forest'],Rare,SLD,None,None,None,({T}: Add {G}.)
Mountain,0.0,None,['R'],['Basic'],['Land'],['Mountain'],Rare,SLD,None,None,None,({T}: Add {R}.)
Reaper King,10.0,"['B', 'G', 'R', 'U', 'W']","['B', 'G', 'R', 'U', 'W']",['Legendary'],"['Artifact', 'Creature']",['Scarecrow'],Mythic,SLD,6,6,None,"({2/W} can be paid with any two mana or with {W}. This card's mana value is 10.)\nOther Scarecrow creatures you control get +1/+1.\nWhenever another Scarecrow enters the battlefield under your control, destroy target permanent."
Field of the Dead,0.0,None,None,None,['Land'],None,Rare,SLD,None,None,None,"Field of the Dead enters the battlefield tapped.\n{T}: Add {C}.\nWhenever Field of the Dead or another land enters the battlefield under your control, if you control seven or more lands with different names, create a 2/2 black Zombie creature token."
Aether Gust,2.0,['U'],['U'],None,['Instant'],None,Rare,SLD,None,None,None,Choose target spell or permanent that's red or green. Its owner puts it on the top or bottom of their library.
"Varina, Lich Queen",4.0,"['B', 'U', 'W']","['B', 'U', 'W']",['Legendary'],['Creature'],"['Zombie', 'Wizard']",Mythic,SLD,4,4,None,"Whenever you attack with one or more Zombies, draw that many cards, then discard that many cards. You gain that much life.\n{2}, Exile two cards from your graveyard: Create a tapped 2/2 black Zombie creature token."
"Pharika, God of Affliction",3.0,"['B', 'G']","['B', 'G']",['Legendary'],"['Enchantment', 'Creature']",['God'],Mythic,SLD,5,5,None,"Indestructible\nAs long as your devotion to black and green is less than seven, Pharika isn't a creature.\n{B}{G}: Exile target creature card from a graveyard. Its owner creates a 1/1 black and green Snake enchantment creature token with deathtouch."
Zombie Apocalypse,6.0,['B'],['B'],None,['Sorcery'],None,Rare,SLD,None,None,None,"Return all Zombie creature cards from your graveyard to the battlefield tapped, then destroy all Humans."
Vanquish the Horde,8.0,['W'],['W'],None,['Sorcery'],None,Rare,SLD,None,None,None,This spell costs {1} less to cast for each creature on the battlefield.\nDestroy all creatures.
"Xenagos, God of Revels",5.0,"['G', 'R']","['G', 'R']",['Legendary'],"['Enchantment', 'Creature']",['God'],Mythic,SLD,6,5,None,"Indestructible\nAs long as your devotion to red and green is less than seven, Xenagos isn't a creature.\nAt the beginning of combat on your turn, another target creature you control gains haste and gets +X/+X until end of turn, where X is that creature's power."
"Brisela, Voice of Nightmares",11.0,None,['W'],['Legendary'],['Creature'],"['Eldrazi', 'Angel']",Mythic,SLD,9,10,None,"Flying, first strike, vigilance, lifelink\nYour opponents can't cast spells with mana value 3 or less."
Moment's Peace,2.0,['G'],['G'],None,['Instant'],None,Rare,SLD,None,None,None,Prevent all combat damage that would be dealt this turn.\nFlashback {2}{G} (You may cast this card from your graveyard for its flashback cost. Then exile it.)
Mountain,0.0,None,['R'],['Basic'],['Land'],['Mountain'],Rare,SLD,None,None,None,({T}: Add {R}.)
Plains,0.0,None,['W'],['Basic'],['Land'],['Plains'],Common,SLD,None,None,None,({T}: Add {W}.)
Grafdigger's Cage,1.0,None,None,None,['Artifact'],None,Rare,SLD,None,None,None,Creature cards in graveyards and libraries can't enter the battlefield.\nPlayers can't cast spells from graveyards or libraries.
Plains,0.0,None,['W'],['Basic'],['Land'],['Plains'],Common,SLD,None,None,None,({T}: Add {W}.)
Snow-Covered Mountain,0.0,None,['R'],"['Basic', 'Snow']",['Land'],['Mountain'],Rare,SLD,None,None,None,({T}: Add {R}.)
Snow-Covered Swamp,0.0,None,['B'],"['Basic', 'Snow']",['Land'],['Swamp'],Rare,SLD,None,None,None,({T}: Add {B}.)
Puresteel Paladin,2.0,['W'],['W'],None,['Creature'],"['Human', 'Knight']",Rare,SLD,2,2,None,"Whenever an Equipment enters the battlefield under your control, you may draw a card.\nMetalcraft — Equipment you control have equip {0} as long as you control three or more artifacts."
Snow-Covered Island,0.0,None,['U'],"['Basic', 'Snow']",['Land'],['Island'],Rare,SLD,None,None,None,({T}: Add {U}.)
Plains,0.0,None,['W'],['Basic'],['Land'],['Plains'],Common,SLD,None,None,None,({T}: Add {W}.)
Beast Within,3.0,['G'],['G'],None,['Instant'],None,Rare,SLD,None,None,None,Destroy target permanent. Its controller creates a 3/3 green Beast creature token.
Blasphemous Act,9.0,['R'],['R'],None,['Sorcery'],None,Rare,SLD,None,None,None,This spell costs {1} less to cast for each creature on the battlefield.\nBlasphemous Act deals 13 damage to each creature.
Plains,0.0,None,['W'],['Basic'],['Land'],['Plains'],Common,SLD,None,None,None,({T}: Add {W}.)
Dismember,3.0,['B'],['B'],None,['Instant'],None,Rare,SLD,None,None,None,({B/P} can be paid with either {B} or 2 life.)\nTarget creature gets -5/-5 until end of turn.
Valkyrie Harbinger,6.0,['W'],['W'],None,['Creature'],"['Angel', 'Cleric']",Rare,SLD,4,5,None,"Flying, lifelink\nAt the beginning of each end step, if you gained 4 or more life this turn, create a 4/4 white Angel creature token with flying and vigilance."
"Gishath, Sun's Avatar",8.0,"['G', 'R', 'W']","['G', 'R', 'W']",['Legendary'],['Creature'],"['Dinosaur', 'Avatar']",Mythic,SLD,7,6,None,"Vigilance, trample, haste\nWhenever Gishath, Sun's Avatar deals combat damage to a player, reveal that many cards from the top of your library. Put any number of Dinosaur creature cards from among them onto the battlefield and the rest on the bottom of your library in a random order."
Dawnbreak Reclaimer,6.0,['W'],['W'],None,['Creature'],['Angel'],Rare,SLD,5,5,None,"Flying\nAt the beginning of your end step, choose a creature card in an opponent's graveyard, then that player chooses a creature card in your graveyard. You may return those cards to the battlefield under their owners' control."
"Ilharg, the Raze-Boar",5.0,['R'],['R'],['Legendary'],['Creature'],"['Boar', 'God']",Mythic,SLD,6,6,None,"Trample\nWhenever Ilharg, the Raze-Boar attacks, you may put a creature card from your hand onto the battlefield tapped and attacking. Return that creature to your hand at the beginning of the next end step.\nWhen Ilharg, the Raze-Boar dies or is put into exile from the battlefield, you may put it into its owner's library third from the top."
Breathkeeper Seraph,6.0,['W'],['W'],None,['Creature'],['Angel'],Rare,SLD,4,4,None,"Flying, soulbond (You may pair this creature with another unpaired creature when either enters the battlefield. They remain paired for as long as you control both of them.)\nAs long as Breathkeeper Seraph is paired with another creature, each of those creatures has ""When this creature dies, you may return it to the battlefield under its owner's control at the beginning of your next upkeep."""
Goblin Trashmaster,4.0,['R'],['R'],None,['Creature'],"['Goblin', 'Warrior']",Rare,SLD,3,3,None,Other Goblins you control get +1/+1.\nSacrifice a Goblin: Destroy target artifact.
Arden Angel,6.0,['W'],['W'],None,['Creature'],['Angel'],Rare,SLD,4,4,None,"Flying\nAt the beginning of your upkeep, if Arden Angel is in your graveyard, roll a four-sided die. If the result is 1, return Arden Angel from your graveyard to the battlefield."
Archangel of Thune,5.0,['W'],['W'],None,['Creature'],['Angel'],Mythic,SLD,3,4,None,"Flying\nLifelink (Damage dealt by this creature also causes you to gain that much life.)\nWhenever you gain life, put a +1/+1 counter on each creature you control."
Impact Tremors,2.0,['R'],['R'],None,['Enchantment'],None,Rare,SLD,None,None,None,"Whenever a creature enters the battlefield under your control, Impact Tremors deals 1 damage to each opponent."
Angel of the Ruins,7.0,['W'],['W'],None,"['Artifact', 'Creature']",['Angel'],Rare,SLD,5,7,None,"Flying\nWhen Angel of the Ruins enters the battlefield, exile up to two target artifacts and/or enchantments.\nPlainscycling {2} ({2}, Discard this card: Search your library for a Plains card, reveal it, put it into your hand, then shuffle.)"
Whir of Invention,3.0,['U'],['U'],None,['Instant'],None,Rare,SLD,None,None,None,"Improvise (Your artifacts can help cast this spell. Each artifact you tap after you're done activating mana abilities pays for {1}.)\nSearch your library for an artifact card with mana value X or less, put it onto the battlefield, then shuffle."
"Bruna, the Fading Light // Brisela, Voice of Nightmares",7.0,['W'],['W'],['Legendary'],['Creature'],"['Angel', 'Horror']",Rare,SLD,5,7,None,"When you cast this spell, you may return target Angel or Human creature card from your graveyard to the battlefield.\nFlying, vigilance\n(Melds with Gisela, the Broken Blade.)"
Winding Constrictor,2.0,"['B', 'G']","['B', 'G']",None,['Creature'],['Snake'],Rare,SLD,2,3,None,"If one or more counters would be put on an artifact or creature you control, that many plus one of each of those kinds of counters are put on that permanent instead.\nIf you would get one or more counters, you get that many plus one of each of those kinds of counters instead."
Angel of Finality,4.0,['W'],['W'],None,['Creature'],['Angel'],Rare,SLD,3,4,None,"Flying\nWhen Angel of Finality enters the battlefield, exile target player's graveyard."
Pathbreaker Ibex,6.0,['G'],['G'],None,['Creature'],['Goat'],Rare,SLD,3,3,None,"Whenever Pathbreaker Ibex attacks, creatures you control gain trample and get +X/+X until end of turn, where X is the greatest power among creatures you control."
Commander's Plate,1.0,None,None,None,['Artifact'],['Equipment'],Mythic,SLD,None,None,None,Equipped creature gets +3/+3 and has protection from each color that's not in your commander's color identity.\nEquip commander {3}\nEquip {5}
Ravenous Chupacabra,4.0,['B'],['B'],None,['Creature'],"['Beast', 'Horror']",Rare,SLD,2,2,None,"When Ravenous Chupacabra enters the battlefield, destroy target creature an opponent controls."
Court of Grace,4.0,['W'],['W'],None,['Enchantment'],None,Rare,SLD,None,None,None,"When Court of Grace enters the battlefield, you become the monarch.\nAt the beginning of your upkeep, create a 1/1 white Spirit creature token with flying. If you're the monarch, create a 4/4 white Angel creature token with flying instead."
Great Furnace,0.0,None,['R'],None,"['Artifact', 'Land']",None,Rare,SLD,None,None,None,{T}: Add {R}.
"Gisela, the Broken Blade // Brisela, Voice of Nightmares",4.0,['W'],['W'],['Legendary'],['Creature'],"['Angel', 'Horror']",Mythic,SLD,4,3,None,"Flying, first strike, lifelink\nAt the beginning of your end step, if you both own and control Gisela, the Broken Blade and a creature named Bruna, the Fading Light, exile them, then meld them into Brisela, Voice of Nightmares."
Seat of the Synod,0.0,None,['U'],None,"['Artifact', 'Land']",None,Rare,SLD,None,None,None,{T}: Add {U}.
"Zaxara, the Exemplary",4.0,"['B', 'G', 'U']","['B', 'G', 'U']",['Legendary'],['Creature'],"['Nightmare', 'Hydra']",Mythic,SLD,2,3,None,"Deathtouch\n{T}: Add two mana of any one color.\nWhenever you cast a spell with {X} in its mana cost, create a 0/0 green Hydra creature token, then put X +1/+1 counters on it."
Hydroid Krasis,2.0,"['G', 'U']","['G', 'U']",None,['Creature'],"['Jellyfish', 'Hydra', 'Beast']",Rare,SLD,0,0,None,"When you cast this spell, you gain half X life and draw half X cards. Round down each time.\nFlying, trample\nHydroid Krasis enters the battlefield with X +1/+1 counters on it."
Unbound Flourishing,3.0,['G'],['G'],None,['Enchantment'],None,Mythic,SLD,None,None,None,"Whenever you cast a permanent spell with a mana cost that contains {X}, double the value of X.\nWhenever you cast an instant or sorcery spell or activate an ability, if that spell's mana cost or that ability's activation cost contains {X}, copy that spell or ability. You may choose new targets for the copy."
Simic Signet,2.0,None,"['G', 'U']",None,['Artifact'],None,Rare,SLD,None,None,None,"{1}, {T}: Add {G}{U}."
Primordial Hydra,2.0,['G'],['G'],None,['Creature'],['Hydra'],Mythic,SLD,0,0,None,"Primordial Hydra enters the battlefield with X +1/+1 counters on it.\nAt the beginning of your upkeep, double the number of +1/+1 counters on Primordial Hydra.\nPrimordial Hydra has trample as long as it has ten or more +1/+1 counters on it."
Izzet Signet,2.0,None,"['R', 'U']",None,['Artifact'],None,Rare,SLD,None,None,None,"{1}, {T}: Add {U}{R}."
"Gargos, Vicious Watcher",6.0,['G'],['G'],['Legendary'],['Creature'],['Hydra'],Rare,SLD,8,7,None,"Vigilance\nHydra spells you cast cost {4} less to cast.\nWhenever a creature you control becomes the target of a spell, Gargos, Vicious Watcher fights up to one target creature you don't control."
Boros Signet,2.0,None,"['R', 'W']",None,['Artifact'],None,Rare,SLD,None,None,None,"{1}, {T}: Add {R}{W}."
Rakdos Signet,2.0,None,"['B', 'R']",None,['Artifact'],None,Rare,SLD,None,None,None,"{1}, {T}: Add {B}{R}."
Shattergang Brothers,4.0,"['B', 'G', 'R']","['B', 'G', 'R']",['Legendary'],['Creature'],"['Goblin', 'Artificer']",Mythic,SLD,3,3,None,"{2}{B}, Sacrifice a creature: Each other player sacrifices a creature.\n{2}{R}, Sacrifice an artifact: Each other player sacrifices an artifact.\n{2}{G}, Sacrifice an enchantment: Each other player sacrifices an enchantment."
Dimir Signet,2.0,None,"['B', 'U']",None,['Artifact'],None,Rare,SLD,None,None,None,"{1}, {T}: Add {U}{B}."
Meteor Golem,7.0,None,None,None,"['Artifact', 'Creature']",['Golem'],Rare,SLD,3,3,None,"When Meteor Golem enters the battlefield, destroy target nonland permanent an opponent controls."
"Muxus, Goblin Grandee",6.0,['R'],['R'],['Legendary'],['Creature'],"['Goblin', 'Noble']",Rare,SLD,4,4,None,"When Muxus, Goblin Grandee enters the battlefield, reveal the top six cards of your library. Put all Goblin creature cards with mana value 5 or less from among them onto the battlefield and the rest on the bottom of your library in a random order.\nWhenever Muxus attacks, it gets +1/+1 until end of turn for each other Goblin you control."
Archaeomancer,4.0,['U'],['U'],None,['Creature'],"['Human', 'Wizard']",Rare,SLD,1,2,None,"When Archaeomancer enters the battlefield, return target instant or sorcery card from your graveyard to your hand."
Karmic Guide,5.0,['W'],['W'],None,['Creature'],"['Angel', 'Spirit']",Rare,SLD,2,2,None,"Flying, protection from black\nEcho {3}{W}{W} (At the beginning of your upkeep, if this came under your control since the beginning of your last upkeep, sacrifice it unless you pay its echo cost.)\nWhen Karmic Guide enters the battlefield, return target creature card from your graveyard to the battlefield."
Goblin Recruiter,2.0,['R'],['R'],None,['Creature'],['Goblin'],Rare,SLD,1,1,None,"When Goblin Recruiter enters the battlefield, search your library for any number of Goblin cards, reveal them, then shuffle and put those cards on top in any order."
Carpet of Flowers,1.0,['G'],['G'],None,['Enchantment'],None,Rare,SLD,None,None,None,"At the beginning of each of your main phases, if you haven't added mana with this ability this turn, you may add X mana of any one color, where X is the number of Islands target opponent controls."
Spellskite,2.0,None,['U'],None,"['Artifact', 'Creature']","['Phyrexian', 'Horror']",Rare,SLD,0,4,None,{U/P}: Change a target of target spell or ability to Spellskite. ({U/P} can be paid with either {U} or 2 life.)
Goblin Matron,3.0,['R'],['R'],None,['Creature'],['Goblin'],Rare,SLD,1,1,None,"When Goblin Matron enters the battlefield, you may search your library for a Goblin card, reveal that card, put it into your hand, then shuffle."
Sire of Insanity,6.0,"['B', 'R']","['B', 'R']",None,['Creature'],['Demon'],Rare,SLD,6,4,None,"At the beginning of each end step, each player discards their hand."
Fracturing Gust,5.0,"['G', 'W']","['G', 'W']",None,['Instant'],None,Rare,SLD,None,None,None,Destroy all artifacts and enchantments. You gain 2 life for each permanent destroyed this way.
Fire Covenant,3.0,"['B', 'R']","['B', 'R']",None,['Instant'],None,Rare,SLD,None,None,None,"As an additional cost to cast this spell, pay X life.\nFire Covenant deals X damage divided as you choose among any number of target creatures."
Worldspine Wurm,11.0,['G'],['G'],None,['Creature'],['Wurm'],Mythic,SLD,15,15,None,"Trample\nWhen Worldspine Wurm dies, create three 5/5 green Wurm creature tokens with trample.\nWhen Worldspine Wurm is put into a graveyard from anywhere, shuffle it into its owner's library."
Artifact Mutation,2.0,"['G', 'R']","['G', 'R']",None,['Instant'],None,Rare,SLD,None,None,None,"Destroy target artifact. It can't be regenerated. Create X 1/1 green Saproling creature tokens, where X is that artifact's mana value."
Twilight Prophet,4.0,['B'],['B'],None,['Creature'],"['Vampire', 'Cleric']",Mythic,SLD,2,4,None,"Flying\nAscend (If you control ten or more permanents, you get the city's blessing for the rest of the game.)\nAt the beginning of your upkeep, if you have the city's blessing, reveal the top card of your library and put it into your hand. Each opponent loses X life and you gain X life, where X is that card's mana value."
"Reki, the History of Kamigawa",3.0,['G'],['G'],['Legendary'],['Creature'],"['Human', 'Shaman']",Rare,SLD,1,2,None,"Whenever you cast a legendary spell, draw a card."
Toshiro Umezawa,3.0,['B'],['B'],['Legendary'],['Creature'],"['Human', 'Samurai']",Rare,SLD,2,2,None,"Bushido 1 (Whenever this creature blocks or becomes blocked, it gets +1/+1 until end of turn.)\nWhenever a creature an opponent controls dies, you may cast target instant card from your graveyard. If that spell would be put into a graveyard, exile it instead."
Nemesis of Reason,5.0,"['B', 'U']","['B', 'U']",None,['Creature'],"['Leviathan', 'Horror']",Rare,SLD,3,7,None,"Whenever Nemesis of Reason attacks, defending player mills ten cards."
"Michiko Konda, Truth Seeker",4.0,['W'],['W'],['Legendary'],['Creature'],"['Human', 'Advisor']",Rare,SLD,2,2,None,"Whenever a source an opponent controls deals damage to you, that player sacrifices a permanent."
"Nekusar, the Mindrazer",5.0,"['B', 'R', 'U']","['B', 'R', 'U']",['Legendary'],['Creature'],"['Zombie', 'Wizard']",Mythic,SLD,2,4,None,"At the beginning of each player's draw step, that player draws an additional card.\nWhenever an opponent draws a card, Nekusar, the Mindrazer deals 1 damage to that player."
Mountain,0.0,None,['R'],['Basic'],['Land'],['Mountain'],Rare,SLD,None,None,None,({T}: Add {R}.)
Wheel of Misfortune,3.0,['R'],['R'],None,['Sorcery'],None,Rare,SLD,None,None,None,"Each player secretly chooses a number 0 or greater, then all players reveal those numbers simultaneously and determine the highest and lowest numbers revealed this way. Wheel of Misfortune deals damage equal to the highest number to each player who chose that number. Each player who didn't choose the lowest number discards their hand, then draws seven cards."
Island,0.0,None,['U'],['Basic'],['Land'],['Island'],Rare,SLD,None,None,None,({T}: Add {U}.)
Waste Not,2.0,['B'],['B'],None,['Enchantment'],None,Rare,SLD,None,None,None,"Whenever an opponent discards a creature card, create a 2/2 black Zombie creature token.\nWhenever an opponent discards a land card, add {B}{B}.\nWhenever an opponent discards a noncreature, nonland card, draw a card."
"Karn, the Great Creator",4.0,None,None,['Legendary'],['Planeswalker'],['Karn'],Rare,SLD,None,None,5,"Activated abilities of artifacts your opponents control can't be activated.\n[+1]: Until your next turn, up to one target noncreature artifact becomes an artifact creature with power and toughness each equal to its mana value.\n[−2]: You may reveal an artifact card you own from outside the game or choose a face-up artifact card you own in exile. Put that card into your hand."
Underworld Dreams,3.0,['B'],['B'],None,['Enchantment'],None,Rare,SLD,None,None,None,"Whenever an opponent draws a card, Underworld Dreams deals 1 damage to that player."
Dack Fayden,3.0,"['R', 'U']","['R', 'U']",['Legendary'],['Planeswalker'],['Dack'],Mythic,SLD,None,None,3,"[+1]: Target player draws two cards, then discards two cards.\n[−2]: Gain control of target artifact.\n[−6]: You get an emblem with ""Whenever you cast a spell that targets one or more permanents, gain control of those permanents."""
"Syr Konrad, the Grim",5.0,['B'],['B'],['Legendary'],['Creature'],"['Human', 'Knight']",Rare,SLD,5,4,None,"Whenever another creature dies, or a creature card is put into a graveyard from anywhere other than the battlefield, or a creature card leaves your graveyard, Syr Konrad, the Grim deals 1 damage to each opponent.\n{1}{B}: Each player mills a card. (They each put the top card of their library into their graveyard.)"
Sol Ring,1.0,None,None,None,['Artifact'],None,Rare,SLD,None,None,None,{T}: Add {C}{C}.
Shire Terrace,0.0,None,None,None,['Land'],None,Rare,SLD,None,None,None,"{T}: Add {C}.\n{1}, {T}, Sacrifice Shire Terrace: Search your library for a basic land card, put it onto the battlefield tapped, then shuffle."
"Kaya, Ghost Assassin",4.0,"['B', 'W']","['B', 'W']",['Legendary'],['Planeswalker'],['Kaya'],Mythic,SLD,None,None,5,"[0]: Exile Kaya, Ghost Assassin or up to one target creature. Return that card to the battlefield under its owner's control at the beginning of your next upkeep. You lose 2 life.\n[−1]: Each opponent loses 2 life and you gain 2 life.\n[−2]: Each opponent discards a card and you draw a card."
Mirror of Galadriel,2.0,None,None,['Legendary'],['Artifact'],None,Rare,SLD,None,None,None,"{5}, {T}: Scry 1, then draw a card. This ability costs {1} less to activate for each legendary creature you control."
Ponder,1.0,['U'],['U'],None,['Sorcery'],None,Rare,SLD,None,None,None,"Look at the top three cards of your library, then put them back in any order. You may shuffle.\nDraw a card."
"Gandalf, Friend of the Shire",4.0,['U'],['U'],['Legendary'],['Creature'],"['Avatar', 'Wizard']",Rare,SLD,2,4,None,"Flash\nYou may cast sorcery spells as though they had flash.\nWhenever the Ring tempts you, if you chose a creature other than Gandalf, Friend of the Shire as your Ring-bearer, draw a card."
Forest,0.0,None,['G'],['Basic'],['Land'],['Forest'],Rare,SLD,None,None,None,({T}: Add {G}.)
Slip On the Ring,2.0,['W'],['W'],None,['Instant'],None,Rare,SLD,None,None,None,"Exile target creature you own, then return it to the battlefield under your control. The Ring tempts you."
Swamp,0.0,None,['B'],['Basic'],['Land'],['Swamp'],Rare,SLD,None,None,None,({T}: Add {B}.)
Plains,0.0,None,['W'],['Basic'],['Land'],['Plains'],Rare,SLD,None,None,None,({T}: Add {W}.)
"Emeria, the Sky Ruin",0.0,None,['W'],None,['Land'],None,Rare,SLD,None,None,None,"Emeria, the Sky Ruin enters the battlefield tapped.\nAt the beginning of your upkeep, if you control seven or more Plains, you may return target creature card from your graveyard to the battlefield.\n{T}: Add {W}."
Ohran Frostfang,5.0,['G'],['G'],['Snow'],['Creature'],['Snake'],Rare,SLD,2,6,None,"Attacking creatures you control have deathtouch.\nWhenever a creature you control deals combat damage to a player, draw a card."
Sunblast Angel,6.0,['W'],['W'],None,['Creature'],['Angel'],Rare,SLD,4,5,None,"Flying\nWhen Sunblast Angel enters the battlefield, destroy all tapped creatures."
"Uro, Titan of Nature's Wrath",3.0,"['G', 'U']","['G', 'U']",['Legendary'],['Creature'],"['Elder', 'Giant']",Mythic,SLD,6,6,None,"When Uro enters the battlefield, sacrifice it unless it escaped.\nWhenever Uro enters the battlefield or attacks, you gain 3 life and draw a card, then you may put a land card from your hand onto the battlefield.\nEscape—{G}{G}{U}{U}, Exile five other cards from your graveyard. (You may cast this card from your graveyard for its escape cost.)"
"Linvala, Keeper of Silence",4.0,['W'],['W'],['Legendary'],['Creature'],['Angel'],Mythic,SLD,3,4,None,Flying\nActivated abilities of creatures your opponents control can't be activated.
Umezawa's Jitte,2.0,None,None,['Legendary'],['Artifact'],['Equipment'],Rare,SLD,None,None,None,"Whenever equipped creature deals combat damage, put two charge counters on Umezawa's Jitte.\nRemove a charge counter from Umezawa's Jitte: Choose one —\n• Equipped creature gets +2/+2 until end of turn.\n• Target creature gets -1/-1 until end of turn.\n• You gain 2 life.\nEquip {2}"
Brazen Borrower // Petty Theft,3.0,['U'],['U'],None,['Creature'],"['Faerie', 'Rogue']",Mythic,SLD,3,1,None,Flash\nFlying\nBrazen Borrower can block only creatures with flying.
"Akroma, Angel of Fury",8.0,['R'],['R'],['Legendary'],['Creature'],['Angel'],Mythic,SLD,6,6,None,"This spell can't be countered.\nFlying, trample, protection from white and from blue\n{R}: Akroma, Angel of Fury gets +1/+0 until end of turn.\nMorph {3}{R}{R}{R} (You may cast this card face down as a 2/2 creature for {3}. Turn it face up any time for its morph cost.)"
Gravecrawler,1.0,['B'],['B'],None,['Creature'],['Zombie'],Rare,SLD,2,1,None,Gravecrawler can't block.\nYou may cast Gravecrawler from your graveyard as long as you control a Zombie.
Intruder Alarm,3.0,['U'],['U'],None,['Enchantment'],None,Rare,SLD,None,None,None,"Creatures don't untap during their controllers' untap steps.\nWhenever a creature enters the battlefield, untap all creatures."
Grand Abolisher,2.0,['W'],['W'],None,['Creature'],"['Human', 'Cleric']",Rare,SLD,2,2,None,"During your turn, your opponents can't cast spells or activate abilities of artifacts, creatures, or enchantments."
Grave Titan,6.0,['B'],['B'],None,['Creature'],['Giant'],Mythic,SLD,6,6,None,"Deathtouch\nWhenever Grave Titan enters the battlefield or attacks, create two 2/2 black Zombie creature tokens."
"Yeva, Nature's Herald",4.0,['G'],['G'],['Legendary'],['Creature'],"['Elf', 'Shaman']",Rare,SLD,4,4,None,Flash (You may cast this spell any time you could cast an instant.)\nYou may cast green creature spells as though they had flash.
Primeval Titan,6.0,['G'],['G'],None,['Creature'],['Giant'],Mythic,SLD,6,6,None,"Trample\nWhenever Primeval Titan enters the battlefield or attacks, you may search your library for up to two land cards, put them onto the battlefield tapped, then shuffle."
Ulvenwald Tracker,1.0,['G'],['G'],None,['Creature'],"['Human', 'Shaman']",Rare,SLD,1,1,None,"{1}{G}, {T}: Target creature you control fights another target creature."
"Kroxa, Titan of Death's Hunger",2.0,"['B', 'R']","['B', 'R']",['Legendary'],['Creature'],"['Elder', 'Giant']",Mythic,SLD,6,6,None,"When Kroxa enters the battlefield, sacrifice it unless it escaped.\nWhenever Kroxa enters the battlefield or attacks, each opponent discards a card, then each opponent who didn't discard a nonland card this way loses 3 life.\nEscape—{B}{B}{R}{R}, Exile five other cards from your graveyard. (You may cast this card from your graveyard for its escape cost.)"
Thought Vessel,2.0,None,None,None,['Artifact'],None,Rare,SLD,None,None,None,You have no maximum hand size.\n{T}: Add {C}.
Frost Titan,6.0,['U'],['U'],None,['Creature'],['Giant'],Mythic,SLD,6,6,None,"Whenever Frost Titan becomes the target of a spell or ability an opponent controls, counter that spell or ability unless its controller pays {2}.\nWhenever Frost Titan enters the battlefield or attacks, tap target permanent. It doesn't untap during its controller's next untap step."
Nature's Will,4.0,['G'],['G'],None,['Enchantment'],None,Rare,SLD,None,None,None,"Whenever one or more creatures you control deal combat damage to a player, tap all lands that player controls and untap all lands you control."
Boros Charm,2.0,"['R', 'W']","['R', 'W']",None,['Instant'],None,Rare,SLD,None,None,None,Choose one —\n• Boros Charm deals 4 damage to target player or planeswalker.\n• Permanents you control gain indestructible until end of turn.\n• Target creature gains double strike until end of turn.
Joraga Treespeaker,1.0,['G'],['G'],None,['Creature'],"['Elf', 'Druid']",Rare,SLD,1,1,None,"Level up {1}{G} ({1}{G}: Put a level counter on this. Level up only as a sorcery.)\nLEVEL 1-4\n1/2\n{T}: Add {G}{G}.\nLEVEL 5+\n1/4\nElves you control have ""{T}: Add {G}{G}."""
Goblin Rabblemaster,3.0,['R'],['R'],None,['Creature'],"['Goblin', 'Warrior']",Rare,SLD,2,2,None,"Other Goblin creatures you control attack each combat if able.\nAt the beginning of combat on your turn, create a 1/1 red Goblin creature token with haste.\nWhenever Goblin Rabblemaster attacks, it gets +1/+0 until end of turn for each other attacking Goblin."
Thassa's Oracle,2.0,['U'],['U'],None,['Creature'],"['Merfolk', 'Wizard']",Rare,SLD,1,3,None,"When Thassa's Oracle enters the battlefield, look at the top X cards of your library, where X is your devotion to blue. Put up to one of them on top of your library and the rest on the bottom of your library in a random order. If X is greater than or equal to the number of cards in your library, you win the game. (Each {U} in the mana costs of permanents you control counts toward your devotion to blue.)"
"Vorinclex, Voice of Hunger",8.0,['G'],['G'],['Legendary'],['Creature'],"['Phyrexian', 'Praetor']",Mythic,SLD,7,6,None,"Trample\nWhenever you tap a land for mana, add one mana of any type that land produced.\nWhenever an opponent taps a land for mana, that land doesn't untap during its controller's next untap step."
"Thassa, Deep-Dwelling",4.0,['U'],['U'],['Legendary'],"['Enchantment', 'Creature']",['God'],Mythic,SLD,6,5,None,"Indestructible\nAs long as your devotion to blue is less than five, Thassa isn't a creature.\nAt the beginning of your end step, exile up to one other target creature you control, then return that card to the battlefield under your control.\n{3}{U}: Tap another target creature."
"Sheoldred, Whispering One",7.0,['B'],['B'],['Legendary'],['Creature'],"['Phyrexian', 'Praetor']",Mythic,SLD,6,6,None,"Swampwalk (This creature can't be blocked as long as defending player controls a Swamp.)\nAt the beginning of your upkeep, return target creature card from your graveyard to the battlefield.\nAt the beginning of each opponent's upkeep, that player sacrifices a creature."
Master of Waves,4.0,['U'],['U'],None,['Creature'],"['Merfolk', 'Wizard']",Mythic,SLD,2,1,None,"Protection from red\nElemental creatures you control get +1/+1.\nWhen Master of Waves enters the battlefield, create a number of 1/0 blue Elemental creature tokens equal to your devotion to blue. (Each {U} in the mana costs of permanents you control counts toward your devotion to blue.)"
"Elesh Norn, Grand Cenobite",7.0,['W'],['W'],['Legendary'],['Creature'],"['Phyrexian', 'Praetor']",Mythic,SLD,4,7,None,Vigilance\nOther creatures you control get +2/+2.\nCreatures your opponents control get -2/-2.
"Llawan, Cephalid Empress",4.0,['U'],['U'],['Legendary'],['Creature'],"['Cephalid', 'Noble']",Rare,SLD,2,3,None,"When Llawan, Cephalid Empress enters the battlefield, return all blue creatures your opponents control to their owners' hands.\nYour opponents can't cast blue creature spells."
Night's Whisper,2.0,['B'],['B'],None,['Sorcery'],None,Rare,SLD,None,None,None,You draw two cards and you lose 2 life.
"Jhoira, Weatherlight Captain",4.0,"['R', 'U']","['R', 'U']",['Legendary'],['Creature'],"['Human', 'Artificer']",Rare,SLD,3,3,None,"Whenever you cast a historic spell, draw a card. (Artifacts, legendaries, and Sagas are historic.)"
Gilded Lotus,5.0,None,None,None,['Artifact'],None,Rare,SLD,None,None,None,{T}: Add three mana of any one color.
Nyxbloom Ancient,7.0,['G'],['G'],None,"['Enchantment', 'Creature']",['Elemental'],Mythic,SLD,5,5,None,"Trample\nIf you tap a permanent for mana, it produces three times as much of that mana instead."
Commander's Sphere,3.0,None,None,None,['Artifact'],None,Rare,SLD,None,None,None,{T}: Add one mana of any color in your commander's color identity.\nSacrifice Commander's Sphere: Draw a card.
Arcane Signet,2.0,None,None,None,['Artifact'],None,Rare,SLD,None,None,None,{T}: Add one mana of any color in your commander's color identity.
Felidar Guardian,4.0,['W'],['W'],None,['Creature'],"['Cat', 'Beast']",Rare,SLD,1,4,None,"When Felidar Guardian enters the battlefield, you may exile another target permanent you control, then return that card to the battlefield under its owner's control."
Squirrel Wrangler,4.0,['G'],['G'],None,['Creature'],"['Human', 'Druid']",Rare,SLD,2,2,None,"{1}{G}, Sacrifice a land: Create two 1/1 green Squirrel creature tokens.\n{1}{G}, Sacrifice a land: Squirrel creatures get +1/+1 until end of turn."
"Kogla, the Titan Ape",6.0,['G'],['G'],['Legendary'],['Creature'],['Ape'],Rare,SLD,7,6,None,"When Kogla, the Titan Ape enters the battlefield, it fights up to one target creature you don't control.\nWhenever Kogla attacks, destroy target artifact or enchantment defending player controls.\n{1}{G}: Return target Human you control to its owner's hand. Kogla gains indestructible until end of turn."
Krosan Beast,4.0,['G'],['G'],None,['Creature'],"['Squirrel', 'Beast']",Rare,SLD,1,1,None,Threshold — Krosan Beast gets +7/+7 as long as seven or more cards are in your graveyard.
Utvara Hellkite,8.0,['R'],['R'],None,['Creature'],['Dragon'],Mythic,SLD,6,6,None,"Flying\nWhenever a Dragon you control attacks, create a 6/6 red Dragon creature token with flying."
Metallic Mimic,2.0,None,None,None,"['Artifact', 'Creature']",['Shapeshifter'],Rare,SLD,2,1,None,"As Metallic Mimic enters the battlefield, choose a creature type.\nMetallic Mimic is the chosen type in addition to its other types.\nEach other creature you control of the chosen type enters the battlefield with an additional +1/+1 counter on it."
Misdirection,5.0,['U'],['U'],None,['Instant'],None,Rare,SLD,None,None,None,You may exile a blue card from your hand rather than pay this spell's mana cost.\nChange the target of target spell with a single target.
Sakura-Tribe Elder,2.0,['G'],['G'],None,['Creature'],"['Snake', 'Shaman']",Rare,SLD,1,1,None,"Sacrifice Sakura-Tribe Elder: Search your library for a basic land card, put that card onto the battlefield tapped, then shuffle."
Soul-Scar Mage,1.0,['R'],['R'],None,['Creature'],"['Human', 'Wizard']",Rare,SLD,1,2,None,"Prowess\nIf a source you control would deal noncombat damage to a creature an opponent controls, put that many -1/-1 counters on that creature instead."
"Xantcha, Sleeper Agent",3.0,"['B', 'R']","['B', 'R']",['Legendary'],['Creature'],"['Phyrexian', 'Minion']",Rare,SLD,5,5,None,"Xantcha, Sleeper Agent enters the battlefield under the control of an opponent of your choice.\nXantcha attacks each combat if able and can't attack its owner or planeswalkers its owner controls.\n{3}: Xantcha's controller loses 2 life and you draw a card. Any player may activate this ability."
Gamble,1.0,['R'],['R'],None,['Sorcery'],None,Rare,SLD,None,None,None,"Search your library for a card, put that card into your hand, discard a card at random, then shuffle."
"Mina and Denn, Wildborn",4.0,"['G', 'R']","['G', 'R']",['Legendary'],['Creature'],"['Elf', 'Ally']",Rare,SLD,4,4,None,"You may play an additional land on each of your turns.\n{R}{G}, Return a land you control to its owner's hand: Target creature gains trample until end of turn."
Preordain,1.0,['U'],['U'],None,['Sorcery'],None,Rare,SLD,None,None,None,"Scry 2, then draw a card. (To scry 2, look at the top two cards of your library, then put any number of them on the bottom and the rest on top in any order.)"
Dragonlord Kolaghan,6.0,"['B', 'R']","['B', 'R']",['Legendary'],['Creature'],"['Elder', 'Dragon']",Mythic,SLD,6,5,None,"Flying, haste\nOther creatures you control have haste.\nWhenever an opponent casts a creature or planeswalker spell with the same name as a card in their graveyard, that player loses 10 life."
Wasteland,0.0,None,None,None,['Land'],None,Rare,SLD,None,None,None,"{T}: Add {C}.\n{T}, Sacrifice Wasteland: Destroy target nonbasic land."
"Nezahal, Primal Tide",7.0,['U'],['U'],['Legendary'],['Creature'],"['Elder', 'Dinosaur']",Rare,SLD,7,7,None,"This spell can't be countered.\nYou have no maximum hand size.\nWhenever an opponent casts a noncreature spell, draw a card.\nDiscard three cards: Exile Nezahal, Primal Tide. Return it to the battlefield tapped under its owner's control at the beginning of the next end step."
"Higure, the Still Wind",5.0,['U'],['U'],['Legendary'],['Creature'],"['Human', 'Ninja']",Rare,SLD,3,4,None,"Ninjutsu {2}{U}{U} ({2}{U}{U}, Return an unblocked attacker you control to hand: Put this card onto the battlefield from your hand tapped and attacking.)\nWhenever Higure, the Still Wind deals combat damage to a player, you may search your library for a Ninja card, reveal it, put it into your hand, then shuffle.\n{2}: Target Ninja creature can't be blocked this turn."
Brainstorm,1.0,['U'],['U'],None,['Instant'],None,Rare,SLD,None,None,None,"Draw three cards, then put two cards from your hand on top of your library in any order."
Amulet of Vigor,1.0,None,None,None,['Artifact'],None,Rare,SLD,None,None,None,"Whenever a permanent enters the battlefield tapped and under your control, untap it."
Snow-Covered Plains,0.0,None,['W'],"['Basic', 'Snow']",['Land'],['Plains'],Rare,SLD,None,None,None,({T}: Add {W}.)
Consecrated Sphinx,6.0,['U'],['U'],None,['Creature'],['Sphinx'],Mythic,SLD,4,6,None,"Flying\nWhenever an opponent draws a card, you may draw two cards."
Swamp,0.0,None,['B'],['Basic'],['Land'],['Swamp'],Rare,SLD,None,None,None,({T}: Add {B}.)
The World Tree,0.0,None,"['B', 'G', 'R', 'U', 'W']",None,['Land'],None,Rare,SLD,None,None,None,"The World Tree enters the battlefield tapped.\n{T}: Add {G}.\nAs long as you control six or more lands, lands you control have ""{T}: Add one mana of any color.""\n{W}{W}{U}{U}{B}{B}{R}{R}{G}{G}, {T}, Sacrifice The World Tree: Search your library for any number of God cards, put them onto the battlefield, then shuffle."
Olivia Voldaren,4.0,"['B', 'R']","['B', 'R']",['Legendary'],['Creature'],['Vampire'],Mythic,SLD,3,3,None,Flying\n{1}{R}: Olivia Voldaren deals 1 damage to another target creature. That creature becomes a Vampire in addition to its other types. Put a +1/+1 counter on Olivia Voldaren.\n{3}{B}{B}: Gain control of target Vampire for as long as you control Olivia Voldaren.
Questing Beast,4.0,['G'],['G'],['Legendary'],['Creature'],['Beast'],Mythic,SLD,4,4,None,"Vigilance, deathtouch, haste\nQuesting Beast can't be blocked by creatures with power 2 or less.\nCombat damage that would be dealt by creatures you control can't be prevented.\nWhenever Questing Beast deals combat damage to an opponent, it deals that much damage to target planeswalker that player controls."
Wheel and Deal,4.0,['U'],['U'],None,['Instant'],None,Rare,SLD,None,None,None,"Any number of target opponents each discard their hands, then draw seven cards.\nDraw a card."
Avenger of Zendikar,7.0,['G'],['G'],None,['Creature'],['Elemental'],Mythic,SLD,5,5,None,"When Avenger of Zendikar enters the battlefield, create a 0/1 green Plant creature token for each land you control.\nLandfall — Whenever a land enters the battlefield under your control, you may put a +1/+1 counter on each Plant creature you control."
Voice of Resurgence,2.0,"['G', 'W']","['G', 'W']",None,['Creature'],['Elemental'],Mythic,SLD,2,2,None,"Whenever an opponent casts a spell during your turn or when Voice of Resurgence dies, create a green and white Elemental creature token with ""This creature's power and toughness are each equal to the number of creatures you control."""
Zulaport Cutthroat,2.0,['B'],['B'],None,['Creature'],"['Human', 'Rogue', 'Ally']",Rare,SLD,1,1,None,"Whenever Zulaport Cutthroat or another creature you control dies, each opponent loses 1 life and you gain 1 life."
Risen Reef,3.0,"['G', 'U']","['G', 'U']",None,['Creature'],['Elemental'],Rare,SLD,1,1,None,"Whenever Risen Reef or another Elemental enters the battlefield under your control, look at the top card of your library. If it's a land card, you may put it onto the battlefield tapped. If you don't put the card onto the battlefield, put it into your hand."
Admonition Angel,6.0,['W'],['W'],None,['Creature'],['Angel'],Mythic,SLD,6,6,None,"Flying\nLandfall — Whenever a land enters the battlefield under your control, you may exile target nonland permanent other than Admonition Angel.\nWhen Admonition Angel leaves the battlefield, return all cards exiled with it to the battlefield under their owners' control."
"Omnath, Locus of Rage",7.0,"['G', 'R']","['G', 'R']",['Legendary'],['Creature'],['Elemental'],Mythic,SLD,5,5,None,"Landfall — Whenever a land enters the battlefield under your control, create a 5/5 red and green Elemental creature token.\nWhenever Omnath, Locus of Rage or another Elemental you control dies, Omnath deals 3 damage to any target."
"Enkira, Hostile Scavenger",5.0,"['B', 'G']","['B', 'G']",['Legendary'],['Creature'],"['Human', 'Warrior']",Mythic,SLD,3,3,None,"When Enkira, Hostile Scavenger enters the battlefield, create two Walker tokens. (They're 2/2 black Zombie creatures.)\nAs long as Enkira is equipped, it must be blocked if able.\nWhenever Enkira and at least two Zombies attack, Enkira gains indestructible until end of turn."
Flamekin Harbinger,1.0,['R'],['R'],None,['Creature'],"['Elemental', 'Shaman']",Rare,SLD,1,1,None,"When Flamekin Harbinger enters the battlefield, you may search your library for an Elemental card, reveal it, then shuffle and put that card on top."
"Hansk, Slayer Zealot",4.0,"['G', 'R']","['G', 'R']",['Legendary'],['Creature'],"['Human', 'Archer']",Mythic,SLD,4,4,None,"At the beginning of your upkeep, target opponent creates three Walker tokens. (They're 2/2 black Zombie creatures.)\n{T}: Hansk, Slayer Zealot deals 2 damage to target creature.\nWhenever a Zombie an opponent controls dies, draw a card."
Muddle the Mixture,2.0,['U'],['U'],None,['Instant'],None,Rare,SLD,None,None,None,"Counter target instant or sorcery spell.\nTransmute {1}{U}{U} ({1}{U}{U}, Discard this card: Search your library for a card with the same mana value as this card, reveal it, put it into your hand, then shuffle. Transmute only as a sorcery.)"
Thraximundar,7.0,"['B', 'R', 'U']","['B', 'R', 'U']",['Legendary'],['Creature'],"['Zombie', 'Assassin']",Mythic,SLD,6,6,None,"Haste\nWhenever Thraximundar attacks, defending player sacrifices a creature.\nWhenever a player sacrifices a creature, you may put a +1/+1 counter on Thraximundar."
Decimate,4.0,"['G', 'R']","['G', 'R']",None,['Sorcery'],None,Rare,SLD,None,None,None,"Destroy target artifact, target creature, target enchantment, and target land. (You can't cast this spell unless you have legal choices for all its targets.)"
Stoneforge Mystic,2.0,['W'],['W'],None,['Creature'],"['Kor', 'Artificer']",Rare,SLD,1,2,None,"When Stoneforge Mystic enters the battlefield, you may search your library for an Equipment card, reveal it, put it into your hand, then shuffle.\n{1}{W}, {T}: You may put an Equipment card from your hand onto the battlefield."
Anguished Unmaking,3.0,"['B', 'W']","['B', 'W']",None,['Instant'],None,Rare,SLD,None,None,None,Exile target nonland permanent. You lose 3 life.
"Search for Azcanta // Azcanta, the Sunken Ruin",2.0,['U'],['U'],['Legendary'],['Enchantment'],None,Rare,SLD,None,None,None,"At the beginning of your upkeep, surveil 1. Then if you have seven or more cards in your graveyard, you may transform Search for Azcanta. (Look at the top card of your library. You may put that card into your graveyard.)"
"Lara Croft, Tomb Raider",3.0,"['G', 'R', 'U']","['G', 'R', 'U']",['Legendary'],['Creature'],"['Human', 'Ranger']",Mythic,SLD,3,4,None,"First strike, reach\nWhenever Lara Croft attacks, exile up to one target legendary artifact card or legendary land card from a graveyard and put a discovery counter on it. You may play a card from exile with a discovery counter on it this turn.\nRaid — At end of combat on your turn, if you attacked this turn, create a Treasure token."
Serra the Benevolent,4.0,['W'],['W'],['Legendary'],['Planeswalker'],['Serra'],Mythic,SLD,None,None,4,"[+2]: Creatures you control with flying get +1/+1 until end of turn.\n[−3]: Create a 4/4 white Angel creature token with flying and vigilance.\n[−6]: You get an emblem with ""If you control a creature, damage that would reduce your life total to less than 1 reduces it to 1 instead."""
Acidic Slime,5.0,['G'],['G'],None,['Creature'],['Ooze'],Rare,SLD,2,2,None,"Deathtouch (Any amount of damage this deals to a creature is enough to destroy it.)\nWhen Acidic Slime enters the battlefield, destroy target artifact, enchantment, or land."
Breeding Pool,0.0,None,"['G', 'U']",None,['Land'],"['Forest', 'Island']",Rare,SLD,None,None,None,"({T}: Add {G} or {U}.)\nAs Breeding Pool enters the battlefield, you may pay 2 life. If you don't, it enters the battlefield tapped."
"Karrthus, Tyrant of Jund",7.0,"['B', 'G', 'R']","['B', 'G', 'R']",['Legendary'],['Creature'],['Dragon'],Mythic,SLD,7,7,None,"Flying, haste\nWhen Karrthus, Tyrant of Jund enters the battlefield, gain control of all Dragons, then untap all Dragons.\nOther Dragon creatures you control have haste."
Overgrown Tomb,0.0,None,"['B', 'G']",None,['Land'],"['Swamp', 'Forest']",Rare,SLD,None,None,None,"({T}: Add {B} or {G}.)\nAs Overgrown Tomb enters the battlefield, you may pay 2 life. If you don't, it enters the battlefield tapped."
Blood Crypt,0.0,None,"['B', 'R']",None,['Land'],"['Swamp', 'Mountain']",Rare,SLD,None,None,None,"({T}: Add {B} or {R}.)\nAs Blood Crypt enters the battlefield, you may pay 2 life. If you don't, it enters the battlefield tapped."
Master of the Wild Hunt,4.0,['G'],['G'],None,['Creature'],"['Human', 'Shaman']",Mythic,SLD,3,3,None,"At the beginning of your upkeep, create a 2/2 green Wolf creature token.\n{T}: Tap all untapped Wolf creatures you control. Each Wolf tapped this way deals damage equal to its power to target creature. That creature deals damage equal to its power divided as its controller chooses among any number of those Wolves."
"Rin and Seri, Inseparable // Rin and Seri, Inseparable",4.0,"['G', 'R', 'W']","['G', 'R', 'W']",['Legendary'],['Creature'],"['Dog', 'Cat']",Mythic,SLD,4,4,None,"Whenever you cast a Dog spell, create a 1/1 green Cat creature token.\nWhenever you cast a Cat spell, create a 1/1 white Dog creature token.\n{R}{G}{W}, {T}: Rin and Seri, Inseparable deals damage to any target equal to the number of Dogs you control. You gain life equal to the number of Cats you control."
Koth of the Hammer,4.0,['R'],['R'],['Legendary'],['Planeswalker'],['Koth'],Mythic,SLD,None,None,3,"[+1]: Untap target Mountain. It becomes a 4/4 red Elemental creature until end of turn. It's still a land.\n[−2]: Add {R} for each Mountain you control.\n[−5]: You get an emblem with ""Mountains you control have '{T}: This land deals 1 damage to any target.'"""
Hallowed Fountain,0.0,None,"['U', 'W']",None,['Land'],"['Plains', 'Island']",Rare,SLD,None,None,None,"({T}: Add {W} or {U}.)\nAs Hallowed Fountain enters the battlefield, you may pay 2 life. If you don't, it enters the battlefield tapped."
Swamp,0.0,None,['B'],['Basic'],['Land'],['Swamp'],Rare,SLD,None,None,None,({T}: Add {B}.)
Spellstutter Sprite,2.0,['U'],['U'],None,['Creature'],"['Faerie', 'Wizard']",Rare,SLD,1,1,None,"Flash\nFlying\nWhen Spellstutter Sprite enters the battlefield, counter target spell with mana value X or less, where X is the number of Faeries you control."
Glen Elendra Archmage,4.0,['U'],['U'],None,['Creature'],"['Faerie', 'Wizard']",Rare,SLD,2,2,None,"Flying\n{U}, Sacrifice Glen Elendra Archmage: Counter target noncreature spell.\nPersist (When this creature dies, if it had no -1/-1 counters on it, return it to the battlefield under its owner's control with a -1/-1 counter on it.)"
"Sarkhan, Dragonsoul",6.0,['R'],['R'],['Legendary'],['Planeswalker'],['Sarkhan'],Mythic,SLD,None,None,5,"[+2]: Sarkhan, Dragonsoul deals 1 damage to each opponent and each creature your opponents control.\n[−3]: Sarkhan, Dragonsoul deals 4 damage to target player or planeswalker.\n[−9]: Search your library for any number of Dragon creature cards, put them onto the battlefield, then shuffle."
Vendilion Clique,3.0,['U'],['U'],['Legendary'],['Creature'],"['Faerie', 'Wizard']",Mythic,SLD,3,1,None,"Flash\nFlying\nWhen Vendilion Clique enters the battlefield, look at target player's hand. You may choose a nonland card from it. If you do, that player reveals the chosen card, puts it on the bottom of their library, then draws a card."
Scourge of Valkas,5.0,['R'],['R'],None,['Creature'],['Dragon'],Mythic,SLD,4,4,None,"Flying\nWhenever Scourge of Valkas or another Dragon enters the battlefield under your control, it deals X damage to any target, where X is the number of Dragons you control.\n{R}: Scourge of Valkas gets +1/+0 until end of turn."
Saskia the Unyielding,4.0,"['B', 'G', 'R', 'W']","['B', 'G', 'R', 'W']",['Legendary'],['Creature'],"['Human', 'Soldier']",Mythic,SLD,3,4,None,"Vigilance, haste\nAs Saskia the Unyielding enters the battlefield, choose a player.\nWhenever a creature you control deals combat damage to a player, it deals that much damage to the chosen player."
Serpent of Yawning Depths,6.0,['U'],['U'],None,"['Enchantment', 'Creature']",['Serpent'],Rare,SLD,6,6,None,"Krakens, Leviathans, Octopuses, and Serpents you control can't be blocked except by Krakens, Leviathans, Octopuses, and Serpents."
Captain Sisay,4.0,"['G', 'W']","['G', 'W']",['Legendary'],['Creature'],"['Human', 'Soldier']",Mythic,SLD,2,2,None,"{T}: Search your library for a legendary card, reveal that card, put it into your hand, then shuffle."
"Sorin, Imperious Bloodlord",3.0,['B'],['B'],['Legendary'],['Planeswalker'],['Sorin'],Mythic,SLD,None,None,4,"[+1]: Target creature you control gains deathtouch and lifelink until end of turn. If it's a Vampire, put a +1/+1 counter on it.\n[+1]: You may sacrifice a Vampire. When you do, Sorin, Imperious Bloodlord deals 3 damage to any target and you gain 3 life.\n[−3]: You may put a Vampire creature card from your hand onto the battlefield."
Mountain,0.0,None,['R'],['Basic'],['Land'],['Mountain'],Rare,SLD,None,None,None,({T}: Add {R}.)
Swamp,0.0,None,['B'],['Basic'],['Land'],['Swamp'],Rare,SLD,None,None,None,({T}: Add {B}.)
Winter Orb,2.0,None,None,None,['Artifact'],None,Rare,SLD,None,None,None,"As long as Winter Orb is untapped, players can't untap more than one land during their untap steps."
Eternal Witness,3.0,['G'],['G'],None,['Creature'],"['Human', 'Shaman']",Rare,SLD,2,1,None,"When Eternal Witness enters the battlefield, you may return target card from your graveyard to your hand."
Pithing Needle,1.0,None,None,None,['Artifact'],None,Rare,SLD,None,None,None,"As Pithing Needle enters the battlefield, choose a card name.\nActivated abilities of sources with the chosen name can't be activated unless they're mana abilities."
"Edgin, Larcenous Lutenist",3.0,"['R', 'U']","['R', 'U']",['Legendary'],['Creature'],"['Human', 'Bard']",Rare,SLD,3,3,None,"Each nonland card in your hand without foretell has foretell. Its foretell cost is equal to its mana cost reduced by {2}. (During your turn, you may pay {2} and exile it from your hand face down. Cast it on a later turn for its foretell cost.)\nWhenever you cast your second spell each turn, goad target creature an opponent controls."
Spell Pierce,1.0,['U'],['U'],None,['Instant'],None,Rare,SLD,None,None,None,Counter target noncreature spell unless its controller pays {2}.
Pack Rat,2.0,['B'],['B'],None,['Creature'],['Rat'],Rare,SLD,*,*,None,"Pack Rat's power and toughness are each equal to the number of Rats you control.\n{2}{B}, Discard a card: Create a token that's a copy of Pack Rat."
Snow-Covered Forest,0.0,None,['G'],"['Basic', 'Snow']",['Land'],['Forest'],Rare,SLD,None,None,None,({T}: Add {G}.)
Snow-Covered Mountain,0.0,None,['R'],"['Basic', 'Snow']",['Land'],['Mountain'],Rare,SLD,None,None,None,({T}: Add {R}.)
Serum Visions,1.0,['U'],['U'],None,['Sorcery'],None,Rare,SLD,None,None,None,Draw a card. Scry 2.
Snow-Covered Mountain,0.0,None,['R'],"['Basic', 'Snow']",['Land'],['Mountain'],Rare,SLD,None,None,None,({T}: Add {R}.)
Qasali Slingers,5.0,['G'],['G'],None,['Creature'],"['Cat', 'Warrior']",Rare,SLD,3,5,None,"Reach\nWhenever Qasali Slingers or another Cat enters the battlefield under your control, you may destroy target artifact or enchantment."
"Doric, Nature's Warden // Doric, Owlbear Avenger",4.0,['G'],['G'],['Legendary'],['Creature'],"['Tiefling', 'Druid']",Rare,SLD,3,3,None,"Vigilance\nWhen Doric, Nature's Warden enters the battlefield, search your library for a Forest card, put it onto the battlefield tapped, then shuffle.\nWhenever Doric attacks, you may pay {1}{G}. If you do, transform her."
Goblin Piledriver,2.0,['R'],['R'],None,['Creature'],"['Goblin', 'Warrior']",Rare,SLD,1,2,None,"Protection from blue (This creature can't be blocked, targeted, dealt damage, or enchanted by anything blue.)\nWhenever Goblin Piledriver attacks, it gets +2/+0 until end of turn for each other attacking Goblin."
Snow-Covered Swamp,0.0,None,['B'],"['Basic', 'Snow']",['Land'],['Swamp'],Rare,SLD,None,None,None,({T}: Add {B}.)
Goblin King,3.0,['R'],['R'],None,['Creature'],['Goblin'],Rare,SLD,2,2,None,Other Goblins get +1/+1 and have mountainwalk.
Snow-Covered Island,0.0,None,['U'],"['Basic', 'Snow']",['Land'],['Island'],Rare,SLD,None,None,None,({T}: Add {U}.)
Goblin Sharpshooter,3.0,['R'],['R'],None,['Creature'],['Goblin'],Rare,SLD,1,1,None,"Goblin Sharpshooter doesn't untap during your untap step.\nWhenever a creature dies, untap Goblin Sharpshooter.\n{T}: Goblin Sharpshooter deals 1 damage to any target."
"Holga, Relentless Rager",6.0,['R'],['R'],['Legendary'],['Creature'],"['Human', 'Barbarian']",Rare,SLD,4,6,None,"Haste\nHolga, Relentless Rager must be blocked if able.\nWhenever Holga attacks, each creature you control attacking a player gets +1/+0 until end of turn for each creature that player controls."
The Ur-Dragon,9.0,"['B', 'G', 'R', 'U', 'W']","['B', 'G', 'R', 'U', 'W']",['Legendary'],['Creature'],"['Dragon', 'Avatar']",Mythic,SLD,10,10,None,"Eminence — As long as The Ur-Dragon is in the command zone or on the battlefield, other Dragon spells you cast cost {1} less to cast.\nFlying\nWhenever one or more Dragons you control attack, draw that many cards, then you may put a permanent card from your hand onto the battlefield."
"Forge, Neverwinter Charlatan",4.0,['B'],['B'],['Legendary'],['Creature'],"['Human', 'Rogue']",Rare,SLD,2,4,None,"Menace\nWard—Sacrifice a creature.\nForge, Neverwinter Charlatan gets +2/+0 for each Treasure you control.\nWhenever one or more players sacrifice one or more creatures, you create a tapped Treasure token. This ability triggers only once each turn."
Swords to Plowshares,1.0,['W'],['W'],None,['Instant'],None,Rare,SLD,None,None,None,Exile target creature. Its controller gains life equal to its power.
"Simon, Wild Magic Sorcerer",3.0,['U'],['U'],['Legendary'],['Creature'],"['Human', 'Elf', 'Shaman']",Rare,SLD,1,1,None,"Whenever you cast an instant or sorcery spell with mana value 3 or greater, roll a d20.\n1-9 | Each player draws a card.\n10-19 | You draw a card.\n20 | Copy that spell. You may choose new targets for the copy."
Snow-Covered Swamp,0.0,None,['B'],"['Basic', 'Snow']",['Land'],['Swamp'],Rare,SLD,None,None,None,({T}: Add {B}.)
"Xenk, Paladin Unbroken",4.0,['W'],['W'],['Legendary'],['Creature'],"['Human', 'Knight']",Rare,SLD,2,4,None,"Double strike\nAuras you control have exalted. (Whenever a creature you control attacks alone, it gets +1/+1 until end of turn for each instance of exalted among permanents you control.)"
Snow-Covered Plains,0.0,None,['W'],"['Basic', 'Snow']",['Land'],['Plains'],Rare,SLD,None,None,None,({T}: Add {W}.)
Paradise Mantle,0.0,None,None,None,['Artifact'],['Equipment'],Rare,SLD,None,None,None,"Equipped creature has ""{T}: Add one mana of any color.""\nEquip {1}"
Snow-Covered Forest,0.0,None,['G'],"['Basic', 'Snow']",['Land'],['Forest'],Rare,SLD,None,None,None,({T}: Add {G}.)
"Bruna, Light of Alabaster",6.0,"['U', 'W']","['U', 'W']",['Legendary'],['Creature'],['Angel'],Mythic,SLD,5,5,None,"Flying, vigilance\nWhenever Bruna, Light of Alabaster attacks or blocks, you may attach to it any number of Auras on the battlefield and you may put onto the battlefield attached to it any number of Aura cards that could enchant it from your graveyard and/or hand."
Mountain,0.0,None,['R'],['Basic'],['Land'],['Mountain'],Rare,SLD,None,None,None,({T}: Add {R}.)
Sakashima the Impostor,4.0,['U'],['U'],['Legendary'],['Creature'],"['Human', 'Rogue']",Rare,SLD,3,1,None,"You may have Sakashima the Impostor enter the battlefield as a copy of any creature on the battlefield, except its name is Sakashima the Impostor, it's legendary in addition to its other types, and it has ""{2}{U}{U}: Return this creature to its owner's hand at the beginning of the next end step."""
Meren of Clan Nel Toth,4.0,"['B', 'G']","['B', 'G']",['Legendary'],['Creature'],"['Human', 'Shaman']",Mythic,SLD,3,4,None,"Whenever another creature you control dies, you get an experience counter.\nAt the beginning of your end step, choose target creature card in your graveyard. If that card's mana value is less than or equal to the number of experience counters you have, return it to the battlefield. Otherwise, put it into your hand."
"Azusa, Lost but Seeking",3.0,['G'],['G'],['Legendary'],['Creature'],"['Human', 'Monk']",Rare,SLD,1,2,None,You may play two additional lands on each of your turns.
Rat Colony,2.0,['B'],['B'],None,['Creature'],['Rat'],Rare,SLD,2,1,None,Rat Colony gets +1/+0 for each other Rat you control.\nA deck can have any number of cards named Rat Colony.
Teysa Karlov,4.0,"['B', 'W']","['B', 'W']",['Legendary'],['Creature'],"['Human', 'Advisor']",Rare,SLD,2,4,None,"If a creature dying causes a triggered ability of a permanent you control to trigger, that ability triggers an additional time.\nCreature tokens you control have vigilance and lifelink."
"Keranos, God of Storms",5.0,"['R', 'U']","['R', 'U']",['Legendary'],"['Enchantment', 'Creature']",['God'],Mythic,SLD,6,5,None,"Indestructible\nAs long as your devotion to blue and red is less than seven, Keranos isn't a creature.\nReveal the first card you draw on each of your turns. Whenever you reveal a land card this way, draw a card. Whenever you reveal a nonland card this way, Keranos deals 3 damage to any target."
Massacre Girl,5.0,['B'],['B'],['Legendary'],['Creature'],"['Human', 'Assassin']",Rare,SLD,4,4,None,"Menace\nWhen Massacre Girl enters the battlefield, each other creature gets -1/-1 until end of turn. Whenever a creature dies this turn, each creature other than Massacre Girl gets -1/-1 until end of turn."
"Purphoros, God of the Forge",4.0,['R'],['R'],['Legendary'],"['Enchantment', 'Creature']",['God'],Mythic,SLD,6,5,None,"Indestructible\nAs long as your devotion to red is less than five, Purphoros isn't a creature.\nWhenever another creature enters the battlefield under your control, Purphoros deals 2 damage to each opponent.\n{2}{R}: Creatures you control get +1/+0 until end of turn."
Exotic Orchard,0.0,None,None,None,['Land'],None,Rare,SLD,None,None,None,{T}: Add one mana of any color that a land an opponent controls could produce.
"Phenax, God of Deception",5.0,"['B', 'U']","['B', 'U']",['Legendary'],"['Enchantment', 'Creature']",['God'],Mythic,SLD,4,7,None,"Indestructible\nAs long as your devotion to blue and black is less than seven, Phenax isn't a creature.\nCreatures you control have ""{T}: Target player mills X cards, where X is this creature's toughness."""
"Rin and Seri, Inseparable",4.0,"['G', 'R', 'W']","['G', 'R', 'W']",['Legendary'],['Creature'],"['Dog', 'Cat']",Mythic,SLD,4,4,None,"Whenever you cast a Dog spell, create a 1/1 green Cat creature token.\nWhenever you cast a Cat spell, create a 1/1 white Dog creature token.\n{R}{G}{W}, {T}: Rin and Seri, Inseparable deals damage to any target equal to the number of Dogs you control. You gain life equal to the number of Cats you control."
"Kruphix, God of Horizons",5.0,"['G', 'U']","['G', 'U']",['Legendary'],"['Enchantment', 'Creature']",['God'],Mythic,SLD,4,7,None,"Indestructible\nAs long as your devotion to green and blue is less than seven, Kruphix isn't a creature.\nYou have no maximum hand size.\nIf you would lose unspent mana, that mana becomes colorless instead."
"Goreclaw, Terror of Qal Sisma",4.0,['G'],['G'],['Legendary'],['Creature'],['Bear'],Rare,SLD,4,3,None,"Creature spells you cast with power 4 or greater cost {2} less to cast.\nWhenever Goreclaw, Terror of Qal Sisma attacks, each creature you control with power 4 or greater gets +1/+1 and gains trample until end of turn."
"Thassa, God of the Sea",3.0,['U'],['U'],['Legendary'],"['Enchantment', 'Creature']",['God'],Mythic,SLD,5,5,None,"Indestructible\nAs long as your devotion to blue is less than five, Thassa isn't a creature. (Each {U} in the mana costs of permanents you control counts toward your devotion to blue.)\nAt the beginning of your upkeep, scry 1.\n{1}{U}: Target creature you control can't be blocked this turn."
Crested Sunmare,5.0,['W'],['W'],None,['Creature'],['Horse'],Mythic,SLD,5,5,None,"Other Horses you control have indestructible.\nAt the beginning of each end step, if you gained life this turn, create a 5/5 white Horse creature token."
Swamp,0.0,None,['B'],['Basic'],['Land'],['Swamp'],Rare,SLD,None,None,None,({T}: Add {B}.)
Alms Collector,4.0,['W'],['W'],None,['Creature'],"['Cat', 'Cleric']",Rare,SLD,3,4,None,"Flash\nIf an opponent would draw two or more cards, instead you and that player each draw a card."
Island,0.0,None,['U'],['Basic'],['Land'],['Island'],Rare,SLD,None,None,None,({T}: Add {U}.)
Hexdrinker,1.0,['G'],['G'],None,['Creature'],['Snake'],Mythic,SLD,2,1,None,Level up {1} ({1}: Put a level counter on this. Level up only as a sorcery.)\nLEVEL 3-7\n4/4\nProtection from instants\nLEVEL 8+\n6/6\nProtection from everything
Island,0.0,None,['U'],['Basic'],['Land'],['Island'],Rare,SLD,None,None,None,({T}: Add {U}.)
Stonecoil Serpent,0.0,None,None,None,"['Artifact', 'Creature']",['Snake'],Rare,SLD,0,0,None,"Reach, trample, protection from multicolored\nStonecoil Serpent enters the battlefield with X +1/+1 counters on it."
Plains,0.0,None,['W'],['Basic'],['Land'],['Plains'],Rare,SLD,None,None,None,({T}: Add {W}.)
Plains,0.0,None,['W'],['Basic'],['Land'],['Plains'],Rare,SLD,None,None,None,({T}: Add {W}.)
Counterbalance,2.0,['U'],['U'],None,['Enchantment'],None,Rare,SLD,None,None,None,"Whenever an opponent casts a spell, you may reveal the top card of your library. If you do, counter that spell if it has the same mana value as the revealed card."
Lightning Greaves,2.0,None,None,None,['Artifact'],['Equipment'],Rare,SLD,None,None,None,Equipped creature has haste and shroud. (It can't be the target of spells or abilities.)\nEquip {0}
Ice-Fang Coatl,2.0,"['G', 'U']","['G', 'U']",['Snow'],['Creature'],['Snake'],Rare,SLD,1,1,None,"Flash\nFlying\nWhen Ice-Fang Coatl enters the battlefield, draw a card.\nIce-Fang Coatl has deathtouch as long as you control at least three other snow permanents."
Seshiro the Anointed,6.0,['G'],['G'],['Legendary'],['Creature'],"['Snake', 'Monk']",Rare,SLD,3,4,None,"Other Snake creatures you control get +2/+2.\nWhenever a Snake you control deals combat damage to a player, you may draw a card."
Ancient Grudge,2.0,['R'],"['G', 'R']",None,['Instant'],None,Rare,SLD,None,None,None,Destroy target artifact.\nFlashback {G} (You may cast this card from your graveyard for its flashback cost. Then exile it.)
Lotus Cobra,2.0,['G'],['G'],None,['Creature'],['Snake'],Rare,SLD,2,1,None,"Landfall — Whenever a land enters the battlefield under your control, add one mana of any color."
Baleful Strix,2.0,"['B', 'U']","['B', 'U']",None,"['Artifact', 'Creature']",['Bird'],Rare,SLD,1,1,None,"Flying, deathtouch\nWhen Baleful Strix enters the battlefield, draw a card."
Rest in Peace,2.0,['W'],['W'],None,['Enchantment'],None,Rare,SLD,None,None,None,"When Rest in Peace enters the battlefield, exile all graveyards.\nIf a card or token would be put into a graveyard from anywhere, exile it instead."
Deafening Silence,1.0,['W'],['W'],None,['Enchantment'],None,Rare,SLD,None,None,None,Each player can't cast more than one noncreature spell each turn.
Dig Through Time,8.0,['U'],['U'],None,['Instant'],None,Rare,SLD,None,None,None,Delve (Each card you exile from your graveyard while casting this spell pays for {1}.)\nLook at the top seven cards of your library. Put two of them into your hand and the rest on the bottom of your library in any order.
Eldrazi Conscription,8.0,None,None,None,"['Tribal', 'Enchantment']","['Eldrazi', 'Aura']",Rare,SLD,None,None,None,"Enchant creature\nEnchanted creature gets +10/+10 and has trample and annihilator 2. (Whenever it attacks, defending player sacrifices two permanents.)"
Snow-Covered Forest,0.0,None,['G'],"['Basic', 'Snow']",['Land'],['Forest'],Rare,SLD,None,None,None,({T}: Add {G}.)
Dovescape,6.0,"['U', 'W']","['U', 'W']",None,['Enchantment'],None,Rare,SLD,None,None,None,"({W/U} can be paid with either {W} or {U}.)\nWhenever a player casts a noncreature spell, counter that spell. That player creates X 1/1 white and blue Bird creature tokens with flying, where X is the spell's mana value."
Gilded Goose,1.0,['G'],['G'],None,['Creature'],['Bird'],Rare,SLD,0,2,None,"Flying\nWhen Gilded Goose enters the battlefield, create a Food token. (It's an artifact with ""{2}, {T}, Sacrifice this artifact: You gain 3 life."")\n{1}{G}, {T}: Create a Food token.\n{T}, Sacrifice a Food: Add one mana of any color."
"Glissa, the Traitor",3.0,"['B', 'G']","['B', 'G']",['Legendary'],['Creature'],"['Phyrexian', 'Zombie', 'Elf']",Mythic,SLD,3,3,None,"First strike, deathtouch\nWhenever a creature an opponent controls dies, you may return target artifact card from your graveyard to your hand."
Birds of Paradise,1.0,['G'],['G'],None,['Creature'],['Bird'],Rare,SLD,0,1,None,Flying\n{T}: Add one mana of any color.
Swan Song,1.0,['U'],['U'],None,['Instant'],None,Rare,SLD,None,None,None,"Counter target enchantment, instant, or sorcery spell. Its controller creates a 2/2 blue Bird creature token with flying."
"Ertai, the Corrupted",5.0,"['B', 'U', 'W']","['B', 'U', 'W']",['Legendary'],['Creature'],"['Phyrexian', 'Human', 'Wizard']",Rare,SLD,3,4,None,"{U}, {T}, Sacrifice a creature or enchantment: Counter target spell."
"Vraska, Golgari Queen",4.0,"['B', 'G']","['B', 'G']",['Legendary'],['Planeswalker'],['Vraska'],Mythic,SLD,None,None,4,"[+2]: You may sacrifice another permanent. If you do, you gain 1 life and draw a card.\n[−3]: Destroy target nonland permanent with mana value 3 or less.\n[−9]: You get an emblem with ""Whenever a creature you control deals combat damage to a player, that player loses the game."""
Plague Engineer,3.0,['B'],['B'],None,['Creature'],"['Phyrexian', 'Carrier']",Rare,SLD,2,2,None,"Deathtouch\nAs Plague Engineer enters the battlefield, choose a creature type.\nCreatures of the chosen type your opponents control get -1/-1."
"Tamiyo, Field Researcher",4.0,"['G', 'U', 'W']","['G', 'U', 'W']",['Legendary'],['Planeswalker'],['Tamiyo'],Mythic,SLD,None,None,4,"[+1]: Choose up to two target creatures. Until your next turn, whenever either of those creatures deals combat damage, you draw a card.\n[−2]: Tap up to two target nonland permanents. They don't untap during their controller's next untap step.\n[−7]: Draw three cards. You get an emblem with ""You may cast spells from your hand without paying their mana costs."""
Phyrexian Crusader,3.0,['B'],['B'],None,['Creature'],"['Phyrexian', 'Zombie', 'Knight']",Rare,SLD,2,2,None,"First strike, protection from red and from white\nInfect (This creature deals damage to creatures in the form of -1/-1 counters and to players in the form of poison counters.)"
Phyrexian Unlife,3.0,['W'],['W'],None,['Enchantment'],None,Rare,SLD,None,None,None,"You don't lose the game for having 0 or less life.\nAs long as you have 0 or less life, all damage is dealt to you as though its source had infect. (Damage is dealt to you in the form of poison counters.)"
Domri Rade,3.0,"['G', 'R']","['G', 'R']",['Legendary'],['Planeswalker'],['Domri'],Mythic,SLD,None,None,3,"[+1]: Look at the top card of your library. If it's a creature card, you may reveal it and put it into your hand.\n[−2]: Target creature you control fights another target creature.\n[−7]: You get an emblem with ""Creatures you control have double strike, trample, hexproof, and haste."""
Lightning Bolt,1.0,['R'],['R'],None,['Instant'],None,Rare,SLD,None,None,None,Lightning Bolt deals 3 damage to any target.
Grand Arbiter Augustin IV,4.0,"['U', 'W']","['U', 'W']",['Legendary'],['Creature'],"['Human', 'Advisor']",Rare,SLD,2,3,None,White spells you cast cost {1} less to cast.\nBlue spells you cast cost {1} less to cast.\nSpells your opponents cast cost {1} more to cast.
Ajani Steadfast,4.0,['W'],['W'],['Legendary'],['Planeswalker'],['Ajani'],Mythic,SLD,None,None,4,"[+1]: Until end of turn, up to one target creature gets +1/+1 and gains first strike, vigilance, and lifelink.\n[−2]: Put a +1/+1 counter on each creature you control and a loyalty counter on each other planeswalker you control.\n[−7]: You get an emblem with ""If a source would deal damage to you or a planeswalker you control, prevent all but 1 of that damage."""
Snow-Covered Forest,0.0,None,['G'],"['Basic', 'Snow']",['Land'],['Forest'],Rare,SLD,None,None,None,({T}: Add {G}.)
Forest,0.0,None,['G'],['Basic'],['Land'],['Forest'],Rare,SLD,None,None,None,({T}: Add {G}.)
Regal Caracal,5.0,['W'],['W'],None,['Creature'],['Cat'],Rare,SLD,3,3,None,"Other Cats you control get +1/+1 and have lifelink.\nWhen Regal Caracal enters the battlefield, create two 1/1 white Cat creature tokens with lifelink."
Anger of the Gods,3.0,['R'],['R'],None,['Sorcery'],None,Rare,SLD,None,None,None,"Anger of the Gods deals 3 damage to each creature. If a creature dealt damage this way would die this turn, exile it instead."
Snow-Covered Plains,0.0,None,['W'],"['Basic', 'Snow']",['Land'],['Plains'],Rare,SLD,None,None,None,({T}: Add {W}.)
Plains,0.0,None,['W'],['Basic'],['Land'],['Plains'],Rare,SLD,None,None,None,({T}: Add {W}.)
Snow-Covered Plains,0.0,None,['W'],"['Basic', 'Snow']",['Land'],['Plains'],Rare,SLD,None,None,None,({T}: Add {W}.)
Gemhide Sliver,2.0,['G'],['G'],None,['Creature'],['Sliver'],Rare,SLD,1,1,None,"All Slivers have ""{T}: Add one mana of any color."""
"Yisan, the Wanderer Bard",3.0,['G'],['G'],['Legendary'],['Creature'],"['Human', 'Rogue', 'Bard']",Rare,SLD,2,3,None,"{2}{G}, {T}, Put a verse counter on Yisan, the Wanderer Bard: Search your library for a creature card with mana value equal to the number of verse counters on Yisan, put it onto the battlefield, then shuffle."
Virulent Sliver,1.0,['G'],['G'],None,['Creature'],['Sliver'],Rare,SLD,1,1,None,"All Sliver creatures have poisonous 1. (Whenever a Sliver deals combat damage to a player, that player gets a poison counter. A player with ten or more poison counters loses the game.)"
Farhaven Elf,3.0,['G'],['G'],None,['Creature'],"['Elf', 'Druid']",Rare,SLD,1,1,None,"When Farhaven Elf enters the battlefield, you may search your library for a basic land card, put it onto the battlefield tapped, then shuffle."
Anointed Procession // Anointed Procession,4.0,['W'],['W'],None,['Enchantment'],None,Rare,SLD,None,None,None,"If an effect would create one or more tokens under your control, it creates twice that many of those tokens instead."
Crystalline Sliver,2.0,"['U', 'W']","['U', 'W']",None,['Creature'],['Sliver'],Rare,SLD,2,2,None,All Slivers have shroud. (They can't be the targets of spells or abilities.)
Phage the Untouchable,7.0,['B'],['B'],['Legendary'],['Creature'],"['Avatar', 'Minion']",Mythic,SLD,4,4,None,"When Phage the Untouchable enters the battlefield, if you didn't cast it from your hand, you lose the game.\nWhenever Phage deals combat damage to a creature, destroy that creature. It can't be regenerated.\nWhenever Phage deals combat damage to a player, that player loses the game."
Tempered Sliver,3.0,['G'],['G'],None,['Creature'],['Sliver'],Rare,SLD,2,2,None,"Sliver creatures you control have ""Whenever this creature deals combat damage to a player, put a +1/+1 counter on it."""
Forest,0.0,None,['G'],['Basic'],['Land'],['Forest'],Rare,SLD,None,None,None,({T}: Add {G}.)
Sol Ring // Sol Ring,1.0,None,None,None,['Artifact'],None,Rare,SLD,None,None,None,{T}: Add {C}{C}.
Quick Sliver,2.0,['G'],['G'],None,['Creature'],['Sliver'],Rare,SLD,1,1,None,Flash\nAny player may cast Sliver spells as though they had flash.
Mountain,0.0,None,['R'],['Basic'],['Land'],['Mountain'],Rare,SLD,None,None,None,({T}: Add {R}.)
Muscle Sliver,2.0,['G'],['G'],None,['Creature'],['Sliver'],Rare,SLD,1,1,None,All Sliver creatures get +1/+1.
Swamp,0.0,None,['B'],['Basic'],['Land'],['Swamp'],Rare,SLD,None,None,None,({T}: Add {B}.)
Plains,0.0,None,['W'],['Basic'],['Land'],['Plains'],Rare,SLD,None,None,None,({T}: Add {W}.)
Might Sliver,5.0,['G'],['G'],None,['Creature'],['Sliver'],Rare,SLD,2,2,None,All Sliver creatures get +2/+2.
Island,0.0,None,['U'],['Basic'],['Land'],['Island'],Rare,SLD,None,None,None,({T}: Add {U}.)
Mountain,0.0,None,['R'],['Basic'],['Land'],['Mountain'],Rare,SLD,None,None,None,({T}: Add {R}.)
Megantic Sliver,6.0,['G'],['G'],None,['Creature'],['Sliver'],Rare,SLD,3,3,None,Sliver creatures you control get +3/+3.
Plains,0.0,None,['W'],['Basic'],['Land'],['Plains'],Rare,SLD,None,None,None,({T}: Add {W}.)
Forest,0.0,None,['G'],['Basic'],['Land'],['Forest'],Rare,SLD,None,None,None,({T}: Add {G}.)
Two-Headed Sliver,2.0,['R'],['R'],None,['Creature'],['Sliver'],Rare,SLD,1,1,None,All Sliver creatures have menace. (They can't be blocked except by two or more creatures.)
Jet Medallion,2.0,None,None,None,['Artifact'],None,Rare,SLD,None,None,None,Black spells you cast cost {1} less to cast.
Wall of Omens,2.0,['W'],['W'],None,['Creature'],['Wall'],Rare,SLD,0,4,None,"Defender\nWhen Wall of Omens enters the battlefield, draw a card."
Leshrac's Sigil,2.0,['B'],['B'],None,['Enchantment'],None,Rare,SLD,None,None,None,"Whenever an opponent casts a green spell, you may pay {B}{B}. If you do, look at that player's hand and choose a card from it. The player discards that card.\n{B}{B}: Return Leshrac's Sigil to its owner's hand."
Bolas's Citadel,6.0,['B'],['B'],['Legendary'],['Artifact'],None,Rare,SLD,None,None,None,"You may look at the top card of your library any time.\nYou may play lands and cast spells from the top of your library. If you cast a spell this way, pay life equal to its mana value rather than pay its mana cost.\n{T}, Sacrifice ten nonland permanents: Each opponent loses 10 life."
Circular Logic,3.0,['U'],['U'],None,['Instant'],None,Rare,SLD,None,None,None,"Counter target spell unless its controller pays {1} for each card in your graveyard.\nMadness {U} (If you discard this card, discard it into exile. When you do, cast it for its madness cost or put it into your graveyard.)"
Persistent Petitioners,2.0,['U'],['U'],None,['Creature'],"['Human', 'Advisor']",Rare,SLD,1,3,None,"{1}, {T}: Target player mills a card. (They put the top card of their library into their graveyard.)\nTap four untapped Advisors you control: Target player mills twelve cards.\nA deck can have any number of cards named Persistent Petitioners."
"K'rrik, Son of Yawgmoth",7.0,['B'],['B'],['Legendary'],['Creature'],"['Phyrexian', 'Horror', 'Minion']",Rare,SLD,2,2,None,"({B/P} can be paid with either {B} or 2 life.)\nLifelink\nFor each {B} in a cost, you may pay 2 life rather than pay that mana.\nWhenever you cast a black spell, put a +1/+1 counter on K'rrik, Son of Yawgmoth."
Lurking Crocodile,3.0,['G'],['G'],None,['Creature'],['Crocodile'],Rare,SLD,2,2,None,"Bloodthirst 1 (If an opponent was dealt damage this turn, this creature enters the battlefield with a +1/+1 counter on it.)\nIslandwalk (This creature can't be blocked as long as defending player controls an Island.)"
Violent Outburst,3.0,"['G', 'R']","['G', 'R']",None,['Instant'],None,Rare,SLD,None,None,None,"Cascade (When you cast this spell, exile cards from the top of your library until you exile a nonland card that costs less. You may cast it without paying its mana cost. Put the exiled cards on the bottom of your library in a random order.)\nCreatures you control get +1/+0 until end of turn."
Scheming Symmetry,1.0,['B'],['B'],None,['Sorcery'],None,Rare,SLD,None,None,None,"Choose two target players. Each of them searches their library for a card, then shuffles and puts that card on top."
Lord Windgrace,5.0,"['B', 'G', 'R']","['B', 'G', 'R']",['Legendary'],['Planeswalker'],['Windgrace'],Mythic,SLD,None,None,5,"[+2]: Discard a card, then draw a card. If a land card is discarded this way, draw an additional card.\n[−3]: Return up to two target land cards from your graveyard to the battlefield.\n[−11]: Destroy up to six target nonland permanents, then create six 2/2 green Cat Warrior creature tokens with forestwalk.\nLord Windgrace can be your commander."
Terramorphic Expanse,0.0,None,None,None,['Land'],None,Rare,SLD,None,None,None,"{T}, Sacrifice Terramorphic Expanse: Search your library for a basic land card, put it onto the battlefield tapped, then shuffle."
Descendants' Path,3.0,['G'],['G'],None,['Enchantment'],None,Rare,SLD,None,None,None,"At the beginning of your upkeep, reveal the top card of your library. If it's a creature card that shares a creature type with a creature you control, you may cast it without paying its mana cost. If you don't cast it, put it on the bottom of your library."
Price of Progress,2.0,['R'],['R'],None,['Instant'],None,Rare,SLD,None,None,None,Price of Progress deals damage to each player equal to twice the number of nonbasic lands that player controls.
"Fblthp, the Lost",2.0,['U'],['U'],['Legendary'],['Creature'],['Homunculus'],Rare,SLD,1,1,None,"When Fblthp, the Lost enters the battlefield, draw a card. If it entered from your library or was cast from your library, draw two cards instead.\nWhen Fblthp becomes the target of a spell, shuffle Fblthp into its owner's library."
Felidar Sovereign,6.0,['W'],['W'],None,['Creature'],"['Cat', 'Beast']",Rare,SLD,4,6,None,"Vigilance, lifelink\nAt the beginning of your upkeep, if you have 40 or more life, you win the game."
Forest,0.0,None,['G'],['Basic'],['Land'],['Forest'],Common,SLD,None,None,None,({T}: Add {G}.)
Mind's Dilation,7.0,['U'],['U'],None,['Enchantment'],None,Mythic,SLD,None,None,None,"Whenever an opponent casts their first spell each turn, that player exiles the top card of their library. If it's a nonland card, you may cast it without paying its mana cost."
Forest,0.0,None,['G'],['Basic'],['Land'],['Forest'],Common,SLD,None,None,None,({T}: Add {G}.)
Mental Misstep,1.0,['U'],['U'],None,['Instant'],None,Rare,SLD,None,None,None,({U/P} can be paid with either {U} or 2 life.)\nCounter target spell with mana value 1.
Inspiring Overseer,3.0,['W'],['W'],None,['Creature'],"['Angel', 'Cleric']",Rare,SLD,2,1,None,"Flying\nWhen Inspiring Overseer enters the battlefield, you gain 1 life and draw a card."
Thorncaster Sliver,5.0,['R'],['R'],None,['Creature'],['Sliver'],Rare,SLD,2,2,None,"Sliver creatures you control have ""Whenever this creature attacks, it deals 1 damage to any target."""
Future Sight,5.0,['U'],['U'],None,['Enchantment'],None,Rare,SLD,None,None,None,Play with the top card of your library revealed.\nYou may play lands and cast spells from the top of your library.
Consider,1.0,['U'],['U'],None,['Instant'],None,Rare,SLD,None,None,None,Surveil 1. (Look at the top card of your library. You may put it into your graveyard.)\nDraw a card.
Forest,0.0,None,['G'],['Basic'],['Land'],['Forest'],Common,SLD,None,None,None,({T}: Add {G}.)
Forced Fruition,6.0,['U'],['U'],None,['Enchantment'],None,Rare,SLD,None,None,None,"Whenever an opponent casts a spell, that player draws seven cards."
Price of Glory,3.0,['R'],['R'],None,['Enchantment'],None,Rare,SLD,None,None,None,"Whenever a player taps a land for mana, if it's not that player's turn, destroy that land."
Forest,0.0,None,['G'],['Basic'],['Land'],['Forest'],Common,SLD,None,None,None,({T}: Add {G}.)
It That Betrays,12.0,None,None,None,['Creature'],['Eldrazi'],Rare,SLD,11,11,None,"Annihilator 2 (Whenever this creature attacks, defending player sacrifices two permanents.)\nWhenever an opponent sacrifices a nontoken permanent, put that card onto the battlefield under your control."
Reckless Fireweaver,2.0,['R'],['R'],None,['Creature'],"['Human', 'Artificer']",Rare,SLD,1,3,None,"Whenever an artifact enters the battlefield under your control, Reckless Fireweaver deals 1 damage to each opponent."
Mountain,0.0,None,['R'],['Basic'],['Land'],['Mountain'],Common,SLD,None,None,None,({T}: Add {R}.)
Akroma's Memorial,7.0,None,None,['Legendary'],['Artifact'],None,Mythic,SLD,None,None,None,"Creatures you control have flying, first strike, vigilance, trample, haste, and protection from black and from red."
Mountain,0.0,None,['R'],['Basic'],['Land'],['Mountain'],Common,SLD,None,None,None,({T}: Add {R}.)
Carnage Tyrant,6.0,['G'],['G'],None,['Creature'],['Dinosaur'],Mythic,SLD,7,6,None,"This spell can't be countered.\nTrample, hexproof"
Bojuka Bog,0.0,None,['B'],None,['Land'],None,Rare,SLD,None,None,None,"Bojuka Bog enters the battlefield tapped.\nWhen Bojuka Bog enters the battlefield, exile target player's graveyard.\n{T}: Add {B}."
Mountain,0.0,None,['R'],['Basic'],['Land'],['Mountain'],Common,SLD,None,None,None,({T}: Add {R}.)
Faeburrow Elder,3.0,"['G', 'W']","['G', 'W']",None,['Creature'],"['Treefolk', 'Druid']",Rare,SLD,0,0,None,"Vigilance\nFaeburrow Elder gets +1/+1 for each color among permanents you control.\n{T}: For each color among permanents you control, add one mana of that color."
Mountain,0.0,None,['R'],['Basic'],['Land'],['Mountain'],Common,SLD,None,None,None,({T}: Add {R}.)
Swamp,0.0,None,['B'],['Basic'],['Land'],['Swamp'],Common,SLD,None,None,None,({T}: Add {B}.)
Midnight Reaper,3.0,['B'],['B'],None,['Creature'],"['Zombie', 'Knight']",Rare,SLD,3,2,None,"Whenever a nontoken creature you control dies, Midnight Reaper deals 1 damage to you and you draw a card."
Swamp,0.0,None,['B'],['Basic'],['Land'],['Swamp'],Common,SLD,None,None,None,({T}: Add {B}.)
Dark Ritual,1.0,['B'],['B'],None,['Instant'],None,Rare,SLD,None,None,None,Add {B}{B}{B}.
Swamp,0.0,None,['B'],['Basic'],['Land'],['Swamp'],Common,SLD,None,None,None,({T}: Add {B}.)
Temporal Manipulation,5.0,['U'],['U'],None,['Sorcery'],None,Mythic,SLD,None,None,None,Take an extra turn after this one.
Swamp,0.0,None,['B'],['Basic'],['Land'],['Swamp'],Common,SLD,None,None,None,({T}: Add {B}.)
Field Marshal,3.0,['W'],['W'],None,['Creature'],"['Human', 'Soldier']",Rare,SLD,2,2,None,Other Soldier creatures get +1/+1 and have first strike. (They deal combat damage before creatures without first strike.)
Reflecting Pool,0.0,None,None,None,['Land'],None,Rare,SLD,None,None,None,{T}: Add one mana of any type that a land you control could produce.
Island,0.0,None,['U'],['Basic'],['Land'],['Island'],Common,SLD,None,None,None,({T}: Add {U}.)
"Kess, Dissident Mage",4.0,"['B', 'R', 'U']","['B', 'R', 'U']",['Legendary'],['Creature'],"['Human', 'Wizard']",Mythic,SLD,3,4,None,"Flying\nOnce during each of your turns, you may cast an instant or sorcery spell from your graveyard. If a spell cast this way would be put into your graveyard, exile it instead."
Island,0.0,None,['U'],['Basic'],['Land'],['Island'],Common,SLD,None,None,None,({T}: Add {U}.)
Magus of the Wheel,3.0,['R'],['R'],None,['Creature'],"['Human', 'Wizard']",Rare,SLD,3,3,None,"{1}{R}, {T}, Sacrifice Magus of the Wheel: Each player discards their hand, then draws seven cards."
Island,0.0,None,['U'],['Basic'],['Land'],['Island'],Common,SLD,None,None,None,({T}: Add {U}.)
Spellseeker,3.0,['U'],['U'],None,['Creature'],"['Human', 'Wizard']",Rare,SLD,1,1,None,"When Spellseeker enters the battlefield, you may search your library for an instant or sorcery card with mana value 2 or less, reveal it, put it into your hand, then shuffle."
Island,0.0,None,['U'],['Basic'],['Land'],['Island'],Common,SLD,None,None,None,({T}: Add {U}.)
"Baral, Chief of Compliance",2.0,['U'],['U'],['Legendary'],['Creature'],"['Human', 'Wizard']",Rare,SLD,1,3,None,"Instant and sorcery spells you cast cost {1} less to cast.\nWhenever a spell or ability you control counters a spell, you may draw a card. If you do, discard a card."
Applejack,4.0,"['G', 'W']","['G', 'W']",['Legendary'],['Creature'],['Pony'],Mythic,SLD,4,4,None,"Family Gathering — At the beginning of your end step, put a toy you own onto the battlefield as a 2/2 creature token with that toy's name, colors, and creature types. If the toy has wings, the token has flying. If the toy has a horn, scry 2. If it has neither, create a Food token."
Plains,0.0,None,['W'],['Basic'],['Land'],['Plains'],Common,SLD,None,None,None,({T}: Add {W}.)
Progenitus,10.0,"['B', 'G', 'R', 'U', 'W']","['B', 'G', 'R', 'U', 'W']",['Legendary'],['Creature'],"['Hydra', 'Avatar']",Mythic,SLD,10,10,None,"Protection from everything\nIf Progenitus would be put into a graveyard from anywhere, reveal Progenitus and shuffle it into its owner's library instead."
Fluttershy,3.0,"['G', 'W']","['G', 'W']",['Legendary'],['Creature'],['Pegasus'],Mythic,SLD,0,4,None,"Defender, flying\n{1}, {T}: Put a +1/+1 counter on each creature with a tail target player controls. Stare down up to one target creature until end of turn. (It can't attack or block as long as you're looking directly at it.)"
Plains,0.0,None,['W'],['Basic'],['Land'],['Plains'],Common,SLD,None,None,None,({T}: Add {W}.)
Pinkie Pie,2.0,"['R', 'W']","['R', 'W']",['Legendary'],['Creature'],['Pony'],Mythic,SLD,2,2,None,"Whenever you cast a spell with a smile in its art, create a tapped Treasure token.\nEverypony's Invited — Your party consists of each creature you control, and your party is always full."
Spiteful Sliver,3.0,['R'],['R'],None,['Creature'],['Sliver'],Rare,SLD,2,2,None,"Sliver creatures you control have ""Whenever this creature is dealt damage, it deals that much damage to target player or planeswalker."""
Serra Angel,5.0,['W'],['W'],None,['Creature'],['Angel'],Rare,SLD,4,4,None,"Flying, vigilance"
Rainbow Dash,3.0,"['R', 'W']","['B', 'G', 'R', 'U', 'W']",['Legendary'],['Creature'],['Pegasus'],Mythic,SLD,2,2,None,"Flying, haste\nWhenever a creature you control with flying and/or haste attacks, you get 20% cooler. (You start at 0% coolness.)\nSonic Rainboom — {T}: If you're at least 100% cool, add {W}{U}{B}{R}{G}, draw a card, and reset your coolness."
Plains,0.0,None,['W'],['Basic'],['Land'],['Plains'],Common,SLD,None,None,None,({T}: Add {W}.)
"Emrakul, the Promised End",13.0,None,None,['Legendary'],['Creature'],['Eldrazi'],Mythic,SLD,13,13,None,"This spell costs {1} less to cast for each card type among cards in your graveyard.\nWhen you cast this spell, you gain control of target opponent during that player's next turn. After that turn, that player takes an extra turn.\nFlying, trample, protection from instants"
Sakashima of a Thousand Faces // Sakashima of a Thousand Faces,4.0,['U'],['U'],['Legendary'],['Creature'],"['Human', 'Rogue']",Mythic,SLD,3,1,None,"You may have Sakashima of a Thousand Faces enter the battlefield as a copy of another creature you control, except it has Sakashima of a Thousand Faces's other abilities.\nThe ""legend rule"" doesn't apply to permanents you control.\nPartner (You can have two commanders if both have partner.)"
Plains,0.0,None,['W'],['Basic'],['Land'],['Plains'],Common,SLD,None,None,None,({T}: Add {W}.)
Plains,0.0,None,['W'],['Basic'],['Land'],['Plains'],Common,SLD,None,None,None,({T}: Add {W}.)
"Westvale Abbey // Ormendahl, Profane Prince",0.0,None,['B'],None,['Land'],None,Rare,SLD,None,None,None,"{T}: Add {C}.\n{5}, {T}, Pay 1 life: Create a 1/1 white and black Human Cleric creature token.\n{5}, {T}, Sacrifice five creatures: Transform Westvale Abbey, then untap it."
"Yargle, Glutton of Urborg // Yargle, Glutton of Urborg",5.0,['B'],['B'],['Legendary'],['Creature'],"['Frog', 'Spirit']",Rare,SLD,9,3,None,None
Harmonic Sliver,3.0,"['G', 'W']","['G', 'W']",None,['Creature'],['Sliver'],Rare,SLD,1,1,None,"All Slivers have ""When this permanent enters the battlefield, destroy target artifact or enchantment."""
"Tibalt, the Fiend-Blooded",2.0,['R'],['R'],['Legendary'],['Planeswalker'],['Tibalt'],Mythic,SLD,None,None,2,"[+1]: Draw a card, then discard a card at random.\n[−4]: Tibalt, the Fiend-Blooded deals damage equal to the number of cards in target player's hand to that player.\n[−6]: Gain control of all creatures until end of turn. Untap them. They gain haste until end of turn."
"Nicol Bolas, the Ravager // Nicol Bolas, the Arisen",4.0,"['B', 'R', 'U']","['B', 'R', 'U']",['Legendary'],['Creature'],"['Elder', 'Dragon']",Mythic,SLD,4,4,None,"Flying\nWhen Nicol Bolas, the Ravager enters the battlefield, each opponent discards a card.\n{4}{U}{B}{R}: Exile Nicol Bolas, the Ravager, then return him to the battlefield transformed under his owner's control. Activate only as a sorcery."
"Krark, the Thumbless // Krark, the Thumbless",2.0,['R'],['R'],['Legendary'],['Creature'],"['Goblin', 'Wizard']",Rare,SLD,2,2,None,"Whenever you cast an instant or sorcery spell, flip a coin. If you lose the flip, return that spell to its owner's hand. If you win the flip, copy that spell, and you may choose new targets for the copy.\nPartner (You can have two commanders if both have partner.)"
Sedge Sliver,3.0,['R'],"['B', 'R']",None,['Creature'],['Sliver'],Rare,SLD,2,2,None,"All Sliver creatures have ""This creature gets +1/+1 as long as you control a Swamp.""\nAll Slivers have ""{B}: Regenerate this permanent."" (The next time it would be destroyed, instead tap it, remove it from combat, and heal all damage on it.)"
"Ajani, the Greathearted",4.0,"['G', 'W']","['G', 'W']",['Legendary'],['Planeswalker'],['Ajani'],Rare,SLD,None,None,5,Creatures you control have vigilance.\n[+1]: You gain 3 life.\n[−2]: Put a +1/+1 counter on each creature you control and a loyalty counter on each other planeswalker you control.
Bloodline Keeper // Lord of Lineage,4.0,['B'],['B'],None,['Creature'],['Vampire'],Rare,SLD,3,3,None,Flying\n{T}: Create a 2/2 black Vampire creature token with flying.\n{B}: Transform Bloodline Keeper. Activate only if you control five or more Vampires.
"Adrix and Nev, Twincasters // Adrix and Nev, Twincasters",4.0,"['G', 'U']","['G', 'U']",['Legendary'],['Creature'],"['Merfolk', 'Wizard']",Mythic,SLD,2,2,None,"Ward {2} (Whenever this creature becomes the target of a spell or ability an opponent controls, counter it unless that player pays {2}.)\nIf one or more tokens would be created under your control, twice that many of those tokens are created instead."
"Kaya, Bane of the Dead",6.0,"['B', 'W']","['B', 'W']",['Legendary'],['Planeswalker'],['Kaya'],Uncommon,SLD,None,None,7,Your opponents and permanents your opponents control with hexproof can be the targets of spells and abilities you control as though they didn't have hexproof.\n[−3]: Exile target creature.
"Saheeli, Sublime Artificer",3.0,"['R', 'U']","['R', 'U']",['Legendary'],['Planeswalker'],['Saheeli'],Uncommon,SLD,None,None,5,"Whenever you cast a noncreature spell, create a 1/1 colorless Servo artifact creature token.\n[−2]: Target artifact you control becomes a copy of another target artifact or creature you control until end of turn, except it's an artifact in addition to its other types."
"Archangel Avacyn // Avacyn, the Purifier",5.0,['W'],"['R', 'W']",['Legendary'],['Creature'],['Angel'],Mythic,SLD,4,4,None,"Flash\nFlying, vigilance\nWhen Archangel Avacyn enters the battlefield, creatures you control gain indestructible until end of turn.\nWhen a non-Angel creature you control dies, transform Archangel Avacyn at the beginning of the next upkeep."
Arcane Denial,2.0,['U'],['U'],None,['Instant'],None,Rare,SLD,None,None,None,Counter target spell. Its controller may draw up to two cards at the beginning of the next turn's upkeep.\nYou draw a card at the beginning of the next turn's upkeep.
"Huatli, the Sun's Heart",3.0,"['G', 'W']","['G', 'W']",['Legendary'],['Planeswalker'],['Huatli'],Uncommon,SLD,None,None,7,Each creature you control assigns combat damage equal to its toughness rather than its power.\n[−3]: You gain life equal to the greatest toughness among creatures you control.
"Esika, God of the Tree // The Prismatic Bridge",3.0,['G'],"['B', 'G', 'R', 'U', 'W']",['Legendary'],['Creature'],['God'],Mythic,SLD,1,4,None,"Vigilance\n{T}: Add one mana of any color.\nOther legendary creatures you control have vigilance and ""{T}: Add one mana of any color."""
Nightscape Familiar,2.0,['B'],['B'],None,['Creature'],['Zombie'],Rare,SLD,1,1,None,Blue spells and red spells you cast cost {1} less to cast.\n{1}{B}: Regenerate Nightscape Familiar.
Eldrazi Temple,0.0,None,None,None,['Land'],None,Rare,SLD,None,None,None,{T}: Add {C}.\n{T}: Add {C}{C}. Spend this mana only to cast colorless Eldrazi spells or activate abilities of colorless Eldrazi.
"Tamiyo, Collector of Tales",4.0,"['G', 'U']","['G', 'U']",['Legendary'],['Planeswalker'],['Tamiyo'],Rare,SLD,None,None,5,"Spells and abilities your opponents control can't cause you to discard cards or sacrifice permanents.\n[+1]: Choose a nonland card name, then reveal the top four cards of your library. Put all cards with the chosen name from among them into your hand and the rest into your graveyard.\n[−3]: Return target card from your graveyard to your hand."
Reality Smasher,5.0,None,None,None,['Creature'],['Eldrazi'],Rare,SLD,5,5,None,"({C} represents colorless mana.)\nTrample, haste\nWhenever Reality Smasher becomes the target of a spell an opponent controls, counter that spell unless its controller discards a card."
Rain of Filth,1.0,['B'],['B'],None,['Instant'],None,Rare,SLD,None,None,None,"Until end of turn, lands you control gain ""Sacrifice this land: Add {B}."""
"Sorin, Vengeful Bloodlord",4.0,"['B', 'W']","['B', 'W']",['Legendary'],['Planeswalker'],['Sorin'],Rare,SLD,None,None,4,"As long as it's your turn, creatures and planeswalkers you control have lifelink.\n[+2]: Sorin, Vengeful Bloodlord deals 1 damage to target player or planeswalker.\n[−X]: Return target creature card with mana value X from your graveyard to the battlefield. That creature is a Vampire in addition to its other types."
Inquisition of Kozilek,1.0,['B'],['B'],None,['Sorcery'],None,Rare,SLD,None,None,None,Target player reveals their hand. You choose a nonland card from it with mana value 3 or less. That player discards that card.
"Nicol Bolas, Dragon-God",5.0,"['B', 'R', 'U']","['B', 'R', 'U']",['Legendary'],['Planeswalker'],['Bolas'],Mythic,SLD,None,None,4,"Nicol Bolas, Dragon-God has all loyalty abilities of all other planeswalkers on the battlefield.\n[+1]: You draw a card. Each opponent exiles a card from their hand or a permanent they control.\n[−3]: Destroy target creature or planeswalker.\n[−8]: Each opponent who doesn't control a legendary creature or planeswalker loses the game."
Simian Spirit Guide,3.0,['R'],['R'],None,['Creature'],"['Ape', 'Spirit']",Rare,SLD,2,2,None,Exile Simian Spirit Guide from your hand: Add {R}.
Blur Sliver,3.0,['R'],['R'],None,['Creature'],['Sliver'],Rare,SLD,2,2,None,Sliver creatures you control have haste. (They can attack and {T} as soon as they come under your control.)
"Arlinn, Voice of the Pack",6.0,['G'],['G'],['Legendary'],['Planeswalker'],['Arlinn'],Uncommon,SLD,None,None,7,Each creature you control that's a Wolf or a Werewolf enters the battlefield with an additional +1/+1 counter on it.\n[−2]: Create a 2/2 green Wolf creature token.
Sliver Legion,5.0,"['B', 'G', 'R', 'U', 'W']","['B', 'G', 'R', 'U', 'W']",['Legendary'],['Creature'],['Sliver'],Mythic,SLD,7,7,None,All Sliver creatures get +1/+1 for each other Sliver on the battlefield.
Prince of Thralls,8.0,"['B', 'R', 'U']","['B', 'R', 'U']",None,['Creature'],['Demon'],Mythic,SLD,7,7,None,"Whenever a permanent an opponent controls is put into a graveyard, put that card onto the battlefield under your control unless that opponent pays 3 life."
Sarkhan the Masterless,5.0,['R'],['R'],['Legendary'],['Planeswalker'],['Sarkhan'],Rare,SLD,None,None,5,"Whenever a creature attacks you or a planeswalker you control, each Dragon you control deals 1 damage to that creature.\n[+1]: Until end of turn, each planeswalker you control becomes a 4/4 red Dragon creature and gains flying.\n[−3]: Create a 4/4 red Dragon creature token with flying."
"Chandra, Fire Artisan",4.0,['R'],['R'],['Legendary'],['Planeswalker'],['Chandra'],Rare,SLD,None,None,4,"Whenever one or more loyalty counters are removed from Chandra, Fire Artisan, she deals that much damage to target opponent or planeswalker.\n[+1]: Exile the top card of your library. You may play it this turn.\n[−7]: Exile the top seven cards of your library. You may play them this turn."
Mountain,0.0,None,['R'],['Basic'],['Land'],['Mountain'],Rare,SLD,None,None,None,({T}: Add {R}.)
"Liliana, Dreadhorde General",6.0,['B'],['B'],['Legendary'],['Planeswalker'],['Liliana'],Mythic,SLD,None,None,6,"Whenever a creature you control dies, draw a card.\n[+1]: Create a 2/2 black Zombie creature token.\n[−4]: Each player sacrifices two creatures.\n[−9]: Each opponent chooses a permanent they control of each permanent type and sacrifices the rest."
"Lathliss, Dragon Queen",6.0,['R'],['R'],['Legendary'],['Creature'],['Dragon'],Rare,SLD,6,6,None,"Flying\nWhenever another nontoken Dragon enters the battlefield under your control, create a 5/5 red Dragon creature token with flying.\n{1}{R}: Dragons you control get +1/+0 until end of turn."
"Narset, Parter of Veils",3.0,['U'],['U'],['Legendary'],['Planeswalker'],['Narset'],Uncommon,SLD,None,None,5,"Each opponent can't draw more than one card each turn.\n[−2]: Look at the top four cards of your library. You may reveal a noncreature, nonland card from among them and put it into your hand. Put the rest on the bottom of your library in a random order."
"Jace, Wielder of Mysteries",4.0,['U'],['U'],['Legendary'],['Planeswalker'],['Jace'],Rare,SLD,None,None,4,"If you would draw a card while your library has no cards in it, you win the game instead.\n[+1]: Target player mills two cards. Draw a card.\n[−8]: Draw seven cards. Then if your library has no cards in it, you win the game."
The Wanderer,4.0,['W'],['W'],['Legendary'],['Planeswalker'],None,Uncommon,SLD,None,None,5,Prevent all noncombat damage that would be dealt to you and other permanents you control.\n[−2]: Exile target creature with power 4 or greater.
Gideon Blackblade,3.0,['W'],['W'],['Legendary'],['Planeswalker'],['Gideon'],Mythic,SLD,None,None,4,"As long as it's your turn, Gideon Blackblade is a 4/4 Human Soldier creature with indestructible that's still a planeswalker.\nPrevent all damage that would be dealt to Gideon Blackblade during your turn.\n[+1]: Up to one other target creature you control gains your choice of vigilance, lifelink, or indestructible until end of turn.\n[−6]: Exile target nonland permanent."
Sarkhan Vol,4.0,"['G', 'R']","['G', 'R']",['Legendary'],['Planeswalker'],['Sarkhan'],Mythic,SLD,None,None,4,[+1]: Creatures you control get +1/+1 and gain haste until end of turn.\n[−2]: Gain control of target creature until end of turn. Untap that creature. It gains haste until end of turn.\n[−6]: Create five 4/4 red Dragon creature tokens with flying.
"Gonti, Lord of Luxury",4.0,['B'],['B'],['Legendary'],['Creature'],"['Aetherborn', 'Rogue']",Rare,SLD,2,3,None,"Deathtouch\nWhen Gonti, Lord of Luxury enters the battlefield, look at the top four cards of target opponent's library, exile one of them face down, then put the rest on the bottom of that library in a random order. You may cast that card for as long as it remains exiled, and mana of any type can be spent to cast that spell."
Queen Marchesa,4.0,"['B', 'R', 'W']","['B', 'R', 'W']",['Legendary'],['Creature'],"['Human', 'Assassin']",Mythic,SLD,3,3,None,"Deathtouch, haste\nWhen Queen Marchesa enters the battlefield, you become the monarch.\nAt the beginning of your upkeep, if an opponent is the monarch, create a 1/1 black Assassin creature token with deathtouch and haste."
Garruk Wildspeaker,4.0,['G'],['G'],['Legendary'],['Planeswalker'],['Garruk'],Rare,SLD,None,None,3,[+1]: Untap two target lands.\n[−1]: Create a 3/3 green Beast creature token.\n[−4]: Creatures you control get +3/+3 and gain trample until end of turn.
"Brimaz, King of Oreskos",3.0,['W'],['W'],['Legendary'],['Creature'],"['Cat', 'Soldier']",Mythic,SLD,3,4,None,"Vigilance\nWhenever Brimaz, King of Oreskos attacks, create a 1/1 white Cat Soldier creature token with vigilance that's attacking.\nWhenever Brimaz blocks a creature, create a 1/1 white Cat Soldier creature token with vigilance that's blocking that creature."
"Vilis, Broker of Blood",8.0,['B'],['B'],['Legendary'],['Creature'],['Demon'],Rare,SLD,8,8,None,"Flying\n{B}, Pay 2 life: Target creature gets -1/-1 until end of turn.\nWhenever you lose life, draw that many cards. (Damage causes loss of life.)"
Magma Sliver,4.0,['R'],['R'],None,['Creature'],['Sliver'],Rare,SLD,3,3,None,"All Slivers have ""{T}: Target Sliver creature gets +X/+0 until end of turn, where X is the number of Slivers on the battlefield."""
"Elspeth, Sun's Champion",6.0,['W'],['W'],['Legendary'],['Planeswalker'],['Elspeth'],Mythic,SLD,None,None,4,"[+1]: Create three 1/1 white Soldier creature tokens.\n[−3]: Destroy all creatures with power 4 or greater.\n[−7]: You get an emblem with ""Creatures you control get +2/+2 and have flying."""
Huntmaster of the Fells // Ravager of the Fells,4.0,"['G', 'R']","['G', 'R']",None,['Creature'],"['Human', 'Werewolf']",Mythic,SLD,2,2,None,"Whenever this creature enters the battlefield or transforms into Huntmaster of the Fells, create a 2/2 green Wolf creature token and you gain 2 life.\nAt the beginning of each upkeep, if no spells were cast last turn, transform Huntmaster of the Fells."
Forest,0.0,None,['G'],['Basic'],['Land'],['Forest'],Rare,SLD,None,None,None,({T}: Add {G}.)
"Anowon, the Ruin Thief",4.0,"['B', 'U']","['B', 'U']",['Legendary'],['Creature'],"['Vampire', 'Rogue']",Mythic,SLD,2,4,None,"Other Rogues you control get +1/+1.\nWhenever one or more Rogues you control deal combat damage to a player, that player mills a card for each 1 damage dealt to them. If the player mills at least one creature card this way, you draw a card. (To mill a card, a player puts the top card of their library into their graveyard.)"
"Kozilek, the Great Distortion",10.0,None,None,['Legendary'],['Creature'],['Eldrazi'],Mythic,SLD,12,12,None,"When you cast this spell, if you have fewer than seven cards in hand, draw cards equal to the difference.\nMenace\nDiscard a card with mana value X: Counter target spell with mana value X."
"Slimefoot, the Stowaway",3.0,"['B', 'G']","['B', 'G']",['Legendary'],['Creature'],['Fungus'],Rare,SLD,2,3,None,"Whenever a Saproling you control dies, Slimefoot, the Stowaway deals 1 damage to each opponent and you gain 1 life.\n{4}: Create a 1/1 green Saproling creature token."
"Olivia, Mobilized for War",3.0,"['B', 'R']","['B', 'R']",['Legendary'],['Creature'],"['Vampire', 'Knight']",Mythic,SLD,3,3,None,"Flying\nWhenever another creature enters the battlefield under your control, you may discard a card. If you do, put a +1/+1 counter on that creature, it gains haste until end of turn, and it becomes a Vampire in addition to its other types."
Swamp,0.0,None,['B'],['Basic'],['Land'],['Swamp'],Rare,SLD,None,None,None,({T}: Add {B}.)
"Grenzo, Dungeon Warden",2.0,"['B', 'R']","['B', 'R']",['Legendary'],['Creature'],"['Goblin', 'Rogue']",Rare,SLD,2,2,None,"Grenzo, Dungeon Warden enters the battlefield with X +1/+1 counters on it.\n{2}: Put the bottom card of your library into your graveyard. If it's a creature card with power less than or equal to Grenzo's power, put it onto the battlefield."
"Mikaeus, the Unhallowed",6.0,['B'],['B'],['Legendary'],['Creature'],"['Zombie', 'Cleric']",Mythic,SLD,5,5,None,"Intimidate (This creature can't be blocked except by artifact creatures and/or creatures that share a color with it.)\nWhenever a Human deals damage to you, destroy it.\nOther non-Human creatures you control get +1/+1 and have undying. (When a creature with undying dies, if it had no +1/+1 counters on it, return it to the battlefield under its owner's control with a +1/+1 counter on it.)"
"Ghave, Guru of Spores",5.0,"['B', 'G', 'W']","['B', 'G', 'W']",['Legendary'],['Creature'],"['Fungus', 'Shaman']",Mythic,SLD,0,0,None,"Ghave, Guru of Spores enters the battlefield with five +1/+1 counters on it.\n{1}, Remove a +1/+1 counter from a creature you control: Create a 1/1 green Saproling creature token.\n{1}, Sacrifice a creature: Put a +1/+1 counter on target creature."
Forest,0.0,None,['G'],['Basic'],['Land'],['Forest'],Rare,SLD,None,None,None,({T}: Add {G}.)
Mycoloth,5.0,['G'],['G'],None,['Creature'],['Fungus'],Rare,SLD,4,4,None,"Devour 2 (As this enters the battlefield, you may sacrifice any number of creatures. This creature enters the battlefield with twice that many +1/+1 counters on it.)\nAt the beginning of your upkeep, create a 1/1 green Saproling creature token for each +1/+1 counter on Mycoloth."
Reconnaissance,1.0,['W'],['W'],None,['Enchantment'],None,Rare,SLD,None,None,None,{0}: Remove target attacking creature you control from combat and untap it.
Abundant Growth,1.0,['G'],['G'],None,['Enchantment'],['Aura'],Rare,SLD,None,None,None,"Enchant land\nWhen Abundant Growth enters the battlefield, draw a card.\nEnchanted land has ""{T}: Add one mana of any color."""
Island,0.0,None,['U'],['Basic'],['Land'],['Island'],Rare,SLD,None,None,None,({T}: Add {U}.)
Winds of Change,1.0,['R'],['R'],None,['Sorcery'],None,Rare,SLD,None,None,None,"Each player shuffles the cards from their hand into their library, then draws that many cards."
Thran Dynamo,4.0,None,None,None,['Artifact'],None,Rare,SLD,None,None,None,{T}: Add {C}{C}{C}.
Demonic Consultation,1.0,['B'],['B'],None,['Instant'],None,Rare,SLD,None,None,None,"Choose a card name. Exile the top six cards of your library, then reveal cards from the top of your library until you reveal a card with the chosen name. Put that card into your hand and exile all other cards revealed this way."
Belligerent Sliver,3.0,['R'],['R'],None,['Creature'],['Sliver'],Rare,SLD,2,2,None,Sliver creatures you control have menace. (They can't be blocked except by two or more creatures.)
Skemfar Shadowsage,4.0,['B'],['B'],None,['Creature'],"['Elf', 'Cleric']",Rare,SLD,2,5,None,"When Skemfar Shadowsage enters the battlefield, choose one —\n• Each opponent loses X life, where X is the greatest number of creatures you control that have a creature type in common.\n• You gain X life, where X is the greatest number of creatures you control that have a creature type in common."
Black Market,5.0,['B'],['B'],None,['Enchantment'],None,Rare,SLD,None,None,None,"Whenever a creature dies, put a charge counter on Black Market.\nAt the beginning of your precombat main phase, add {B} for each charge counter on Black Market."
Seize the Day,4.0,['R'],['R'],None,['Sorcery'],None,Rare,SLD,None,None,None,"Untap target creature. After this main phase, there is an additional combat phase followed by an additional main phase.\nFlashback {2}{R} (You may cast this card from your graveyard for its flashback cost. Then exile it.)"
Rapid Hybridization,1.0,['U'],['U'],None,['Instant'],None,Rare,SLD,None,None,None,Destroy target creature. It can't be regenerated. That creature's controller creates a 3/3 green Frog Lizard creature token.
Rhystic Study,3.0,['U'],['U'],None,['Enchantment'],None,Rare,SLD,None,None,None,"Whenever an opponent casts a spell, you may draw a card unless that player pays {1}."
Serra Ascendant,1.0,['W'],['W'],None,['Creature'],"['Human', 'Monk']",Rare,SLD,1,1,None,"Lifelink (Damage dealt by this creature also causes you to gain that much life.)\nAs long as you have 30 or more life, Serra Ascendant gets +5/+5 and has flying."
Dire Undercurrents,5.0,"['B', 'U']","['B', 'U']",None,['Enchantment'],None,Rare,SLD,None,None,None,"Whenever a blue creature enters the battlefield under your control, you may have target player draw a card.\nWhenever a black creature enters the battlefield under your control, you may have target player discard a card."
Forest,0.0,None,['G'],['Basic'],['Land'],['Forest'],Rare,SLD,None,None,None,({T}: Add {G}.)
"Ghalta, Primal Hunger // Ghalta, Primal Hunger",12.0,['G'],['G'],['Legendary'],['Creature'],"['Elder', 'Dinosaur']",Rare,SLD,12,12,None,"This spell costs {X} less to cast, where X is the total power of creatures you control.\nTrample"
"Obeka, Brute Chronologist",4.0,"['B', 'R', 'U']","['B', 'R', 'U']",['Legendary'],['Creature'],"['Ogre', 'Wizard']",Rare,SLD,3,4,None,"{T}: The player whose turn it is may end the turn. (Exile all spells and abilities from the stack. The player whose turn it is discards down to their maximum hand size. Damage wears off, and ""this turn"" and ""until end of turn"" effects end.)"
Death's Shadow,1.0,['B'],['B'],None,['Creature'],['Avatar'],Rare,SLD,13,13,None,"Death's Shadow gets -X/-X, where X is your life total."
Strip Mine,0.0,None,None,None,['Land'],None,Rare,SLD,None,None,None,"{T}: Add {C}.\n{T}, Sacrifice Strip Mine: Destroy target land."
"Etali, Primal Storm // Etali, Primal Storm",6.0,['R'],['R'],['Legendary'],['Creature'],"['Elder', 'Dinosaur']",Rare,SLD,6,6,None,"Whenever Etali, Primal Storm attacks, exile the top card of each player's library, then you may cast any number of spells from among those cards without paying their mana costs."
Rose Noble,4.0,['U'],['U'],['Legendary'],['Creature'],['Human'],Rare,SLD,2,3,None,"Ward {2}\nWhenever you cast a Doctor spell or creature spell with doctor's companion, draw a card.\nDoctor's companion (You can have two commanders if the other is the Doctor.)"
Command Beacon,0.0,None,None,None,['Land'],None,Rare,SLD,None,None,None,"{T}: Add {C}.\n{T}, Sacrifice Command Beacon: Put your commander into your hand from the command zone."
The Meep,3.0,['B'],['B'],['Legendary'],['Creature'],['Alien'],Rare,SLD,0,4,None,"Ward—Pay 3 life.\nWhenever The Meep attacks, you may sacrifice another creature. If you do, creatures you control have base power and toughness X/X until end of turn, where X is the sacrificed creature's mana value."
Ghost Quarter,0.0,None,None,None,['Land'],None,Rare,SLD,None,None,None,"{T}: Add {C}.\n{T}, Sacrifice Ghost Quarter: Destroy target land. Its controller may search their library for a basic land card, put it onto the battlefield, then shuffle."
"Ulamog, the Ceaseless Hunger // Ulamog, the Ceaseless Hunger",10.0,None,None,['Legendary'],['Creature'],['Eldrazi'],Mythic,SLD,10,10,None,"When you cast this spell, exile two target permanents.\nIndestructible\nWhenever Ulamog, the Ceaseless Hunger attacks, defending player exiles the top twenty cards of their library."
The Celestial Toymaker,3.0,"['B', 'U', 'W']","['B', 'U', 'W']",['Legendary'],['Creature'],"['Rogue', 'Artificer']",Rare,SLD,2,4,None,"Whenever The Celestial Toymaker attacks, look at the top three cards of your library. Exile any number of them in a face-down pile and the rest in a face-up pile. Defending player chooses one of those piles. Put that pile into your hand.\nAt the beginning of each end step, each opponent loses 2 life for each spell or ability that caused one or more players to guess or to group cards or permanents into a pile this turn."
Island,0.0,None,['U'],['Basic'],['Land'],['Island'],Rare,SLD,None,None,None,({T}: Add {U}.)
Thoughtseize,1.0,['B'],['B'],None,['Sorcery'],None,Rare,SLD,None,None,None,Target player reveals their hand. You choose a nonland card from it. That player discards that card. You lose 2 life.
The Fourteenth Doctor,3.0,"['G', 'R', 'U', 'W']","['G', 'R', 'U', 'W']",['Legendary'],['Creature'],"['Time Lord', 'Doctor']",Rare,SLD,3,4,None,"When you cast this spell, reveal the top fourteen cards of your library. Put all Doctor cards revealed this way into your graveyard and the rest on the bottom of your library in a random order.\nYou may have The Fourteenth Doctor enter the battlefield as a copy of a Doctor card in your graveyard that was put there from your library this turn. If you do, it gains haste until end of turn."
"Depala, Pilot Exemplar",3.0,"['R', 'W']","['R', 'W']",['Legendary'],['Creature'],"['Dwarf', 'Pilot']",Rare,SLD,3,3,None,"Other Dwarves you control get +1/+1.\nEach Vehicle you control gets +1/+1 as long as it's a creature.\nWhenever Depala, Pilot Exemplar becomes tapped, you may pay {X}. If you do, reveal the top X cards of your library, put all Dwarf and Vehicle cards from among them into your hand, then put the rest on the bottom of your library in a random order."
Plaguecrafter,3.0,['B'],['B'],None,['Creature'],"['Human', 'Shaman']",Rare,SLD,3,2,None,"When Plaguecrafter enters the battlefield, each player sacrifices a creature or planeswalker. Each player who can't discards a card."
Chandra's Ignition,5.0,['R'],['R'],None,['Sorcery'],None,Rare,SLD,None,None,None,Target creature you control deals damage equal to its power to each other creature and each opponent.
Balthor the Defiled,4.0,['B'],['B'],['Legendary'],['Creature'],"['Zombie', 'Dwarf']",Rare,SLD,2,2,None,"Minion creatures get +1/+1.\n{B}{B}{B}, Exile Balthor the Defiled: Each player returns all black and all red creature cards from their graveyard to the battlefield."
Doomsday,3.0,['B'],['B'],None,['Sorcery'],None,Rare,SLD,None,None,None,"Search your library and graveyard for five cards and exile the rest. Put the chosen cards on top of your library in any order. You lose half your life, rounded up."
Rootbound Crag,0.0,None,"['G', 'R']",None,['Land'],None,Rare,SLD,None,None,None,Rootbound Crag enters the battlefield tapped unless you control a Mountain or a Forest.\n{T}: Add {R} or {G}.
Carrion Feeder,1.0,['B'],['B'],None,['Creature'],['Zombie'],Rare,SLD,1,1,None,Carrion Feeder can't block.\nSacrifice a creature: Put a +1/+1 counter on Carrion Feeder.
Harmonize,4.0,['G'],['G'],None,['Sorcery'],None,Rare,SLD,None,None,None,Draw three cards.
Drowned Catacomb,0.0,None,"['B', 'U']",None,['Land'],None,Rare,SLD,None,None,None,Drowned Catacomb enters the battlefield tapped unless you control an Island or a Swamp.\n{T}: Add {U} or {B}.
The Fifteenth Doctor,4.0,"['R', 'U']","['R', 'U']",['Legendary'],['Creature'],"['Time Lord', 'Doctor']",Rare,SLD,3,3,None,"When The Fifteenth Doctor enters the battlefield or attacks, mill three cards. You may put an artifact card with mana value 2 or 3 from among them into your hand.\nThe first nonartifact spell you cast each turn has improvise. (Your artifacts can help cast that spell. Each artifact you tap after you're done activating mana abilities pays for {1}.)"
Glacial Fortress,0.0,None,"['U', 'W']",None,['Land'],None,Rare,SLD,None,None,None,Glacial Fortress enters the battlefield tapped unless you control a Plains or an Island.\n{T}: Add {W} or {U}.
Skullclamp,1.0,None,None,None,['Artifact'],['Equipment'],Rare,SLD,None,None,None,"Equipped creature gets +1/-1.\nWhenever equipped creature dies, draw two cards.\nEquip {1}"
"Breya, Etherium Shaper",4.0,"['B', 'R', 'U', 'W']","['B', 'R', 'U', 'W']",['Legendary'],"['Artifact', 'Creature']",['Human'],Mythic,SLD,4,4,None,"When Breya, Etherium Shaper enters the battlefield, create two 1/1 blue Thopter artifact creature tokens with flying.\n{2}, Sacrifice two artifacts: Choose one —\n• Breya deals 3 damage to target player or planeswalker.\n• Target creature gets -4/-4 until end of turn.\n• You gain 5 life."
Tezzeret the Seeker,5.0,['U'],['U'],['Legendary'],['Planeswalker'],['Tezzeret'],Mythic,SLD,None,None,4,"[+1]: Untap up to two target artifacts.\n[−X]: Search your library for an artifact card with mana value X or less, put it onto the battlefield, then shuffle.\n[−5]: Artifacts you control become artifact creatures with base power and toughness 5/5 until end of turn."
Forest,0.0,None,['G'],['Basic'],['Land'],['Forest'],Rare,SLD,None,None,None,({T}: Add {G}.)
Phyrexian Metamorph,4.0,['U'],['U'],None,"['Artifact', 'Creature']","['Phyrexian', 'Shapeshifter']",Rare,SLD,0,0,None,"({U/P} can be paid with either {U} or 2 life.)\nYou may have Phyrexian Metamorph enter the battlefield as a copy of any artifact or creature on the battlefield, except it's an artifact in addition to its other types."
Swamp,0.0,None,['B'],['Basic'],['Land'],['Swamp'],Rare,SLD,None,None,None,({T}: Add {B}.)
Adaptive Automaton,3.0,None,None,None,"['Artifact', 'Creature']",['Construct'],Rare,SLD,2,2,None,"As Adaptive Automaton enters the battlefield, choose a creature type.\nAdaptive Automaton is the chosen type in addition to its other types.\nOther creatures you control of the chosen type get +1/+1."
Plains,0.0,None,['W'],['Basic'],['Land'],['Plains'],Rare,SLD,None,None,None,({T}: Add {W}.)
Reflector Mage,3.0,"['U', 'W']","['U', 'W']",None,['Creature'],"['Human', 'Wizard']",Rare,SLD,2,3,None,"When Reflector Mage enters the battlefield, return target creature an opponent controls to its owner's hand. That creature's owner can't cast spells with the same name as that creature until your next turn."
"Feather, the Redeemed",3.0,"['R', 'W']","['R', 'W']",['Legendary'],['Creature'],['Angel'],Rare,SLD,3,4,None,"Flying\nWhenever you cast an instant or sorcery spell that targets a creature you control, exile that card instead of putting it into your graveyard as it resolves. If you do, return it to your hand at the beginning of the next end step."
Planar Bridge,6.0,None,None,['Legendary'],['Artifact'],None,Mythic,SLD,None,None,None,"{8}, {T}: Search your library for a permanent card, put it onto the battlefield, then shuffle."
Liliana of the Dark Realms,4.0,['B'],['B'],['Legendary'],['Planeswalker'],['Liliana'],Mythic,SLD,None,None,3,"[+1]: Search your library for a Swamp card, reveal it, put it into your hand, then shuffle.\n[−3]: Target creature gets +X/+X or -X/-X until end of turn, where X is the number of Swamps you control.\n[−6]: You get an emblem with ""Swamps you control have '{T}: Add {B}{B}{B}{B}.'"""
Triumph of the Hordes,4.0,['G'],['G'],None,['Sorcery'],None,Rare,SLD,None,None,None,"Until end of turn, creatures you control get +1/+1 and gain trample and infect. (Creatures with infect deal damage to creatures in the form of -1/-1 counters and to players in the form of poison counters.)"
"Azami, Lady of Scrolls",5.0,['U'],['U'],['Legendary'],['Creature'],"['Human', 'Wizard']",Rare,SLD,0,2,None,Tap an untapped Wizard you control: Draw a card.
Wheel of Sun and Moon,2.0,"['G', 'W']","['G', 'W']",None,['Enchantment'],['Aura'],Rare,SLD,None,None,None,"Enchant player\nIf a card would be put into enchanted player's graveyard from anywhere, instead that card is revealed and put on the bottom of that player's library."
Llanowar Elves,1.0,['G'],['G'],None,['Creature'],"['Elf', 'Druid']",Rare,SLD,1,1,None,{T}: Add {G}.
Brash Taunter,5.0,['R'],['R'],None,['Creature'],['Goblin'],Rare,SLD,1,1,None,"Indestructible\nWhenever Brash Taunter is dealt damage, it deals that much damage to target opponent.\n{2}{R}, {T}: Brash Taunter fights another target creature."
Etherium Sculptor,2.0,['U'],['U'],None,"['Artifact', 'Creature']","['Vedalken', 'Artificer']",Rare,SLD,1,2,None,Artifact spells you cast cost {1} less to cast.
Prismatic Omen,2.0,['G'],['G'],None,['Enchantment'],None,Rare,SLD,None,None,None,Lands you control are every basic land type in addition to their other types.
Goblin Ringleader,4.0,['R'],['R'],None,['Creature'],['Goblin'],Rare,SLD,2,2,None,"Haste (This creature can attack and {T} as soon as it comes under your control.)\nWhen Goblin Ringleader enters the battlefield, reveal the top four cards of your library. Put all Goblin cards revealed this way into your hand and the rest on the bottom of your library in any order."
Stasis,2.0,['U'],['U'],None,['Enchantment'],None,Rare,SLD,None,None,None,"Players skip their untap steps.\nAt the beginning of your upkeep, sacrifice Stasis unless you pay {U}."
Goblin Chieftain,3.0,['R'],['R'],None,['Creature'],['Goblin'],Rare,SLD,2,2,None,Haste (This creature can attack and {T} as soon as it comes under your control.)\nOther Goblin creatures you control get +1/+1 and have haste.
Mosswort Bridge,0.0,None,['G'],None,['Land'],None,Rare,SLD,None,None,None,"Hideaway 4 (When this land enters the battlefield, look at the top four cards of your library, exile one face down, then put the rest on the bottom in a random order.)\nMosswort Bridge enters the battlefield tapped.\n{T}: Add {G}.\n{G}, {T}: You may play the exiled card without paying its mana cost if creatures you control have total power 10 or greater."
Imprisoned in the Moon,3.0,['U'],['U'],None,['Enchantment'],['Aura'],Rare,SLD,None,None,None,"Enchant creature, land, or planeswalker\nEnchanted permanent is a colorless land with ""{T}: Add {C}"" and loses all other card types and abilities."
Howltooth Hollow,0.0,None,['B'],None,['Land'],None,Rare,SLD,None,None,None,"Hideaway 4 (When this land enters the battlefield, look at the top four cards of your library, exile one face down, then put the rest on the bottom in a random order.)\nHowltooth Hollow enters the battlefield tapped.\n{T}: Add {B}.\n{B}, {T}: You may play the exiled card without paying its mana cost if each player has no cards in hand."
Wood Elves,3.0,['G'],['G'],None,['Creature'],"['Elf', 'Scout']",Rare,SLD,1,1,None,"When Wood Elves enters the battlefield, search your library for a Forest card, put that card onto the battlefield, then shuffle."
Shelter,2.0,['W'],['W'],None,['Instant'],None,Rare,SLD,None,None,None,Target creature you control gains protection from the color of your choice until end of turn.\nDraw a card.
Windbrisk Heights,0.0,None,['W'],None,['Land'],None,Rare,SLD,None,None,None,"Hideaway 4 (When this land enters the battlefield, look at the top four cards of your library, exile one face down, then put the rest on the bottom in a random order.)\nWindbrisk Heights enters the battlefield tapped.\n{T}: Add {W}.\n{W}, {T}: You may play the exiled card without paying its mana cost if you attacked with three or more creatures this turn."
Elvish Visionary,2.0,['G'],['G'],None,['Creature'],"['Elf', 'Shaman']",Rare,SLD,1,1,None,"When Elvish Visionary enters the battlefield, draw a card."
Goblin Welder,1.0,['R'],['R'],None,['Creature'],"['Goblin', 'Artificer']",Rare,SLD,1,1,None,"{T}: Choose target artifact a player controls and target artifact card in that player's graveyard. If both targets are still legal as this ability resolves, that player simultaneously sacrifices the artifact and returns the artifact card to the battlefield."
"Zethi, Arcane Blademaster",3.0,"['U', 'W']","['U', 'W']",['Legendary'],['Creature'],"['Human', 'Soldier']",Rare,SLD,3,3,None,"Multikicker {W/U}\nWhen Zethi, Arcane Blademaster enters the battlefield, exile up to X target instant cards from your graveyard, where X is the number of times Zethi was kicked. Put a kick counter on each of them.\nWhenever Zethi attacks, copy each exiled card you own with a kick counter on it. You may cast the copies."
Terror // Terror,2.0,['B'],['B'],None,['Instant'],None,Rare,SLD,None,None,None,"Destroy target nonartifact, nonblack creature. It can't be regenerated."
Mogg War Marshal,2.0,['R'],['R'],None,['Creature'],"['Goblin', 'Warrior']",Rare,SLD,1,1,None,"Echo {1}{R} (At the beginning of your upkeep, if this came under your control since the beginning of your last upkeep, sacrifice it unless you pay its echo cost.)\nWhen Mogg War Marshal enters the battlefield or dies, create a 1/1 red Goblin creature token."
"Maarika, Brutal Gladiator",5.0,"['B', 'G', 'R']","['B', 'G', 'R']",['Legendary'],['Creature'],"['Human', 'Warrior']",Rare,SLD,7,4,None,"Maarika, Brutal Gladiator must be blocked if able.\nAs long as it's your turn, Maarika has indestructible.\nWhenever Maarika deals damage to a creature, if that creature was dealt excess damage this turn, that creature's controller sacrifices a noncreature, nonland permanent."
Vizier of the Menagerie,4.0,['G'],['G'],None,['Creature'],"['Naga', 'Cleric']",Mythic,SLD,3,4,None,You may look at the top card of your library any time.\nYou may cast creature spells from the top of your library.\nYou can spend mana of any type to cast creature spells.
The Howling Abomination,5.0,"['G', 'R']","['G', 'R']",['Legendary'],['Creature'],"['Human', 'Beast', 'Warrior']",Rare,SLD,5,5,None,"Haste\nThe Howling Abomination has trample as long as you've cast three or more spells this turn.\nWhenever The Howling Abomination becomes the target of a spell, it gets +2/+2 until end of turn and deals 2 damage to each opponent."
Beast Whisperer,4.0,['G'],['G'],None,['Creature'],"['Elf', 'Druid']",Rare,SLD,2,3,None,"Whenever you cast a creature spell, draw a card."
Leeching Sliver,2.0,['B'],['B'],None,['Creature'],['Sliver'],Rare,SLD,1,1,None,"Whenever a Sliver you control attacks, defending player loses 1 life."
Stitcher's Supplier,1.0,['B'],['B'],None,['Creature'],['Zombie'],Rare,SLD,1,1,None,"When Stitcher's Supplier enters the battlefield or dies, mill three cards."
"Grenzo, Havoc Raiser",2.0,['R'],['R'],['Legendary'],['Creature'],"['Goblin', 'Rogue']",Rare,SLD,2,2,None,"Whenever a creature you control deals combat damage to a player, choose one —\n• Goad target creature that player controls.\n• Exile the top card of that player's library. Until end of turn, you may cast that card and you may spend mana as though it were mana of any color to cast that spell."
"Baldin, Century Herdmaster",6.0,['W'],['W'],['Legendary'],['Creature'],"['Human', 'Warrior']",Rare,SLD,0,7,None,"As long as it's your turn, each creature assigns combat damage equal to its toughness rather than its power.\nWhenever Baldin, Century Herdmaster attacks, up to one hundred target creatures each get +0/+X until end of turn, where X is the number of cards in your hand."
Laboratory Maniac,3.0,['U'],['U'],None,['Creature'],"['Human', 'Wizard']",Rare,SLD,2,2,None,"If you would draw a card while your library has no cards in it, you win the game instead."
"Nicol Bolas, Planeswalker",8.0,"['B', 'R', 'U']","['B', 'R', 'U']",['Legendary'],['Planeswalker'],['Bolas'],Mythic,SLD,None,None,5,"[+3]: Destroy target noncreature permanent.\n[−2]: Gain control of target creature.\n[−9]: Nicol Bolas, Planeswalker deals 7 damage to target player or planeswalker. That player or that planeswalker's controller discards seven cards, then sacrifices seven permanents."
Dregscape Sliver,2.0,['B'],['B'],None,['Creature'],['Sliver'],Rare,SLD,2,2,None,Each Sliver creature card in your graveyard has unearth {2}.\nUnearth {2} ({2}: Return this card from your graveyard to the battlefield. It gains haste. Exile it at the beginning of the next end step or if it would leave the battlefield. Unearth only as a sorcery.)
Sword of Truth and Justice,3.0,None,None,None,['Artifact'],['Equipment'],Mythic,SLD,None,None,None,"Equipped creature gets +2/+2 and has protection from white and from blue.\nWhenever equipped creature deals combat damage to a player, put a +1/+1 counter on a creature you control, then proliferate. (Choose any number of permanents and/or players, then give each another counter of each kind already there.)\nEquip {2}"
"Boseiju, Who Shelters All",0.0,None,None,['Legendary'],['Land'],None,Rare,SLD,None,None,None,"Boseiju, Who Shelters All enters the battlefield tapped.\n{T}, Pay 2 life: Add {C}. If that mana is spent on an instant or sorcery spell, that spell can't be countered."
Contagion Engine,6.0,None,None,None,['Artifact'],None,Rare,SLD,None,None,None,"When Contagion Engine enters the battlefield, put a -1/-1 counter on each creature target player controls.\n{4}, {T}: Proliferate twice. (Choose any number of permanents and/or players, then give each another counter of each kind already there. Then do it again.)"
"Karona, False God",6.0,"['B', 'G', 'R', 'U', 'W']","['B', 'G', 'R', 'U', 'W']",['Legendary'],['Creature'],['Avatar'],Rare,SLD,5,5,None,"Haste\nAt the beginning of each player's upkeep, that player untaps Karona, False God and gains control of it.\nWhenever Karona attacks, creatures of the creature type of your choice get +3/+3 until end of turn."
"Hokori, Dust Drinker",4.0,['W'],['W'],['Legendary'],['Creature'],['Spirit'],Rare,SLD,2,2,None,"Lands don't untap during their controllers' untap steps.\nAt the beginning of each player's upkeep, that player untaps a land they control."
"Korvold, Fae-Cursed King",5.0,"['B', 'G', 'R']","['B', 'G', 'R']",['Legendary'],['Creature'],"['Dragon', 'Noble']",Mythic,SLD,4,4,None,"Flying\nWhenever Korvold, Fae-Cursed King enters the battlefield or attacks, sacrifice another permanent.\nWhenever you sacrifice a permanent, put a +1/+1 counter on Korvold and draw a card."
Ghostly Prison,3.0,['W'],['W'],None,['Enchantment'],None,Rare,SLD,None,None,None,Creatures can't attack you unless their controller pays {2} for each creature they control that's attacking you.
Deepglow Skate,5.0,['U'],['U'],None,['Creature'],['Fish'],Rare,SLD,3,3,None,"When Deepglow Skate enters the battlefield, double the number of each kind of counter on any number of target permanents."
Memnarch,7.0,None,['U'],['Legendary'],"['Artifact', 'Creature']",['Wizard'],Rare,SLD,4,5,None,{1}{U}{U}: Target permanent becomes an artifact in addition to its other types. (This effect lasts indefinitely.)\n{3}{U}: Gain control of target artifact. (This effect lasts indefinitely.)
Forest,0.0,None,['G'],['Basic'],['Land'],['Forest'],Rare,SLD,None,None,None,({T}: Add {G}.)
Forest,0.0,None,['G'],['Basic'],['Land'],['Forest'],Rare,SLD,None,None,None,({T}: Add {G}.)
Swamp,0.0,None,['B'],['Basic'],['Land'],['Swamp'],Rare,SLD,None,None,None,({T}: Add {B}.)
Mountain,0.0,None,['R'],['Basic'],['Land'],['Mountain'],Rare,SLD,None,None,None,({T}: Add {R}.)
Plains,0.0,None,['W'],['Basic'],['Land'],['Plains'],Rare,SLD,None,None,None,({T}: Add {W}.)
Swamp,0.0,None,['B'],['Basic'],['Land'],['Swamp'],Rare,SLD,None,None,None,({T}: Add {B}.)
Faerie Artisans,4.0,['U'],['U'],None,['Creature'],"['Faerie', 'Artificer']",Rare,SLD,2,2,None,"Flying\nWhenever a nontoken creature enters the battlefield under an opponent's control, create a token that's a copy of that creature except it's an artifact in addition to its other types. Then exile all other tokens created with Faerie Artisans."
Unmask,4.0,['B'],['B'],None,['Sorcery'],None,Rare,SLD,None,None,None,You may exile a black card from your hand rather than pay this spell's mana cost.\nTarget player reveals their hand. You choose a nonland card from it. That player discards that card.
Island,0.0,None,['U'],['Basic'],['Land'],['Island'],Rare,SLD,None,None,None,({T}: Add {U}.)
Bribery,5.0,['U'],['U'],None,['Sorcery'],None,Rare,SLD,None,None,None,Search target opponent's library for a creature card and put that card onto the battlefield under your control. Then that player shuffles.
Plains,0.0,None,['W'],['Basic'],['Land'],['Plains'],Rare,SLD,None,None,None,({T}: Add {W}.)
Dockside Chef,1.0,['B'],['B'],None,"['Enchantment', 'Creature']","['Human', 'Citizen']",Rare,SLD,1,2,None,"{1}{B}, Sacrifice an artifact or creature: Draw a card."
Utopia Sprawl,1.0,['G'],['G'],None,['Enchantment'],['Aura'],Rare,SLD,None,None,None,"Enchant Forest\nAs Utopia Sprawl enters the battlefield, choose a color.\nWhenever enchanted Forest is tapped for mana, its controller adds an additional one mana of the chosen color."
Greater Good,4.0,['G'],['G'],None,['Enchantment'],None,Rare,SLD,None,None,None,"Sacrifice a creature: Draw cards equal to the sacrificed creature's power, then discard three cards."
Retreat to Coralhelm,3.0,['U'],['U'],None,['Enchantment'],None,Rare,SLD,None,None,None,"Landfall — Whenever a land enters the battlefield under your control, choose one —\n• You may tap or untap target creature.\n• Scry 1. (Look at the top card of your library. You may put that card on the bottom of your library.)"
By Force,1.0,['R'],['R'],None,['Sorcery'],None,Rare,SLD,None,None,None,Destroy X target artifacts.
Last Chance,2.0,['R'],['R'],None,['Sorcery'],None,Rare,SLD,None,None,None,"Take an extra turn after this one. At the beginning of that turn's end step, you lose the game."
Collective Brutality,2.0,['B'],['B'],None,['Sorcery'],None,Rare,SLD,None,None,None,Escalate—Discard a card. (Pay this cost for each mode chosen beyond the first.)\nChoose one or more —\n• Target opponent reveals their hand. You choose an instant or sorcery card from it. That player discards that card.\n• Target creature gets -2/-2 until end of turn.\n• Target opponent loses 2 life and you gain 2 life.
Curiosity,1.0,['U'],['U'],None,['Enchantment'],['Aura'],Rare,SLD,None,None,None,"Enchant creature\nWhenever enchanted creature deals damage to an opponent, you may draw a card."
Door of Destinies,4.0,None,None,None,['Artifact'],None,Rare,SLD,None,None,None,"As Door of Destinies enters the battlefield, choose a creature type.\nWhenever you cast a spell of the chosen type, put a charge counter on Door of Destinies.\nCreatures you control of the chosen type get +1/+1 for each charge counter on Door of Destinies."
Peek,1.0,['U'],['U'],None,['Instant'],None,Rare,SLD,None,None,None,Look at target player's hand.\nDraw a card.
Dramatic Reversal,2.0,['U'],['U'],None,['Instant'],None,Rare,SLD,None,None,None,Untap all nonland permanents you control.
"Ashiok, Dream Render",3.0,"['B', 'U']","['B', 'U']",['Legendary'],['Planeswalker'],['Ashiok'],Rare,SLD,None,None,5,Spells and abilities your opponents control can't cause their controller to search their library.\n[−1]: Target player mills four cards. Then exile each opponent's graveyard.
"Jeska, Thrice Reborn",3.0,['R'],['R'],['Legendary'],['Planeswalker'],['Jeska'],Mythic,SLD,None,None,0,"Jeska, Thrice Reborn enters the battlefield with a loyalty counter on her for each time you've cast a commander from the command zone this game.\n[0]: Choose target creature. Until your next turn, if that creature would deal combat damage to one of your opponents, it deals triple that damage to that player instead.\n[−X]: Jeska, Thrice Reborn deals X damage to each of up to three targets.\nJeska, Thrice Reborn can be your commander.\nPartner"
Steelshaper's Gift,1.0,['W'],['W'],None,['Sorcery'],None,Rare,SLD,None,None,None,"Search your library for an Equipment card, reveal that card, put it into your hand, then shuffle."
"Ajani, Mentor of Heroes",5.0,"['G', 'W']","['G', 'W']",['Legendary'],['Planeswalker'],['Ajani'],Mythic,SLD,None,None,4,"[+1]: Distribute three +1/+1 counters among one, two, or three target creatures you control.\n[+1]: Look at the top four cards of your library. You may reveal an Aura, creature, or planeswalker card from among them and put it into your hand. Put the rest on the bottom of your library in any order.\n[−8]: You gain 100 life."
Forest,0.0,None,['G'],['Basic'],['Land'],['Forest'],Rare,SLD,None,None,None,({T}: Add {G}.)
"Godo, Bandit Warlord",6.0,['R'],['R'],['Legendary'],['Creature'],"['Human', 'Barbarian']",Rare,SLD,3,3,None,"When Godo, Bandit Warlord enters the battlefield, you may search your library for an Equipment card, put it onto the battlefield, then shuffle.\nWhenever Godo attacks for the first time each turn, untap it and all Samurai you control. After this phase, there is an additional combat phase."
Propaganda,3.0,['U'],['U'],None,['Enchantment'],None,Rare,SLD,None,None,None,Creatures can't attack you unless their controller pays {2} for each creature they control that's attacking you.
Swamp,0.0,None,['B'],['Basic'],['Land'],['Swamp'],Rare,SLD,None,None,None,({T}: Add {B}.)
True Conviction,6.0,['W'],['W'],None,['Enchantment'],None,Rare,SLD,None,None,None,Creatures you control have double strike and lifelink.
Scuttling Sliver,3.0,['U'],['U'],None,['Creature'],"['Sliver', 'Trilobite']",Rare,SLD,2,2,None,"Sliver creatures you control have ""{2}: Untap this creature."""
Elixir of Immortality,1.0,None,None,None,['Artifact'],None,Rare,SLD,None,None,None,"{2}, {T}: You gain 5 life. Shuffle Elixir of Immortality and your graveyard into their owner's library."
Screeching Sliver,1.0,['U'],['U'],None,['Creature'],['Sliver'],Rare,SLD,1,1,None,"All Slivers have ""{T}: Target player mills a card."""
Plains,0.0,None,['W'],['Basic'],['Land'],['Plains'],Rare,SLD,None,None,None,({T}: Add {W}.)
Darksteel Colossus // Darksteel Colossus,11.0,None,None,None,"['Artifact', 'Creature']",['Golem'],Mythic,SLD,11,11,None,"Trample, indestructible\nIf Darksteel Colossus would be put into a graveyard from anywhere, reveal Darksteel Colossus and shuffle it into its owner's library instead."
Council's Judgment,3.0,['W'],['W'],None,['Sorcery'],None,Rare,SLD,None,None,None,"Will of the council — Starting with you, each player votes for a nonland permanent you don't control. Exile each permanent with the most votes or tied for most votes."
Forest,0.0,None,['G'],['Basic'],['Land'],['Forest'],Rare,SLD,None,None,None,({T}: Add {G}.)
Psionic Sliver,5.0,['U'],['U'],None,['Creature'],['Sliver'],Rare,SLD,2,2,None,"All Sliver creatures have ""{T}: This creature deals 2 damage to any target and 3 damage to itself."""
Doubling Cube // Doubling Cube,2.0,None,None,None,['Artifact'],None,Rare,SLD,None,None,None,"{3}, {T}: Double the amount of each type of unspent mana you have."
Island,0.0,None,['U'],['Basic'],['Land'],['Island'],Rare,SLD,None,None,None,({T}: Add {U}.)
Blightsteel Colossus // Blightsteel Colossus,12.0,None,None,None,"['Artifact', 'Creature']","['Phyrexian', 'Golem']",Mythic,SLD,11,11,None,"Trample, infect, indestructible\nIf Blightsteel Colossus would be put into a graveyard from anywhere, reveal Blightsteel Colossus and shuffle it into its owner's library instead."
Anger,4.0,['R'],['R'],None,['Creature'],['Incarnation'],Rare,SLD,2,2,None,"Haste\nAs long as Anger is in your graveyard and you control a Mountain, creatures you control have haste."
Vengevine,4.0,['G'],['G'],None,['Creature'],['Elemental'],Mythic,SLD,4,3,None,"Haste\nWhenever you cast a spell, if it's the second creature spell you cast this turn, you may return Vengevine from your graveyard to the battlefield."
Collector Ouphe,2.0,['G'],['G'],None,['Creature'],['Ouphe'],Rare,SLD,2,2,None,Activated abilities of artifacts can't be activated.
Goblin Settler,4.0,['R'],['R'],None,['Creature'],['Goblin'],Rare,SLD,1,1,None,"When Goblin Settler enters the battlefield, destroy target land."
Void Winnower,9.0,None,None,None,['Creature'],['Eldrazi'],Mythic,SLD,11,9,None,Your opponents can't cast spells with even mana values. (Zero is even.)\nYour opponents can't block with creatures with even mana values.
"Inalla, Archmage Ritualist",5.0,"['B', 'R', 'U']","['B', 'R', 'U']",['Legendary'],['Creature'],"['Human', 'Wizard']",Mythic,SLD,4,5,None,"Eminence — Whenever another nontoken Wizard enters the battlefield under your control, if Inalla, Archmage Ritualist is in the command zone or on the battlefield, you may pay {1}. If you do, create a token that's a copy of that Wizard. The token gains haste. Exile it at the beginning of the next end step.\nTap five untapped Wizards you control: Target player loses 7 life."
Mox Tantalite,0.0,None,None,None,['Artifact'],None,Mythic,SLD,None,None,None,"Suspend 3—{0} (Rather than cast this card from your hand, pay {0} and exile it with three time counters on it. At the beginning of your upkeep, remove a time counter. When the last is removed, you may cast it without paying its mana cost.)\n{T}: Add one mana of any color."
Aether Vial,1.0,None,None,None,['Artifact'],None,Rare,SLD,None,None,None,"At the beginning of your upkeep, you may put a charge counter on Aether Vial.\n{T}: You may put a creature card with mana value equal to the number of charge counters on Aether Vial from your hand onto the battlefield."
Mox Opal,0.0,None,None,['Legendary'],['Artifact'],None,Mythic,SLD,None,None,None,Metalcraft — {T}: Add one mana of any color. Activate only if you control three or more artifacts.
Palladia-Mors,8.0,"['G', 'R', 'W']","['G', 'R', 'W']",['Legendary'],['Creature'],"['Elder', 'Dragon']",Rare,SLD,7,7,None,"Flying, trample\nAt the beginning of your upkeep, sacrifice Palladia-Mors unless you pay {R}{G}{W}."
Ward Sliver,5.0,['W'],['W'],None,['Creature'],['Sliver'],Rare,SLD,2,2,None,"As Ward Sliver enters the battlefield, choose a color.\nAll Slivers have protection from the chosen color."
Vaevictis Asmadi,8.0,"['B', 'G', 'R']","['B', 'G', 'R']",['Legendary'],['Creature'],"['Elder', 'Dragon']",Rare,SLD,7,7,None,"Flying\nAt the beginning of your upkeep, sacrifice Vaevictis Asmadi unless you pay {B}{R}{G}.\n{B}: Vaevictis Asmadi gets +1/+0 until end of turn.\n{R}: Vaevictis Asmadi gets +1/+0 until end of turn.\n{G}: Vaevictis Asmadi gets +1/+0 until end of turn."
Sword of the Animist,2.0,None,None,['Legendary'],['Artifact'],['Equipment'],Rare,SLD,None,None,None,"Equipped creature gets +1/+1.\nWhenever equipped creature attacks, you may search your library for a basic land card, put it onto the battlefield tapped, then shuffle.\nEquip {2}"
Heirloom Blade,3.0,None,None,None,['Artifact'],['Equipment'],Rare,SLD,None,None,None,"Equipped creature gets +3/+1.\nWhenever equipped creature dies, you may reveal cards from the top of your library until you reveal a creature card that shares a creature type with it. Put that card into your hand and the rest on the bottom of your library in a random order.\nEquip {1}"
Nicol Bolas,8.0,"['B', 'R', 'U']","['B', 'R', 'U']",['Legendary'],['Creature'],"['Elder', 'Dragon']",Rare,SLD,7,7,None,"Flying\nAt the beginning of your upkeep, sacrifice Nicol Bolas unless you pay {U}{B}{R}.\nWhenever Nicol Bolas deals damage to an opponent, that player discards their hand."
Chain Lightning,1.0,['R'],['R'],None,['Sorcery'],None,Rare,SLD,None,None,None,"Chain Lightning deals 3 damage to any target. Then that player or that permanent's controller may pay {R}{R}. If the player does, they may copy this spell and may choose a new target for that copy."
Chromium,8.0,"['B', 'U', 'W']","['B', 'U', 'W']",['Legendary'],['Creature'],"['Elder', 'Dragon']",Rare,SLD,7,7,None,"Flying\nRampage 2 (Whenever this creature becomes blocked, it gets +2/+2 until end of turn for each creature blocking it beyond the first.)\nAt the beginning of your upkeep, sacrifice Chromium unless you pay {W}{U}{B}."
Gravebreaker Lamia,5.0,['B'],['B'],None,"['Enchantment', 'Creature']","['Snake', 'Lamia']",Rare,SLD,4,4,None,"Lifelink\nWhen Gravebreaker Lamia enters the battlefield, search your library for a card, put it into your graveyard, then shuffle.\nSpells you cast from your graveyard cost {1} less to cast."
Teferi's Puzzle Box,4.0,None,None,None,['Artifact'],None,Rare,SLD,None,None,None,"At the beginning of each player's draw step, that player puts the cards in their hand on the bottom of their library in any order, then draws that many cards."
Sen Triplets,5.0,"['B', 'U', 'W']","['B', 'U', 'W']",['Legendary'],"['Artifact', 'Creature']","['Human', 'Wizard']",Mythic,SLD,3,3,None,"At the beginning of your upkeep, choose target opponent. This turn, that player can't cast spells or activate abilities and plays with their hand revealed. You may play lands and cast spells from that player's hand this turn."
Cut // Ribbons,4.0,['R'],"['B', 'R']",None,['Sorcery'],None,Rare,SLD,None,None,None,Cut deals 4 damage to target creature.
Arcades Sabboth,8.0,"['G', 'U', 'W']","['G', 'U', 'W']",['Legendary'],['Creature'],"['Elder', 'Dragon']",Rare,SLD,7,7,None,"Flying\nAt the beginning of your upkeep, sacrifice Arcades Sabboth unless you pay {G}{W}{U}.\nEach untapped creature you control gets +0/+2 as long as it's not attacking.\n{W}: Arcades Sabboth gets +0/+1 until end of turn."
Aura Shards,3.0,"['G', 'W']","['G', 'W']",None,['Enchantment'],None,Rare,SLD,None,None,None,"Whenever a creature enters the battlefield under your control, you may destroy target artifact or enchantment."
Grim Tutor,3.0,['B'],['B'],None,['Sorcery'],None,Rare,SLD,None,None,None,"Search your library for a card, put that card into your hand, then shuffle. You lose 3 life."
Pyromancer's Goggles,5.0,None,['R'],['Legendary'],['Artifact'],None,Mythic,SLD,None,None,None,"{T}: Add {R}. When that mana is spent to cast a red instant or sorcery spell, copy that spell and you may choose new targets for the copy."
Forest,0.0,None,['G'],['Basic'],['Land'],['Forest'],Rare,SLD,None,None,None,({T}: Add {G}.)
Repercussion,3.0,['R'],['R'],None,['Enchantment'],None,Rare,SLD,None,None,None,"Whenever a creature is dealt damage, Repercussion deals that much damage to that creature's controller."
Fiend Artisan,2.0,"['B', 'G']","['B', 'G']",None,['Creature'],['Nightmare'],Mythic,SLD,1,1,None,"Fiend Artisan gets +1/+1 for each creature card in your graveyard.\n{X}{B/G}, {T}, Sacrifice another creature: Search your library for a creature card with mana value X or less, put it onto the battlefield, then shuffle. Activate only as a sorcery."
Swamp,0.0,None,['B'],['Basic'],['Land'],['Swamp'],Rare,SLD,None,None,None,({T}: Add {B}.)
Pyretic Ritual,2.0,['R'],['R'],None,['Instant'],None,Rare,SLD,None,None,None,Add {R}{R}{R}.
Plains,0.0,None,['W'],['Basic'],['Land'],['Plains'],Rare,SLD,None,None,None,({T}: Add {W}.)
Jaya's Immolating Inferno,2.0,['R'],['R'],['Legendary'],['Sorcery'],None,Rare,SLD,None,None,None,(You may cast a legendary sorcery only if you control a legendary creature or planeswalker.)\nJaya's Immolating Inferno deals X damage to each of up to three targets.
"Karador, Ghost Chieftain",8.0,"['B', 'G', 'W']","['B', 'G', 'W']",['Legendary'],['Creature'],"['Centaur', 'Spirit']",Mythic,SLD,3,4,None,"This spell costs {1} less to cast for each creature card in your graveyard.\nOnce during each of your turns, you may cast a creature spell from your graveyard."
Gavony Township,0.0,None,"['G', 'W']",None,['Land'],None,Rare,SLD,None,None,None,"{T}: Add {C}.\n{2}{G}{W}, {T}: Put a +1/+1 counter on each creature you control."
Jaya Ballard,5.0,['R'],['R'],['Legendary'],['Planeswalker'],['Jaya'],Mythic,SLD,None,None,5,"[+1]: Add {R}{R}{R}. Spend this mana only to cast instant or sorcery spells.\n[+1]: Discard up to three cards, then draw that many cards.\n[−8]: You get an emblem with ""You may cast instant and sorcery spells from your graveyard. If a spell cast this way would be put into your graveyard, exile it instead."""
Mesmeric Sliver,4.0,['U'],['U'],None,['Creature'],['Sliver'],Rare,SLD,2,2,None,"All Slivers have ""When this permanent enters the battlefield, you may fateseal 1."" (To fateseal 1, its controller looks at the top card of an opponent's library, then they may put that card on the bottom of that library.)"
Talisman of Curiosity,2.0,None,"['G', 'U']",None,['Artifact'],None,Rare,SLD,None,None,None,{T}: Add {C}.\n{T}: Add {G} or {U}. Talisman of Curiosity deals 1 damage to you.
"Kalitas, Traitor of Ghet",4.0,['B'],['B'],['Legendary'],['Creature'],"['Vampire', 'Warrior']",Mythic,SLD,3,4,None,"Lifelink\nIf a nontoken creature an opponent controls would die, instead exile that card and create a 2/2 black Zombie creature token.\n{2}{B}, Sacrifice another Vampire or Zombie: Put two +1/+1 counters on Kalitas, Traitor of Ghet."
Grim Backwoods,0.0,None,"['B', 'G']",None,['Land'],None,Rare,SLD,None,None,None,"{T}: Add {C}.\n{2}{B}{G}, {T}, Sacrifice a creature: Draw a card."
Talisman of Conviction,2.0,None,"['R', 'W']",None,['Artifact'],None,Rare,SLD,None,None,None,{T}: Add {C}.\n{T}: Add {R} or {W}. Talisman of Conviction deals 1 damage to you.
"Magda, Brazen Outlaw",2.0,['R'],['R'],['Legendary'],['Creature'],"['Dwarf', 'Berserker']",Rare,SLD,2,1,None,"Other Dwarves you control get +1/+0.\nWhenever a Dwarf you control becomes tapped, create a Treasure token.\nSacrifice five Treasures: Search your library for an artifact or Dragon card, put that card onto the battlefield, then shuffle."
Desolate Lighthouse,0.0,None,"['R', 'U']",None,['Land'],None,Rare,SLD,None,None,None,"{T}: Add {C}.\n{1}{U}{R}, {T}: Draw a card, then discard a card."
"Najeela, the Blade-Blossom",3.0,['R'],"['B', 'G', 'R', 'U', 'W']",['Legendary'],['Creature'],"['Human', 'Warrior']",Mythic,SLD,3,2,None,"Whenever a Warrior attacks, you may have its controller create a 1/1 white Warrior creature token that's tapped and attacking.\n{W}{U}{B}{R}{G}: Untap all attacking creatures. They gain trample, lifelink, and haste until end of turn. After this phase, there is an additional combat phase. Activate only during combat."
Vault of the Archangel,0.0,None,"['B', 'W']",None,['Land'],None,Rare,SLD,None,None,None,"{T}: Add {C}.\n{2}{W}{B}, {T}: Creatures you control gain deathtouch and lifelink until end of turn."
Talisman of Unity,2.0,None,"['G', 'W']",None,['Artifact'],None,Rare,SLD,None,None,None,{T}: Add {C}.\n{T}: Add {G} or {W}. Talisman of Unity deals 1 damage to you.
"Greasefang, Okiba Boss",3.0,"['B', 'W']","['B', 'W']",['Legendary'],['Creature'],"['Rat', 'Pilot']",Rare,SLD,4,3,None,"At the beginning of combat on your turn, return target Vehicle card from your graveyard to the battlefield. It gains haste. Return it to its owner's hand at the beginning of your next end step."
"Wernog, Rider's Chaplain",2.0,"['B', 'W']","['B', 'W']",['Legendary'],['Creature'],['Human'],Rare,SLD,1,2,None,"When Wernog, Rider's Chaplain enters or leaves the battlefield, each opponent may investigate. Each opponent who doesn't loses 1 life. You investigate X times, where X is one plus the number of opponents who investigated this way.\nFriends forever (You can have two commanders if both have friends forever.)"
Talisman of Creativity,2.0,None,"['R', 'U']",None,['Artifact'],None,Rare,SLD,None,None,None,{T}: Add {C}.\n{T}: Add {U} or {R}. Talisman of Creativity deals 1 damage to you.
"Elmar, Ulvenwald Informant",3.0,"['G', 'R']","['G', 'R']",['Legendary'],['Creature'],['Human'],Rare,SLD,3,2,None,"Haste\nWhenever you cast your second spell each turn, untap target creature, then investigate. (Create a colorless Clue artifact token with ""{2}, Sacrifice this artifact: Draw a card."")\nFriends forever (You can have two commanders if both have friends forever.)"
Talisman of Resilience,2.0,None,"['B', 'G']",None,['Artifact'],None,Rare,SLD,None,None,None,{T}: Add {C}.\n{T}: Add {B} or {G}. Talisman of Resilience deals 1 damage to you.
Eladamri's Vineyard,1.0,['G'],['G'],None,['Enchantment'],None,Rare,SLD,None,None,None,"At the beginning of each player's precombat main phase, that player adds {G}{G}."
Sidewinder Sliver,1.0,['W'],['W'],None,['Creature'],['Sliver'],Rare,SLD,1,1,None,"All Sliver creatures have flanking. (Whenever a creature without flanking blocks a Sliver, the blocking creature gets -1/-1 until end of turn.)"
Talisman of Hierarchy,2.0,None,"['B', 'W']",None,['Artifact'],None,Rare,SLD,None,None,None,{T}: Add {C}.\n{T}: Add {W} or {B}. Talisman of Hierarchy deals 1 damage to you.
"Cecily, Haunted Mage",4.0,"['B', 'R', 'U']","['B', 'R', 'U']",['Legendary'],['Creature'],"['Human', 'Wizard']",Rare,SLD,3,5,None,"Your maximum hand size is eleven.\nWhenever Cecily, Haunted Mage attacks, you draw a card and you lose 1 life. Then if you have eleven or more cards in your hand, you may cast an instant or sorcery spell from your hand without paying its mana cost.\nFriends forever (You can have two commanders if both have friends forever.)"
Talisman of Impulse,2.0,None,"['G', 'R']",None,['Artifact'],None,Rare,SLD,None,None,None,{T}: Add {C}.\n{T}: Add {R} or {G}. Talisman of Impulse deals 1 damage to you.
Inkshield,5.0,"['B', 'W']","['B', 'W']",None,['Instant'],None,Rare,SLD,None,None,None,"Prevent all combat damage that would be dealt to you this turn. For each 1 damage prevented this way, create a 2/1 white and black Inkling creature token with flying."
"Hargilde, Kindly Runechanter",4.0,"['U', 'W']","['U', 'W']",['Legendary'],['Creature'],['Human'],Rare,SLD,2,3,None,{T}: Add {C}{C}. Spend this mana only to cast artifact spells or activate abilities of artifacts.\nFriends forever (You can have two commanders if both have friends forever.)
Talisman of Indulgence,2.0,None,"['B', 'R']",None,['Artifact'],None,Rare,SLD,None,None,None,{T}: Add {C}.\n{T}: Add {B} or {R}. Talisman of Indulgence deals 1 damage to you.
Ruhan of the Fomori,4.0,"['R', 'U', 'W']","['R', 'U', 'W']",['Legendary'],['Creature'],"['Giant', 'Warrior']",Mythic,SLD,7,7,None,"At the beginning of combat on your turn, choose an opponent at random. Ruhan of the Fomori attacks that player this combat if able."
"Arvinox, the Mind Flail",7.0,['B'],['B'],['Legendary'],"['Enchantment', 'Creature']",['Horror'],Mythic,SLD,9,9,None,"Arvinox, the Mind Flail isn't a creature unless you control three or more permanents you don't own.\nAt the beginning of your end step, exile the bottom card of each opponent's library face down. For as long as those cards remain exiled, you may look at them, you may cast permanent spells from among them, and you may spend mana as though it were mana of any color to cast those spells."
Talisman of Dominance,2.0,None,"['B', 'U']",None,['Artifact'],None,Rare,SLD,None,None,None,{T}: Add {C}.\n{T}: Add {U} or {B}. Talisman of Dominance deals 1 damage to you.
Bonescythe Sliver,4.0,['W'],['W'],None,['Creature'],['Sliver'],Rare,SLD,2,2,None,Sliver creatures you control have double strike. (They deal both first-strike and regular combat damage.)
Talisman of Progress,2.0,None,"['U', 'W']",None,['Artifact'],None,Rare,SLD,None,None,None,{T}: Add {C}.\n{T}: Add {W} or {U}. Talisman of Progress deals 1 damage to you.
The Gitrog Monster,5.0,"['B', 'G']","['B', 'G']",['Legendary'],['Creature'],"['Frog', 'Horror']",Mythic,SLD,6,6,None,"Deathtouch\nAt the beginning of your upkeep, sacrifice The Gitrog Monster unless you sacrifice a land.\nYou may play an additional land on each of your turns.\nWhenever one or more land cards are put into your graveyard from anywhere, draw a card."
"Jaxis, the Troublemaker",4.0,['R'],['R'],['Legendary'],['Creature'],"['Human', 'Warrior']",Rare,SLD,2,3,None,"{R}, {T}, Discard a card: Create a token that's a copy of another target creature you control. It gains haste and ""When this creature dies, draw a card."" Sacrifice it at the beginning of the next end step. Activate only as a sorcery.\nBlitz {1}{R} (If you cast this spell for its blitz cost, it gains haste and ""When this creature dies, draw a card."" Sacrifice it at the beginning of the next end step.)"
Darksteel Citadel,0.0,None,None,None,"['Artifact', 'Land']",None,Rare,SLD,None,None,None,Indestructible\n{T}: Add {C}.
Compost,2.0,['G'],['G'],None,['Enchantment'],None,Rare,SLD,None,None,None,"Whenever a black card is put into an opponent's graveyard from anywhere, you may draw a card."
Coffin Queen,3.0,['B'],['B'],None,['Creature'],"['Zombie', 'Wizard']",Rare,SLD,1,1,None,"You may choose not to untap Coffin Queen during your untap step.\n{2}{B}, {T}: Put target creature card from a graveyard onto the battlefield under your control. When Coffin Queen becomes untapped or you lose control of Coffin Queen, exile that creature."
Swiftfoot Boots,2.0,None,None,None,['Artifact'],['Equipment'],Rare,SLD,None,None,None,Equipped creature has hexproof and haste. (It can't be the target of spells or abilities your opponents control.)\nEquip {1}
"Pir, Imaginative Rascal",3.0,['G'],['G'],['Legendary'],['Creature'],['Human'],Rare,SLD,1,1,None,"Partner with Toothy, Imaginary Friend (When this creature enters the battlefield, target player may put Toothy into their hand from their library, then shuffle.)\nIf one or more counters would be put on a permanent your team controls, that many plus one of each of those kinds of counters are put on that permanent instead."
Mystical Tutor,1.0,['U'],['U'],None,['Instant'],None,Rare,SLD,None,None,None,"Search your library for an instant or sorcery card, reveal it, then shuffle and put that card on top."
"Tezzeret, Agent of Bolas",4.0,"['B', 'U']","['B', 'U']",['Legendary'],['Planeswalker'],['Tezzeret'],Mythic,SLD,None,None,3,"[+1]: Look at the top five cards of your library. You may reveal an artifact card from among them and put it into your hand. Put the rest on the bottom of your library in any order.\n[−1]: Target artifact becomes an artifact creature with base power and toughness 5/5.\n[−4]: Target player loses X life and you gain X life, where X is twice the number of artifacts you control."
Professional Face-Breaker,3.0,['R'],['R'],None,['Creature'],"['Human', 'Warrior']",Rare,SLD,2,3,None,"Menace\nWhenever one or more creatures you control deal combat damage to a player, create a Treasure token.\nSacrifice a Treasure: Exile the top card of your library. You may play that card this turn."
Panharmonicon,4.0,None,None,None,['Artifact'],None,Rare,SLD,None,None,None,"If an artifact or creature entering the battlefield causes a triggered ability of a permanent you control to trigger, that ability triggers an additional time."
"Toothy, Imaginary Friend",4.0,['U'],['U'],['Legendary'],['Creature'],['Illusion'],Rare,SLD,1,1,None,"Partner with Pir, Imaginative Rascal (When this creature enters the battlefield, target player may put Pir into their hand from their library, then shuffle.)\nWhenever you draw a card, put a +1/+1 counter on Toothy, Imaginary Friend.\nWhen Toothy leaves the battlefield, draw a card for each +1/+1 counter on it."
"Rankle, Master of Pranks",4.0,['B'],['B'],['Legendary'],['Creature'],"['Faerie', 'Rogue']",Mythic,SLD,3,3,None,"Flying, haste\nWhenever Rankle, Master of Pranks deals combat damage to a player, choose any number —\n• Each player discards a card.\n• Each player loses 1 life and draws a card.\n• Each player sacrifices a creature."
Eldrazi Monument,5.0,None,None,None,['Artifact'],None,Mythic,SLD,None,None,None,"Creatures you control get +1/+1 and have flying and indestructible.\nAt the beginning of your upkeep, sacrifice a creature. If you can't, sacrifice Eldrazi Monument."
Matter Reshaper,3.0,None,None,None,['Creature'],['Eldrazi'],Rare,SLD,3,2,None,"({C} represents colorless mana.)\nWhen Matter Reshaper dies, reveal the top card of your library. You may put that card onto the battlefield if it's a permanent card with mana value 3 or less. Otherwise, put that card into your hand."
"Jace, the Mind Sculptor",4.0,['U'],['U'],['Legendary'],['Planeswalker'],['Jace'],Mythic,SLD,None,None,3,"[+2]: Look at the top card of target player's library. You may put that card on the bottom of that player's library.\n[0]: Draw three cards, then put two cards from your hand on top of your library in any order.\n[−1]: Return target creature to its owner's hand.\n[−12]: Exile all cards from target player's library, then that player shuffles their hand into their library."
Hibernation Sliver,2.0,"['B', 'U']","['B', 'U']",None,['Creature'],['Sliver'],Rare,SLD,2,2,None,"All Slivers have ""Pay 2 life: Return this permanent to its owner's hand."""
Knight of the White Orchid,2.0,['W'],['W'],None,['Creature'],"['Human', 'Knight']",Rare,SLD,2,2,None,"First strike\nWhen Knight of the White Orchid enters the battlefield, if an opponent controls more lands than you, you may search your library for a Plains card, put it onto the battlefield, then shuffle."
Doom Blade,2.0,['B'],['B'],None,['Instant'],None,Rare,SLD,None,None,None,Destroy target nonblack creature.
Galerider Sliver,1.0,['U'],['U'],None,['Creature'],['Sliver'],Rare,SLD,1,1,None,Sliver creatures you control have flying.
Massacre,4.0,['B'],['B'],None,['Sorcery'],None,Rare,SLD,None,None,None,"If an opponent controls a Plains and you control a Swamp, you may cast this spell without paying its mana cost.\nAll creatures get -2/-2 until end of turn."
Diffusion Sliver,2.0,['U'],['U'],None,['Creature'],['Sliver'],Rare,SLD,1,1,None,"Whenever a Sliver creature you control becomes the target of a spell or ability an opponent controls, counter that spell or ability unless its controller pays {2}."
"Tevesh Szat, Doom of Fools",5.0,['B'],['B'],['Legendary'],['Planeswalker'],['Szat'],Mythic,SLD,None,None,4,"[+2]: Create two 0/1 black Thrull creature tokens.\n[+1]: You may sacrifice another creature or planeswalker. If you do, draw two cards, then draw another card if the sacrificed permanent was a commander.\n[−10]: Gain control of all commanders. Put all commanders from the command zone onto the battlefield under your control.\nTevesh Szat, Doom of Fools can be your commander.\nPartner"
Torment of Hailfire,2.0,['B'],['B'],None,['Sorcery'],None,Rare,SLD,None,None,None,Repeat the following process X times. Each opponent loses 3 life unless that player sacrifices a nonland permanent or discards a card.
Fact or Fiction,4.0,['U'],['U'],None,['Instant'],None,Rare,SLD,None,None,None,Reveal the top five cards of your library. An opponent separates those cards into two piles. Put one pile into your hand and the other into your graveyard.
Ruination,4.0,['R'],['R'],None,['Sorcery'],None,Rare,SLD,None,None,None,Destroy all nonbasic lands.
Frenetic Sliver,3.0,"['R', 'U']","['R', 'U']",None,['Creature'],['Sliver'],Rare,SLD,2,2,None,"All Slivers have ""{0}: If this permanent is on the battlefield, flip a coin. If you win the flip, exile this permanent and return it to the battlefield under its owner's control at the beginning of the next end step. If you lose the flip, sacrifice it."""
Generous Patron,3.0,['G'],['G'],None,['Creature'],"['Elf', 'Advisor']",Rare,SLD,1,4,None,"When Generous Patron enters the battlefield, support 2. (Put a +1/+1 counter on each of up to two other target creatures.)\nWhenever you put one or more counters on a creature you don't control, draw a card."
"Garruk, Caller of Beasts",6.0,['G'],['G'],['Legendary'],['Planeswalker'],['Garruk'],Mythic,SLD,None,None,4,"[+1]: Reveal the top five cards of your library. Put all creature cards revealed this way into your hand and the rest on the bottom of your library in any order.\n[−3]: You may put a green creature card from your hand onto the battlefield.\n[−7]: You get an emblem with ""Whenever you cast a creature spell, you may search your library for a creature card, put it onto the battlefield, then shuffle."""
Cloudshredder Sliver,2.0,"['R', 'W']","['R', 'W']",None,['Creature'],['Sliver'],Rare,SLD,1,1,None,Sliver creatures you control have flying and haste.
"Rograkh, Son of Rohgahh",0.0,['R'],['R'],['Legendary'],['Creature'],"['Kobold', 'Warrior']",Rare,SLD,0,1,None,"First strike, menace, trample\nPartner (You can have two commanders if both have partner.)"
Geralf's Messenger,3.0,['B'],['B'],None,['Creature'],['Zombie'],Rare,SLD,3,2,None,"Geralf's Messenger enters the battlefield tapped.\nWhen Geralf's Messenger enters the battlefield, target opponent loses 2 life.\nUndying (When this creature dies, if it had no +1/+1 counters on it, return it to the battlefield under its owner's control with a +1/+1 counter on it.)"
Root Sliver,4.0,['G'],['G'],None,['Creature'],['Sliver'],Rare,SLD,2,2,None,This spell can't be countered.\nSliver spells can't be countered.
Empress Galina,5.0,['U'],['U'],['Legendary'],['Creature'],"['Merfolk', 'Noble']",Rare,SLD,1,3,None,"{U}{U}, {T}: Gain control of target legendary permanent. (This effect lasts indefinitely.)"
Predatory Sliver,2.0,['G'],['G'],None,['Creature'],['Sliver'],Rare,SLD,1,1,None,Sliver creatures you control get +1/+1.
Horned Sliver,3.0,['G'],['G'],None,['Creature'],['Sliver'],Rare,SLD,2,2,None,All Sliver creatures have trample.
Shadowborn Apostle,1.0,['B'],['B'],None,['Creature'],"['Human', 'Cleric']",Rare,SLD,1,1,None,"A deck can have any number of cards named Shadowborn Apostle.\n{B}, Sacrifice six creatures named Shadowborn Apostle: Search your library for a Demon creature card, put it onto the battlefield, then shuffle."
Brood Sliver,5.0,['G'],['G'],None,['Creature'],['Sliver'],Rare,SLD,3,3,None,"Whenever a Sliver deals combat damage to a player, its controller may create a 1/1 colorless Sliver creature token."
Viscera Seer,1.0,['B'],['B'],None,['Creature'],"['Vampire', 'Wizard']",Common,SLD,1,1,None,Sacrifice a creature: Scry 1. (Look at the top card of your library. You may put that card on the bottom of your library.)
Manaweft Sliver,2.0,['G'],['G'],None,['Creature'],['Sliver'],Rare,SLD,1,1,None,"Sliver creatures you control have ""{T}: Add one mana of any color."""
Command Tower,0.0,None,None,None,['Land'],None,Rare,SLD,None,None,None,{T}: Add one mana of any color in your commander's color identity.
Pyrite Spellbomb,1.0,None,['R'],None,['Artifact'],None,Rare,SLD,None,None,None,"{R}, Sacrifice Pyrite Spellbomb: It deals 2 damage to any target.\n{1}, Sacrifice Pyrite Spellbomb: Draw a card."
Lord of the Undead,3.0,['B'],['B'],None,['Creature'],['Zombie'],Rare,SLD,2,2,None,"Other Zombie creatures get +1/+1.\n{1}{B}, {T}: Return target Zombie card from your graveyard to your hand."
Crash Through,1.0,['R'],['R'],None,['Sorcery'],None,Rare,SLD,None,None,None,Creatures you control gain trample until end of turn. (A creature with trample can deal excess combat damage to the player or planeswalker it's attacking.)\nDraw a card.
Mountain,0.0,None,['R'],['Basic'],['Land'],['Mountain'],Common,SLD,None,None,None,({T}: Add {R}.)
Island,0.0,None,['U'],['Basic'],['Land'],['Island'],Common,SLD,None,None,None,({T}: Add {U}.)
"Wrexial, the Risen Deep",6.0,"['B', 'U']","['B', 'U']",['Legendary'],['Creature'],['Kraken'],Mythic,SLD,5,8,None,"Islandwalk, swampwalk (This creature can't be blocked as long as defending player controls an Island or a Swamp.)\nWhenever Wrexial, the Risen Deep deals combat damage to a player, you may cast target instant or sorcery card from that player's graveyard without paying its mana cost. If that spell would be put into a graveyard, exile it instead."
Questing Phelddagrif,4.0,"['G', 'U', 'W']","['G', 'U', 'W']",None,['Creature'],['Phelddagrif'],Rare,SLD,4,4,None,{G}: Questing Phelddagrif gets +1/+1 until end of turn. Target opponent creates a 1/1 green Hippo creature token.\n{W}: Questing Phelddagrif gains protection from black and from red until end of turn. Target opponent gains 2 life.\n{U}: Questing Phelddagrif gains flying until end of turn. Target opponent may draw a card.
Gisa's Favorite Shovel,2.0,['B'],['B'],['Legendary'],['Artifact'],['Equipment'],Mythic,SLD,None,None,None,"Equipped creature gets +2/+0 and has menace.\nWhenever equipped creature attacks, defending player sacrifices a creature. If they do, you create a Walker token. (It's a 2/2 black Zombie creature.)\nEquip {4}"
Plains,0.0,None,['W'],['Basic'],['Land'],['Plains'],Rare,SLD,None,None,None,({T}: Add {W}.)
Forest,0.0,None,['G'],['Basic'],['Land'],['Forest'],Common,SLD,None,None,None,({T}: Add {G}.)
Battlefield Forge,0.0,None,"['R', 'W']",None,['Land'],None,Rare,SLD,None,None,None,{T}: Add {C}.\n{T}: Add {R} or {W}. Battlefield Forge deals 1 damage to you.
Forest,0.0,None,['G'],['Basic'],['Land'],['Forest'],Common,SLD,None,None,None,({T}: Add {G}.)
Sliver Hive,0.0,None,None,None,['Land'],None,Rare,SLD,None,None,None,"{T}: Add {C}.\n{T}: Add one mana of any color. Spend this mana only to cast a Sliver spell.\n{5}, {T}: Create a 1/1 colorless Sliver creature token. Activate only if you control a Sliver."
Forest,0.0,None,['G'],['Basic'],['Land'],['Forest'],Common,SLD,None,None,None,({T}: Add {G}.)
Opaline Sliver,3.0,"['U', 'W']","['U', 'W']",None,['Creature'],['Sliver'],Rare,SLD,2,2,None,"All Slivers have ""Whenever this permanent becomes the target of a spell an opponent controls, you may draw a card."""
Forest,0.0,None,['G'],['Basic'],['Land'],['Forest'],Common,SLD,None,None,None,({T}: Add {G}.)
Mountain,0.0,None,['R'],['Basic'],['Land'],['Mountain'],Common,SLD,None,None,None,({T}: Add {R}.)
Mountain,0.0,None,['R'],['Basic'],['Land'],['Mountain'],Common,SLD,None,None,None,({T}: Add {R}.)
Mountain,0.0,None,['R'],['Basic'],['Land'],['Mountain'],Common,SLD,None,None,None,({T}: Add {R}.)
Elvish Vanguard,2.0,['G'],['G'],None,['Creature'],"['Elf', 'Warrior']",Rare,SLD,1,1,None,"Whenever another Elf enters the battlefield, put a +1/+1 counter on Elvish Vanguard."
Mountain,0.0,None,['R'],['Basic'],['Land'],['Mountain'],Common,SLD,None,None,None,({T}: Add {R}.)
Merciless Executioner,3.0,['B'],['B'],None,['Creature'],"['Orc', 'Warrior']",Rare,SLD,3,1,None,"When Merciless Executioner enters the battlefield, each player sacrifices a creature."
Swamp,0.0,None,['B'],['Basic'],['Land'],['Swamp'],Common,SLD,None,None,None,({T}: Add {B}.)
Scourge of the Throne,6.0,['R'],['R'],None,['Creature'],['Dragon'],Mythic,SLD,5,5,None,"Flying\nDethrone (Whenever this creature attacks the player with the most life or tied for most life, put a +1/+1 counter on it.)\nWhenever Scourge of the Throne attacks for the first time each turn, if it's attacking the player with the most life or tied for most life, untap all attacking creatures. After this phase, there is an additional combat phase."
Swamp,0.0,None,['B'],['Basic'],['Land'],['Swamp'],Common,SLD,None,None,None,({T}: Add {B}.)
Defense of the Heart,4.0,['G'],['G'],None,['Enchantment'],None,Rare,SLD,None,None,None,"At the beginning of your upkeep, if an opponent controls three or more creatures, sacrifice Defense of the Heart, search your library for up to two creature cards, put those cards onto the battlefield, then shuffle."
Striking Sliver,1.0,['R'],['R'],None,['Creature'],['Sliver'],Rare,SLD,1,1,None,Sliver creatures you control have first strike. (They deal combat damage before creatures without first strike.)
Swamp,0.0,None,['B'],['Basic'],['Land'],['Swamp'],Common,SLD,None,None,None,({T}: Add {B}.)
Fling,2.0,['R'],['R'],None,['Instant'],None,Rare,SLD,None,None,None,"As an additional cost to cast this spell, sacrifice a creature.\nFling deals damage equal to the sacrificed creature's power to any target."
Swamp,0.0,None,['B'],['Basic'],['Land'],['Swamp'],Common,SLD,None,None,None,({T}: Add {B}.)
Bone Splinters,1.0,['B'],['B'],None,['Sorcery'],None,Rare,SLD,None,None,None,"As an additional cost to cast this spell, sacrifice a creature.\nDestroy target creature."
Island,0.0,None,['U'],['Basic'],['Land'],['Island'],Common,SLD,None,None,None,({T}: Add {U}.)
"Danitha Capashen, Paragon",3.0,['W'],['W'],['Legendary'],['Creature'],"['Human', 'Knight']",Rare,SLD,2,2,None,"First strike, vigilance, lifelink\nAura and Equipment spells you cast cost {1} less to cast."
Island,0.0,None,['U'],['Basic'],['Land'],['Island'],Common,SLD,None,None,None,({T}: Add {U}.)
Rewind,4.0,['U'],['U'],None,['Instant'],None,Rare,SLD,None,None,None,Counter target spell. Untap up to four lands.
Island,0.0,None,['U'],['Basic'],['Land'],['Island'],Common,SLD,None,None,None,({T}: Add {U}.)
Approach of the Second Sun,7.0,['W'],['W'],None,['Sorcery'],None,Rare,SLD,None,None,None,"If this spell was cast from your hand and you've cast another spell named Approach of the Second Sun this game, you win the game. Otherwise, put Approach of the Second Sun into its owner's library seventh from the top and you gain 7 life."
Island,0.0,None,['U'],['Basic'],['Land'],['Island'],Common,SLD,None,None,None,({T}: Add {U}.)
Loxodon Warhammer,3.0,None,None,None,['Artifact'],['Equipment'],Rare,SLD,None,None,None,Equipped creature gets +3/+0 and has trample and lifelink.\nEquip {3}
Syphon Sliver,3.0,['B'],['B'],None,['Creature'],['Sliver'],Rare,SLD,2,2,None,Sliver creatures you control have lifelink. (Damage dealt by a Sliver creature you control also causes you to gain that much life.)
Aggravated Assault,3.0,['R'],['R'],None,['Enchantment'],None,Rare,SLD,None,None,None,"{3}{R}{R}: Untap all creatures you control. After this main phase, there is an additional combat phase followed by an additional main phase. Activate only as a sorcery."
Plains,0.0,None,['W'],['Basic'],['Land'],['Plains'],Common,SLD,None,None,None,({T}: Add {W}.)
Blind Obedience,2.0,['W'],['W'],None,['Enchantment'],None,Rare,SLD,None,None,None,"Extort (Whenever you cast a spell, you may pay {W/B}. If you do, each opponent loses 1 life and you gain that much life.)\nArtifacts and creatures your opponents control enter the battlefield tapped."
Veil of Summer,1.0,['G'],['G'],None,['Instant'],None,Rare,SLD,None,None,None,Draw a card if an opponent has cast a blue or black spell this turn. Spells you control can't be countered this turn. You and permanents you control gain hexproof from blue and from black until end of turn. (You and they can't be the targets of blue or black spells or abilities your opponents control.)
Plains,0.0,None,['W'],['Basic'],['Land'],['Plains'],Common,SLD,None,None,None,({T}: Add {W}.)
"Skysovereign, Consul Flagship",5.0,None,None,['Legendary'],['Artifact'],['Vehicle'],Mythic,SLD,6,5,None,"Flying\nWhenever Skysovereign, Consul Flagship enters the battlefield or attacks, it deals 3 damage to target creature or planeswalker an opponent controls.\nCrew 3 (Tap any number of creatures you control with total power 3 or more: This Vehicle becomes an artifact creature until end of turn.)"
Plains,0.0,None,['W'],['Basic'],['Land'],['Plains'],Common,SLD,None,None,None,({T}: Add {W}.)
Zurgo Helmsmasher,5.0,"['B', 'R', 'W']","['B', 'R', 'W']",['Legendary'],['Creature'],"['Orc', 'Warrior']",Mythic,SLD,7,2,None,"Haste\nZurgo Helmsmasher attacks each combat if able.\nZurgo Helmsmasher has indestructible as long as it's your turn.\nWhenever a creature dealt damage by Zurgo Helmsmasher this turn dies, put a +1/+1 counter on Zurgo Helmsmasher."
Swamp,0.0,None,['B'],['Basic'],['Land'],['Swamp'],Rare,SLD,None,None,None,({T}: Add {B}.)
"Krenko, Tin Street Kingpin",3.0,['R'],['R'],['Legendary'],['Creature'],['Goblin'],Rare,SLD,1,2,None,"Whenever Krenko, Tin Street Kingpin attacks, put a +1/+1 counter on it, then create a number of 1/1 red Goblin creature tokens equal to Krenko's power."
Evolving Wilds,0.0,None,None,None,['Land'],None,Rare,SLD,None,None,None,"{T}, Sacrifice Evolving Wilds: Search your library for a basic land card, put it onto the battlefield tapped, then shuffle."
Necrotic Sliver,3.0,"['B', 'W']","['B', 'W']",None,['Creature'],['Sliver'],Rare,SLD,2,2,None,"All Slivers have ""{3}, Sacrifice this permanent: Destroy target permanent."""
"Vraska, Swarm's Eminence",4.0,"['B', 'G']","['B', 'G']",['Legendary'],['Planeswalker'],['Vraska'],Uncommon,SLD,None,None,5,"Whenever a creature you control with deathtouch deals damage to a player or planeswalker, put a +1/+1 counter on that creature.\n[−2]: Create a 1/1 black Assassin creature token with deathtouch and ""Whenever this creature deals damage to a planeswalker, destroy that planeswalker."""
Praetor's Grasp,3.0,['B'],['B'],None,['Sorcery'],None,Rare,SLD,None,None,None,Search target opponent's library for a card and exile it face down. Then that player shuffles. You may look at and play that card for as long as it remains exiled.
"Samut, Tyrant Smasher",4.0,"['G', 'R']","['G', 'R']",['Legendary'],['Planeswalker'],['Samut'],Uncommon,SLD,None,None,5,Creatures you control have haste.\n[−1]: Target creature gets +2/+1 and gains haste until end of turn. Scry 1.
Solve the Equation,3.0,['U'],['U'],None,['Sorcery'],None,Rare,SLD,None,None,None,"Search your library for an instant or sorcery card, reveal it, put it into your hand, then shuffle."
Telekinetic Sliver,4.0,['U'],['U'],None,['Creature'],['Sliver'],Rare,SLD,2,2,None,"All Slivers have ""{T}: Tap target permanent."""
"Nahiri, Storm of Stone",4.0,"['R', 'W']","['R', 'W']",['Legendary'],['Planeswalker'],['Nahiri'],Uncommon,SLD,None,None,6,"As long as it's your turn, creatures you control have first strike and equip abilities you activate cost {1} less to activate.\n[−X]: Nahiri, Storm of Stone deals X damage to target tapped creature."
Idyllic Tutor,3.0,['W'],['W'],None,['Sorcery'],None,Rare,SLD,None,None,None,"Search your library for an enchantment card, reveal it, put it into your hand, then shuffle."
"Kiora, Behemoth Beckoner",3.0,"['G', 'U']","['G', 'U']",['Legendary'],['Planeswalker'],['Kiora'],Uncommon,SLD,None,None,7,"Whenever a creature with power 4 or greater enters the battlefield under your control, draw a card.\n[−1]: Untap target permanent."
Tiamat,7.0,"['B', 'G', 'R', 'U', 'W']","['B', 'G', 'R', 'U', 'W']",['Legendary'],['Creature'],"['Dragon', 'God']",Mythic,SLD,7,7,None,"Flying\nWhen Tiamat enters the battlefield, if you cast it, search your library for up to five Dragon cards not named Tiamat that each have different names, reveal them, put them into your hand, then shuffle."
"Dovin, Hand of Control",3.0,"['U', 'W']","['U', 'W']",['Legendary'],['Planeswalker'],['Dovin'],Uncommon,SLD,None,None,5,"Artifact, instant, and sorcery spells your opponents cast cost {1} more to cast.\n[−1]: Until your next turn, prevent all damage that would be dealt to and dealt by target permanent an opponent controls."
Old Gnawbone,7.0,['G'],['G'],['Legendary'],['Creature'],['Dragon'],Mythic,SLD,7,7,None,"Flying\nWhenever a creature you control deals combat damage to a player, create that many Treasure tokens."
"Angrath, Captain of Chaos",4.0,"['B', 'R']","['B', 'R']",['Legendary'],['Planeswalker'],['Angrath'],Uncommon,SLD,None,None,5,"Creatures you control have menace.\n[−2]: Amass Zombies 2. (Put two +1/+1 counters on an Army you control. It's also a Zombie. If you don't control an Army, create a 0/0 black Zombie Army creature token first.)"
Inferno of the Star Mounts,6.0,['R'],['R'],['Legendary'],['Creature'],['Dragon'],Mythic,SLD,6,6,None,"This spell can't be countered.\nFlying, haste\n{R}: Inferno of the Star Mounts gets +1/+0 until end of turn. When its power becomes 20 this way, it deals 20 damage to any target."
"Domri, Anarch of Bolas",3.0,"['G', 'R']","['G', 'R']",['Legendary'],['Planeswalker'],['Domri'],Rare,SLD,None,None,3,Creatures you control get +1/+0.\n[+1]: Add {R} or {G}. Creature spells you cast this turn can't be countered.\n[−2]: Target creature you control fights target creature you don't control.
"Ebondeath, Dracolich",4.0,['B'],['B'],['Legendary'],['Creature'],"['Zombie', 'Dragon']",Mythic,SLD,5,2,None,"Flash\nFlying\nEbondeath, Dracolich enters the battlefield tapped.\nYou may cast Ebondeath, Dracolich from your graveyard if a creature not named Ebondeath, Dracolich died this turn."
"Vivien, Champion of the Wilds",3.0,['G'],['G'],['Legendary'],['Planeswalker'],['Vivien'],Rare,SLD,None,None,4,"You may cast creature spells as though they had flash.\n[+1]: Until your next turn, up to one target creature gains vigilance and reach.\n[−2]: Look at the top three cards of your library. Exile one face down and put the rest on the bottom of your library in any order. For as long as it remains exiled, you may look at that card and you may cast it if it's a creature spell."
"Iymrith, Desert Doom",5.0,['U'],['U'],['Legendary'],['Creature'],['Dragon'],Mythic,SLD,5,5,None,"Flying\nIymrith, Desert Doom has ward {4} as long as it's untapped.\nWhenever Iymrith deals combat damage to a player, draw a card. Then if you have fewer than three cards in hand, draw cards equal to the difference."
"Ral, Storm Conduit",4.0,"['R', 'U']","['R', 'U']",['Legendary'],['Planeswalker'],['Ral'],Rare,SLD,None,None,4,"Whenever you cast or copy an instant or sorcery spell, Ral, Storm Conduit deals 1 damage to target opponent or planeswalker.\n[+2]: Scry 1.\n[−2]: When you next cast an instant or sorcery spell this turn, copy that spell. You may choose new targets for the copy."
"Icingdeath, Frost Tyrant",4.0,['W'],['W'],['Legendary'],['Creature'],['Dragon'],Mythic,SLD,4,3,None,"Flying, vigilance\nWhen Icingdeath, Frost Tyrant dies, create Icingdeath, Frost Tongue, a legendary white Equipment artifact token with ""Equipped creature gets +2/+0,"" ""Whenever equipped creature attacks, tap target creature defending player controls,"" and equip {2}."
"Nissa, Who Shakes the World",5.0,['G'],['G'],['Legendary'],['Planeswalker'],['Nissa'],Rare,SLD,None,None,5,"Whenever you tap a Forest for mana, add an additional {G}.\n[+1]: Put three +1/+1 counters on up to one target noncreature land you control. Untap it. It becomes a 0/0 Elemental creature with vigilance and haste that's still a land.\n[−8]: You get an emblem with ""Lands you control have indestructible."" Search your library for any number of Forest cards, put them onto the battlefield tapped, then shuffle."
Mana Confluence,0.0,None,None,None,['Land'],None,Rare,SLD,None,None,None,"{T}, Pay 1 life: Add one mana of any color."
"Jiang Yanggu, Wildcrafter",3.0,['G'],['G'],['Legendary'],['Planeswalker'],['Yanggu'],Uncommon,SLD,None,None,3,"Each creature you control with a +1/+1 counter on it has ""{T}: Add one mana of any color.""\n[−1]: Put a +1/+1 counter on target creature."
"Tibalt, Rakish Instigator",3.0,['R'],['R'],['Legendary'],['Planeswalker'],['Tibalt'],Uncommon,SLD,None,None,5,"Your opponents can't gain life.\n[−2]: Create a 1/1 red Devil creature token with ""When this creature dies, it deals 1 damage to any target."""
Heartbeat of Spring,3.0,['G'],['G'],None,['Enchantment'],None,Rare,SLD,None,None,None,"Whenever a player taps a land for mana, that player adds one mana of any type that land produced."
"Jaya, Venerated Firemage",5.0,['R'],['R'],['Legendary'],['Planeswalker'],['Jaya'],Uncommon,SLD,None,None,5,"If another red source you control would deal damage to a permanent or player, it deals that much damage plus 1 to that permanent or player instead.\n[−2]: Jaya, Venerated Firemage deals 2 damage to any target."
Collective Voyage,1.0,['G'],['G'],None,['Sorcery'],None,Rare,SLD,None,None,None,"Join forces — Starting with you, each player may pay any amount of mana. Each player searches their library for up to X basic land cards, where X is the total amount of mana paid this way, puts them onto the battlefield tapped, then shuffles."
"Ob Nixilis, the Hate-Twisted",5.0,['B'],['B'],['Legendary'],['Planeswalker'],['Nixilis'],Uncommon,SLD,None,None,5,"Whenever an opponent draws a card, Ob Nixilis, the Hate-Twisted deals 1 damage to that player.\n[−2]: Destroy target creature. Its controller draws two cards."
Bearscape,3.0,['G'],['G'],None,['Enchantment'],None,Rare,SLD,None,None,None,"{1}{G}, Exile two cards from your graveyard: Create a 2/2 green Bear creature token."
"Davriel, Rogue Shadowmage",3.0,['B'],['B'],['Legendary'],['Planeswalker'],['Davriel'],Uncommon,SLD,None,None,3,"At the beginning of each opponent's upkeep, if that player has one or fewer cards in hand, Davriel, Rogue Shadowmage deals 2 damage to them.\n[−1]: Target player discards a card."
"Alesha, Who Smiles at Death",3.0,['R'],"['B', 'R', 'W']",['Legendary'],['Creature'],"['Human', 'Warrior']",Rare,SLD,3,2,None,"First strike\nWhenever Alesha, Who Smiles at Death attacks, you may pay {W/B}{W/B}. If you do, return target creature card with power 2 or less from your graveyard to the battlefield tapped and attacking."
"Kasmina, Enigmatic Mentor",4.0,['U'],['U'],['Legendary'],['Planeswalker'],['Kasmina'],Uncommon,SLD,None,None,5,"Spells your opponents cast that target a creature or planeswalker you control cost {2} more to cast.\n[−2]: Create a 2/2 blue Wizard creature token. Draw a card, then discard a card."
Savor the Moment,3.0,['U'],['U'],None,['Sorcery'],None,Rare,SLD,None,None,None,Take an extra turn after this one. Skip the untap step of that turn.
Homing Sliver,3.0,['R'],['R'],None,['Creature'],['Sliver'],Rare,SLD,2,2,None,"Each Sliver card in each player's hand has slivercycling {3}.\nSlivercycling {3} ({3}, Discard this card: Search your library for a Sliver card, reveal it, put it into your hand, then shuffle.)"
Triumphant Reckoning,9.0,['W'],['W'],None,['Sorcery'],None,Mythic,SLD,None,None,None,"Return all artifact, enchantment, and planeswalker cards from your graveyard to the battlefield."
"Teyo, the Shieldmage",3.0,['W'],['W'],['Legendary'],['Planeswalker'],['Teyo'],Uncommon,SLD,None,None,5,You have hexproof. (You can't be the target of spells or abilities your opponents control.)\n[−2]: Create a 0/3 white Wall creature token with defender.
Verduran Enchantress,3.0,['G'],['G'],None,['Creature'],"['Human', 'Druid']",Rare,SLD,0,2,None,"Whenever you cast an enchantment spell, you may draw a card."
"Ugin, the Ineffable",6.0,None,None,['Legendary'],['Planeswalker'],['Ugin'],Rare,SLD,None,None,4,"Colorless spells you cast cost {2} less to cast.\n[+1]: Exile the top card of your library face down and look at it. Create a 2/2 colorless Spirit creature token. When that token leaves the battlefield, put the exiled card into your hand.\n[−3]: Destroy target permanent that's one or more colors."
Berserk,1.0,['G'],['G'],None,['Instant'],None,Mythic,SLD,None,None,None,"Cast this spell only before the combat damage step.\nTarget creature gains trample and gets +X/+0 until end of turn, where X is its power. At the beginning of the next end step, destroy that creature if it attacked this turn."
"Savra, Queen of the Golgari",4.0,"['B', 'G']","['B', 'G']",['Legendary'],['Creature'],"['Elf', 'Shaman']",Rare,SLD,2,2,None,"Whenever you sacrifice a black creature, you may pay 2 life. If you do, each other player sacrifices a creature.\nWhenever you sacrifice a green creature, you may gain 2 life."
Patron Wizard,3.0,['U'],['U'],None,['Creature'],"['Human', 'Wizard']",Rare,SLD,2,2,None,Tap an untapped Wizard you control: Counter target spell unless its controller pays {1}.
Arcanis the Omnipotent,6.0,['U'],['U'],['Legendary'],['Creature'],['Wizard'],Rare,SLD,3,4,None,{T}: Draw three cards.\n{2}{U}{U}: Return Arcanis the Omnipotent to its owner's hand.
Platinum Angel,7.0,None,None,None,"['Artifact', 'Creature']",['Angel'],Rare,SLD,4,4,None,Flying\nYou can't lose the game and your opponents can't win the game.
Seedborn Muse,5.0,['G'],['G'],None,['Creature'],['Spirit'],Rare,SLD,2,4,None,Untap all permanents you control during each other player's untap step.
Ignoble Hierarch,1.0,['G'],"['B', 'G', 'R']",None,['Creature'],"['Goblin', 'Shaman']",Rare,SLD,0,1,None,"Exalted (Whenever a creature you control attacks alone, that creature gets +1/+1 until end of turn.)\n{T}: Add {B}, {R}, or {G}."
The Scorpion God,5.0,"['B', 'R']","['B', 'R']",['Legendary'],['Creature'],['God'],Mythic,SLD,6,5,None,"Whenever a creature with a -1/-1 counter on it dies, draw a card.\n{1}{B}{R}: Put a -1/-1 counter on another target creature.\nWhen The Scorpion God dies, return it to its owner's hand at the beginning of the next end step."
Fury Sliver,6.0,['R'],['R'],None,['Creature'],['Sliver'],Rare,SLD,3,3,None,All Sliver creatures have double strike.
The Locust God,6.0,"['R', 'U']","['R', 'U']",['Legendary'],['Creature'],['God'],Mythic,SLD,4,4,None,"Flying\nWhenever you draw a card, create a 1/1 blue and red Insect creature token with flying and haste.\n{2}{U}{R}: Draw a card, then discard a card.\nWhen The Locust God dies, return it to its owner's hand at the beginning of the next end step."
Glissa Sunseeker,4.0,['G'],['G'],['Legendary'],['Creature'],"['Elf', 'Warrior']",Rare,SLD,3,2,None,First strike\n{T}: Destroy target artifact if its mana value is equal to the amount of unspent mana you have.
"Akroma, Angel of Wrath",8.0,['W'],['W'],['Legendary'],['Creature'],['Angel'],Mythic,SLD,6,6,None,"Flying, first strike, vigilance, trample, haste, protection from black and from red"
Mountain,0.0,None,['R'],['Basic'],['Land'],['Mountain'],Rare,SLD,None,None,None,({T}: Add {R}.)
Sonic Screwdriver,3.0,None,None,None,['Artifact'],None,Rare,SLD,None,None,None,"{T}: Add one mana of any color.\n{1}, {T}: Untap another target artifact.\n{2}, {T}: Scry 1. (Look at the top card of your library. You may put that card on the bottom.)\n{3}, {T}: Target creature can't be blocked this turn."
Swamp,0.0,None,['B'],['Basic'],['Land'],['Swamp'],Rare,SLD,None,None,None,({T}: Add {B}.)
Plains,0.0,None,['W'],['Basic'],['Land'],['Plains'],Rare,SLD,None,None,None,({T}: Add {W}.)
The Scarab God,5.0,"['B', 'U']","['B', 'U']",['Legendary'],['Creature'],['God'],Mythic,SLD,5,5,None,"At the beginning of your upkeep, each opponent loses X life and you scry X, where X is the number of Zombies you control.\n{2}{U}{B}: Exile target creature card from a graveyard. Create a token that's a copy of it, except it's a 4/4 black Zombie.\nWhen The Scarab God dies, return it to its owner's hand at the beginning of the next end step."
Counterflux,3.0,"['R', 'U']","['R', 'U']",None,['Instant'],None,Rare,SLD,None,None,None,"This spell can't be countered.\nCounter target spell you don't control.\nOverload {1}{U}{U}{R} (You may cast this spell for its overload cost. If you do, change ""target"" in its text to ""each."")"
Krosan Grip,3.0,['G'],['G'],None,['Instant'],None,Rare,SLD,None,None,None,"Split second (As long as this spell is on the stack, players can't cast spells or activate abilities that aren't mana abilities.)\nDestroy target artifact or enchantment."
Coveted Jewel,6.0,None,None,None,['Artifact'],None,Rare,SLD,None,None,None,"When Coveted Jewel enters the battlefield, draw three cards.\n{T}: Add three mana of any one color.\nWhenever one or more creatures an opponent controls attack you and aren't blocked, that player draws three cards and gains control of Coveted Jewel. Untap it."
Duress,1.0,['B'],['B'],None,['Sorcery'],None,Rare,SLD,None,None,None,"Target opponent reveals their hand. You choose a noncreature, nonland card from it. That player discards that card."
"Discord, Lord of Disharmony",4.0,"['B', 'R']","['B', 'R']",['Legendary'],['Creature'],['Chimera'],Mythic,SLD,3,5,None,"Flying\nAt the beginning of your end step, choose a random nonland Magic card name. Until your next end step, you may cast a copy of a spell with that name, and mana of any type can be spent to cast it. If you cast a spell this way, copy this ability if Discord is on the battlefield."
Toxin Sliver,4.0,['B'],['B'],None,['Creature'],['Sliver'],Rare,SLD,3,3,None,"Whenever a Sliver deals combat damage to a creature, destroy that creature. It can't be regenerated."
Mana Vault,1.0,None,None,None,['Artifact'],None,Mythic,SLD,None,None,None,"Mana Vault doesn't untap during your untap step.\nAt the beginning of your upkeep, you may pay {4}. If you do, untap Mana Vault.\nAt the beginning of your draw step, if Mana Vault is tapped, it deals 1 damage to you.\n{T}: Add {C}{C}{C}."
Elvish Mystic,1.0,['G'],['G'],None,['Creature'],"['Elf', 'Druid']",Rare,SLD,1,1,None,{T}: Add {G}.
Wastes,0.0,None,None,['Basic'],['Land'],None,Rare,SLD,None,None,None,{T}: Add {C}.
Garruk Wildspeaker // Garruk Wildspeaker,4.0,['G'],['G'],['Legendary'],['Planeswalker'],['Garruk'],Mythic,SLD,None,None,3,[+1]: Untap two target lands.\n[−1]: Create a 3/3 green Beast creature token.\n[−4]: Creatures you control get +3/+3 and gain trample until end of turn.
Fabled Passage,0.0,None,None,None,['Land'],None,Rare,SLD,None,None,None,"{T}, Sacrifice Fabled Passage: Search your library for a basic land card, put it onto the battlefield tapped, then shuffle. Then if you control four or more lands, untap that land."
Ash Barrens,0.0,None,None,None,['Land'],None,Rare,SLD,None,None,None,"{T}: Add {C}.\nBasic landcycling {1} ({1}, Discard this card: Search your library for a basic land card, reveal it, put it into your hand, then shuffle.)"
Wastes,0.0,None,None,['Basic'],['Land'],None,Rare,SLD,None,None,None,{T}: Add {C}.
Concordant Crossroads,1.0,['G'],['G'],['World'],['Enchantment'],None,Rare,SLD,None,None,None,All creatures have haste.
Solemn Simulacrum,4.0,None,None,None,"['Artifact', 'Creature']",['Golem'],Rare,SLD,2,2,None,"When Solemn Simulacrum enters the battlefield, you may search your library for a basic land card, put that card onto the battlefield tapped, then shuffle.\nWhen Solemn Simulacrum dies, you may draw a card."
Nomad Outpost,0.0,None,"['B', 'R', 'W']",None,['Land'],None,Rare,SLD,None,None,None,"Nomad Outpost enters the battlefield tapped.\n{T}: Add {R}, {W}, or {B}."
"Yoshimaru, Ever Faithful",1.0,['W'],['W'],['Legendary'],['Creature'],['Dog'],Mythic,SLD,1,1,None,"Whenever another legendary permanent enters the battlefield under your control, put a +1/+1 counter on Yoshimaru, Ever Faithful.\nPartner (You can have two commanders if both have partner.)"
"Torbran, Thane of Red Fell",4.0,['R'],['R'],['Legendary'],['Creature'],"['Dwarf', 'Noble']",Rare,SLD,2,4,None,"If a red source you control would deal damage to an opponent or a permanent an opponent controls, it deals that much damage plus 2 instead."
Nine Lives,3.0,['W'],['W'],None,['Enchantment'],None,Rare,SLD,None,None,None,"Hexproof\nIf a source would deal damage to you, prevent that damage and put an incarnation counter on Nine Lives.\nWhen there are nine or more incarnation counters on Nine Lives, exile it.\nWhen Nine Lives leaves the battlefield, you lose the game."
"Sram, Senior Edificer",2.0,['W'],['W'],['Legendary'],['Creature'],"['Dwarf', 'Advisor']",Rare,SLD,2,2,None,"Whenever you cast an Aura, Equipment, or Vehicle spell, draw a card."
Sunpetal Grove,0.0,None,"['G', 'W']",None,['Land'],None,Rare,SLD,None,None,None,Sunpetal Grove enters the battlefield tapped unless you control a Forest or a Plains.\n{T}: Add {G} or {W}.
Dragonskull Summit,0.0,None,"['B', 'R']",None,['Land'],None,Rare,SLD,None,None,None,Dragonskull Summit enters the battlefield tapped unless you control a Swamp or a Mountain.\n{T}: Add {B} or {R}.
Chandra Nalaar // Chandra Nalaar,5.0,['R'],['R'],['Legendary'],['Planeswalker'],['Chandra'],Mythic,SLD,None,None,6,[+1]: Chandra Nalaar deals 1 damage to target player or planeswalker.\n[−X]: Chandra Nalaar deals X damage to target creature.\n[−8]: Chandra Nalaar deals 10 damage to target player or planeswalker and each creature that player or that planeswalker's controller controls.
"Yidris, Maelstrom Wielder",4.0,"['B', 'G', 'R', 'U']","['B', 'G', 'R', 'U']",['Legendary'],['Creature'],"['Ogre', 'Wizard']",Mythic,SLD,5,4,None,"Trample\nWhenever Yidris, Maelstrom Wielder deals combat damage to a player, as you cast spells from your hand this turn, they gain cascade. (When you cast the spell, exile cards from the top of your library until you exile a nonland card that costs less. You may cast it without paying its mana cost. Put the exiled cards on the bottom of your library in a random order.)"
"Atraxa, Praetors' Voice",4.0,"['B', 'G', 'U', 'W']","['B', 'G', 'U', 'W']",['Legendary'],['Creature'],"['Phyrexian', 'Angel', 'Horror']",Mythic,SLD,4,4,None,"Flying, vigilance, deathtouch, lifelink\nAt the beginning of your end step, proliferate. (Choose any number of permanents and/or players, then give each another counter of each kind already there.)"
Liliana Vess // Liliana Vess,5.0,['B'],['B'],['Legendary'],['Planeswalker'],['Liliana'],Mythic,SLD,None,None,5,"[+1]: Target player discards a card.\n[−2]: Search your library for a card, then shuffle and put that card on top.\n[−8]: Put all creature cards from all graveyards onto the battlefield under your control."
Mountain,0.0,None,['R'],['Basic'],['Land'],['Mountain'],Rare,SLD,None,None,None,({T}: Add {R}.)
Island,0.0,None,['U'],['Basic'],['Land'],['Island'],Rare,SLD,None,None,None,({T}: Add {U}.)
Jace Beleren // Jace Beleren,3.0,['U'],['U'],['Legendary'],['Planeswalker'],['Jace'],Mythic,SLD,None,None,3,[+2]: Each player draws a card.\n[−1]: Target player draws a card.\n[−10]: Target player mills twenty cards.
Smuggler's Copter,2.0,None,None,None,['Artifact'],['Vehicle'],Rare,SLD,3,3,None,"Flying\nWhenever Smuggler's Copter attacks or blocks, you may draw a card. If you do, discard a card.\nCrew 1 (Tap any number of creatures you control with total power 1 or more: This Vehicle becomes an artifact creature until end of turn.)"
Ajani Goldmane // Ajani Goldmane,4.0,['W'],['W'],['Legendary'],['Planeswalker'],['Ajani'],Mythic,SLD,None,None,4,"[+1]: You gain 2 life.\n[−1]: Put a +1/+1 counter on each creature you control. Those creatures gain vigilance until end of turn.\n[−6]: Create a white Avatar creature token. It has ""This creature's power and toughness are each equal to your life total."""
Plains,0.0,None,['W'],['Basic'],['Land'],['Plains'],Rare,SLD,None,None,None,({T}: Add {W}.)
Dance of Many,2.0,['U'],['U'],None,['Enchantment'],None,Rare,SLD,None,None,None,"When Dance of Many enters the battlefield, create a token that's a copy of target nontoken creature.\nWhen Dance of Many leaves the battlefield, exile the token.\nWhen the token leaves the battlefield, sacrifice Dance of Many.\nAt the beginning of your upkeep, sacrifice Dance of Many unless you pay {U}{U}."
Themberchaud,7.0,['R'],['R'],['Legendary'],['Creature'],['Dragon'],Rare,SLD,5,5,None,"Trample\nWhen Themberchaud enters the battlefield, he deals X damage to each other creature without flying and each player, where X is the number of Mountains you control.\nYou may exert Themberchaud as he attacks. When you do, he gains flying until end of turn. (An exerted creature won't untap during your next untap step.)"
Synapse Sliver,5.0,['U'],['U'],None,['Creature'],['Sliver'],Rare,SLD,3,3,None,"Whenever a Sliver deals combat damage to a player, its controller may draw a card."
Isolated Chapel,0.0,None,"['B', 'W']",None,['Land'],None,Rare,SLD,None,None,None,Isolated Chapel enters the battlefield tapped unless you control a Plains or a Swamp.\n{T}: Add {W} or {B}.
Spinerock Knoll,0.0,None,['R'],None,['Land'],None,Rare,SLD,None,None,None,"Hideaway 4 (When this land enters the battlefield, look at the top four cards of your library, exile one face down, then put the rest on the bottom in a random order.)\nSpinerock Knoll enters the battlefield tapped.\n{T}: Add {R}.\n{R}, {T}: You may play the exiled card without paying its mana cost if an opponent was dealt 7 or more damage this turn."
Chaos Warp,3.0,['R'],['R'],None,['Instant'],None,Rare,SLD,None,None,None,"The owner of target permanent shuffles it into their library, then reveals the top card of their library. If it's a permanent card, they put it onto the battlefield."
"Kira, Great Glass-Spinner",3.0,['U'],['U'],['Legendary'],['Creature'],['Spirit'],Rare,SLD,2,2,None,"Flying\nCreatures you control have ""Whenever this creature becomes the target of a spell or ability for the first time each turn, counter that spell or ability."""
Colossal Dreadmaw,6.0,['G'],['G'],None,['Creature'],['Dinosaur'],Rare,SLD,6,6,None,Trample (This creature can deal excess combat damage to the player or planeswalker it's attacking.)
"Immard, the Stormcleaver",4.0,"['R', 'U', 'W']","['R', 'U', 'W']",['Legendary'],['Creature'],"['Human', 'Soldier']",Rare,SLD,4,4,None,"Whenever Immard, the Stormcleaver enters the battlefield or attacks, put a charge counter on it or remove one from it. When you remove a counter this way, choose one —\n• Immard deals 4 damage to any target.\n• Immard gains lifelink and indestructible until end of turn."
Woodland Cemetery,0.0,None,"['B', 'G']",None,['Land'],None,Rare,SLD,None,None,None,Woodland Cemetery enters the battlefield tapped unless you control a Swamp or a Forest.\n{T}: Add {B} or {G}.
"Tadeas, Juniper Ascendant",4.0,"['G', 'W']","['G', 'W']",['Legendary'],['Creature'],"['Human', 'Monk']",Rare,SLD,1,3,None,"Reach\nTadeas has hexproof unless it's attacking.\nWhenever a creature you control with reach attacks, untap it and it can't be blocked by creatures with greater power this combat.\nWhenever one or more creatures you control deal combat damage to a player, draw a card."
Aisha of Sparks and Smoke,3.0,['R'],"['R', 'W']",['Legendary'],['Creature'],"['Human', 'Warrior']",Rare,SLD,4,2,None,"Prowess (Whenever you cast a noncreature spell, this creature gets +1/+1 until end of turn.)\n{R/W}: Aisha of Sparks and Smoke gains first strike until end of turn.\nWhenever Aisha deals combat damage, you may cast a sorcery spell from your hand with mana value less than or equal to that damage without paying its mana cost."
Gríma Wormtongue,3.0,['B'],['B'],['Legendary'],['Creature'],"['Human', 'Advisor']",Rare,SLD,1,4,None,"Your opponents can't gain life.\n{T}, Sacrifice another creature: Target player loses 1 life. If the sacrificed creature was legendary, amass Orcs 2."
"Vikya, Scorching Stalwart",3.0,['W'],"['R', 'W']",['Legendary'],['Creature'],"['Human', 'Warrior']",Rare,SLD,2,4,None,"Training (Whenever this creature attacks with another creature with greater power, put a +1/+1 counter on this creature.)\n{4}{R}, {Q}, Discard a card: Vikya, Scorching Stalwart deals damage equal to its power to any target. If excess damage was dealt to a creature this way, draw a card. ({Q} is the untap symbol.)"
Colossus Hammer,1.0,None,None,None,['Artifact'],['Equipment'],Rare,SLD,None,None,None,Equipped creature gets +10/+10 and loses flying.\nEquip {8} ({8}: Attach to target creature you control. Equip only as a sorcery.)
Hall of the Bandit Lord,0.0,None,None,['Legendary'],['Land'],None,Rare,SLD,None,None,None,"Hall of the Bandit Lord enters the battlefield tapped.\n{T}, Pay 3 life: Add {C}. If that mana is spent on a creature spell, it gains haste."
Mountain Goat,1.0,['R'],['R'],None,['Creature'],['Goat'],Rare,SLD,1,1,None,Mountainwalk (This creature can't be blocked as long as defending player controls a Mountain.)
Eidolon of the Great Revel,2.0,['R'],['R'],None,"['Enchantment', 'Creature']",['Spirit'],Rare,SLD,2,2,None,"Whenever a player casts a spell with mana value 3 or less, Eidolon of the Great Revel deals 2 damage to that player."
Gaea's Blessing,2.0,['G'],['G'],None,['Sorcery'],None,Rare,SLD,None,None,None,"Target player shuffles up to three target cards from their graveyard into their library.\nDraw a card.\nWhen Gaea's Blessing is put into your graveyard from your library, shuffle your graveyard into your library."
Basal Sliver,3.0,['B'],['B'],None,['Creature'],['Sliver'],Rare,SLD,2,2,None,"All Slivers have ""Sacrifice this permanent: Add {B}{B}."""
Braid of Fire,2.0,['R'],['R'],None,['Enchantment'],None,Rare,SLD,None,None,None,"Cumulative upkeep—Add {R}. (At the beginning of your upkeep, put an age counter on this permanent, then sacrifice it unless you pay its upkeep cost for each age counter on it.)"
Freed from the Real,3.0,['U'],['U'],None,['Enchantment'],['Aura'],Rare,SLD,None,None,None,Enchant creature\n{U}: Tap enchanted creature.\n{U}: Untap enchanted creature.
Elvish Spirit Guide,3.0,['G'],['G'],None,['Creature'],"['Elf', 'Spirit']",Rare,SLD,2,2,None,Exile Elvish Spirit Guide from your hand: Add {G}.
Seraph Sanctuary,0.0,None,None,None,['Land'],None,Rare,SLD,None,None,None,"When Seraph Sanctuary enters the battlefield, you gain 1 life.\nWhenever an Angel enters the battlefield under your control, you gain 1 life.\n{T}: Add {C}."
Mountain,0.0,None,['R'],['Basic'],['Land'],['Mountain'],Rare,SLD,None,None,None,({T}: Add {R}.)
Island,0.0,None,['U'],['Basic'],['Land'],['Island'],Rare,SLD,None,None,None,({T}: Add {U}.)
Selfless Savior,1.0,['W'],['W'],None,['Creature'],['Dog'],Rare,SLD,1,1,None,"Sacrifice Selfless Savior: Another target creature you control gains indestructible until end of turn. (Damage and effects that say ""destroy"" don't destroy it.)"
Shadow of Doubt,2.0,"['B', 'U']","['B', 'U']",None,['Instant'],None,Rare,SLD,None,None,None,({U/B} can be paid with either {U} or {B}.)\nPlayers can't search libraries this turn.\nDraw a card.
Sigarda's Aid,1.0,['W'],['W'],None,['Enchantment'],None,Rare,SLD,None,None,None,"You may cast Aura and Equipment spells as though they had flash.\nWhenever an Equipment enters the battlefield under your control, you may attach it to target creature you control."
Snap,2.0,['U'],['U'],None,['Instant'],None,Rare,SLD,None,None,None,Return target creature to its owner's hand. Untap up to two lands.
Brain Freeze,2.0,['U'],['U'],None,['Instant'],None,Rare,SLD,None,None,None,"Target player mills three cards.\nStorm (When you cast this spell, copy it for each spell cast before it this turn. You may choose new targets for the copies.)"
Forest,0.0,None,['G'],['Basic'],['Land'],['Forest'],Rare,SLD,None,None,None,({T}: Add {G}.)
Burgeoning,1.0,['G'],['G'],None,['Enchantment'],None,Rare,SLD,None,None,None,"Whenever an opponent plays a land, you may put a land card from your hand onto the battlefield."
Mystic Remora,1.0,['U'],['U'],None,['Enchantment'],None,Rare,SLD,None,None,None,"Cumulative upkeep {1} (At the beginning of your upkeep, put an age counter on this permanent, then sacrifice it unless you pay its upkeep cost for each age counter on it.)\nWhenever an opponent casts a noncreature spell, you may draw a card unless that player pays {4}."
Cleansing Nova,5.0,['W'],['W'],None,['Sorcery'],None,Rare,SLD,None,None,None,Choose one —\n• Destroy all creatures.\n• Destroy all artifacts and enchantments.
Vandalblast,1.0,['R'],['R'],None,['Sorcery'],None,Rare,SLD,None,None,None,"Destroy target artifact you don't control.\nOverload {4}{R} (You may cast this spell for its overload cost. If you do, change ""target"" in its text to ""each."")"
Delver of Secrets // Insectile Aberration,1.0,['U'],['U'],None,['Creature'],"['Human', 'Wizard']",Rare,SLD,1,1,None,"At the beginning of your upkeep, look at the top card of your library. You may reveal that card. If an instant or sorcery card is revealed this way, transform Delver of Secrets."
Greed,4.0,['B'],['B'],None,['Enchantment'],None,Rare,SLD,None,None,None,"{B}, Pay 2 life: Draw a card."
Zur the Enchanter,4.0,"['B', 'U', 'W']","['B', 'U', 'W']",['Legendary'],['Creature'],"['Human', 'Wizard']",Rare,SLD,1,4,None,"Flying\nWhenever Zur the Enchanter attacks, you may search your library for an enchantment card with mana value 3 or less, put it onto the battlefield, then shuffle."
"Sorin, Grim Nemesis",6.0,"['B', 'W']","['B', 'W']",['Legendary'],['Planeswalker'],['Sorin'],Mythic,SLD,None,None,6,"[+1]: Reveal the top card of your library and put that card into your hand. Each opponent loses life equal to its mana value.\n[−X]: Sorin, Grim Nemesis deals X damage to target creature or planeswalker and you gain X life.\n[−9]: Create a number of 1/1 black Vampire Knight creature tokens with lifelink equal to the highest life total among all players."
Fleshbag Marauder,3.0,['B'],['B'],None,['Creature'],"['Zombie', 'Warrior']",Rare,SLD,3,1,None,"When Fleshbag Marauder enters the battlefield, each player sacrifices a creature."
"Angrath, the Flame-Chained",5.0,"['B', 'R']","['B', 'R']",['Legendary'],['Planeswalker'],['Angrath'],Mythic,SLD,None,None,4,[+1]: Each opponent discards a card and loses 2 life.\n[−3]: Gain control of target creature until end of turn. Untap it. It gains haste until end of turn. Sacrifice it at the beginning of the next end step if it has mana value 3 or less.\n[−8]: Each opponent loses life equal to the number of cards in their graveyard.
Lightning Strike,2.0,['R'],['R'],None,['Instant'],None,Rare,SLD,None,None,None,Lightning Strike deals 3 damage to any target.
"Tamiyo, the Moon Sage",5.0,['U'],['U'],['Legendary'],['Planeswalker'],['Tamiyo'],Mythic,SLD,None,None,4,"[+1]: Tap target permanent. It doesn't untap during its controller's next untap step.\n[−2]: Draw a card for each tapped creature target player controls.\n[−8]: You get an emblem with ""You have no maximum hand size"" and ""Whenever a card is put into your graveyard from anywhere, you may return it to your hand."""
Diabolic Tutor,4.0,['B'],['B'],None,['Sorcery'],None,Rare,SLD,None,None,None,"Search your library for a card, put that card into your hand, then shuffle."
Shadow Sliver,3.0,['U'],['U'],None,['Creature'],['Sliver'],Rare,SLD,1,1,None,All Sliver creatures have shadow. (They can block or be blocked by only creatures with shadow.)
Plains,0.0,None,['W'],['Basic'],['Land'],['Plains'],Rare,SLD,None,None,None,({T}: Add {W}.)
Thought-Knot Seer,4.0,None,None,None,['Creature'],['Eldrazi'],Rare,SLD,4,4,None,"({C} represents colorless mana.)\nWhen Thought-Knot Seer enters the battlefield, target opponent reveals their hand. You choose a nonland card from it and exile that card.\nWhen Thought-Knot Seer leaves the battlefield, target opponent draws a card."
Island,0.0,None,['U'],['Basic'],['Land'],['Island'],Rare,SLD,None,None,None,({T}: Add {U}.)
Plains,0.0,None,['W'],['Basic'],['Land'],['Plains'],Rare,SLD,None,None,None,({T}: Add {W}.)
Maro,4.0,['G'],['G'],None,['Creature'],['Elemental'],Rare,SLD,*,*,None,Maro's power and toughness are each equal to the number of cards in your hand.
Mountain,0.0,None,['R'],['Basic'],['Land'],['Mountain'],Rare,SLD,None,None,None,({T}: Add {R}.)
Giant Growth,1.0,['G'],['G'],None,['Instant'],None,Rare,SLD,None,None,None,Target creature gets +3/+3 until end of turn.
Mountain,0.0,None,['R'],['Basic'],['Land'],['Mountain'],Rare,SLD,None,None,None,({T}: Add {R}.)
Shivan Dragon,6.0,['R'],['R'],None,['Creature'],['Dragon'],Rare,SLD,5,5,None,Flying (This creature can't be blocked except by creatures with flying or reach.)\n{R}: Shivan Dragon gets +1/+0 until end of turn.
Island,0.0,None,['U'],['Basic'],['Land'],['Island'],Rare,SLD,None,None,None,({T}: Add {U}.)
Lord of the Pit,7.0,['B'],['B'],None,['Creature'],['Demon'],Rare,SLD,7,7,None,"Flying, trample\nAt the beginning of your upkeep, sacrifice a creature other than Lord of the Pit. If you can't, Lord of the Pit deals 7 damage to you."
Glistener Elf,1.0,['G'],['G'],None,['Creature'],"['Phyrexian', 'Elf', 'Warrior']",Rare,SLD,1,1,None,Infect (This creature deals damage to creatures in the form of -1/-1 counters and to players in the form of poison counters.)
Swamp,0.0,None,['B'],['Basic'],['Land'],['Swamp'],Rare,SLD,None,None,None,({T}: Add {B}.)
Merfolk of the Pearl Trident,1.0,['U'],['U'],None,['Creature'],['Merfolk'],Rare,SLD,1,1,None,None
Batterskull,5.0,None,None,None,['Artifact'],['Equipment'],Mythic,SLD,None,None,None,"Living weapon (When this Equipment enters the battlefield, create a 0/0 black Phyrexian Germ creature token, then attach this to it.)\nEquipped creature gets +4/+4 and has vigilance and lifelink.\n{3}: Return Batterskull to its owner's hand.\nEquip {5}"
Krark's Thumb // Krark's Thumb,2.0,None,None,['Legendary'],['Artifact'],None,Rare,SLD,None,None,None,"If you would flip a coin, instead flip two coins and ignore one."
Stitch in Time // Stitch in Time,3.0,"['R', 'U']","['R', 'U']",None,['Sorcery'],None,Rare,SLD,None,None,None,"Flip a coin. If you win the flip, take an extra turn after this one."
Propaganda // Propaganda,3.0,['U'],['U'],None,['Enchantment'],None,Rare,SLD,None,None,None,Creatures can't attack you unless their controller pays {2} for each creature they control that's attacking you.
Tireless Tracker,3.0,['G'],['G'],None,['Creature'],"['Human', 'Scout']",Rare,SLD,3,2,None,"Landfall — Whenever a land enters the battlefield under your control, investigate. (Create a Clue token. It's an artifact with ""{2}, Sacrifice this artifact: Draw a card."")\nWhenever you sacrifice a Clue, put a +1/+1 counter on Tireless Tracker."
"Okaun, Eye of Chaos // Okaun, Eye of Chaos",5.0,['R'],['R'],['Legendary'],['Creature'],"['Cyclops', 'Berserker']",Rare,SLD,3,3,None,"Partner with Zndrsplt, Eye of Wisdom (When this creature enters the battlefield, target player may put Zndrsplt into their hand from their library, then shuffle.)\nAt the beginning of combat on your turn, flip a coin until you lose a flip.\nWhenever a player wins a coin flip, double Okaun's power and toughness until end of turn."
Dragon's Hoard,3.0,None,None,None,['Artifact'],None,Rare,SLD,None,None,None,"Whenever a Dragon enters the battlefield under your control, put a gold counter on Dragon's Hoard.\n{T}, Remove a gold counter from Dragon's Hoard: Draw a card.\n{T}: Add one mana of any color."
Relentless Rats,3.0,['B'],['B'],None,['Creature'],['Rat'],Rare,SLD,2,2,None,Relentless Rats gets +1/+1 for each other creature on the battlefield named Relentless Rats.\nA deck can have any number of cards named Relentless Rats.
"Zndrsplt, Eye of Wisdom // Zndrsplt, Eye of Wisdom",5.0,['U'],['U'],['Legendary'],['Creature'],['Homunculus'],Rare,SLD,1,4,None,"Partner with Okaun, Eye of Chaos (When this creature enters the battlefield, target player may put Okaun into their hand from their library, then shuffle.)\nAt the beginning of combat on your turn, flip a coin until you lose a flip.\nWhenever a player wins a coin flip, draw a card."
Metalwork Colossus,11.0,None,None,None,"['Artifact', 'Creature']",['Construct'],Rare,SLD,10,10,None,"This spell costs {X} less to cast, where X is the total mana value of noncreature artifacts you control.\nSacrifice two artifacts: Return Metalwork Colossus from your graveyard to your hand."
Fellwar Stone,2.0,None,None,None,['Artifact'],None,Rare,SLD,None,None,None,{T}: Add one mana of any color that a land an opponent controls could produce.
Winged Sliver,2.0,['U'],['U'],None,['Creature'],['Sliver'],Rare,SLD,1,1,None,All Sliver creatures have flying.
Knight Exemplar,3.0,['W'],['W'],None,['Creature'],"['Human', 'Knight']",Rare,SLD,2,2,None,"First strike (This creature deals combat damage before creatures without first strike.)\nOther Knight creatures you control get +1/+1 and have indestructible. (Damage and effects that say ""destroy"" don't destroy them.)"
Craterhoof Behemoth,8.0,['G'],['G'],None,['Creature'],['Beast'],Mythic,SLD,5,5,None,"Haste\nWhen Craterhoof Behemoth enters the battlefield, creatures you control gain trample and get +X/+X until end of turn, where X is the number of creatures you control."
Wastes,0.0,None,None,['Basic'],['Land'],None,Rare,SLD,None,None,None,{T}: Add {C}.
Mulldrifter,5.0,['U'],['U'],None,['Creature'],['Elemental'],Rare,SLD,2,2,None,"Flying\nWhen Mulldrifter enters the battlefield, draw two cards.\nEvoke {2}{U} (You may cast this spell for its evoke cost. If you do, it's sacrificed when it enters the battlefield.)"
Wastes,0.0,None,None,['Basic'],['Land'],None,Rare,SLD,None,None,None,{T}: Add {C}.
Kodama's Reach,3.0,['G'],['G'],None,['Sorcery'],['Arcane'],Rare,SLD,None,None,None,"Search your library for up to two basic land cards, reveal those cards, put one onto the battlefield tapped and the other into your hand, then shuffle."
Wastes,0.0,None,None,['Basic'],['Land'],None,Rare,SLD,None,None,None,{T}: Add {C}.
Generous Gift,3.0,['W'],['W'],None,['Instant'],None,Rare,SLD,None,None,None,Destroy target permanent. Its controller creates a 3/3 green Elephant creature token.
Codex Shredder,1.0,None,None,None,['Artifact'],None,Rare,SLD,None,None,None,"{T}: Target player mills a card. (They put the top card of their library into their graveyard.)\n{5}, {T}, Sacrifice Codex Shredder: Return target card from your graveyard to your hand."
"Elspeth, Knight-Errant",4.0,['W'],['W'],['Legendary'],['Planeswalker'],['Elspeth'],Mythic,SLD,None,None,4,"[+1]: Create a 1/1 white Soldier creature token.\n[+1]: Target creature gets +3/+3 and gains flying until end of turn.\n[−8]: You get an emblem with ""Artifacts, creatures, enchantments, and lands you control have indestructible."""
Blood Moon,3.0,['R'],['R'],None,['Enchantment'],None,Rare,SLD,None,None,None,Nonbasic lands are Mountains.
Mountain,0.0,None,['R'],['Basic'],['Land'],['Mountain'],Rare,SLD,None,None,None,({T}: Add {R}.)
Shaman of the Pack,3.0,"['B', 'G']","['B', 'G']",None,['Creature'],"['Elf', 'Shaman']",Rare,SLD,3,2,None,"When Shaman of the Pack enters the battlefield, target opponent loses life equal to the number of Elves you control."
Island,0.0,None,['U'],['Basic'],['Land'],['Island'],Rare,SLD,None,None,None,({T}: Add {U}.)
Blighted Agent,2.0,['U'],['U'],None,['Creature'],"['Phyrexian', 'Human', 'Rogue']",Rare,SLD,1,1,None,Infect (This creature deals damage to creatures in the form of -1/-1 counters and to players in the form of poison counters.)\nBlighted Agent can't be blocked.
Alchemist's Refuge,0.0,None,"['G', 'U']",None,['Land'],None,Rare,SLD,None,None,None,"{T}: Add {C}.\n{G}{U}, {T}: You may cast spells this turn as though they had flash."
Slayers' Stronghold,0.0,None,"['R', 'W']",None,['Land'],None,Rare,SLD,None,None,None,"{T}: Add {C}.\n{R}{W}, {T}: Target creature gets +2/+0 and gains vigilance and haste until end of turn."
Kessig Wolf Run,0.0,None,"['G', 'R']",None,['Land'],None,Rare,SLD,None,None,None,"{T}: Add {C}.\n{X}{R}{G}, {T}: Target creature gets +X/+0 and gains trample until end of turn."
Dakkon Blackblade,6.0,"['B', 'U', 'W']","['B', 'U', 'W']",['Legendary'],['Creature'],"['Human', 'Warrior']",Rare,SLD,*,*,None,Dakkon Blackblade's power and toughness are each equal to the number of lands you control.
Stensia Bloodhall,0.0,None,"['B', 'R']",None,['Land'],None,Rare,SLD,None,None,None,"{T}: Add {C}.\n{3}{B}{R}, {T}: Stensia Bloodhall deals 2 damage to target player or planeswalker."
Nephalia Drownyard,0.0,None,"['B', 'U']",None,['Land'],None,Rare,SLD,None,None,None,"{T}: Add {C}.\n{1}{U}{B}, {T}: Target player mills three cards."
Spore Frog,1.0,['G'],['G'],None,['Creature'],['Frog'],Rare,SLD,1,1,None,Sacrifice Spore Frog: Prevent all combat damage that would be dealt this turn.
Moorland Haunt,0.0,None,"['U', 'W']",None,['Land'],None,Rare,SLD,None,None,None,"{T}: Add {C}.\n{W}{U}, {T}, Exile a creature card from your graveyard: Create a 1/1 white Spirit creature token with flying."
Reliquary Tower,0.0,None,None,None,['Land'],None,Rare,SLD,None,None,None,You have no maximum hand size.\n{T}: Add {C}.
"Othelm, Sigardian Outcast",3.0,"['G', 'W']","['G', 'W']",['Legendary'],['Creature'],['Human'],Rare,SLD,2,2,None,"{2}, {T}: Choose target creature card in your graveyard that was put there from the battlefield this turn. Return it to the battlefield tapped.\nFriends forever (You can have two commanders if both have friends forever.)"
Tangle Wire,3.0,None,None,None,['Artifact'],None,Rare,SLD,None,None,None,"Fading 4 (This artifact enters the battlefield with four fade counters on it. At the beginning of your upkeep, remove a fade counter from it. If you can't, sacrifice it.)\nAt the beginning of each player's upkeep, that player taps an untapped artifact, creature, or land they control for each fade counter on Tangle Wire."
Fabricate,3.0,['U'],['U'],None,['Sorcery'],None,Rare,SLD,None,None,None,"Search your library for an artifact card, reveal it, put it into your hand, then shuffle."
Sorcerous Spyglass,2.0,None,None,None,['Artifact'],None,Rare,SLD,None,None,None,"As Sorcerous Spyglass enters the battlefield, look at an opponent's hand, then choose any card name.\nActivated abilities of sources with the chosen name can't be activated unless they're mana abilities."
"Sophina, Spearsage Deserter",4.0,"['R', 'W']","['R', 'W']",['Legendary'],['Creature'],"['Human', 'Soldier']",Rare,SLD,4,4,None,"Menace\nWhenever Sophina, Spearsage Deserter attacks, investigate once for each nontoken attacking creature. (To investigate, create a Clue token. It's an artifact with ""{2}, Sacrifice this artifact: Draw a card."")\nFriends forever (You can have two commanders if both have friends forever.)"
Pilgrim's Eye,3.0,None,None,None,"['Artifact', 'Creature']",['Thopter'],Rare,SLD,1,1,None,"Flying\nWhen Pilgrim's Eye enters the battlefield, you may search your library for a basic land card, reveal it, put it into your hand, then shuffle."
"Bjorna, Nightfall Alchemist",2.0,"['R', 'U']","['R', 'U']",['Legendary'],['Creature'],['Human'],Rare,SLD,1,3,None,"{T}, Sacrifice an artifact: Bjorna, Nightfall Alchemist deals 1 damage to target creature. Goad that creature. (Until your next turn, that creature attacks each combat if able and attacks a player other than you if able.)\nFriends forever (You can have two commanders if both have friends forever.)"
Llanowar Visionary,3.0,['G'],['G'],None,['Creature'],"['Elf', 'Druid']",Rare,SLD,2,2,None,"When Llanowar Visionary enters the battlefield, draw a card.\n{T}: Add {G}."
Pulmonic Sliver,5.0,['W'],['W'],None,['Creature'],['Sliver'],Rare,SLD,3,3,None,"All Sliver creatures have flying.\nAll Slivers have ""If this permanent would be put into a graveyard, you may put it on top of its owner's library instead."""
Wirewood Symbiote,1.0,['G'],['G'],None,['Creature'],['Insect'],Rare,SLD,1,1,None,Return an Elf you control to its owner's hand: Untap target creature. Activate only once each turn.
Essence Sliver,4.0,['W'],['W'],None,['Creature'],['Sliver'],Rare,SLD,3,3,None,"Whenever a Sliver deals damage, its controller gains that much life."
Wellwisher,2.0,['G'],['G'],None,['Creature'],['Elf'],Rare,SLD,1,1,None,{T}: You gain 1 life for each Elf on the battlefield.
Constricting Sliver,6.0,['W'],['W'],None,['Creature'],['Sliver'],Rare,SLD,3,3,None,"Sliver creatures you control have ""When this creature enters the battlefield, you may exile target creature an opponent controls until this creature leaves the battlefield."""
Timberwatch Elf,3.0,['G'],['G'],None,['Creature'],['Elf'],Rare,SLD,1,2,None,"{T}: Target creature gets +X/+X until end of turn, where X is the number of Elves on the battlefield."
Havengul Laboratory // Havengul Mystery,0.0,None,['B'],['Legendary'],['Land'],None,Rare,SLD,None,None,None,"{T}: Add {C}.\n{4}, {T}: Investigate. (Create a colorless Clue artifact token with ""{2}, Sacrifice this artifact: Draw a card."")\nAt the beginning of your end step, if you sacrificed three or more Clues this turn, transform Havengul Laboratory."
Sylvan Ranger,2.0,['G'],['G'],None,['Creature'],"['Elf', 'Scout', 'Ranger']",Rare,SLD,1,1,None,"When Sylvan Ranger enters the battlefield, you may search your library for a basic land card, reveal it, put it into your hand, then shuffle."
Rogue's Passage,0.0,None,None,None,['Land'],None,Rare,SLD,None,None,None,"{T}: Add {C}.\n{4}, {T}: Target creature can't be blocked this turn."
Vial Smasher the Fierce,3.0,"['B', 'R']","['B', 'R']",['Legendary'],['Creature'],"['Goblin', 'Berserker']",Mythic,SLD,2,3,None,"Whenever you cast your first spell each turn, choose an opponent at random. Vial Smasher the Fierce deals damage equal to that spell's mana value to that player or a planeswalker that player controls.\nPartner (You can have two commanders if both have partner.)"
Paradise Druid,2.0,['G'],['G'],None,['Creature'],"['Elf', 'Druid']",Rare,SLD,2,1,None,Paradise Druid has hexproof as long as it's untapped. (It can't be the target of spells or abilities your opponents control.)\n{T}: Add one mana of any color.
Island,0.0,None,['U'],['Basic'],['Land'],['Island'],Rare,SLD,None,None,None,({T}: Add {U}.)
Plague Sliver,4.0,['B'],['B'],None,['Creature'],['Sliver'],Rare,SLD,5,5,None,"All Slivers have ""At the beginning of your upkeep, this permanent deals 1 damage to you."""
Nettle Sentinel,1.0,['G'],['G'],None,['Creature'],"['Elf', 'Warrior']",Rare,SLD,2,2,None,"Nettle Sentinel doesn't untap during your untap step.\nWhenever you cast a green spell, you may untap Nettle Sentinel."
Ornithopter,0.0,None,None,None,"['Artifact', 'Creature']",['Thopter'],Rare,SLD,0,2,None,Flying
Lys Alana Huntmaster,4.0,['G'],['G'],None,['Creature'],"['Elf', 'Warrior']",Rare,SLD,3,3,None,"Whenever you cast an Elf spell, you may create a 1/1 green Elf Warrior creature token."
Lavabelly Sliver,3.0,"['R', 'W']","['R', 'W']",None,['Creature'],['Sliver'],Rare,SLD,2,2,None,"Sliver creatures you control have ""When this creature enters the battlefield, it deals 1 damage to target player or planeswalker and you gain 1 life."""
Hedron Archive,4.0,None,None,None,['Artifact'],None,Rare,SLD,None,None,None,"{T}: Add {C}{C}.\n{2}, {T}, Sacrifice Hedron Archive: Draw two cards."
"Alela, Artful Provocateur",4.0,"['B', 'U', 'W']","['B', 'U', 'W']",['Legendary'],['Creature'],"['Faerie', 'Warlock']",Mythic,SLD,2,3,None,"Flying, deathtouch, lifelink\nOther creatures you control with flying get +1/+0.\nWhenever you cast an artifact or enchantment spell, create a 1/1 blue Faerie creature token with flying."
Jaspera Sentinel,1.0,['G'],['G'],None,['Creature'],"['Elf', 'Rogue']",Rare,SLD,1,2,None,"Reach\n{T}, Tap an untapped creature you control: Add one mana of any color."
