Name,CMC,Colors,Color identity,Supertypes,Types,Subtypes,Rarity,Set,Power,Toughness,Loyalty,Text
Ichor Slick,3.0,['B'],['B'],None,['Sorcery'],None,Common,TSR,None,None,None,"Target creature gets -3/-3 until end of turn.\nCycling {2} ({2}, Discard this card: Draw a card.)\nMadness {3}{B} (If you discard this card, discard it into exile. When you do, cast it for its madness cost or put it into your graveyard.)"
Gorgon Recluse,5.0,['B'],['B'],None,['Creature'],['Gorgon'],Common,TSR,2,4,None,"Whenever Gorgon Recluse blocks or becomes blocked by a nonblack creature, destroy that creature at end of combat.\nMadness {B}{B} (If you discard this card, discard it into exile. When you do, cast it for its madness cost or put it into your graveyard.)"
Enslave,6.0,['B'],['B'],None,['Enchantment'],['Aura'],Uncommon,TSR,None,None,None,"Enchant creature\nYou control enchanted creature.\nAt the beginning of your upkeep, enchanted creature deals 1 damage to its owner."
Feebleness,2.0,['B'],['B'],None,['Enchantment'],['Aura'],Common,TSR,None,None,None,Flash\nEnchant creature\nEnchanted creature gets -2/-1.
Dunerider Outlaw,2.0,['B'],['B'],None,['Creature'],"['Human', 'Rebel', 'Rogue']",Uncommon,TSR,1,1,None,"Protection from green\nAt the beginning of each end step, if Dunerider Outlaw dealt damage to an opponent this turn, put a +1/+1 counter on it."
Deepcavern Imp,3.0,['B'],['B'],None,['Creature'],"['Imp', 'Rebel']",Common,TSR,2,2,None,"Flying, haste\nEcho—Discard a card. (At the beginning of your upkeep, if this came under your control since the beginning of your last upkeep, sacrifice it unless you pay its echo cost.)"
Deathspore Thallid,2.0,['B'],['B'],None,['Creature'],"['Zombie', 'Fungus']",Common,TSR,1,1,None,"At the beginning of your upkeep, put a spore counter on Deathspore Thallid.\nRemove three spore counters from Deathspore Thallid: Create a 1/1 green Saproling creature token.\nSacrifice a Saproling: Target creature gets -1/-1 until end of turn."
Deadly Grub,3.0,['B'],['B'],None,['Creature'],['Insect'],Common,TSR,3,1,None,"Vanishing 3 (This creature enters the battlefield with three time counters on it. At the beginning of your upkeep, remove a time counter from it. When the last is removed, sacrifice it.)\nWhen Deadly Grub dies, if it had no time counters on it, create a 6/1 green Insect creature token with shroud. (It can't be the target of spells or abilities.)"
Dark Withering,6.0,['B'],['B'],None,['Instant'],None,Common,TSR,None,None,None,"Destroy target nonblack creature.\nMadness {B} (If you discard this card, discard it into exile. When you do, cast it for its madness cost or put it into your graveyard.)"
Damnation,4.0,['B'],['B'],None,['Sorcery'],None,Mythic,TSR,None,None,None,Destroy all creatures. They can't be regenerated.
Cutthroat il-Dal,4.0,['B'],['B'],None,['Creature'],"['Human', 'Rogue']",Common,TSR,4,1,None,Hellbent — Cutthroat il-Dal has shadow as long as you have no cards in hand. (It can block or be blocked by only creatures with shadow.)
Corpulent Corpse,6.0,['B'],['B'],None,['Creature'],['Zombie'],Common,TSR,3,3,None,"Fear (This creature can't be blocked except by artifact creatures and/or black creatures.)\nSuspend 5—{B} (Rather than cast this card from your hand, you may pay {B} and exile it with five time counters on it. At the beginning of your upkeep, remove a time counter. When the last is removed, you may cast it without paying its mana cost. It has haste.)"
Whip-Spine Drake,5.0,['U'],"['U', 'W']",None,['Creature'],['Drake'],Uncommon,TSR,3,3,None,Flying\nMorph {2}{W} (You may cast this card face down as a 2/2 creature for {3}. Turn it face up any time for its morph cost.)
Walk the Aeons,6.0,['U'],['U'],None,['Sorcery'],None,Rare,TSR,None,None,None,"Buyback—Sacrifice three Islands. (You may sacrifice three Islands in addition to any other costs as you cast this spell. If you do, put this card into your hand as it resolves.)\nTarget player takes an extra turn after this one."
Vesuvan Shapeshifter,5.0,['U'],['U'],None,['Creature'],['Shapeshifter'],Rare,TSR,0,0,None,"As Vesuvan Shapeshifter enters the battlefield or is turned face up, you may choose another creature on the battlefield. If you do, until Vesuvan Shapeshifter is turned face down, it becomes a copy of that creature, except it has ""At the beginning of your upkeep, you may turn this creature face down.""\nMorph {1}{U}"
"Venser, Shaper Savant",4.0,['U'],['U'],['Legendary'],['Creature'],"['Human', 'Wizard']",Rare,TSR,2,2,None,"Flash\nWhen Venser, Shaper Savant enters the battlefield, return target spell or permanent to its owner's hand."
Tolarian Sentinel,4.0,['U'],['U'],None,['Creature'],"['Human', 'Spellshaper']",Common,TSR,1,3,None,"Flying\n{U}, {T}, Discard a card: Return target permanent you control to its owner's hand."
Think Twice,2.0,['U'],['U'],None,['Instant'],None,Common,TSR,None,None,None,Draw a card.\nFlashback {2}{U} (You may cast this card from your graveyard for its flashback cost. Then exile it.)
Stormcloud Djinn,5.0,['U'],"['R', 'U']",None,['Creature'],['Djinn'],Uncommon,TSR,3,3,None,Flying\nStormcloud Djinn can block only creatures with flying.\n{R}{R}: Stormcloud Djinn gets +2/+0 until end of turn and deals 1 damage to you.
Snapback,2.0,['U'],['U'],None,['Instant'],None,Common,TSR,None,None,None,You may exile a blue card from your hand rather than pay this spell's mana cost.\nReturn target creature to its owner's hand.
Shaper Parasite,3.0,['U'],['U'],None,['Creature'],['Illusion'],Uncommon,TSR,2,3,None,"Morph {2}{U} (You may cast this card face down as a 2/2 creature for {3}. Turn it face up any time for its morph cost.)\nWhen Shaper Parasite is turned face up, target creature gets +2/-2 or -2/+2 until end of turn."
Riptide Pilferer,2.0,['U'],['U'],None,['Creature'],"['Merfolk', 'Rogue']",Uncommon,TSR,1,1,None,"Whenever Riptide Pilferer deals combat damage to a player, that player discards a card.\nMorph {U} (You may cast this card face down as a 2/2 creature for {3}. Turn it face up any time for its morph cost.)"
Reality Acid,3.0,['U'],['U'],None,['Enchantment'],['Aura'],Common,TSR,None,None,None,"Enchant permanent\nVanishing 3 (This Aura enters the battlefield with three time counters on it. At the beginning of your upkeep, remove a time counter from it. When the last is removed, sacrifice it.)\nWhen Reality Acid leaves the battlefield, enchanted permanent's controller sacrifices it."
Piracy Charm,1.0,['U'],['U'],None,['Instant'],None,Common,TSR,None,None,None,Choose one —\n• Target creature gains islandwalk until end of turn. (It can't be blocked as long as defending player controls an Island.)\n• Target creature gets +2/-1 until end of turn.\n• Target player discards a card.
Mystical Teachings,4.0,['U'],"['B', 'U']",None,['Instant'],None,Uncommon,TSR,None,None,None,"Search your library for an instant card or a card with flash, reveal it, put it into your hand, then shuffle.\nFlashback {5}{B} (You may cast this card from your graveyard for its flashback cost. Then exile it.)"
Looter il-Kor,2.0,['U'],['U'],None,['Creature'],"['Kor', 'Rogue']",Common,TSR,1,1,None,"Shadow (This creature can block or be blocked by only creatures with shadow.)\nWhenever Looter il-Kor deals damage to an opponent, draw a card, then discard a card."
Jodah's Avenger,6.0,['U'],['U'],None,['Creature'],['Shapeshifter'],Uncommon,TSR,4,4,None,"{0}: Until end of turn, Jodah's Avenger gets -1/-1 and gains your choice of double strike, protection from red, vigilance, or shadow. (A creature with shadow can block or be blocked by only creatures with shadow.)"
Gossamer Phantasm,2.0,['U'],['U'],None,['Creature'],['Illusion'],Common,TSR,2,1,None,"Flying\nWhen Gossamer Phantasm becomes the target of a spell or ability, sacrifice it."
Fathom Seer,2.0,['U'],['U'],None,['Creature'],['Illusion'],Common,TSR,1,3,None,"Morph—Return two Islands you control to their owner's hand. (You may cast this card face down as a 2/2 creature for {3}. Turn it face up any time for its morph cost.)\nWhen Fathom Seer is turned face up, draw two cards."
Erratic Mutation,3.0,['U'],['U'],None,['Instant'],None,Common,TSR,None,None,None,"Choose target creature. Reveal cards from the top of your library until you reveal a nonland card. That creature gets +X/-X until end of turn, where X is that card's mana value. Put all cards revealed this way on the bottom of your library in any order."
Drifter il-Dal,1.0,['U'],['U'],None,['Creature'],"['Human', 'Wizard']",Common,TSR,2,1,None,"Shadow (This creature can block or be blocked by only creatures with shadow.)\nAt the beginning of your upkeep, sacrifice Drifter il-Dal unless you pay {U}."
Dream Stalker,2.0,['U'],['U'],None,['Creature'],['Illusion'],Common,TSR,1,5,None,"When Dream Stalker enters the battlefield, return a permanent you control to its owner's hand."
Delay,2.0,['U'],['U'],None,['Instant'],None,Uncommon,TSR,None,None,None,"Counter target spell. If the spell is countered this way, exile it with three time counters on it instead of putting it into its owner's graveyard. If it doesn't have suspend, it gains suspend. (At the beginning of its owner's upkeep, they remove a time counter. When the last is removed, they may play it without paying its mana cost. If it's a creature, it has haste.)"
Crookclaw Transmuter,4.0,['U'],['U'],None,['Creature'],"['Bird', 'Wizard']",Common,TSR,3,1,None,"Flash\nFlying\nWhen Crookclaw Transmuter enters the battlefield, switch target creature's power and toughness until end of turn."
Cloudseeder,2.0,['U'],['U'],None,['Creature'],"['Faerie', 'Spellshaper']",Uncommon,TSR,1,1,None,"Flying\n{U}, {T}, Discard a card: Create a 1/1 blue Faerie creature token named Cloud Sprite. It has flying and ""Cloud Sprite can block only creatures with flying."""
Brine Elemental,6.0,['U'],['U'],None,['Creature'],['Elemental'],Uncommon,TSR,5,4,None,"Morph {5}{U}{U} (You may cast this card face down as a 2/2 creature for {3}. Turn it face up any time for its morph cost.)\nWhen Brine Elemental is turned face up, each opponent skips their next untap step."
Bewilder,3.0,['U'],['U'],None,['Instant'],None,Common,TSR,None,None,None,Target creature gets -3/-0 until end of turn.\nDraw a card.
Aeon Chronicler,5.0,['U'],['U'],None,['Creature'],['Avatar'],Rare,TSR,*,*,None,"Aeon Chronicler's power and toughness are each equal to the number of cards in your hand.\nSuspend X—{X}{3}{U}. X can't be 0.\nWhenever a time counter is removed from Aeon Chronicler while it's exiled, draw a card."
Watcher Sliver,4.0,['W'],['W'],None,['Creature'],['Sliver'],Common,TSR,2,2,None,All Sliver creatures get +0/+2.
Sunlance,1.0,['W'],['W'],None,['Sorcery'],None,Common,TSR,None,None,None,Sunlance deals 3 damage to target nonwhite creature.
Stonecloaker,3.0,['W'],['W'],None,['Creature'],['Gargoyle'],Uncommon,TSR,3,2,None,"Flash\nFlying\nWhen Stonecloaker enters the battlefield, return a creature you control to its owner's hand.\nWhen Stonecloaker enters the battlefield, exile target card from a graveyard."
Sidewinder Sliver,1.0,['W'],['W'],None,['Creature'],['Sliver'],Common,TSR,1,1,None,"All Sliver creatures have flanking. (Whenever a creature without flanking blocks a Sliver, the blocking creature gets -1/-1 until end of turn.)"
Serra Avenger,2.0,['W'],['W'],None,['Creature'],['Angel'],Rare,TSR,3,3,None,"You can't cast this spell during your first, second, or third turns of the game.\nFlying, vigilance"
Saltblast,5.0,['W'],['W'],None,['Sorcery'],None,Uncommon,TSR,None,None,None,Destroy target nonwhite permanent.
Return to Dust,4.0,['W'],['W'],None,['Instant'],None,Uncommon,TSR,None,None,None,"Exile target artifact or enchantment. If you cast this spell during your main phase, you may exile up to one other target artifact or enchantment."
Pulmonic Sliver,5.0,['W'],['W'],None,['Creature'],['Sliver'],Rare,TSR,3,3,None,"All Sliver creatures have flying.\nAll Slivers have ""If this permanent would be put into a graveyard, you may put it on top of its owner's library instead."""
Porphyry Nodes,1.0,['W'],['W'],None,['Enchantment'],None,Rare,TSR,None,None,None,"At the beginning of your upkeep, destroy the creature with the least power. It can't be regenerated. If two or more creatures are tied for least power, you choose one of them.\nWhen there are no creatures on the battlefield, sacrifice Porphyry Nodes."
Outrider en-Kor,3.0,['W'],['W'],None,['Creature'],"['Kor', 'Rebel', 'Knight']",Uncommon,TSR,2,2,None,"Flanking (Whenever a creature without flanking blocks this creature, the blocking creature gets -1/-1 until end of turn.)\n{0}: The next 1 damage that would be dealt to Outrider en-Kor this turn is dealt to target creature you control instead."
Momentary Blink,2.0,['W'],"['U', 'W']",None,['Instant'],None,Common,TSR,None,None,None,"Exile target creature you control, then return it to the battlefield under its owner's control.\nFlashback {3}{U} (You may cast this card from your graveyard for its flashback cost. Then exile it.)"
Mana Tithe,1.0,['W'],['W'],None,['Instant'],None,Common,TSR,None,None,None,Counter target spell unless its controller pays {1}.
Lymph Sliver,5.0,['W'],['W'],None,['Creature'],['Sliver'],Common,TSR,3,3,None,"All Sliver creatures have absorb 1. (If a source would deal damage to a Sliver, prevent 1 of that damage.)"
Knight of the Holy Nimbus,2.0,['W'],['W'],None,['Creature'],"['Human', 'Rebel', 'Knight']",Uncommon,TSR,2,2,None,"Flanking (Whenever a creature without flanking blocks this creature, the blocking creature gets -1/-1 until end of turn.)\nIf Knight of the Holy Nimbus would be destroyed, regenerate it. (Tap it, remove it from combat, and heal all damage on it.)\n{2}: Knight of the Holy Nimbus can't be regenerated this turn. Only your opponents may activate this ability."
Judge Unworthy,2.0,['W'],['W'],None,['Instant'],None,Common,TSR,None,None,None,"Choose target attacking or blocking creature. Scry 3, then reveal the top card of your library. Judge Unworthy deals damage equal to that card's mana value to that creature."
Fortify,3.0,['W'],['W'],None,['Instant'],None,Common,TSR,None,None,None,Choose one —\n• Creatures you control get +2/+0 until end of turn.\n• Creatures you control get +0/+2 until end of turn.
Amrou Seekers,3.0,['W'],['W'],None,['Creature'],"['Kithkin', 'Rebel']",Common,TSR,2,2,None,Amrou Seekers can't be blocked except by artifact creatures and/or white creatures.
"Crovax, Ascendant Hero",6.0,['W'],['W'],['Legendary'],['Creature'],"['Human', 'Noble']",Mythic,TSR,4,4,None,"Other white creatures get +1/+1.\nNonwhite creatures get -1/-1.\nPay 2 life: Return Crovax, Ascendant Hero to its owner's hand."
Children of Korlis,1.0,['W'],['W'],None,['Creature'],"['Human', 'Rebel', 'Cleric']",Common,TSR,1,1,None,Sacrifice Children of Korlis: You gain life equal to the life you've lost this turn. (Damage causes loss of life.)
Calciderm,4.0,['W'],['W'],None,['Creature'],['Beast'],Uncommon,TSR,5,5,None,"Shroud (This creature can't be the target of spells or abilities.)\nVanishing 4 (This creature enters the battlefield with four time counters on it. At the beginning of your upkeep, remove a time counter from it. When the last is removed, sacrifice it.)"
Blade of the Sixth Pride,2.0,['W'],['W'],None,['Creature'],"['Cat', 'Rebel']",Common,TSR,3,1,None,None
Benalish Commander,4.0,['W'],['W'],None,['Creature'],"['Human', 'Soldier']",Rare,TSR,*,*,None,"Benalish Commander's power and toughness are each equal to the number of Soldiers you control.\nSuspend X—{X}{W}{W}. X can't be 0.\nWhenever a time counter is removed from Benalish Commander while it's exiled, create a 1/1 white Soldier creature token."
Benalish Cavalry,2.0,['W'],['W'],None,['Creature'],"['Human', 'Knight']",Common,TSR,2,2,None,"Flanking (Whenever a creature without flanking blocks this creature, the blocking creature gets -1/-1 until end of turn.)"
Aven Riftwatcher,3.0,['W'],['W'],None,['Creature'],"['Bird', 'Rebel', 'Soldier']",Common,TSR,2,3,None,"Flying\nVanishing 3 (This creature enters the battlefield with three time counters on it. At the beginning of your upkeep, remove a time counter from it. When the last is removed, sacrifice it.)\nWhen Aven Riftwatcher enters or leaves the battlefield, you gain 2 life."
"Yawgmoth, Thran Physician",4.0,['B'],['B'],['Legendary'],['Creature'],"['Human', 'Cleric']",Special,TSR,2,4,None,"Protection from Humans\nPay 1 life, Sacrifice another creature: Put a -1/-1 counter on up to one target creature and draw a card.\n{B}{B}, Discard a card: Proliferate. (Choose any number of permanents and/or players, then give each another counter of each kind already there.)"
Vampire Hexmage,2.0,['B'],['B'],None,['Creature'],"['Vampire', 'Shaman']",Special,TSR,2,1,None,First strike\nSacrifice Vampire Hexmage: Remove all counters from target permanent.
Kor Dirge,3.0,['B'],['B'],None,['Instant'],None,Uncommon,TSR,None,None,None,All damage that would be dealt this turn to target creature you control by a source of your choice is dealt to another target creature instead.
Grave Scrabbler,4.0,['B'],['B'],None,['Creature'],['Zombie'],Common,TSR,2,2,None,"Madness {1}{B} (If you discard this card, discard it into exile. When you do, cast it for its madness cost or put it into your graveyard.)\nWhen Grave Scrabbler enters the battlefield, if its madness cost was paid, you may return target creature card from a graveyard to its owner's hand."
Big Game Hunter,3.0,['B'],['B'],None,['Creature'],"['Human', 'Rebel', 'Assassin']",Uncommon,TSR,1,1,None,"When Big Game Hunter enters the battlefield, destroy target creature with power 4 or greater. It can't be regenerated.\nMadness {B} (If you discard this card, discard it into exile. When you do, cast it for its madness cost or put it into your graveyard.)"
Faceless Devourer,3.0,['B'],['B'],None,['Creature'],"['Nightmare', 'Horror']",Uncommon,TSR,2,1,None,"Shadow (This creature can block or be blocked by only creatures with shadow.)\nWhen Faceless Devourer enters the battlefield, exile another target creature with shadow.\nWhen Faceless Devourer leaves the battlefield, return the exiled card to the battlefield under its owner's control."
Extirpate,1.0,['B'],['B'],None,['Instant'],None,Rare,TSR,None,None,None,"Split second (As long as this spell is on the stack, players can't cast spells or activate abilities that aren't mana abilities.)\nChoose target card in a graveyard other than a basic land card. Search its owner's graveyard, hand, and library for all cards with the same name as that card and exile them. Then that player shuffles."
Dread Return,4.0,['B'],['B'],None,['Sorcery'],None,Uncommon,TSR,None,None,None,Return target creature card from your graveyard to the battlefield.\nFlashback—Sacrifice three creatures. (You may cast this card from your graveyard for its flashback cost. Then exile it.)
Blightspeaker,2.0,['B'],['B'],None,['Creature'],"['Human', 'Rebel', 'Cleric']",Common,TSR,1,1,None,"{T}: Target player loses 1 life.\n{4}, {T}: Search your library for a Rebel permanent card with mana value 3 or less, put it onto the battlefield, then shuffle."
Assassinate,3.0,['B'],['B'],None,['Sorcery'],None,Common,TSR,None,None,None,Destroy target tapped creature.
Wipe Away,3.0,['U'],['U'],None,['Instant'],None,Uncommon,TSR,None,None,None,"Split second (As long as this spell is on the stack, players can't cast spells or activate abilities that aren't mana abilities.)\nReturn target permanent to its owner's hand."
Veiling Oddity,4.0,['U'],['U'],None,['Creature'],['Illusion'],Common,TSR,2,3,None,"Suspend 4—{1}{U} (Rather than cast this card from your hand, you may pay {1}{U} and exile it with four time counters on it. At the beginning of your upkeep, remove a time counter. When the last is removed, you may cast it without paying its mana cost. It has haste.)\nWhen the last time counter is removed from Veiling Oddity while it's exiled, creatures can't be blocked this turn."
Timebender,1.0,['U'],['U'],None,['Creature'],"['Human', 'Wizard']",Uncommon,TSR,1,1,None,"Morph {U}\nWhen Timebender is turned face up, choose one —\n• Remove two time counters from target permanent or suspended card.\n• Put two time counters on target permanent with a time counter on it or suspended card."
"Teferi, Mage of Zhalfir",5.0,['U'],['U'],['Legendary'],['Creature'],"['Human', 'Wizard']",Mythic,TSR,3,4,None,Flash\nCreature cards you own that aren't on the battlefield have flash.\nEach opponent can cast spells only any time they could cast a sorcery.
Spiketail Drakeling,3.0,['U'],['U'],None,['Creature'],['Drake'],Common,TSR,2,2,None,Flying\nSacrifice Spiketail Drakeling: Counter target spell unless its controller pays {2}.
Spell Burst,1.0,['U'],['U'],None,['Instant'],None,Uncommon,TSR,None,None,None,"Buyback {3} (You may pay an additional {3} as you cast this spell. If you do, put this card into your hand as it resolves.)\nCounter target spell with mana value X."
Slipstream Serpent,8.0,['U'],['U'],None,['Creature'],['Serpent'],Common,TSR,6,6,None,"Slipstream Serpent can't attack unless defending player controls an Island.\nWhen you control no Islands, sacrifice Slipstream Serpent.\nMorph {5}{U} (You may cast this card face down as a 2/2 creature for {3}. Turn it face up any time for its morph cost.)"
Sarcomite Myr,3.0,['U'],['U'],None,"['Artifact', 'Creature']","['Phyrexian', 'Myr']",Common,TSR,2,1,None,"{2}: Sarcomite Myr gains flying until end of turn.\n{2}, Sacrifice Sarcomite Myr: Draw a card."
Riftwing Cloudskate,5.0,['U'],['U'],None,['Creature'],['Illusion'],Uncommon,TSR,2,2,None,"Flying\nWhen Riftwing Cloudskate enters the battlefield, return target permanent to its owner's hand.\nSuspend 3—{1}{U} (Rather than cast this card from your hand, you may pay {1}{U} and exile it with three time counters on it. At the beginning of your upkeep, remove a time counter. When the last is removed, you may cast it without paying its mana cost. It has haste.)"
Primal Plasma,4.0,['U'],['U'],None,['Creature'],"['Elemental', 'Shapeshifter']",Common,TSR,*,*,None,"As Primal Plasma enters the battlefield, it becomes your choice of a 3/3 creature, a 2/2 creature with flying, or a 1/6 creature with defender."
Pongify,1.0,['U'],['U'],None,['Instant'],None,Uncommon,TSR,None,None,None,Destroy target creature. It can't be regenerated. Its controller creates a 3/3 green Ape creature token.
Pact of Negation,0.0,['U'],['U'],None,['Instant'],None,Rare,TSR,None,None,None,"Counter target spell.\nAt the beginning of your next upkeep, pay {3}{U}{U}. If you don't, you lose the game."
Magus of the Future,5.0,['U'],['U'],None,['Creature'],"['Human', 'Wizard']",Rare,TSR,2,3,None,Play with the top card of your library revealed.\nYou may play lands and cast spells from the top of your library.
Logic Knot,2.0,['U'],['U'],None,['Instant'],None,Common,TSR,None,None,None,Delve (Each card you exile from your graveyard while casting this spell pays for {1}.)\nCounter target spell unless its controller pays {X}.
Infiltrator il-Kor,5.0,['U'],['U'],None,['Creature'],"['Kor', 'Rogue']",Common,TSR,3,1,None,"Shadow (This creature can block or be blocked by only creatures with shadow.)\nSuspend 2—{1}{U} (Rather than cast this card from your hand, you may pay {1}{U} and exile it with two time counters on it. At the beginning of your upkeep, remove a time counter. When the last is removed, you may cast it without paying its mana cost. It has haste.)"
Foresee,4.0,['U'],['U'],None,['Sorcery'],None,Common,TSR,None,None,None,"Scry 4, then draw two cards."
Errant Ephemeron,7.0,['U'],['U'],None,['Creature'],['Illusion'],Common,TSR,4,4,None,"Flying\nSuspend 4—{1}{U} (Rather than cast this card from your hand, you may pay {1}{U} and exile it with four time counters on it. At the beginning of your upkeep, remove a time counter. When the last is removed, you may cast it without paying its mana cost. It has haste.)"
Dreamscape Artist,2.0,['U'],['U'],None,['Creature'],"['Human', 'Spellshaper']",Common,TSR,1,1,None,"{2}{U}, {T}, Discard a card, Sacrifice a land: Search your library for up to two basic land cards, put them onto the battlefield, then shuffle."
Draining Whelk,6.0,['U'],['U'],None,['Creature'],['Illusion'],Rare,TSR,1,1,None,"Flash\nFlying\nWhen Draining Whelk enters the battlefield, counter target spell. Put X +1/+1 counters on Draining Whelk, where X is that spell's mana value."
Cryptic Annelid,4.0,['U'],['U'],None,['Creature'],"['Worm', 'Beast']",Uncommon,TSR,1,4,None,"When Cryptic Annelid enters the battlefield, scry 1, then scry 2, then scry 3. (To scry X, look at the top X cards of your library, then put any number of them on the bottom of your library and the rest on top in any order.)"
Coral Trickster,2.0,['U'],['U'],None,['Creature'],"['Merfolk', 'Rogue']",Common,TSR,2,1,None,"Morph {U} (You may cast this card face down as a 2/2 creature for {3}. Turn it face up any time for its morph cost.)\nWhen Coral Trickster is turned face up, you may tap or untap target permanent."
Careful Consideration,4.0,['U'],['U'],None,['Instant'],None,Uncommon,TSR,None,None,None,"Target player draws four cards, then discards three cards. If you cast this spell during your main phase, instead that player draws four cards, then discards two cards."
Bonded Fetch,3.0,['U'],['U'],None,['Creature'],['Homunculus'],Uncommon,TSR,0,2,None,"Defender, haste\n{T}: Draw a card, then discard a card."
Ancestral Vision,0.0,['U'],['U'],None,['Sorcery'],None,Mythic,TSR,None,None,None,"Suspend 4—{U} (Rather than cast this card from your hand, pay {U} and exile it with four time counters on it. At the beginning of your upkeep, remove a time counter. When the last is removed, you may cast it without paying its mana cost.)\nTarget player draws three cards."
Whitemane Lion,2.0,['W'],['W'],None,['Creature'],['Cat'],Common,TSR,2,2,None,"Flash\nWhen Whitemane Lion enters the battlefield, return a creature you control to its owner's hand."
Temporal Isolation,2.0,['W'],['W'],None,['Enchantment'],['Aura'],Common,TSR,None,None,None,Flash\nEnchant creature\nEnchanted creature has shadow. (It can block or be blocked by only creatures with shadow.)\nPrevent all damage that would be dealt by enchanted creature.
Stormfront Riders,5.0,['W'],['W'],None,['Creature'],"['Human', 'Soldier']",Uncommon,TSR,4,3,None,"Flying\nWhen Stormfront Riders enters the battlefield, return two creatures you control to their owner's hand.\nWhenever Stormfront Riders or another creature is returned to your hand from the battlefield, create a 1/1 white Soldier creature token."
Sinew Sliver,2.0,['W'],['W'],None,['Creature'],['Sliver'],Common,TSR,1,1,None,All Sliver creatures get +1/+1.
Shade of Trokair,4.0,['W'],['W'],None,['Creature'],['Shade'],Common,TSR,1,2,None,"{W}: Shade of Trokair gets +1/+1 until end of turn.\nSuspend 3—{W} (Rather than cast this card from your hand, you may pay {W} and exile it with three time counters on it. At the beginning of your upkeep, remove a time counter. When the last is removed, you may cast it without paying its mana cost. It has haste.)"
Saltfield Recluse,3.0,['W'],['W'],None,['Creature'],"['Human', 'Rebel', 'Cleric']",Uncommon,TSR,1,2,None,{T}: Target creature gets -2/-0 until end of turn.
Riftmarked Knight,3.0,['W'],['W'],None,['Creature'],"['Human', 'Rebel', 'Knight']",Uncommon,TSR,2,2,None,"Protection from black; flanking (Whenever a creature without flanking blocks this creature, the blocking creature gets -1/-1 until end of turn.)\nSuspend 3—{1}{W}{W}\nWhen the last time counter is removed from Riftmarked Knight while it's exiled, create a 2/2 black Knight creature token with flanking, protection from white, and haste."
Restore Balance,0.0,['W'],['W'],None,['Sorcery'],None,Mythic,TSR,None,None,None,"Suspend 6—{W}\nEach player chooses a number of lands they control equal to the number of lands controlled by the player who controls the fewest, then sacrifices the rest. Players sacrifice creatures and discard cards the same way."
Rebuff the Wicked,1.0,['W'],['W'],None,['Instant'],None,Uncommon,TSR,None,None,None,Counter target spell that targets a permanent you control.
Poultice Sliver,3.0,['W'],['W'],None,['Creature'],['Sliver'],Uncommon,TSR,2,2,None,"All Slivers have ""{2}, {T}: Regenerate target Sliver."" (The next time that Sliver would be destroyed, instead tap it, remove it from combat, and heal all damage on it.)"
Pallid Mycoderm,4.0,['W'],['W'],None,['Creature'],['Fungus'],Common,TSR,2,4,None,"At the beginning of your upkeep, put a spore counter on Pallid Mycoderm.\nRemove three spore counters from Pallid Mycoderm: Create a 1/1 green Saproling creature token.\nSacrifice a Saproling: Each creature you control that's a Fungus or a Saproling gets +1/+1 until end of turn."
Mycologist,2.0,['W'],['W'],None,['Creature'],"['Human', 'Druid']",Uncommon,TSR,0,2,None,"At the beginning of your upkeep, put a spore counter on Mycologist.\nRemove three spore counters from Mycologist: Create a 1/1 green Saproling creature token.\nSacrifice a Saproling: You gain 2 life."
Mangara of Corondor,3.0,['W'],['W'],['Legendary'],['Creature'],"['Human', 'Wizard']",Rare,TSR,1,1,None,{T}: Exile Mangara of Corondor and target permanent.
Lost Auramancers,4.0,['W'],['W'],None,['Creature'],"['Human', 'Wizard']",Uncommon,TSR,3,3,None,"Vanishing 3 (This creature enters the battlefield with three time counters on it. At the beginning of your upkeep, remove a time counter from it. When the last is removed, sacrifice it.)\nWhen Lost Auramancers dies, if it had no time counters on it, you may search your library for an enchantment card, put it onto the battlefield, then shuffle."
Knight of Sursi,4.0,['W'],['W'],None,['Creature'],"['Human', 'Knight']",Common,TSR,2,2,None,"Flying; flanking (Whenever a creature without flanking blocks this creature, the blocking creature gets -1/-1 until end of turn.)\nSuspend 3—{W} (Rather than cast this card from your hand, you may pay {W} and exile it with three time counters on it. At the beginning of your upkeep, remove a time counter. When the last is removed, you may cast it without paying its mana cost. It has haste.)"
Ivory Giant,7.0,['W'],['W'],None,['Creature'],['Giant'],Common,TSR,3,4,None,"When Ivory Giant enters the battlefield, tap all nonwhite creatures.\nSuspend 5—{W} (Rather than cast this card from your hand, you may pay {W} and exile it with five time counters on it. At the beginning of your upkeep, remove a time counter. When the last is removed, you may cast it without paying its mana cost. It has haste.)"
Griffin Guide,3.0,['W'],['W'],None,['Enchantment'],['Aura'],Uncommon,TSR,None,None,None,"Enchant creature\nEnchanted creature gets +2/+2 and has flying.\nWhen enchanted creature dies, create a 2/2 white Griffin creature token with flying."
Errant Doomsayers,2.0,['W'],['W'],None,['Creature'],"['Human', 'Rebel']",Common,TSR,1,1,None,{T}: Tap target creature with toughness 2 or less.
Celestial Crusader,4.0,['W'],['W'],None,['Creature'],['Spirit'],Uncommon,TSR,2,2,None,"Flash\nSplit second (As long as this spell is on the stack, players can't cast spells or activate abilities that aren't mana abilities.)\nFlying\nOther white creatures get +1/+1."
Duskrider Peregrine,6.0,['W'],['W'],None,['Creature'],['Bird'],Uncommon,TSR,3,3,None,"Flying, protection from black\nSuspend 3—{1}{W} (Rather than cast this card from your hand, you may pay {1}{W} and exile it with three time counters on it. At the beginning of your upkeep, remove a time counter. When the last is removed, you may cast it without paying its mana cost. It has haste.)"
Castle Raptors,5.0,['W'],['W'],None,['Creature'],"['Bird', 'Soldier']",Common,TSR,3,3,None,"Flying\nAs long as Castle Raptors is untapped, it gets +0/+2."
Bound in Silence,3.0,['W'],['W'],None,"['Tribal', 'Enchantment']","['Rebel', 'Aura']",Common,TSR,None,None,None,Enchant creature\nEnchanted creature can't attack or block.
Angel of Salvation,8.0,['W'],['W'],None,['Creature'],['Angel'],Rare,TSR,5,5,None,"Flash; convoke (Your creatures can help cast this spell. Each creature you tap while casting this spell pays for {1} or one mana of that creature's color.)\nFlying\nWhen Angel of Salvation enters the battlefield, prevent the next 5 damage that would be dealt this turn to any number of targets, divided as you choose."
Amrou Scout,2.0,['W'],['W'],None,['Creature'],"['Kithkin', 'Rebel', 'Scout']",Common,TSR,2,1,None,"{4}, {T}: Search your library for a Rebel permanent card with mana value 3 or less, put it onto the battlefield, then shuffle."
Aven Mindcensor,3.0,['W'],['W'],None,['Creature'],"['Bird', 'Wizard']",Uncommon,TSR,2,1,None,"Flash\nFlying\nIf an opponent would search a library, that player searches the top four cards of that library instead."
Living End,0.0,['B'],['B'],None,['Sorcery'],None,Mythic,TSR,None,None,None,"Suspend 3—{2}{B}{B}\nEach player exiles all creature cards from their graveyard, then sacrifices all creatures they control, then puts all cards they exiled this way onto the battlefield."
Angel's Grace,1.0,['W'],['W'],None,['Instant'],None,Rare,TSR,None,None,None,"Split second (As long as this spell is on the stack, players can't cast spells or activate abilities that aren't mana abilities.)\nYou can't lose the game this turn and your opponents can't win the game this turn. Until end of turn, damage that would reduce your life total to less than 1 reduces it to 1 instead."
Disdainful Stroke,2.0,['U'],['U'],None,['Instant'],None,Special,TSR,None,None,None,Counter target spell with mana value 4 or greater.
Thraben Inspector,1.0,['W'],['W'],None,['Creature'],"['Human', 'Soldier']",Special,TSR,1,2,None,"When Thraben Inspector enters the battlefield, investigate. (Create a Clue token. It's an artifact with ""{2}, Sacrifice this artifact: Draw a card."")"
Palace Jailer,4.0,['W'],['W'],None,['Creature'],"['Human', 'Soldier']",Special,TSR,2,2,None,"When Palace Jailer enters the battlefield, you become the monarch.\nWhen Palace Jailer enters the battlefield, exile target creature an opponent controls until an opponent becomes the monarch."
Restoration Angel,4.0,['W'],['W'],None,['Creature'],['Angel'],Special,TSR,3,4,None,"Flash\nFlying\nWhen Restoration Angel enters the battlefield, you may exile target non-Angel creature you control, then return that card to the battlefield under your control."
Lingering Souls,3.0,['W'],"['B', 'W']",None,['Sorcery'],None,Special,TSR,None,None,None,Create two 1/1 white Spirit creature tokens with flying.\nFlashback {1}{B} (You may cast this card from your graveyard for its flashback cost. Then exile it.)
Sigil of the Empty Throne,5.0,['W'],['W'],None,['Enchantment'],None,Special,TSR,None,None,None,"Whenever you cast an enchantment spell, create a 4/4 white Angel creature token with flying."
Stonehorn Dignitary,4.0,['W'],['W'],None,['Creature'],"['Rhino', 'Soldier']",Special,TSR,1,4,None,"When Stonehorn Dignitary enters the battlefield, target opponent skips their next combat phase."
Intangible Virtue,2.0,['W'],['W'],None,['Enchantment'],None,Special,TSR,None,None,None,Creature tokens you control get +1/+1 and have vigilance.
Flickerwisp,3.0,['W'],['W'],None,['Creature'],['Elemental'],Special,TSR,3,1,None,"Flying\nWhen Flickerwisp enters the battlefield, exile another target permanent. Return that card to the battlefield under its owner's control at the beginning of the next end step."
Leyline of the Void,4.0,['B'],['B'],None,['Enchantment'],None,Special,TSR,None,None,None,"If Leyline of the Void is in your opening hand, you may begin the game with it on the battlefield.\nIf a card would be put into an opponent's graveyard from anywhere, exile it instead."
Gurmag Angler,7.0,['B'],['B'],None,['Creature'],"['Zombie', 'Fish']",Special,TSR,5,5,None,Delve (Each card you exile from your graveyard while casting this spell pays for {1}.)
Ethereal Armor,1.0,['W'],['W'],None,['Enchantment'],['Aura'],Special,TSR,None,None,None,Enchant creature\nEnchanted creature gets +1/+1 for each enchantment you control and has first strike.
Containment Priest,2.0,['W'],['W'],None,['Creature'],"['Human', 'Cleric']",Special,TSR,2,2,None,"Flash\nIf a nontoken creature would enter the battlefield and it wasn't cast, exile it instead."
Dismember,3.0,['B'],['B'],None,['Instant'],None,Special,TSR,None,None,None,({B/P} can be paid with either {B} or 2 life.)\nTarget creature gets -5/-5 until end of turn.
Banishing Light,3.0,['W'],['W'],None,['Enchantment'],None,Special,TSR,None,None,None,"When Banishing Light enters the battlefield, exile target nonland permanent an opponent controls until Banishing Light leaves the battlefield."
Ajani's Pridemate,2.0,['W'],['W'],None,['Creature'],"['Cat', 'Soldier']",Special,TSR,2,2,None,"Whenever you gain life, put a +1/+1 counter on Ajani's Pridemate."
Trinket Mage,3.0,['U'],['U'],None,['Creature'],"['Human', 'Wizard']",Special,TSR,2,2,None,"When Trinket Mage enters the battlefield, you may search your library for an artifact card with mana value 1 or less, reveal that card, put it into your hand, then shuffle."
Vesuva,0.0,None,None,None,['Land'],None,Mythic,TSR,None,None,None,You may have Vesuva enter the battlefield tapped as a copy of any land on the battlefield.
Urza's Factory,0.0,None,None,None,['Land'],"[""Urza's""]",Uncommon,TSR,None,None,None,"{T}: Add {C}.\n{7}, {T}: Create a 2/2 colorless Assembly-Worker artifact creature token."
"Urborg, Tomb of Yawgmoth",0.0,None,None,['Legendary'],['Land'],None,Rare,TSR,None,None,None,Each land is a Swamp in addition to its other land types.
Tolaria West,0.0,None,['U'],None,['Land'],None,Rare,TSR,None,None,None,"Tolaria West enters the battlefield tapped.\n{T}: Add {U}.\nTransmute {1}{U}{U} ({1}{U}{U}, Discard this card: Search your library for a card with mana value 0, reveal it, put it into your hand, then shuffle. Transmute only as a sorcery.)"
Terramorphic Expanse,0.0,None,None,None,['Land'],None,Common,TSR,None,None,None,"{T}, Sacrifice Terramorphic Expanse: Search your library for a basic land card, put it onto the battlefield tapped, then shuffle."
Swarmyard,0.0,None,None,None,['Land'],None,Rare,TSR,None,None,None,"{T}: Add {C}.\n{T}: Regenerate target Insect, Rat, Spider, or Squirrel. (The next time it would be destroyed, instead tap it, remove it from combat, and heal all damage on it.)"
Saltcrusted Steppe,0.0,None,"['G', 'W']",None,['Land'],None,Uncommon,TSR,None,None,None,"{T}: Add {C}.\n{1}, {T}: Put a storage counter on Saltcrusted Steppe.\n{1}, Remove X storage counters from Saltcrusted Steppe: Add X mana in any combination of {G} and/or {W}."
Molten Slagheap,0.0,None,"['B', 'R']",None,['Land'],None,Uncommon,TSR,None,None,None,"{T}: Add {C}.\n{1}, {T}: Put a storage counter on Molten Slagheap.\n{1}, Remove X storage counters from Molten Slagheap: Add X mana in any combination of {B} and/or {R}."
Kher Keep,0.0,None,['R'],['Legendary'],['Land'],None,Rare,TSR,None,None,None,"{T}: Add {C}.\n{1}{R}, {T}: Create a 0/1 red Kobold creature token named Kobolds of Kher Keep."
Gemstone Caverns,0.0,None,None,['Legendary'],['Land'],None,Mythic,TSR,None,None,None,"If Gemstone Caverns is in your opening hand and you're not the starting player, you may begin the game with Gemstone Caverns on the battlefield with a luck counter on it. If you do, exile a card from your hand.\n{T}: Add {C}. If Gemstone Caverns has a luck counter on it, instead add one mana of any color."
Fungal Reaches,0.0,None,"['G', 'R']",None,['Land'],None,Uncommon,TSR,None,None,None,"{T}: Add {C}.\n{1}, {T}: Put a storage counter on Fungal Reaches.\n{1}, Remove X storage counters from Fungal Reaches: Add X mana in any combination of {R} and/or {G}."
Flagstones of Trokair,0.0,None,['W'],['Legendary'],['Land'],None,Rare,TSR,None,None,None,"{T}: Add {W}.\nWhen Flagstones of Trokair is put into a graveyard from the battlefield, you may search your library for a Plains card, put it onto the battlefield tapped, then shuffle."
Dryad Arbor,0.0,['G'],['G'],None,"['Land', 'Creature']","['Forest', 'Dryad']",Rare,TSR,1,1,None,"(Dryad Arbor isn't a spell, it's affected by summoning sickness, and it has ""{T}: Add {G}."")"
Dreadship Reef,0.0,None,"['B', 'U']",None,['Land'],None,Uncommon,TSR,None,None,None,"{T}: Add {C}.\n{1}, {T}: Put a storage counter on Dreadship Reef.\n{1}, Remove X storage counters from Dreadship Reef: Add X mana in any combination of {U} and/or {B}."
Calciform Pools,0.0,None,"['U', 'W']",None,['Land'],None,Uncommon,TSR,None,None,None,"{T}: Add {C}.\n{1}, {T}: Put a storage counter on Calciform Pools.\n{1}, Remove X storage counters from Calciform Pools: Add X mana in any combination of {W} and/or {U}."
Stuffy Doll,5.0,None,None,None,"['Artifact', 'Creature']",['Construct'],Rare,TSR,0,1,None,"Indestructible\nAs Stuffy Doll enters the battlefield, choose a player.\nWhenever Stuffy Doll is dealt damage, it deals that much damage to the chosen player.\n{T}: Stuffy Doll deals 1 damage to itself."
Sliversmith,2.0,None,None,None,"['Artifact', 'Creature']",['Spellshaper'],Uncommon,TSR,1,1,None,"{1}, {T}, Discard a card: Create a 1/1 colorless Sliver artifact creature token named Metallic Sliver."
Prismatic Lens,2.0,None,None,None,['Artifact'],None,Common,TSR,None,None,None,"{T}: Add {C}.\n{1}, {T}: Add one mana of any color."
Paradise Plume,4.0,None,None,None,['Artifact'],None,Uncommon,TSR,None,None,None,"As Paradise Plume enters the battlefield, choose a color.\nWhenever a player casts a spell of the chosen color, you may gain 1 life.\n{T}: Add one mana of the chosen color."
Lotus Bloom,0.0,None,None,None,['Artifact'],None,Rare,TSR,None,None,None,"Suspend 3—{0} (Rather than cast this card from your hand, pay {0} and exile it with three time counters on it. At the beginning of your upkeep, remove a time counter. When the last is removed, you may cast it without paying its mana cost.)\n{T}, Sacrifice Lotus Bloom: Add three mana of any one color."
Jhoira's Timebug,2.0,None,None,None,"['Artifact', 'Creature']",['Insect'],Common,TSR,1,2,None,"{T}: Choose target permanent you control or suspended card you own. If that permanent or card has a time counter on it, you may remove a time counter from it or put another time counter on it."
Hivestone,2.0,None,None,None,['Artifact'],None,Rare,TSR,None,None,None,Creatures you control are Slivers in addition to their other creature types.
Gauntlet of Power,5.0,None,None,None,['Artifact'],None,Mythic,TSR,None,None,None,"As Gauntlet of Power enters the battlefield, choose a color.\nCreatures of the chosen color get +1/+1.\nWhenever a basic land is tapped for mana of the chosen color, its controller adds an additional one mana of that color."
Coalition Relic,3.0,None,None,None,['Artifact'],None,Rare,TSR,None,None,None,"{T}: Add one mana of any color.\n{T}: Put a charge counter on Coalition Relic.\nAt the beginning of your precombat main phase, remove all charge counters from Coalition Relic. Add one mana of any color for each charge counter removed this way."
Cloud Key,3.0,None,None,None,['Artifact'],None,Rare,TSR,None,None,None,"As Cloud Key enters the battlefield, choose artifact, creature, enchantment, instant, or sorcery.\nSpells you cast of the chosen type cost {1} less to cast."
Clockwork Hydra,5.0,None,None,None,"['Artifact', 'Creature']",['Hydra'],Uncommon,TSR,0,0,None,"Clockwork Hydra enters the battlefield with four +1/+1 counters on it.\nWhenever Clockwork Hydra attacks or blocks, remove a +1/+1 counter from it. If you do, Clockwork Hydra deals 1 damage to any target.\n{T}: Put a +1/+1 counter on Clockwork Hydra."
Chromatic Star,1.0,None,None,None,['Artifact'],None,Common,TSR,None,None,None,"{1}, {T}, Sacrifice Chromatic Star: Add one mana of any color.\nWhen Chromatic Star is put into a graveyard from the battlefield, draw a card."
Akroma's Memorial,7.0,None,None,['Legendary'],['Artifact'],None,Mythic,TSR,None,None,None,"Creatures you control have flying, first strike, vigilance, trample, haste, and protection from black and from red."
Sliver Legion,5.0,"['B', 'G', 'R', 'U', 'W']","['B', 'G', 'R', 'U', 'W']",['Legendary'],['Creature'],['Sliver'],Mythic,TSR,7,7,None,All Sliver creatures get +1/+1 for each other Sliver on the battlefield.
Saffi Eriksdotter,2.0,"['G', 'W']","['G', 'W']",['Legendary'],['Creature'],"['Human', 'Scout']",Rare,TSR,2,2,None,"Sacrifice Saffi Eriksdotter: When target creature is put into your graveyard this turn, return that card to the battlefield."
Treasure Cruise,8.0,['U'],['U'],None,['Sorcery'],None,Special,TSR,None,None,None,Delve (Each card you exile from your graveyard while casting this spell pays for {1}.)\nDraw three cards.
"Talrand, Sky Summoner",4.0,['U'],['U'],['Legendary'],['Creature'],"['Merfolk', 'Wizard']",Special,TSR,2,2,None,"Whenever you cast an instant or sorcery spell, create a 2/2 blue Drake creature token with flying."
"Radha, Heir to Keld",2.0,"['G', 'R']","['G', 'R']",['Legendary'],['Creature'],"['Elf', 'Warrior']",Rare,TSR,2,2,None,"Whenever Radha, Heir to Keld attacks, you may add {R}{R}.\n{T}: Add {G}."
Necrotic Sliver,3.0,"['B', 'W']","['B', 'W']",None,['Creature'],['Sliver'],Uncommon,TSR,2,2,None,"All Slivers have ""{3}, Sacrifice this permanent: Destroy target permanent."""
Kaervek the Merciless,7.0,"['B', 'R']","['B', 'R']",['Legendary'],['Creature'],"['Human', 'Shaman']",Rare,TSR,5,4,None,"Whenever an opponent casts a spell, Kaervek the Merciless deals damage equal to that spell's mana value to any target."
Jhoira of the Ghitu,3.0,"['R', 'U']","['R', 'U']",['Legendary'],['Creature'],"['Human', 'Wizard']",Rare,TSR,2,2,None,"{2}, Exile a nonland card from your hand: Put four time counters on the exiled card. If it doesn't have suspend, it gains suspend. (At the beginning of your upkeep, remove a time counter from that card. When the last is removed, you may cast it without paying its mana cost. If it's a creature, it has haste.)"
"Ith, High Arcanist",7.0,"['U', 'W']","['U', 'W']",['Legendary'],['Creature'],"['Human', 'Wizard']",Rare,TSR,3,5,None,Vigilance\n{T}: Untap target attacking creature. Prevent all combat damage that would be dealt to and dealt by that creature this turn.\nSuspend 4—{W}{U}
Harmonic Sliver,3.0,"['G', 'W']","['G', 'W']",None,['Creature'],['Sliver'],Uncommon,TSR,1,1,None,"All Slivers have ""When this permanent enters the battlefield, destroy target artifact or enchantment."""
Glittering Wish,2.0,"['G', 'W']","['G', 'W']",None,['Sorcery'],None,Rare,TSR,None,None,None,You may reveal a multicolored card you own from outside the game and put it into your hand. Exile Glittering Wish.
Firewake Sliver,3.0,"['G', 'R']","['G', 'R']",None,['Creature'],['Sliver'],Uncommon,TSR,1,1,None,"All Sliver creatures have haste.\nAll Slivers have ""{1}, Sacrifice this permanent: Target Sliver creature gets +2/+2 until end of turn."""
"Dralnu, Lich Lord",5.0,"['B', 'U']","['B', 'U']",['Legendary'],['Creature'],"['Zombie', 'Wizard']",Rare,TSR,3,3,None,"If damage would be dealt to Dralnu, Lich Lord, sacrifice that many permanents instead.\n{T}: Target instant or sorcery card in your graveyard gains flashback until end of turn. The flashback cost is equal to its mana cost. (You may cast that card from your graveyard for its flashback cost. Then exile it.)"
Dormant Sliver,4.0,"['G', 'U']","['G', 'U']",None,['Creature'],['Sliver'],Uncommon,TSR,2,2,None,"All Sliver creatures have defender.\nAll Slivers have ""When this permanent enters the battlefield, draw a card."""
Darkheart Sliver,2.0,"['B', 'G']","['B', 'G']",None,['Creature'],['Sliver'],Uncommon,TSR,2,2,None,"All Slivers have ""Sacrifice this permanent: You gain 3 life."""
Cautery Sliver,2.0,"['R', 'W']","['R', 'W']",None,['Creature'],['Sliver'],Uncommon,TSR,2,2,None,"All Slivers have ""{1}, Sacrifice this permanent: This permanent deals 1 damage to any target.""\nAll Slivers have ""{1}, Sacrifice this permanent: Prevent the next 1 damage that would be dealt to target player, planeswalker, or Sliver creature this turn."""
Yavimaya Dryad,3.0,['G'],['G'],None,['Creature'],['Dryad'],Uncommon,TSR,2,1,None,"Forestwalk (This creature can't be blocked as long as defending player controls a Forest.)\nWhen Yavimaya Dryad enters the battlefield, you may search your library for a Forest card, put it onto the battlefield tapped under target player's control, then shuffle."
Virulent Sliver,1.0,['G'],['G'],None,['Creature'],['Sliver'],Common,TSR,1,1,None,"All Sliver creatures have poisonous 1. (Whenever a Sliver deals combat damage to a player, that player gets a poison counter. A player with ten or more poison counters loses the game.)"
Utopia Vow,2.0,['G'],['G'],None,['Enchantment'],['Aura'],Common,TSR,None,None,None,"Enchant creature\nEnchanted creature can't attack or block.\nEnchanted creature has ""{T}: Add one mana of any color."""
Utopia Mycon,1.0,['G'],['G'],None,['Creature'],['Fungus'],Uncommon,TSR,0,2,None,"At the beginning of your upkeep, put a spore counter on Utopia Mycon.\nRemove three spore counters from Utopia Mycon: Create a 1/1 green Saproling creature token.\nSacrifice a Saproling: Add one mana of any color."
Uktabi Drake,1.0,['G'],['G'],None,['Creature'],['Drake'],Common,TSR,2,1,None,"Flying, haste\nEcho {1}{G}{G} (At the beginning of your upkeep, if this came under your control since the beginning of your last upkeep, sacrifice it unless you pay its echo cost.)"
Tromp the Domains,6.0,['G'],['G'],None,['Sorcery'],None,Uncommon,TSR,None,None,None,"Domain — Until end of turn, creatures you control gain trample and get +1/+1 for each basic land type among lands you control."
Thrill of the Hunt,1.0,['G'],"['G', 'W']",None,['Instant'],None,Common,TSR,None,None,None,Target creature gets +1/+2 until end of turn.\nFlashback {W} (You may cast this card from your graveyard for its flashback cost. Then exile it.)
Thornweald Archer,2.0,['G'],['G'],None,['Creature'],"['Elf', 'Archer']",Common,TSR,2,1,None,"Reach, deathtouch"
Thelonite Hermit,4.0,['G'],['G'],None,['Creature'],"['Elf', 'Shaman']",Rare,TSR,1,1,None,"All Saprolings get +1/+1.\nMorph {3}{G}{G} (You may cast this card face down as a 2/2 creature for {3}. Turn it face up any time for its morph cost.)\nWhen Thelonite Hermit is turned face up, create four 1/1 green Saproling creature tokens."
Thelon of Havenwood,2.0,['G'],"['B', 'G']",['Legendary'],['Creature'],"['Elf', 'Druid']",Rare,TSR,2,2,None,"Each Fungus creature gets +1/+1 for each spore counter on it.\n{B}{G}, Exile a Fungus card from a graveyard: Put a spore counter on each Fungus on the battlefield."
Thallid Shell-Dweller,2.0,['G'],['G'],None,['Creature'],['Fungus'],Common,TSR,0,5,None,"Defender\nAt the beginning of your upkeep, put a spore counter on Thallid Shell-Dweller.\nRemove three spore counters from Thallid Shell-Dweller: Create a 1/1 green Saproling creature token."
Thallid Germinator,3.0,['G'],['G'],None,['Creature'],['Fungus'],Common,TSR,2,2,None,"At the beginning of your upkeep, put a spore counter on Thallid Germinator.\nRemove three spore counters from Thallid Germinator: Create a 1/1 green Saproling creature token.\nSacrifice a Saproling: Target creature gets +1/+1 until end of turn."
Tarmogoyf,2.0,['G'],['G'],None,['Creature'],['Lhurgoyf'],Mythic,TSR,*,1+*,None,Tarmogoyf's power is equal to the number of card types among cards in all graveyards and its toughness is equal to that number plus 1.
Summoner's Pact,0.0,['G'],['G'],None,['Instant'],None,Rare,TSR,None,None,None,"Search your library for a green creature card, reveal it, put it into your hand, then shuffle.\nAt the beginning of your next upkeep, pay {2}{G}{G}. If you don't, you lose the game."
"Tasigur, the Golden Fang",6.0,['B'],"['B', 'G', 'U']",['Legendary'],['Creature'],"['Human', 'Shaman']",Special,TSR,4,5,None,"Delve (Each card you exile from your graveyard while casting this spell pays for {1}.)\n{2}{G/U}{G/U}: Mill two cards, then return a nonland card of an opponent's choice from your graveyard to your hand."
Strength in Numbers,2.0,['G'],['G'],None,['Instant'],None,Common,TSR,None,None,None,"Until end of turn, target creature gains trample and gets +X/+X, where X is the number of attacking creatures."
Sporoloth Ancient,5.0,['G'],['G'],None,['Creature'],['Fungus'],Common,TSR,4,4,None,"At the beginning of your upkeep, put a spore counter on Sporoloth Ancient.\nCreatures you control have ""Remove two spore counters from this creature: Create a 1/1 green Saproling creature token."""
Sporesower Thallid,4.0,['G'],['G'],None,['Creature'],['Fungus'],Uncommon,TSR,4,4,None,"At the beginning of your upkeep, put a spore counter on each Fungus you control.\nRemove three spore counters from Sporesower Thallid: Create a 1/1 green Saproling creature token."
Spinneret Sliver,2.0,['G'],['G'],None,['Creature'],['Sliver'],Common,TSR,2,2,None,All Sliver creatures have reach.
Search for Tomorrow,3.0,['G'],['G'],None,['Sorcery'],None,Common,TSR,None,None,None,"Search your library for a basic land card, put it onto the battlefield, then shuffle.\nSuspend 2—{G} (Rather than cast this card from your hand, you may pay {G} and exile it with two time counters on it. At the beginning of your upkeep, remove a time counter. When the last is removed, you may cast it without paying its mana cost.)"
Seal of Primordium,2.0,['G'],['G'],None,['Enchantment'],None,Common,TSR,None,None,None,Sacrifice Seal of Primordium: Destroy target artifact or enchantment.
Scryb Ranger,2.0,['G'],['G'],None,['Creature'],"['Faerie', 'Ranger']",Uncommon,TSR,1,1,None,"Flash\nFlying, protection from blue\nReturn a Forest you control to its owner's hand: Untap target creature. Activate only once each turn."
Reflex Sliver,4.0,['G'],['G'],None,['Creature'],['Sliver'],Common,TSR,2,2,None,All Sliver creatures have haste.
Primal Forcemage,3.0,['G'],['G'],None,['Creature'],"['Elf', 'Shaman']",Uncommon,TSR,2,2,None,"Whenever another creature enters the battlefield under your control, that creature gets +3/+3 until end of turn."
Phantom Wurm,6.0,['G'],['G'],None,['Creature'],"['Wurm', 'Spirit']",Uncommon,TSR,2,0,None,"Phantom Wurm enters the battlefield with four +1/+1 counters on it.\nIf damage would be dealt to Phantom Wurm, prevent that damage. Remove a +1/+1 counter from Phantom Wurm."
Penumbra Spider,4.0,['G'],['G'],None,['Creature'],['Spider'],Common,TSR,2,4,None,"Reach\nWhen Penumbra Spider dies, create a 2/4 black Spider creature token with reach."
Pendelhaven Elder,2.0,['G'],['G'],None,['Creature'],"['Elf', 'Shaman']",Uncommon,TSR,1,1,None,{T}: Each 1/1 creature you control gets +1/+2 until end of turn.
Nantuko Shaman,3.0,['G'],['G'],None,['Creature'],"['Insect', 'Shaman']",Common,TSR,3,2,None,"When Nantuko Shaman enters the battlefield, if you control no tapped lands, draw a card.\nSuspend 1—{2}{G}{G} (Rather than cast this card from your hand, you may pay {2}{G}{G} and exile it with a time counter on it. At the beginning of your upkeep, remove a time counter. When the last is removed, you may cast it without paying its mana cost. It has haste.)"
Muraganda Petroglyphs,4.0,['G'],['G'],None,['Enchantment'],None,Rare,TSR,None,None,None,Creatures with no abilities get +2/+2.
Mire Boa,2.0,['G'],['G'],None,['Creature'],['Snake'],Uncommon,TSR,2,1,None,"Swampwalk (This creature can't be blocked as long as defending player controls a Swamp.)\n{G}: Regenerate Mire Boa. (The next time this creature would be destroyed, instead tap it, remove it from combat, and heal all damage on it.)"
Might Sliver,5.0,['G'],['G'],None,['Creature'],['Sliver'],Uncommon,TSR,2,2,None,All Sliver creatures get +2/+2.
Might of Old Krosa,1.0,['G'],['G'],None,['Instant'],None,Uncommon,TSR,None,None,None,"Target creature gets +2/+2 until end of turn. If you cast this spell during your main phase, that creature gets +4/+4 until end of turn instead."
Llanowar Mentor,1.0,['G'],['G'],None,['Creature'],"['Elf', 'Spellshaper']",Uncommon,TSR,1,1,None,"{G}, {T}, Discard a card: Create a 1/1 green Elf Druid creature token named Llanowar Elves. It has ""{T}: Add {G}."""
Life and Limb,4.0,['G'],['G'],None,['Enchantment'],None,Rare,TSR,None,None,None,All Forests and all Saprolings are 1/1 green Saproling creatures and Forest lands in addition to their other types. (They're affected by summoning sickness.)
Silence,1.0,['W'],['W'],None,['Instant'],None,Special,TSR,None,None,None,Your opponents can't cast spells this turn.
Krosan Grip,3.0,['G'],['G'],None,['Instant'],None,Uncommon,TSR,None,None,None,"Split second (As long as this spell is on the stack, players can't cast spells or activate abilities that aren't mana abilities.)\nDestroy target artifact or enchantment."
Citanul Woodreaders,3.0,['G'],['G'],None,['Creature'],"['Human', 'Druid']",Common,TSR,1,4,None,"Kicker {2}{G} (You may pay an additional {2}{G} as you cast this spell.)\nWhen Citanul Woodreaders enters the battlefield, if it was kicked, draw two cards."
Hypergenesis,0.0,['G'],['G'],None,['Sorcery'],None,Mythic,TSR,None,None,None,"Suspend 3—{1}{G}{G}\nStarting with you, each player may put an artifact, creature, enchantment, or land card from their hand onto the battlefield. Repeat this process until no one puts a card onto the battlefield."
Kavu Primarch,4.0,['G'],['G'],None,['Creature'],['Kavu'],Common,TSR,3,3,None,"Kicker {4} (You may pay an additional {4} as you cast this spell.)\nConvoke (Your creatures can help cast this spell. Each creature you tap while casting this spell pays for {1} or one mana of that creature's color.)\nIf Kavu Primarch was kicked, it enters the battlefield with four +1/+1 counters on it."
Keen Sense,1.0,['G'],['G'],None,['Enchantment'],['Aura'],Uncommon,TSR,None,None,None,"Enchant creature\nWhenever enchanted creature deals damage to an opponent, you may draw a card."
Imperiosaur,4.0,['G'],['G'],None,['Creature'],['Dinosaur'],Uncommon,TSR,5,5,None,Spend only mana produced by basic lands to cast this spell.
Heartwood Storyteller,3.0,['G'],['G'],None,['Creature'],['Treefolk'],Rare,TSR,2,3,None,"Whenever a player casts a noncreature spell, each of that player's opponents may draw a card."
Harmonize,4.0,['G'],['G'],None,['Sorcery'],None,Uncommon,TSR,None,None,None,Draw three cards.
Greenseeker,1.0,['G'],['G'],None,['Creature'],"['Elf', 'Spellshaper']",Common,TSR,1,1,None,"{G}, {T}, Discard a card: Search your library for a basic land card, reveal it, put it into your hand, then shuffle."
Giant Dustwasp,5.0,['G'],['G'],None,['Creature'],['Insect'],Common,TSR,3,3,None,"Flying\nSuspend 4—{1}{G} (Rather than cast this card from your hand, you may pay {1}{G} and exile it with four time counters on it. At the beginning of your upkeep, remove a time counter. When the last is removed, you may cast it without paying its mana cost. It has haste.)"
Gemhide Sliver,2.0,['G'],['G'],None,['Creature'],['Sliver'],Common,TSR,1,1,None,"All Slivers have ""{T}: Add one mana of any color."""
Durkwood Baloth,6.0,['G'],['G'],None,['Creature'],['Beast'],Common,TSR,5,5,None,"Suspend 5—{G} (Rather than cast this card from your hand, you may pay {G} and exile it with five time counters on it. At the beginning of your upkeep, remove a time counter. When the last is removed, you may cast it without paying its mana cost. It has haste.)"
Gaea's Anthem,3.0,['G'],['G'],None,['Enchantment'],None,Uncommon,TSR,None,None,None,Creatures you control get +1/+1.
Wheel of Fate,0.0,['R'],['R'],None,['Sorcery'],None,Mythic,TSR,None,None,None,"Suspend 4—{1}{R} (Rather than cast this card from your hand, pay {1}{R} and exile it with four time counters on it. At the beginning of your upkeep, remove a time counter. When the last is removed, you may cast it without paying its mana cost.)\nEach player discards their hand, then draws seven cards."
Fungus Sliver,4.0,['G'],['G'],None,['Creature'],"['Fungus', 'Sliver']",Rare,TSR,2,2,None,"All Sliver creatures have ""Whenever this creature is dealt damage, put a +1/+1 counter on it."" (It must survive the damage to get the counter.)"
Evolution Charm,2.0,['G'],['G'],None,['Instant'],None,Common,TSR,None,None,None,"Choose one —\n• Search your library for a basic land card, reveal it, put it into your hand, then shuffle.\n• Return target creature card from your graveyard to your hand.\n• Target creature gains flying until end of turn."
Edge of Autumn,2.0,['G'],['G'],None,['Sorcery'],None,Common,TSR,None,None,None,"If you control four or fewer lands, search your library for a basic land card, put it onto the battlefield tapped, then shuffle.\nCycling—Sacrifice a land. (Sacrifice a land, Discard this card: Draw a card.)"
Two-Headed Sliver,2.0,['R'],['R'],None,['Creature'],['Sliver'],Common,TSR,1,1,None,All Sliver creatures have menace. (They can't be blocked except by two or more creatures.)
Thick-Skinned Goblin,2.0,['R'],['R'],None,['Creature'],"['Goblin', 'Shaman']",Uncommon,TSR,2,1,None,You may pay {0} rather than pay the echo cost for permanents you control.\n{R}: Thick-Skinned Goblin gains protection from red until end of turn.
Sulfur Elemental,3.0,['R'],['R'],None,['Creature'],['Elemental'],Uncommon,TSR,3,2,None,"Flash\nSplit second (As long as this spell is on the stack, players can't cast spells or activate abilities that aren't mana abilities.)\nWhite creatures get +1/-1."
Sudden Shock,2.0,['R'],['R'],None,['Instant'],None,Uncommon,TSR,None,None,None,"Split second (As long as this spell is on the stack, players can't cast spells or activate abilities that aren't mana abilities.)\nSudden Shock deals 2 damage to any target."
Storm Entity,2.0,['R'],['R'],None,['Creature'],['Elemental'],Uncommon,TSR,1,1,None,Haste\nStorm Entity enters the battlefield with a +1/+1 counter on it for each other spell cast this turn.
Stingscourger,2.0,['R'],['R'],None,['Creature'],"['Goblin', 'Warrior']",Common,TSR,2,2,None,"Echo {3}{R} (At the beginning of your upkeep, if this came under your control since the beginning of your last upkeep, sacrifice it unless you pay its echo cost.)\nWhen Stingscourger enters the battlefield, return target creature an opponent controls to its owner's hand."
Skirk Shaman,3.0,['R'],['R'],None,['Creature'],"['Goblin', 'Shaman']",Common,TSR,2,2,None,Skirk Shaman can't be blocked except by artifact creatures and/or red creatures.
Simian Spirit Guide,3.0,['R'],['R'],None,['Creature'],"['Ape', 'Spirit']",Common,TSR,2,2,None,Exile Simian Spirit Guide from your hand: Add {R}.
Shivan Sand-Mage,4.0,['R'],['R'],None,['Creature'],"['Viashino', 'Shaman']",Uncommon,TSR,3,2,None,"When Shivan Sand-Mage enters the battlefield, choose one —\n• Remove two time counters from target permanent or suspended card.\n• Put two time counters on target permanent with a time counter on it or suspended card.\nSuspend 4—{R}"
Shivan Meteor,5.0,['R'],['R'],None,['Sorcery'],None,Uncommon,TSR,None,None,None,"Shivan Meteor deals 13 damage to target creature.\nSuspend 2—{1}{R}{R} (Rather than cast this card from your hand, you may pay {1}{R}{R} and exile it with two time counters on it. At the beginning of your upkeep, remove a time counter. When the last is removed, you may cast it without paying its mana cost.)"
Sedge Sliver,3.0,['R'],"['B', 'R']",None,['Creature'],['Sliver'],Rare,TSR,2,2,None,"All Sliver creatures have ""This creature gets +1/+1 as long as you control a Swamp.""\nAll Slivers have ""{B}: Regenerate this permanent."" (The next time it would be destroyed, instead tap it, remove it from combat, and heal all damage on it.)"
Rough // Tumble,8.0,['R'],['R'],None,['Sorcery'],None,Uncommon,TSR,None,None,None,Rough deals 2 damage to each creature without flying.
Rift Elemental,1.0,['R'],['R'],None,['Creature'],['Elemental'],Common,TSR,1,1,None,"{1}{R}, Remove a time counter from a permanent you control or suspended card you own: Rift Elemental gets +2/+0 until end of turn."
Rift Bolt,3.0,['R'],['R'],None,['Sorcery'],None,Common,TSR,None,None,None,"Rift Bolt deals 3 damage to any target.\nSuspend 1—{R} (Rather than cast this card from your hand, you may pay {R} and exile it with a time counter on it. At the beginning of your upkeep, remove a time counter. When the last is removed, you may cast it without paying its mana cost.)"
Mirror Entity,3.0,['W'],['W'],None,['Creature'],['Shapeshifter'],Special,TSR,1,1,None,"Changeling (This card is every creature type.)\n{X}: Until end of turn, creatures you control have base power and toughness X/X and gain all creature types."
Laboratory Maniac,3.0,['U'],['U'],None,['Creature'],"['Human', 'Wizard']",Special,TSR,2,2,None,"If you would draw a card while your library has no cards in it, you win the game instead."
"Fblthp, the Lost",2.0,['U'],['U'],['Legendary'],['Creature'],['Homunculus'],Special,TSR,1,1,None,"When Fblthp, the Lost enters the battlefield, draw a card. If it entered from your library or was cast from your library, draw two cards instead.\nWhen Fblthp becomes the target of a spell, shuffle Fblthp into its owner's library."
Master of the Pearl Trident,2.0,['U'],['U'],None,['Creature'],['Merfolk'],Special,TSR,2,2,None,Other Merfolk creatures you control get +1/+1 and have islandwalk. (They can't be blocked as long as defending player controls an Island.)
Mystic Confluence,5.0,['U'],['U'],None,['Instant'],None,Special,TSR,None,None,None,Choose three. You may choose the same mode more than once.\n• Counter target spell unless its controller pays {3}.\n• Return target creature to its owner's hand.\n• Draw a card.
Ninja of the Deep Hours,4.0,['U'],['U'],None,['Creature'],"['Human', 'Ninja']",Special,TSR,2,2,None,"Ninjutsu {1}{U} ({1}{U}, Return an unblocked attacker you control to hand: Put this card onto the battlefield from your hand tapped and attacking.)\nWhenever Ninja of the Deep Hours deals combat damage to a player, you may draw a card."
Riddle of Lightning,5.0,['R'],['R'],None,['Instant'],None,Common,TSR,None,None,None,"Choose any target. Scry 3, then reveal the top card of your library. Riddle of Lightning deals damage equal to that card's mana value to that permanent or player."
Reiterate,3.0,['R'],['R'],None,['Instant'],None,Rare,TSR,None,None,None,"Buyback {3} (You may pay an additional {3} as you cast this spell. If you do, put this card into your hand as it resolves.)\nCopy target instant or sorcery spell. You may choose new targets for the copy."
Reckless Wurm,5.0,['R'],['R'],None,['Creature'],['Wurm'],Common,TSR,4,4,None,"Trample\nMadness {2}{R} (If you discard this card, discard it into exile. When you do, cast it for its madness cost or put it into your graveyard.)"
Prodigal Pyromancer,3.0,['R'],['R'],None,['Creature'],"['Human', 'Wizard']",Uncommon,TSR,1,1,None,{T}: Prodigal Pyromancer deals 1 damage to any target.
Pact of the Titan,0.0,['R'],['R'],None,['Instant'],None,Rare,TSR,None,None,None,"Create a 4/4 red Giant creature token.\nAt the beginning of your next upkeep, pay {4}{R}. If you don't, you lose the game."
Orcish Cannonade,3.0,['R'],['R'],None,['Instant'],None,Common,TSR,None,None,None,Orcish Cannonade deals 2 damage to any target and 3 damage to you.\nDraw a card.
Needlepeak Spider,4.0,['R'],['R'],None,['Creature'],['Spider'],Common,TSR,4,2,None,Reach
Mogg War Marshal,2.0,['R'],['R'],None,['Creature'],"['Goblin', 'Warrior']",Common,TSR,1,1,None,"Echo {1}{R} (At the beginning of your upkeep, if this came under your control since the beginning of your last upkeep, sacrifice it unless you pay its echo cost.)\nWhen Mogg War Marshal enters the battlefield or dies, create a 1/1 red Goblin creature token."
Magus of the Moon,3.0,['R'],['R'],None,['Creature'],"['Human', 'Wizard']",Rare,TSR,2,2,None,Nonbasic lands are Mountains.
Lightning Axe,1.0,['R'],['R'],None,['Instant'],None,Uncommon,TSR,None,None,None,"As an additional cost to cast this spell, discard a card or pay {5}.\nLightning Axe deals 5 damage to target creature."
Keldon Halberdier,5.0,['R'],['R'],None,['Creature'],"['Human', 'Warrior']",Common,TSR,4,1,None,"First strike\nSuspend 4—{R} (Rather than cast this card from your hand, you may pay {R} and exile it with four time counters on it. At the beginning of your upkeep, remove a time counter. When the last is removed, you may cast it without paying its mana cost. It has haste.)"
"Jaya Ballard, Task Mage",3.0,['R'],['R'],['Legendary'],['Creature'],"['Human', 'Spellshaper']",Rare,TSR,2,2,None,"{R}, {T}, Discard a card: Destroy target blue permanent.\n{1}{R}, {T}, Discard a card: Jaya Ballard, Task Mage deals 3 damage to any target. A creature dealt damage this way can't be regenerated this turn.\n{5}{R}{R}, {T}, Discard a card: Jaya Ballard deals 6 damage to each creature and each player."
Homing Sliver,3.0,['R'],['R'],None,['Creature'],['Sliver'],Common,TSR,2,2,None,"Each Sliver card in each player's hand has slivercycling {3}.\nSlivercycling {3} ({3}, Discard this card: Search your library for a Sliver card, reveal it, put it into your hand, then shuffle.)"
Henchfiend of Ukor,4.0,['R'],"['B', 'R']",None,['Creature'],['Ogre'],Uncommon,TSR,3,2,None,"Haste\nEcho {1}{B} (At the beginning of your upkeep, if this came under your control since the beginning of your last upkeep, sacrifice it unless you pay its echo cost.)\n{B/R}: Henchfiend of Ukor gets +1/+0 until end of turn."
Haze of Rage,2.0,['R'],['R'],None,['Sorcery'],None,Uncommon,TSR,None,None,None,"Buyback {2} (You may pay an additional {2} as you cast this spell. If you do, put this card into your hand as it resolves.)\nCreatures you control get +1/+0 until end of turn.\nStorm (When you cast this spell, copy it for each spell cast before it this turn.)"
Grinning Ignus,3.0,['R'],['R'],None,['Creature'],['Elemental'],Common,TSR,2,2,None,"{R}, Return Grinning Ignus to its owner's hand: Add {C}{C}{R}. Activate only as a sorcery."
Greater Gargadon,10.0,['R'],['R'],None,['Creature'],['Beast'],Rare,TSR,9,7,None,"Suspend 10—{R}\nSacrifice an artifact, creature, or land: Remove a time counter from Greater Gargadon. Activate only if Greater Gargadon is suspended."
Grapeshot,2.0,['R'],['R'],None,['Sorcery'],None,Common,TSR,None,None,None,"Grapeshot deals 1 damage to any target.\nStorm (When you cast this spell, copy it for each spell cast before it this turn. You may choose new targets for the copies.)"
Gathan Raiders,5.0,['R'],['R'],None,['Creature'],"['Human', 'Warrior']",Common,TSR,3,3,None,Hellbent — Gathan Raiders gets +2/+2 as long as you have no cards in hand.\nMorph—Discard a card. (You may cast this card face down as a 2/2 creature for {3}. Turn it face up any time for its morph cost.)
Fury Sliver,6.0,['R'],['R'],None,['Creature'],['Sliver'],Uncommon,TSR,3,3,None,All Sliver creatures have double strike.
Firemaw Kavu,6.0,['R'],['R'],None,['Creature'],['Kavu'],Uncommon,TSR,4,2,None,"Echo {5}{R} (At the beginning of your upkeep, if this came under your control since the beginning of your last upkeep, sacrifice it unless you pay its echo cost.)\nWhen Firemaw Kavu enters the battlefield, it deals 2 damage to target creature.\nWhen Firemaw Kavu leaves the battlefield, it deals 4 damage to target creature."
Empty the Warrens,4.0,['R'],['R'],None,['Sorcery'],None,Common,TSR,None,None,None,"Create two 1/1 red Goblin creature tokens.\nStorm (When you cast this spell, copy it for each spell cast before it this turn.)"
Dead // Gone,4.0,['R'],['R'],None,['Instant'],None,Common,TSR,None,None,None,Dead deals 2 damage to target creature.
Conflagrate,1.0,['R'],['R'],None,['Sorcery'],None,Uncommon,TSR,None,None,None,"Conflagrate deals X damage divided as you choose among any number of targets.\nFlashback—{R}{R}, Discard X cards. (You may cast this card from your graveyard for its flashback cost. Then exile it.)"
Shriekmaw,5.0,['B'],['B'],None,['Creature'],['Elemental'],Special,TSR,3,2,None,"Fear (This creature can't be blocked except by artifact creatures and/or black creatures.)\nWhen Shriekmaw enters the battlefield, destroy target nonartifact, nonblack creature.\nEvoke {1}{B} (You may cast this spell for its evoke cost. If you do, it's sacrificed when it enters the battlefield.)"
Coal Stoker,4.0,['R'],['R'],None,['Creature'],['Elemental'],Common,TSR,3,3,None,"When Coal Stoker enters the battlefield, if you cast it from your hand, add {R}{R}{R}."
Char-Rumbler,4.0,['R'],['R'],None,['Creature'],['Elemental'],Uncommon,TSR,-1,3,None,Double strike\n{R}: Char-Rumbler gets +1/+0 until end of turn.
Brute Force,1.0,['R'],['R'],None,['Instant'],None,Common,TSR,None,None,None,Target creature gets +3/+3 until end of turn.
Boom // Bust,8.0,['R'],['R'],None,['Sorcery'],None,Rare,TSR,None,None,None,Destroy target land you control and target land you don't control.
Bonesplitter Sliver,4.0,['R'],['R'],None,['Creature'],['Sliver'],Common,TSR,2,2,None,All Sliver creatures get +2/+0.
Battering Sliver,6.0,['R'],['R'],None,['Creature'],['Sliver'],Common,TSR,4,4,None,All Sliver creatures have trample.
Basalt Gargoyle,3.0,['R'],['R'],None,['Creature'],['Gargoyle'],Uncommon,TSR,3,2,None,"Flying\nEcho {2}{R} (At the beginning of your upkeep, if this came under your control since the beginning of your last upkeep, sacrifice it unless you pay its echo cost.)\n{R}: Basalt Gargoyle gets +0/+1 until end of turn."
Arc Blade,5.0,['R'],['R'],None,['Sorcery'],None,Uncommon,TSR,None,None,None,"Arc Blade deals 2 damage to any target. Exile Arc Blade with three time counters on it.\nSuspend 3—{2}{R} (Rather than cast this card from your hand, you may pay {2}{R} and exile it with three time counters on it. At the beginning of your upkeep, remove a time counter. When the last is removed, you may cast it without paying its mana cost.)"
Ancient Grudge,2.0,['R'],"['G', 'R']",None,['Instant'],None,Common,TSR,None,None,None,Destroy target artifact.\nFlashback {G} (You may cast this card from your graveyard for its flashback cost. Then exile it.)
"Akroma, Angel of Fury",8.0,['R'],['R'],['Legendary'],['Creature'],['Angel'],Mythic,TSR,6,6,None,"This spell can't be countered.\nFlying, trample, protection from white and from blue\n{R}: Akroma, Angel of Fury gets +1/+0 until end of turn.\nMorph {3}{R}{R}{R} (You may cast this card face down as a 2/2 creature for {3}. Turn it face up any time for its morph cost.)"
Thoughtseize,1.0,['B'],['B'],None,['Sorcery'],None,Special,TSR,None,None,None,Target player reveals their hand. You choose a nonland card from it. That player discards that card. You lose 2 life.
Yixlid Jailer,2.0,['B'],['B'],None,['Creature'],"['Zombie', 'Wizard']",Uncommon,TSR,2,1,None,Cards in graveyards lose all abilities.
Urborg Syphon-Mage,3.0,['B'],['B'],None,['Creature'],"['Human', 'Spellshaper']",Common,TSR,2,2,None,"{2}{B}, {T}, Discard a card: Each other player loses 2 life. You gain life equal to the life lost this way."
Trespasser il-Vec,3.0,['B'],['B'],None,['Creature'],"['Human', 'Rogue']",Common,TSR,3,1,None,Discard a card: Trespasser il-Vec gains shadow until end of turn. (It can block or be blocked by only creatures with shadow.)
Tombstalker,8.0,['B'],['B'],None,['Creature'],['Demon'],Rare,TSR,5,5,None,Flying\nDelve (Each card you exile from your graveyard while casting this spell pays for {1}.)
Tendrils of Corruption,4.0,['B'],['B'],None,['Instant'],None,Common,TSR,None,None,None,"Tendrils of Corruption deals X damage to target creature and you gain X life, where X is the number of Swamps you control."
Liliana's Triumph,2.0,['B'],['B'],None,['Instant'],None,Special,TSR,None,None,None,"Each opponent sacrifices a creature. If you control a Liliana planeswalker, each opponent also discards a card."
Harvester of Souls,6.0,['B'],['B'],None,['Creature'],['Demon'],Special,TSR,5,5,None,"Deathtouch\nWhenever another nontoken creature dies, you may draw a card."
Sudden Spoiling,3.0,['B'],['B'],None,['Instant'],None,Rare,TSR,None,None,None,"Split second (As long as this spell is on the stack, players can't cast spells or activate abilities that aren't mana abilities.)\nUntil end of turn, creatures target player controls lose all abilities and have base power and toughness 0/2."
Gray Merchant of Asphodel,5.0,['B'],['B'],None,['Creature'],['Zombie'],Special,TSR,2,4,None,"When Gray Merchant of Asphodel enters the battlefield, each opponent loses X life, where X is your devotion to black. You gain life equal to the life lost this way. (Each {B} in the mana costs of permanents you control counts toward your devotion to black.)"
True-Name Nemesis,3.0,['U'],['U'],None,['Creature'],"['Merfolk', 'Rogue']",Special,TSR,3,1,None,"As True-Name Nemesis enters the battlefield, choose a player.\nTrue-Name Nemesis has protection from the chosen player."
Sudden Death,3.0,['B'],['B'],None,['Instant'],None,Uncommon,TSR,None,None,None,"Split second (As long as this spell is on the stack, players can't cast spells or activate abilities that aren't mana abilities.)\nTarget creature gets -4/-4 until end of turn."
Stronghold Rats,3.0,['B'],['B'],None,['Creature'],['Rat'],Uncommon,TSR,2,1,None,"Shadow (This creature can block or be blocked by only creatures with shadow.)\nWhenever Stronghold Rats deals combat damage to a player, each player discards a card."
Street Wraith,5.0,['B'],['B'],None,['Creature'],['Wraith'],Uncommon,TSR,3,4,None,"Swampwalk (This creature can't be blocked as long as defending player controls a Swamp.)\nCycling—Pay 2 life. (Pay 2 life, Discard this card: Draw a card.)"
Strangling Soot,3.0,['B'],"['B', 'R']",None,['Instant'],None,Common,TSR,None,None,None,Destroy target creature with toughness 3 or less.\nFlashback {5}{R} (You may cast this card from your graveyard for its flashback cost. Then exile it.)
Smallpox,2.0,['B'],['B'],None,['Sorcery'],None,Uncommon,TSR,None,None,None,"Each player loses 1 life, discards a card, sacrifices a creature, then sacrifices a land."
Slaughter Pact,0.0,['B'],['B'],None,['Instant'],None,Rare,TSR,None,None,None,"Destroy target nonblack creature.\nAt the beginning of your next upkeep, pay {2}{B}. If you don't, you lose the game."
Minions' Murmurs,4.0,['B'],['B'],None,['Sorcery'],None,Uncommon,TSR,None,None,None,"You draw X cards and you lose X life, where X is the number of creatures you control."
Mass of Ghouls,5.0,['B'],['B'],None,['Creature'],"['Zombie', 'Warrior']",Common,TSR,5,3,None,None
Sangrophage,2.0,['B'],['B'],None,['Creature'],['Zombie'],Common,TSR,3,3,None,"At the beginning of your upkeep, tap Sangrophage unless you pay 2 life."
Sengir Nosferatu,5.0,['B'],['B'],None,['Creature'],['Vampire'],Rare,TSR,4,4,None,"Flying\n{1}{B}, Exile Sengir Nosferatu: Create a 1/2 black Bat creature token with flying. It has ""{1}{B}, Sacrifice this creature: Return an exiled card named Sengir Nosferatu to the battlefield under its owner's control."""
Ridged Kusite,1.0,['B'],['B'],None,['Creature'],"['Horror', 'Spellshaper']",Common,TSR,1,1,None,"{1}{B}, {T}, Discard a card: Target creature gets +1/+0 and gains first strike until end of turn."
Skittering Monstrosity,5.0,['B'],['B'],None,['Creature'],['Horror'],Uncommon,TSR,5,5,None,"When you cast a creature spell, sacrifice Skittering Monstrosity."
Rathi Trapper,2.0,['B'],['B'],None,['Creature'],"['Human', 'Rebel', 'Rogue']",Common,TSR,1,2,None,"{B}, {T}: Tap target creature."
Psychotic Episode,3.0,['B'],['B'],None,['Sorcery'],None,Common,TSR,None,None,None,"Target player reveals their hand and the top card of their library. You choose a card revealed this way. That player puts the chosen card on the bottom of their library.\nMadness {1}{B} (If you discard this card, discard it into exile. When you do, cast it for its madness cost or put it into your graveyard.)"
Premature Burial,2.0,['B'],['B'],None,['Sorcery'],None,Uncommon,TSR,None,None,None,Destroy target nonblack creature that entered the battlefield since your last turn ended.
Pit Keeper,2.0,['B'],['B'],None,['Creature'],"['Human', 'Wizard']",Common,TSR,2,1,None,"When Pit Keeper enters the battlefield, if you have four or more creature cards in your graveyard, you may return target creature card from your graveyard to your hand."
Muck Drubb,5.0,['B'],['B'],None,['Creature'],['Beast'],Uncommon,TSR,3,3,None,"Flash\nWhen Muck Drubb enters the battlefield, change the target of target spell that targets only a single creature to Muck Drubb.\nMadness {2}{B} (If you discard this card, discard it into exile. When you do, cast it for its madness cost or put it into your graveyard.)"
Phthisis,7.0,['B'],['B'],None,['Sorcery'],None,Uncommon,TSR,None,None,None,"Destroy target creature. Its controller loses life equal to its power plus its toughness.\nSuspend 5—{1}{B} (Rather than cast this card from your hand, you may pay {1}{B} and exile it with five time counters on it. At the beginning of your upkeep, remove a time counter. When the last is removed, you may cast it without paying its mana cost.)"
Mirri the Cursed,4.0,['B'],['B'],['Legendary'],['Creature'],"['Vampire', 'Cat']",Rare,TSR,3,2,None,"Flying, first strike, haste\nWhenever Mirri the Cursed deals combat damage to a creature, put a +1/+1 counter on Mirri the Cursed."
Stinkweed Imp,3.0,['B'],['B'],None,['Creature'],['Imp'],Special,TSR,1,2,None,"Flying\nWhenever Stinkweed Imp deals combat damage to a creature, destroy that creature.\nDredge 5 (If you would draw a card, you may mill five cards instead. If you do, return this card from your graveyard to your hand.)"
Nightshade Assassin,4.0,['B'],['B'],None,['Creature'],"['Human', 'Assassin']",Uncommon,TSR,2,1,None,"First strike\nWhen Nightshade Assassin enters the battlefield, you may reveal X black cards in your hand. If you do, target creature gets -X/-X until end of turn.\nMadness {1}{B} (If you discard this card, discard it into exile. When you do, cast it for its madness cost or put it into your graveyard.)"
Mindstab,6.0,['B'],['B'],None,['Sorcery'],None,Common,TSR,None,None,None,"Target player discards three cards.\nSuspend 4—{B} (Rather than cast this card from your hand, you may pay {B} and exile it with four time counters on it. At the beginning of your upkeep, remove a time counter. When the last is removed, you may cast it without paying its mana cost.)"
Nether Traitor,2.0,['B'],['B'],None,['Creature'],['Spirit'],Rare,TSR,1,1,None,"Haste\nShadow (This creature can block or be blocked by only creatures with shadow.)\nWhenever another creature is put into your graveyard from the battlefield, you may pay {B}. If you do, return Nether Traitor from your graveyard to the battlefield."
Panharmonicon,4.0,None,None,None,['Artifact'],None,Special,TSR,None,None,None,"If an artifact or creature entering the battlefield causes a triggered ability of a permanent you control to trigger, that ability triggers an additional time."
Wastes,0.0,None,None,['Basic'],['Land'],None,Special,TSR,None,None,None,{T}: Add {C}.
Paradoxical Outcome,4.0,['U'],['U'],None,['Instant'],None,Special,TSR,None,None,None,"Return any number of target nonland, nontoken permanents you control to their owners' hands. Draw a card for each card returned to your hand this way."
Ramunap Ruins,0.0,None,['R'],None,['Land'],['Desert'],Special,TSR,None,None,None,"{T}: Add {C}.\n{T}, Pay 1 life: Add {R}.\n{2}{R}{R}, {T}, Sacrifice a Desert: Ramunap Ruins deals 2 damage to each opponent."
Remand,2.0,['U'],['U'],None,['Instant'],None,Special,TSR,None,None,None,"Counter target spell. If that spell is countered this way, put it into its owner's hand instead of into that player's graveyard.\nDraw a card."
Mystic Sanctuary,0.0,None,['U'],None,['Land'],['Island'],Special,TSR,None,None,None,"({T}: Add {U}.)\nMystic Sanctuary enters the battlefield tapped unless you control three or more other Islands.\nWhen Mystic Sanctuary enters the battlefield untapped, you may put target instant or sorcery card from your graveyard on top of your library."
Field of Ruin,0.0,None,None,None,['Land'],None,Special,TSR,None,None,None,"{T}: Add {C}.\n{2}, {T}, Sacrifice Field of Ruin: Destroy target nonbasic land an opponent controls. Each player searches their library for a basic land card, puts it onto the battlefield, then shuffles."
Bojuka Bog,0.0,None,['B'],None,['Land'],None,Special,TSR,None,None,None,"Bojuka Bog enters the battlefield tapped.\nWhen Bojuka Bog enters the battlefield, exile target player's graveyard.\n{T}: Add {B}."
Blighted Woodland,0.0,None,['G'],None,['Land'],None,Special,TSR,None,None,None,"{T}: Add {C}.\n{3}{G}, {T}, Sacrifice Blighted Woodland: Search your library for up to two basic land cards, put them onto the battlefield tapped, then shuffle."
Solemn Simulacrum,4.0,None,None,None,"['Artifact', 'Creature']",['Golem'],Special,TSR,2,2,None,"When Solemn Simulacrum enters the battlefield, you may search your library for a basic land card, put that card onto the battlefield tapped, then shuffle.\nWhen Solemn Simulacrum dies, you may draw a card."
Arch of Orazca,0.0,None,None,None,['Land'],None,Special,TSR,None,None,None,"Ascend (If you control ten or more permanents, you get the city's blessing for the rest of the game.)\n{T}: Add {C}.\n{5}, {T}: Draw a card. Activate only if you have the city's blessing."
Repeal,1.0,['U'],['U'],None,['Instant'],None,Special,TSR,None,None,None,Return target nonland permanent with mana value X to its owner's hand.\nDraw a card.
Manifold Key,1.0,None,None,None,['Artifact'],None,Special,TSR,None,None,None,"{1}, {T}: Untap another target artifact.\n{3}, {T}: Target creature can't be blocked this turn."
Ancient Den,0.0,None,['W'],None,"['Artifact', 'Land']",None,Special,TSR,None,None,None,{T}: Add {W}.
Ponder,1.0,['U'],['U'],None,['Sorcery'],None,Special,TSR,None,None,None,"Look at the top three cards of your library, then put them back in any order. You may shuffle.\nDraw a card."
Vanquisher's Banner,5.0,None,None,None,['Artifact'],None,Special,TSR,None,None,None,"As Vanquisher's Banner enters the battlefield, choose a creature type.\nCreatures you control of the chosen type get +1/+1.\nWhenever you cast a creature spell of the chosen type, draw a card."
Sorcerous Spyglass,2.0,None,None,None,['Artifact'],None,Special,TSR,None,None,None,"As Sorcerous Spyglass enters the battlefield, look at an opponent's hand, then choose any card name.\nActivated abilities of sources with the chosen name can't be activated unless they're mana abilities."
Leveler,5.0,None,None,None,"['Artifact', 'Creature']",['Juggernaut'],Special,TSR,10,10,None,"When Leveler enters the battlefield, exile all cards from your library."
Hollow One,5.0,None,None,None,"['Artifact', 'Creature']",['Golem'],Special,TSR,4,4,None,"This spell costs {2} less to cast for each card you've cycled or discarded this turn.\nCycling {2} ({2}, Discard this card: Draw a card.)"
Hedron Archive,4.0,None,None,None,['Artifact'],None,Special,TSR,None,None,None,"{T}: Add {C}{C}.\n{2}, {T}, Sacrifice Hedron Archive: Draw two cards."
Everflowing Chalice,0.0,None,None,None,['Artifact'],None,Special,TSR,None,None,None,Multikicker {2} (You may pay an additional {2} any number of times as you cast this spell.)\nEverflowing Chalice enters the battlefield with a charge counter on it for each time it was kicked.\n{T}: Add {C} for each charge counter on Everflowing Chalice.
Crystal Shard,3.0,None,['U'],None,['Artifact'],None,Special,TSR,None,None,None,"{3}, {T} or {U}, {T}: Return target creature to its owner's hand unless its controller pays {1}."
Cranial Plating,2.0,None,['B'],None,['Artifact'],['Equipment'],Special,TSR,None,None,None,Equipped creature gets +1/+0 for each artifact you control.\n{B}{B}: Attach Cranial Plating to target creature you control.\nEquip {1}
Contagion Clasp,2.0,None,None,None,['Artifact'],None,Special,TSR,None,None,None,"When Contagion Clasp enters the battlefield, put a -1/-1 counter on target creature.\n{4}, {T}: Proliferate. (Choose any number of permanents and/or players, then give each another counter of each kind already there.)"
Path to Exile,1.0,['W'],['W'],None,['Instant'],None,Special,TSR,None,None,None,"Exile target creature. Its controller may search their library for a basic land card, put that card onto the battlefield tapped, then shuffle."
Chalice of the Void,0.0,None,None,None,['Artifact'],None,Special,TSR,None,None,None,"Chalice of the Void enters the battlefield with X charge counters on it.\nWhenever a player casts a spell with mana value equal to the number of charge counters on Chalice of the Void, counter that spell."
Trygon Predator,3.0,"['G', 'U']","['G', 'U']",None,['Creature'],['Beast'],Special,TSR,2,3,None,"Flying\nWhenever Trygon Predator deals combat damage to a player, you may destroy target artifact or enchantment that player controls."
Mulldrifter,5.0,['U'],['U'],None,['Creature'],['Elemental'],Special,TSR,2,2,None,"Flying\nWhen Mulldrifter enters the battlefield, draw two cards.\nEvoke {2}{U} (You may cast this spell for its evoke cost. If you do, it's sacrificed when it enters the battlefield.)"
Tidehollow Sculler,2.0,"['B', 'W']","['B', 'W']",None,"['Artifact', 'Creature']",['Zombie'],Special,TSR,2,2,None,"When Tidehollow Sculler enters the battlefield, target opponent reveals their hand and you choose a nonland card from it. Exile that card.\nWhen Tidehollow Sculler leaves the battlefield, return the exiled card to its owner's hand."
Temur Ascendancy,3.0,"['G', 'R', 'U']","['G', 'R', 'U']",None,['Enchantment'],None,Special,TSR,None,None,None,"Creatures you control have haste.\nWhenever a creature with power 4 or greater enters the battlefield under your control, you may draw a card."
"Slimefoot, the Stowaway",3.0,"['B', 'G']","['B', 'G']",['Legendary'],['Creature'],['Fungus'],Special,TSR,2,3,None,"Whenever a Saproling you control dies, Slimefoot, the Stowaway deals 1 damage to each opponent and you gain 1 life.\n{4}: Create a 1/1 green Saproling creature token."
Secret Plans,2.0,"['G', 'U']","['G', 'U']",None,['Enchantment'],None,Special,TSR,None,None,None,"Face-down creatures you control get +0/+1.\nWhenever a permanent you control is turned face up, draw a card."
Rakdos Charm,2.0,"['B', 'R']","['B', 'R']",None,['Instant'],None,Special,TSR,None,None,None,Choose one —\n• Exile target player's graveyard.\n• Destroy target artifact.\n• Each creature deals 1 damage to its controller.
Qasali Pridemage,2.0,"['G', 'W']","['G', 'W']",None,['Creature'],"['Cat', 'Wizard']",Special,TSR,2,2,None,"Exalted (Whenever a creature you control attacks alone, that creature gets +1/+1 until end of turn.)\n{1}, Sacrifice Qasali Pridemage: Destroy target artifact or enchantment."
Prized Amalgam,3.0,"['B', 'U']","['B', 'U']",None,['Creature'],['Zombie'],Special,TSR,3,3,None,"Whenever a creature enters the battlefield, if it entered from your graveyard or you cast it from your graveyard, return Prized Amalgam from your graveyard to the battlefield tapped at the beginning of the next end step."
Mortify,3.0,"['B', 'W']","['B', 'W']",None,['Instant'],None,Special,TSR,None,None,None,Destroy target creature or enchantment.
"Lavinia, Azorius Renegade",2.0,"['U', 'W']","['U', 'W']",['Legendary'],['Creature'],"['Human', 'Soldier']",Special,TSR,2,2,None,"Each opponent can't cast noncreature spells with mana value greater than the number of lands that player controls.\nWhenever an opponent casts a spell, if no mana was spent to cast it, counter that spell."
Knight of the Reliquary,3.0,"['G', 'W']","['G', 'W']",None,['Creature'],"['Human', 'Knight']",Special,TSR,2,2,None,"Knight of the Reliquary gets +1/+1 for each land card in your graveyard.\n{T}, Sacrifice a Forest or Plains: Search your library for a land card, put it onto the battlefield, then shuffle."
"Grenzo, Dungeon Warden",2.0,"['B', 'R']","['B', 'R']",['Legendary'],['Creature'],"['Goblin', 'Rogue']",Special,TSR,2,2,None,"Grenzo, Dungeon Warden enters the battlefield with X +1/+1 counters on it.\n{2}: Put the bottom card of your library into your graveyard. If it's a creature card with power less than or equal to Grenzo's power, put it onto the battlefield."
"Feather, the Redeemed",3.0,"['R', 'W']","['R', 'W']",['Legendary'],['Creature'],['Angel'],Special,TSR,3,4,None,"Flying\nWhenever you cast an instant or sorcery spell that targets a creature you control, exile that card instead of putting it into your graveyard as it resolves. If you do, return it to your hand at the beginning of the next end step."
Epic Experiment,2.0,"['R', 'U']","['R', 'U']",None,['Sorcery'],None,Special,TSR,None,None,None,Exile the top X cards of your library. You may cast instant and sorcery spells with mana value X or less from among them without paying their mana costs. Then put all cards exiled this way that weren't cast into your graveyard.
Dovin's Veto,2.0,"['U', 'W']","['U', 'W']",None,['Instant'],None,Special,TSR,None,None,None,This spell can't be countered.\nCounter target noncreature spell.
Consuming Aberration,5.0,"['B', 'U']","['B', 'U']",None,['Creature'],['Horror'],Special,TSR,*,*,None,"Consuming Aberration's power and toughness are each equal to the number of cards in your opponents' graveyards.\nWhenever you cast a spell, each opponent reveals cards from the top of their library until they reveal a land card, then puts those cards into their graveyard."
Cloudshredder Sliver,2.0,"['R', 'W']","['R', 'W']",None,['Creature'],['Sliver'],Special,TSR,1,1,None,Sliver creatures you control have flying and haste.
Bloodbraid Elf,4.0,"['G', 'R']","['G', 'R']",None,['Creature'],"['Elf', 'Berserker']",Special,TSR,3,2,None,"Haste\nCascade (When you cast this spell, exile cards from the top of your library until you exile a nonland card that costs less. You may cast it without paying its mana cost. Put the exiled cards on the bottom of your library in a random order.)"
"Arcades, the Strategist",4.0,"['G', 'U', 'W']","['G', 'U', 'W']",['Legendary'],['Creature'],"['Elder', 'Dragon']",Special,TSR,3,5,None,"Flying, vigilance\nWhenever a creature with defender enters the battlefield under your control, draw a card.\nEach creature you control with defender assigns combat damage equal to its toughness rather than its power and can attack as though it didn't have defender."
Abrupt Decay,2.0,"['B', 'G']","['B', 'G']",None,['Instant'],None,Special,TSR,None,None,None,This spell can't be countered.\nDestroy target nonland permanent with mana value 3 or less.
Time of Need,2.0,['G'],['G'],None,['Sorcery'],None,Special,TSR,None,None,None,"Search your library for a legendary creature card, reveal it, put it into your hand, then shuffle."
Thragtusk,5.0,['G'],['G'],None,['Creature'],['Beast'],Special,TSR,5,3,None,"When Thragtusk enters the battlefield, you gain 5 life.\nWhen Thragtusk leaves the battlefield, create a 3/3 green Beast creature token."
Sylvan Scrying,2.0,['G'],['G'],None,['Sorcery'],None,Special,TSR,None,None,None,"Search your library for a land card, reveal it, put it into your hand, then shuffle."
Reclamation Sage,3.0,['G'],['G'],None,['Creature'],"['Elf', 'Shaman']",Special,TSR,2,1,None,"When Reclamation Sage enters the battlefield, you may destroy target artifact or enchantment."
Primeval Titan,6.0,['G'],['G'],None,['Creature'],['Giant'],Special,TSR,6,6,None,"Trample\nWhenever Primeval Titan enters the battlefield or attacks, you may search your library for up to two land cards, put them onto the battlefield tapped, then shuffle."
Nature's Claim,1.0,['G'],['G'],None,['Instant'],None,Special,TSR,None,None,None,Destroy target artifact or enchantment. Its controller gains 4 life.
"Sram, Senior Edificer",2.0,['W'],['W'],['Legendary'],['Creature'],"['Dwarf', 'Advisor']",Special,TSR,2,2,None,"Whenever you cast an Aura, Equipment, or Vehicle spell, draw a card."
Farseek,2.0,['G'],['G'],None,['Sorcery'],None,Special,TSR,None,None,None,"Search your library for a Plains, Island, Swamp, or Mountain card, put it onto the battlefield tapped, then shuffle."
"Baral, Chief of Compliance",2.0,['U'],['U'],['Legendary'],['Creature'],"['Human', 'Wizard']",Special,TSR,1,3,None,"Instant and sorcery spells you cast cost {1} less to cast.\nWhenever a spell or ability you control counters a spell, you may draw a card. If you do, discard a card."
Evolutionary Leap,2.0,['G'],['G'],None,['Enchantment'],None,Special,TSR,None,None,None,"{G}, Sacrifice a creature: Reveal cards from the top of your library until you reveal a creature card. Put that card into your hand and the rest on the bottom of your library in a random order."
Eternal Witness,3.0,['G'],['G'],None,['Creature'],"['Human', 'Shaman']",Special,TSR,2,1,None,"When Eternal Witness enters the battlefield, you may return target card from your graveyard to your hand."
Elvish Mystic,1.0,['G'],['G'],None,['Creature'],"['Elf', 'Druid']",Special,TSR,1,1,None,{T}: Add {G}.
Courser of Kruphix,3.0,['G'],['G'],None,"['Enchantment', 'Creature']",['Centaur'],Special,TSR,2,4,None,"Play with the top card of your library revealed.\nYou may play lands from the top of your library.\nLandfall — Whenever a land enters the battlefield under your control, you gain 1 life."
Become Immense,6.0,['G'],['G'],None,['Instant'],None,Special,TSR,None,None,None,Delve (Each card you exile from your graveyard while casting this spell pays for {1}.)\nTarget creature gets +6/+6 until end of turn.
Beast Within,3.0,['G'],['G'],None,['Instant'],None,Special,TSR,None,None,None,Destroy target permanent. Its controller creates a 3/3 green Beast creature token.
Beast Whisperer,4.0,['G'],['G'],None,['Creature'],"['Elf', 'Druid']",Special,TSR,2,3,None,"Whenever you cast a creature spell, draw a card."
Ancient Stirrings,1.0,['G'],['G'],None,['Sorcery'],None,Special,TSR,None,None,None,Look at the top five cards of your library. You may reveal a colorless card from among them and put it into your hand. Then put the rest on the bottom of your library in any order.
Zealous Conscripts,5.0,['R'],['R'],None,['Creature'],"['Human', 'Warrior']",Special,TSR,3,3,None,"Haste\nWhen Zealous Conscripts enters the battlefield, gain control of target permanent until end of turn. Untap that permanent. It gains haste until end of turn."
Young Pyromancer,2.0,['R'],['R'],None,['Creature'],"['Human', 'Shaman']",Special,TSR,2,1,None,"Whenever you cast an instant or sorcery spell, create a 1/1 red Elemental creature token."
Vandalblast,1.0,['R'],['R'],None,['Sorcery'],None,Special,TSR,None,None,None,"Destroy target artifact you don't control.\nOverload {4}{R} (You may cast this spell for its overload cost. If you do, change ""target"" in its text to ""each."")"
Temur Battle Rage,2.0,['R'],['R'],None,['Instant'],None,Special,TSR,None,None,None,Target creature gains double strike until end of turn.\nFerocious — That creature also gains trample until end of turn if you control a creature with power 4 or greater.
Past in Flames,4.0,['R'],['R'],None,['Sorcery'],None,Special,TSR,None,None,None,Each instant and sorcery card in your graveyard gains flashback until end of turn. The flashback cost is equal to its mana cost.\nFlashback {4}{R} (You may cast this card from your graveyard for its flashback cost. Then exile it.)
Monastery Swiftspear,1.0,['R'],['R'],None,['Creature'],"['Human', 'Monk']",Special,TSR,1,2,None,"Haste\nProwess (Whenever you cast a noncreature spell, this creature gets +1/+1 until end of turn.)"
Molten Rain,3.0,['R'],['R'],None,['Sorcery'],None,Special,TSR,None,None,None,"Destroy target land. If that land was nonbasic, Molten Rain deals 2 damage to the land's controller."
Lava Spike,1.0,['R'],['R'],None,['Sorcery'],['Arcane'],Special,TSR,None,None,None,Lava Spike deals 3 damage to target player or planeswalker.
"Kiki-Jiki, Mirror Breaker",5.0,['R'],['R'],['Legendary'],['Creature'],"['Goblin', 'Shaman']",Special,TSR,2,2,None,"Haste\n{T}: Create a token that's a copy of target nonlegendary creature you control, except it has haste. Sacrifice it at the beginning of the next end step."
Goblin Engineer,2.0,['R'],['R'],None,['Creature'],"['Goblin', 'Artificer']",Special,TSR,1,2,None,"When Goblin Engineer enters the battlefield, you may search your library for an artifact card, put it into your graveyard, then shuffle.\n{R}, {T}, Sacrifice an artifact: Return target artifact card with mana value 3 or less from your graveyard to the battlefield."
Feldon of the Third Path,3.0,['R'],['R'],['Legendary'],['Creature'],"['Human', 'Artificer']",Special,TSR,2,3,None,"{2}{R}, {T}: Create a token that's a copy of target creature card in your graveyard, except it's an artifact in addition to its other types. It gains haste. Sacrifice it at the beginning of the next end step."
Exquisite Firecraft,3.0,['R'],['R'],None,['Sorcery'],None,Special,TSR,None,None,None,"Exquisite Firecraft deals 4 damage to any target.\nSpell mastery — If there are two or more instant and/or sorcery cards in your graveyard, this spell can't be countered."
"Etali, Primal Storm",6.0,['R'],['R'],['Legendary'],['Creature'],"['Elder', 'Dinosaur']",Special,TSR,6,6,None,"Whenever Etali, Primal Storm attacks, exile the top card of each player's library, then you may cast any number of spells from among those cards without paying their mana costs."
Dreadhorde Arcanist,2.0,['R'],['R'],None,['Creature'],"['Zombie', 'Wizard']",Special,TSR,1,3,None,"Trample\nWhenever Dreadhorde Arcanist attacks, you may cast target instant or sorcery card with mana value less than or equal to Dreadhorde Arcanist's power from your graveyard without paying its mana cost. If that spell would be put into your graveyard, exile it instead."
Bedlam Reveler,8.0,['R'],['R'],None,['Creature'],"['Devil', 'Horror']",Special,TSR,3,4,None,"This spell costs {1} less to cast for each instant and sorcery card in your graveyard.\nProwess\nWhen Bedlam Reveler enters the battlefield, discard your hand, then draw three cards."
Anger of the Gods,3.0,['R'],['R'],None,['Sorcery'],None,Special,TSR,None,None,None,"Anger of the Gods deals 3 damage to each creature. If a creature dealt damage this way would die this turn, exile it instead."
"Alesha, Who Smiles at Death",3.0,['R'],"['B', 'R', 'W']",['Legendary'],['Creature'],"['Human', 'Warrior']",Special,TSR,3,2,None,"First strike\nWhenever Alesha, Who Smiles at Death attacks, you may pay {W/B}{W/B}. If you do, return target creature card with power 2 or less from your graveyard to the battlefield tapped and attacking."
Zulaport Cutthroat,2.0,['B'],['B'],None,['Creature'],"['Human', 'Rogue', 'Ally']",Special,TSR,1,1,None,"Whenever Zulaport Cutthroat or another creature you control dies, each opponent loses 1 life and you gain 1 life."
Sanguine Bond,5.0,['B'],['B'],None,['Enchantment'],None,Special,TSR,None,None,None,"Whenever you gain life, target opponent loses that much life."
Relentless Rats,3.0,['B'],['B'],None,['Creature'],['Rat'],Special,TSR,2,2,None,Relentless Rats gets +1/+1 for each other creature on the battlefield named Relentless Rats.\nA deck can have any number of cards named Relentless Rats.
Read the Bones,3.0,['B'],['B'],None,['Sorcery'],None,Special,TSR,None,None,None,"Scry 2, then draw two cards. You lose 2 life."
