Name,CMC,Colors,Color identity,Supertypes,Types,Subtypes,Rarity,Set,Power,Toughness,Loyalty,Text
Forest,0.0,None,['G'],['Basic'],['Land'],['Forest'],Common,WHO,None,None,None,({T}: Add {G}.)
Forest,0.0,None,['G'],['Basic'],['Land'],['Forest'],Common,WHO,None,None,None,({T}: Add {G}.)
Mountain,0.0,None,['R'],['Basic'],['Land'],['Mountain'],Common,WHO,None,None,None,({T}: Add {R}.)
Unleash the Flux,0.0,None,None,None,['Phenomenon'],None,Common,WHO,None,None,None,"When you encounter Unleash the Flux, each player sacrifices a nonland permanent, then you flip a coin. If you lose the flip, repeat this process. (Then planeswalk away from this phenomenon.)"
Mountain,0.0,None,['R'],['Basic'],['Land'],['Mountain'],Common,WHO,None,None,None,({T}: Add {R}.)
UNIT Headquarters,0.0,None,None,None,['Plane'],['Earth'],Common,WHO,None,None,None,"When you planeswalk to UNIT Headquarters and at the beginning of your upkeep, create a tapped 1/1 white Soldier creature token.\nWhenever chaos ensues, put a +1/+1 counter on each creature you control."
Swamp,0.0,None,['B'],['Basic'],['Land'],['Swamp'],Common,WHO,None,None,None,({T}: Add {B}.)
Two Streams Facility,0.0,None,None,None,['Plane'],['Apalapucia'],Common,WHO,None,None,None,"Whenever you planeswalk to Two Streams Facility and at the beginning of the first upkeep of the game, each player chooses green anchor or red waterfall.\nEach player who last chose green anchor may play an additional land during each of their turns.\nCreatures controlled by players who last chose red waterfall get +2/+0 and have haste.\nWhenever chaos ensues, each player who last chose green anchor chooses red waterfall, and vice versa."
Swamp,0.0,None,['B'],['Basic'],['Land'],['Swamp'],Common,WHO,None,None,None,({T}: Add {B}.)
Island,0.0,None,['U'],['Basic'],['Land'],['Island'],Common,WHO,None,None,None,({T}: Add {U}.)
Island,0.0,None,['U'],['Basic'],['Land'],['Island'],Common,WHO,None,None,None,({T}: Add {U}.)
Plains,0.0,None,['W'],['Basic'],['Land'],['Plains'],Common,WHO,None,None,None,({T}: Add {W}.)
Temple of Atropos,0.0,None,None,None,['Plane'],['Time'],Common,WHO,None,None,None,"At the beginning of your postcombat main phase, there is an additional beginning phase after this phase. (The beginning phase includes the untap, upkeep, and draw steps.)\nWhen chaos ensues, reverse the game's turn order. Then planeswalk. (For example, if play had proceeded clockwise around the table, it now goes counterclockwise.)"
Plains,0.0,None,['W'],['Basic'],['Land'],['Plains'],Common,WHO,None,None,None,({T}: Add {W}.)
TARDIS Bay,0.0,None,None,None,['Plane'],['Gallifrey'],Common,WHO,None,None,None,"The first spell you cast during each of your turns with mana value 2 or greater has cascade. (When you cast that spell, exile cards from the top of your library until you exile a nonland card that costs less. You may cast it without paying its mana cost. Put the exiled cards on the bottom in a random order.)\nWhen chaos ensues, gain control of target artifact. Then planeswalk."
Stormcage Containment Facility,0.0,None,None,None,['Plane'],['Unknown Planet'],Common,WHO,None,None,None,"Each creature card in your graveyard has escape. The escape cost is equal to the card's mana cost plus exile three other cards from your graveyard. (You may cast cards from your graveyard for their escape cost.)\nWhenever chaos ensues, detain target creature an opponent controls. (Until your next turn, that creature can't attack or block and its activated abilities can't be activated.)"
Human-Time Lord Meta-Crisis,0.0,None,None,None,['Phenomenon'],None,Common,WHO,None,None,None,"When you encounter Human-Time Lord Meta-Crisis, each player chooses one or two creatures they control. Each player creates a token that's a copy of the first creature they chose, except it isn't legendary. Then each player who chose a second creature puts a number of +1/+1 counters on the token they created equal to the power of the second creature they chose. (Then planeswalk away from this phenomenon.)"
Prime Minister's Cabinet Room,0.0,None,None,None,['Plane'],['Earth'],Common,WHO,None,None,None,"At the beginning of combat on your turn, up to one target creature you control becomes a copy of target creature an opponent controls.\nWill of the council — Whenever chaos ensues, starting with you, each player votes for a creature you don't control. Exile each creature with the most votes or tied for most votes."
Singing Towers of Darillium,0.0,None,None,None,['Plane'],['Darillium'],Common,WHO,None,None,None,"Each nonland card in your hand without foretell has foretell. Its foretell cost is equal to its mana cost reduced by {2}. (During your turn, you may pay {2} and exile it from your hand face down. Cast it on a later turn for its foretell cost.)\nWhenever chaos ensues, you may cast a foretold card you own from exile without paying its mana cost this turn."
Spectrox Mines,0.0,None,None,None,['Plane'],['Androzani Minor'],Common,WHO,None,None,None,"When you planeswalk to Spectrox Mines and at the beginning of your upkeep, you lose 3 life and create a Treasure token.\nWhenever chaos ensues, create a Food token and a 2/2 black Human Rogue creature token."
The Pyramid of Mars,0.0,None,None,None,['Plane'],['Mars'],Common,WHO,None,None,None,"When you planeswalk to The Pyramid of Mars and at beginning of your upkeep, surveil 2. (Look at the top two cards of your library, then put any number of them into your graveyard and the rest on top of your library in any order.)\nWhenever chaos ensues, return target creature card from your graveyard to the battlefield."
Pompeii,0.0,None,None,None,['Plane'],['Earth'],Common,WHO,None,None,None,"When you planeswalk to Pompeii and at the beginning of your upkeep, put an eruption counter on it.\nWhenever you roll a blank on the planar die, scry 2. Then put an eruption counter on Pompeii.\nWhen chaos ensues, Pompeii deals damage to each creature and each player equal to the number of eruption counters on Pompeii. Each player sacrifices a land. Then planeswalk."
War Room,0.0,None,None,None,['Land'],None,Rare,WHO,None,None,None,"{T}: Add {C}.\n{3}, {T}, Pay life equal to the number of colors in your commanders' color identity: Draw a card."
Thriving Moor,0.0,None,['B'],None,['Land'],None,Common,WHO,None,None,None,"Thriving Moor enters the battlefield tapped.\nAs Thriving Moor enters the battlefield, choose a color other than black.\n{T}: Add {B} or one mana of the chosen color."
Thriving Heath,0.0,None,['W'],None,['Land'],None,Common,WHO,None,None,None,"Thriving Heath enters the battlefield tapped.\nAs Thriving Heath enters the battlefield, choose a color other than white.\n{T}: Add {W} or one mana of the chosen color."
Ood Sphere,0.0,None,None,None,['Plane'],['Horsehead Nebula'],Common,WHO,None,None,None,"Song of the Ood — Noncreature spells have convoke. (A player's creatures can help cast those spells. Each creature they tap while casting a noncreature spell pays for {1} or one mana of that creature's color.)\nRed-Eye — Whenever chaos ensues, for each opponent, goad up to one target creature that opponent controls. Until your next turn, those creatures can't become tapped unless they're being declared as attackers."
North Pole Research Base,0.0,None,None,None,['Plane'],['Earth'],Common,WHO,None,None,None,"At the beginning of your upkeep, target opponent draws a card and creates a Treasure token.\nWhenever chaos ensues, create a 2/2 white Alien creature token. When you do, tap target nontoken creature an opponent controls. Put a stun counter on it. (If a permanent with a stun counter would become untapped, remove one from it instead.)"
Thriving Bluff,0.0,None,['R'],None,['Land'],None,Common,WHO,None,None,None,"Thriving Bluff enters the battlefield tapped.\nAs Thriving Bluff enters the battlefield, choose a color other than red.\n{T}: Add {R} or one mana of the chosen color."
Mondassian Colony Ship,0.0,None,None,None,['Plane'],['Spacecraft'],Common,WHO,None,None,None,"Whenever a creature attacks, it gets +1/+1 until end of turn for each other creature its controller controls that shares a creature type with it.\nWhenever chaos ensues, turn target creature face down. It becomes a 2/2 Cyberman artifact creature."
Hotel of Fears,0.0,None,None,None,['Plane'],['Spacecraft'],Common,WHO,None,None,None,"At the beginning of your upkeep, exile the top card of your library. You lose life equal to its mana value. You may play that card this turn.\nPraise Him — Whenever chaos ensues, choose a color. Put X +1/+1 counters on target creature you control, where X is your devotion to that color. Then sacrifice another creature. (Your devotion to a color is the number of mana symbols of that color in the mana costs of permanents you control.)"
The Matrix of Time,0.0,None,None,None,['Plane'],['Gallifrey'],Common,WHO,None,None,None,"When you planeswalk to The Matrix of Time, each player exiles the top card of their library.\nDuring your turn, you may play lands and cast spells from among cards exiled with The Matrix of Time.\nWhenever you play a land or cast a spell from among cards exiled with The Matrix of Time, that card's owner loses 3 life and exiles the top card of their library.\nWhenever chaos ensues, create two Treasure tokens."
The Lux Foundation Library,0.0,None,None,None,['Plane'],['The Library'],Common,WHO,None,None,None,"Players have no maximum hand size.\nWhenever a creature you control deals combat damage to a player, you may draw a card.\nWhenever chaos ensues, put a shadow counter on target creature. (A creature with shadow can block or be blocked by only creatures with shadow.)"
Lake Silencio,0.0,None,None,None,['Plane'],['Earth'],Common,WHO,None,None,None,"Still Point in Time — All spells have split second. (As long as a spell with split second is on the stack, players can't cast spells or activate abilities that aren't mana abilities.)\nWhenever chaos ensues, Lake Silencio deals 6 damage to target creature an opponent controls. If a creature dealt damage this way would die this turn, exile it instead."
Gardens of Tranquil Repose,0.0,None,None,None,['Plane'],['Necros'],Common,WHO,None,None,None,"Suspended Animation — Whenever a creature dies, exile it. Its controller scries 1.\nWhenever chaos ensues, create X 3/3 black Dalek artifact creature tokens with menace, where X is one plus the number of cards exiled with Gardens of Tranquil Repose."
Fixed Point in Time,0.0,None,None,None,['Phenomenon'],None,Common,WHO,None,None,None,"When you encounter Fixed Point in Time, until your next turn, if a player would planeswalk as a result of rolling the planar die, chaos ensues instead. (Then planeswalk away from this phenomenon.)"
"The Drum, Mining Facility",0.0,None,None,None,['Plane'],['Earth'],Common,WHO,None,None,None,"Whenever you roll the planar die, creatures you control get +1/+1 and gain haste until end of turn.\nWhenever chaos ensues, end the turn. (Exile all spells and abilities from the stack. The player whose turn it is discards down to their maximum hand size. Damage wears off, and ""this turn"" and ""until end of turn"" effects end.)"
The Doctor's Tomb,0.0,None,None,None,['Plane'],['Trenzalore'],Common,WHO,None,None,None,"If a creature would die, instead exile it and that creature's controller loses 2 life.\nWhenever chaos ensues, redistribute any number of players' life totals. (Each of those players gets one life total back.)"
The Doctor's Childhood Barn,0.0,None,None,None,['Plane'],['Gallifrey'],Common,WHO,None,None,None,"Creatures enter the battlefield tapped.\nWhenever chaos ensues, for each opponent, choose up to one target nonland permanent that opponent controls. Untap those permanents. They phase out. They can't phase in for as long as The Doctor's Childhood Barn remains face up. When a player planeswalks, those permanents phase in."
The Dining Car,0.0,None,None,None,['Plane'],['Spacecraft'],Common,WHO,None,None,None,"When you planeswalk to The Dining Car, each player creates a Food token.\nSixty-Six Seconds — At the beginning of your upkeep, sacrifice a creature with the least toughness among creatures you control. Then investigate.\nWhenever chaos ensues, activated abilities of artifact tokens you control cost {2} less to activate this turn."
Dalek Intensive Care,0.0,None,None,None,['Plane'],['The Dalek Asylum'],Common,WHO,None,None,None,"When you planeswalk to Dalek Intensive Care and at the beginning of your upkeep, exile a non-Dalek creature you control. If you do, create a 3/3 black Dalek artifact creature token with menace. It gains haste until end of turn.\nWhenever chaos ensues, target Dalek you control deals damage equal to its power to target creature you don't control."
Coal Hill School,0.0,None,None,None,['Plane'],['Earth'],Common,WHO,None,None,None,"Whenever a player casts a historic spell, that player draws a card. (Artifacts, legendaries, and Sagas are historic.)\nWhenever chaos ensues, return target historic card from your graveyard to your hand."
City of the Daleks,0.0,None,None,None,['Plane'],['Skaro'],Common,WHO,None,None,None,"Whenever you attack, target opponent loses X life, where X is the number of artifacts you control.\nWhenever chaos ensues, for each opponent, you create a 3/3 black Dalek artifact creature token with menace that attacks that opponent this turn if able. Those tokens gain haste. Sacrifice them at the beginning of the next end step."
The Cheetah Planet,0.0,None,None,None,['Plane'],"[""Outside Mutter's Spiral""]",Common,WHO,None,None,None,"When you planeswalk to The Cheetah Planet and at the beginning of your upkeep, put two +1/+1 counters on target non-Cat creature you control. It becomes a Cat in addition to its other types.\nWhenever chaos ensues, all Cats gain provoke until end of turn. (Whenever a Cat attacks, its controller may have target creature defending player controls untap and block it if able.)"
The Cave of Skulls,0.0,None,None,None,['Plane'],['Earth'],Common,WHO,None,None,None,"Each creature card in your graveyard has scavenge. The scavenge cost is equal to its mana cost. (Exile a creature card from your graveyard and pay its mana cost: Put a number of +1/+1 counters equal to that card's power on target creature. Scavenge only as a sorcery.)\nWhenever chaos ensues, create two 1/1 white Warrior creature tokens."
Caught in a Parallel Universe,0.0,None,None,None,['Phenomenon'],None,Common,WHO,None,None,None,"When you encounter Caught in a Parallel Universe, each player chooses a creature controlled by the player to their left. Each player creates a token that's a copy of the creature they chose, except it has menace. (Then planeswalk away from this phenomenon.)"
Bowie Base One,0.0,None,None,None,['Plane'],['Mars'],Common,WHO,None,None,None,"At the beginning of your end step, goad target creature controlled by the player to your left. (Until your next turn, that creature attacks each combat if able and attacks a player other than you if able.)\nWhenever chaos ensues, target creature gains islandwalk until end of turn. (It can't be blocked as long as defending player controls an Island.)"
Besieged Viking Village,0.0,None,None,None,['Plane'],['Earth'],Common,WHO,None,None,None,"All creatures have ""Boast — {1}: Put a +1/+1 counter on this creature."" (Activate only if that creature attacked this turn and only once each turn.)\nWhenever chaos ensues, put an indestructible counter on target creature you control that attacked this turn."
Bad Wolf Bay,0.0,None,None,None,['Plane'],['Earth'],Common,WHO,None,None,None,"At the beginning of combat on your turn, exile up to one target creature. Return it to the battlefield under its owner's control at the beginning of the next end step.\nWhen chaos ensues, cards can't enter the battlefield from exile this turn. Then planeswalk."
Aplan Mortarium,0.0,None,None,None,['Plane'],['Alfava Metraxis'],Common,WHO,None,None,None,"Byzantium Radiation — At the beginning of your upkeep, put an exposure counter on Aplan Mortarium. Then you lose life equal to the number of exposure counters on it.\nWhenever chaos ensues, create two 2/2 black Alien Angel artifact creature tokens with first strike, vigilance, and ""Whenever an opponent casts a creature spell, this permanent isn't a creature until end of turn."""
Antarctic Research Base,0.0,None,None,None,['Plane'],['Earth'],Common,WHO,None,None,None,"When you planeswalk to Antarctic Research Base and at the beginning of your upkeep, investigate.\nWhenever chaos ensues, put X +1/+1 counters on target creature you control, where X is the number of artifacts you control. It becomes a Plant in addition to its other types."
Amy's Home,0.0,None,None,None,['Plane'],['Earth'],Common,WHO,None,None,None,"When you planeswalk to Amy's Home and at the beginning of your upkeep, you may exile a nonland card from your hand with a number of time counters on it equal to its mana value. If it doesn't have suspend, it gains suspend.\nWhenever chaos ensues, time travel. (For each suspended card you own and each permanent you control with a time counter on it, you may add or remove a time counter.)"
Past in Flames,4.0,['R'],['R'],None,['Sorcery'],None,Rare,WHO,None,None,None,Each instant and sorcery card in your graveyard gains flashback until end of turn. The flashback cost is equal to its mana cost.\nFlashback {4}{R} (You may cast this card from your graveyard for its flashback cost. Then exile it.)
New New York,0.0,None,None,None,['Plane'],['New Earth'],Common,WHO,None,None,None,"At the beginning of combat on your turn, until end of turn, noncreature artifacts you control become 3/3 Vehicles in addition to their other types and gain flying, haste, and crew 1.\nWhenever chaos ensues, create a Treasure token and a 2/2 white Alien creature token."
Waterlogged Grove,0.0,None,"['G', 'U']",None,['Land'],None,Rare,WHO,None,None,None,"{T}, Pay 1 life: Add {G} or {U}.\n{1}, {T}, Sacrifice Waterlogged Grove: Draw a card."
Vineglimmer Snarl,0.0,None,"['G', 'U']",None,['Land'],None,Rare,WHO,None,None,None,"As Vineglimmer Snarl enters the battlefield, you may reveal a Forest or Island card from your hand. If you don't, Vineglimmer Snarl enters the battlefield tapped.\n{T}: Add {G} or {U}."
Thriving Isle,0.0,None,['U'],None,['Land'],None,Common,WHO,None,None,None,"Thriving Isle enters the battlefield tapped.\nAs Thriving Isle enters the battlefield, choose a color other than blue.\n{T}: Add {U} or one mana of the chosen color."
The Moonbase,0.0,None,None,None,['Plane'],['Moon'],Common,WHO,None,None,None,"Low Gravity — All creatures have ""{2}: This creature gains flying until end of turn. Activate only as a sorcery.""\nWhenever chaos ensues, for each opponent, choose up to one target creature card in that player's graveyard. Put those cards onto the battlefield face down under your control. They're 2/2 Cyberman artifact creatures."
Thriving Grove,0.0,None,['G'],None,['Land'],None,Common,WHO,None,None,None,"Thriving Grove enters the battlefield tapped.\nAs Thriving Grove enters the battlefield, choose a color other than green.\n{T}: Add {G} or one mana of the chosen color."
Kerblam! Warehouse,0.0,None,None,None,['Plane'],['Kandoka'],Common,WHO,None,None,None,"Whenever one or more creatures you control deal combat damage to a player, create a Treasure token.\nWhenever chaos ensues, until your next turn, noncreature artifacts you control gain ""{T}, Sacrifice this artifact: Flip a coin. If you win the flip, this artifact deals 3 damage to any target."""
Sundown Pass,0.0,None,"['R', 'W']",None,['Land'],None,Rare,WHO,None,None,None,Sundown Pass enters the battlefield tapped unless you control two or more other lands.\n{T}: Add {R} or {W}.
Stormcarved Coast,0.0,None,"['R', 'U']",None,['Land'],None,Rare,WHO,None,None,None,Stormcarved Coast enters the battlefield tapped unless you control two or more other lands.\n{T}: Add {U} or {R}.
Skycloud Expanse,0.0,None,"['U', 'W']",None,['Land'],None,Rare,WHO,None,None,None,"{1}, {T}: Add {W}{U}."
Sheltered Thicket,0.0,None,"['G', 'R']",None,['Land'],"['Mountain', 'Forest']",Rare,WHO,None,None,None,"({T}: Add {R} or {G}.)\nSheltered Thicket enters the battlefield tapped.\nCycling {2} ({2}, Discard this card: Draw a card.)"
Shadowblood Ridge,0.0,None,"['B', 'R']",None,['Land'],None,Rare,WHO,None,None,None,"{1}, {T}: Add {B}{R}."
Blasphemous Act,9.0,['R'],['R'],None,['Sorcery'],None,Rare,WHO,None,None,None,This spell costs {1} less to cast for each creature on the battlefield.\nBlasphemous Act deals 13 damage to each creature.
River of Tears,0.0,None,"['B', 'U']",None,['Land'],None,Rare,WHO,None,None,None,"{T}: Add {U}. If you played a land this turn, add {B} instead."
Scattered Groves,0.0,None,"['G', 'W']",None,['Land'],"['Forest', 'Plains']",Rare,WHO,None,None,None,"({T}: Add {G} or {W}.)\nScattered Groves enters the battlefield tapped.\nCycling {2} ({2}, Discard this card: Draw a card.)"
Reliquary Tower,0.0,None,None,None,['Land'],None,Uncommon,WHO,None,None,None,You have no maximum hand size.\n{T}: Add {C}.
Port Town,0.0,None,"['U', 'W']",None,['Land'],None,Rare,WHO,None,None,None,"As Port Town enters the battlefield, you may reveal a Plains or Island card from your hand. If you don't, Port Town enters the battlefield tapped.\n{T}: Add {W} or {U}."
Path of Ancestry,0.0,None,None,None,['Land'],None,Common,WHO,None,None,None,"Path of Ancestry enters the battlefield tapped.\n{T}: Add one mana of any color in your commander's color identity. When that mana is spent to cast a creature spell that shares a creature type with your commander, scry 1. (Look at the top card of your library. You may put that card on the bottom.)"
Mystic Monastery,0.0,None,"['R', 'U', 'W']",None,['Land'],None,Uncommon,WHO,None,None,None,"Mystic Monastery enters the battlefield tapped.\n{T}: Add {U}, {R}, or {W}."
Day of the Moon,3.0,['R'],['R'],None,['Enchantment'],['Saga'],Rare,WHO,None,None,None,"(As this Saga enters and after your draw step, add a lore counter. Sacrifice after III.)\nI, II, III — Choose a creature card name, then goad all creatures with a name chosen for Day of the Moon. (Until your next turn, they attack each combat if able and attack a player other than you if able.)"
Irrigated Farmland,0.0,None,"['U', 'W']",None,['Land'],"['Plains', 'Island']",Rare,WHO,None,None,None,"({T}: Add {W} or {U}.)\nIrrigated Farmland enters the battlefield tapped.\nCycling {2} ({2}, Discard this card: Draw a card.)"
Haunted Ridge,0.0,None,"['B', 'R']",None,['Land'],None,Rare,WHO,None,None,None,Haunted Ridge enters the battlefield tapped unless you control two or more other lands.\n{T}: Add {B} or {R}.
Glacial Fortress,0.0,None,"['U', 'W']",None,['Land'],None,Rare,WHO,None,None,None,Glacial Fortress enters the battlefield tapped unless you control a Plains or an Island.\n{T}: Add {W} or {U}.
Furycalm Snarl,0.0,None,"['R', 'W']",None,['Land'],None,Rare,WHO,None,None,None,"As Furycalm Snarl enters the battlefield, you may reveal a Mountain or Plains card from your hand. If you don't, Furycalm Snarl enters the battlefield tapped.\n{T}: Add {R} or {W}."
Frontier Bivouac,0.0,None,"['G', 'R', 'U']",None,['Land'],None,Uncommon,WHO,None,None,None,"Frontier Bivouac enters the battlefield tapped.\n{T}: Add {G}, {U}, or {R}."
Dan Lewis,2.0,['R'],['R'],['Legendary'],['Creature'],['Human'],Rare,WHO,2,2,None,"Noncreature, non-Equipment artifacts you control are Equipment in addition to their other types and have ""Equipped creature gets +1/+0"" and equip {1}.\nDoctor's companion (You can have two commanders if the other is the Doctor.)"
Fiery Islet,0.0,None,"['R', 'U']",None,['Land'],None,Rare,WHO,None,None,None,"{T}, Pay 1 life: Add {U} or {R}.\n{1}, {T}, Sacrifice Fiery Islet: Draw a card."
Exotic Orchard,0.0,None,None,None,['Land'],None,Rare,WHO,None,None,None,{T}: Add one mana of any color that a land an opponent controls could produce.
Drowned Catacomb,0.0,None,"['B', 'U']",None,['Land'],None,Rare,WHO,None,None,None,Drowned Catacomb enters the battlefield tapped unless you control an Island or a Swamp.\n{T}: Add {U} or {B}.
Dragonskull Summit,0.0,None,"['B', 'R']",None,['Land'],None,Rare,WHO,None,None,None,Dragonskull Summit enters the battlefield tapped unless you control a Swamp or a Mountain.\n{T}: Add {B} or {R}.
Canopy Vista,0.0,None,"['G', 'W']",None,['Land'],"['Forest', 'Plains']",Rare,WHO,None,None,None,({T}: Add {G} or {W}.)\nCanopy Vista enters the battlefield tapped unless you control two or more basic lands.
Darkwater Catacombs,0.0,None,"['B', 'U']",None,['Land'],None,Rare,WHO,None,None,None,"{1}, {T}: Add {U}{B}."
Crumbling Necropolis,0.0,None,"['B', 'R', 'U']",None,['Land'],None,Uncommon,WHO,None,None,None,"Crumbling Necropolis enters the battlefield tapped.\n{T}: Add {U}, {B}, or {R}."
Command Tower,0.0,None,None,None,['Land'],None,Common,WHO,None,None,None,{T}: Add one mana of any color in your commander's color identity.
Wound Reflection,6.0,['B'],['B'],None,['Enchantment'],None,Rare,WHO,None,None,None,"At the beginning of each end step, each opponent loses life equal to the life they lost this turn. (Damage causes loss of life.)"
Cinder Glade,0.0,None,"['G', 'R']",None,['Land'],"['Mountain', 'Forest']",Rare,WHO,None,None,None,({T}: Add {R} or {G}.)\nCinder Glade enters the battlefield tapped unless you control two or more basic lands.
Celestial Colonnade,0.0,None,"['U', 'W']",None,['Land'],None,Rare,WHO,None,None,None,"Celestial Colonnade enters the battlefield tapped.\n{T}: Add {W} or {U}.\n{3}{W}{U}: Until end of turn, Celestial Colonnade becomes a 4/4 white and blue Elemental creature with flying and vigilance. It's still a land."
Ash Barrens,0.0,None,None,None,['Land'],None,Uncommon,WHO,None,None,None,"{T}: Add {C}.\nBasic landcycling {1} ({1}, Discard this card: Search your library for a basic land card, reveal it, put it into your hand, then shuffle.)"
Feed the Swarm,2.0,['B'],['B'],None,['Sorcery'],None,Common,WHO,None,None,None,Destroy target creature or enchantment an opponent controls. You lose life equal to that permanent's mana value.
Propaganda,3.0,['U'],['U'],None,['Enchantment'],None,Uncommon,WHO,None,None,None,Creatures can't attack you unless their controller pays {2} for each creature they control that's attacking you.
Swamp,0.0,None,['B'],['Basic'],['Land'],['Swamp'],Common,WHO,None,None,None,({T}: Add {B}.)
Ponder,1.0,['U'],['U'],None,['Sorcery'],None,Common,WHO,None,None,None,"Look at the top three cards of your library, then put them back in any order. You may shuffle.\nDraw a card."
Swords to Plowshares,1.0,['W'],['W'],None,['Instant'],None,Uncommon,WHO,None,None,None,Exile target creature. Its controller gains life equal to its power.
Preordain,1.0,['U'],['U'],None,['Sorcery'],None,Common,WHO,None,None,None,"Scry 2, then draw a card. (To scry 2, look at the top two cards of your library, then put any number of them on the bottom and the rest on top in any order.)"
Midnight Crusader Shuttle,4.0,None,None,None,['Artifact'],['Vehicle'],Uncommon,WHO,3,4,None,"Midnight Entity — Whenever Midnight Crusader Shuttle attacks, defending player faces a villainous choice — That player sacrifices a creature, or you gain control of a creature of your choice that player controls until end of turn. If you gain control of a creature this way, tap it, and it's attacking that player.\nCrew 2"
Wedding Ring,4.0,['W'],['W'],None,['Artifact'],None,Mythic,WHO,None,None,None,"When Wedding Ring enters the battlefield, if it was cast, target opponent creates a token that's a copy of it.\nWhenever an opponent who controls an artifact named Wedding Ring draws a card during their turn, you draw a card.\nWhenever an opponent who controls an artifact named Wedding Ring gains life during their turn, you gain that much life."
Grasp of Fate,3.0,['W'],['W'],None,['Enchantment'],None,Rare,WHO,None,None,None,"When Grasp of Fate enters the battlefield, for each opponent, exile up to one target nonland permanent that player controls until Grasp of Fate leaves the battlefield. (Those permanents return under their owners' control.)"
Bill Potts,4.0,['R'],['R'],['Legendary'],['Creature'],['Human'],Rare,WHO,2,4,None,"Whenever you cast an instant or sorcery spell that targets only Bill Potts or activate an ability that targets only Bill Potts, copy that spell or ability. You may choose new targets for the copy. This ability triggers only once each turn.\nDoctor's companion (You can have two commanders if the other is the Doctor.)"
Swamp,0.0,None,['B'],['Basic'],['Land'],['Swamp'],Common,WHO,None,None,None,({T}: Add {B}.)
Forest,0.0,None,['G'],['Basic'],['Land'],['Forest'],Common,WHO,None,None,None,({T}: Add {G}.)
Farewell,6.0,['W'],['W'],None,['Sorcery'],None,Rare,WHO,None,None,None,Choose one or more —\n• Exile all artifacts.\n• Exile all creatures.\n• Exile all enchantments.\n• Exile all graveyards.
Cybermen Squadron,7.0,None,None,None,"['Artifact', 'Creature']",['Cyberman'],Rare,WHO,5,5,None,"Nonlegendary artifact creatures you control have myriad. (Whenever a creature with myriad attacks, for each opponent other than defending player, you may create a token that's a copy of that creature that's tapped and attacking that player or a planeswalker they control. Exile the tokens at end of combat.)"
Cyberman Patrol,2.0,None,None,None,"['Artifact', 'Creature']",['Cyberman'],Uncommon,WHO,2,2,None,"Artifact creatures you control have afflict 3. (Whenever a creature with afflict 3 becomes blocked, defending player loses 3 life.)"
Clockwork Droid,2.0,None,None,None,"['Artifact', 'Creature']",['Robot'],Uncommon,WHO,3,1,None,"You may exert Clockwork Droid as it attacks. When you do, it can't be blocked this turn and you scry 1. (An exerted creature won't untap during your next untap step. To scry 1, look at the top card of your library. You may put that card on the bottom.)"
Ace's Baseball Bat,2.0,None,None,['Legendary'],['Artifact'],['Equipment'],Rare,WHO,None,None,None,"Equipped creature gets +3/+0.\nAs long as equipped creature is attacking, it has first strike and must be blocked by a Dalek if able.\nEquip legendary creature {1}\nEquip {3}"
Weeping Angel,3.0,"['B', 'U']","['B', 'U']",None,"['Artifact', 'Creature']","['Alien', 'Angel']",Rare,WHO,2,2,None,"Flash\nFirst strike, vigilance\nWhenever an opponent casts a creature spell, Weeping Angel isn't a creature until end of turn.\nIf Weeping Angel would deal combat damage to a creature, prevent that damage and that creature's owner shuffles it into their library."
The War Doctor,4.0,"['R', 'W']","['R', 'W']",['Legendary'],['Creature'],"['Time Lord', 'Doctor']",Rare,WHO,3,5,None,"Whenever one or more other permanents phase out and whenever one or more other cards are put into exile from anywhere, put a time counter on The War Doctor.\nWhenever The War Doctor attacks, it deals damage equal to the number of time counters on it to any target. If a creature dealt damage this way would die this turn, exile it instead."
The Valeyard,5.0,"['B', 'R', 'U']","['B', 'R', 'U']",['Legendary'],['Creature'],"['Time Lord', 'Noble']",Rare,WHO,4,5,None,"If an opponent would face a villainous choice, they face that choice an additional time. (They can make the same or different choices.)\nWhile voting, you may vote an additional time."
Truth or Consequences,4.0,"['R', 'U']","['R', 'U']",None,['Sorcery'],None,Uncommon,WHO,None,None,None,"Secret council — Each player secretly votes for truth or consequences, then those votes are revealed. You draw cards equal to the number of truth votes. Then choose an opponent at random. Truth or Consequences deals 3 damage to that player for each consequences vote."
Sycorax Commander,4.0,"['B', 'R']","['B', 'R']",None,['Creature'],"['Alien', 'Soldier']",Rare,WHO,4,2,None,"First strike, haste\nSanctified Rules of Combat — When Sycorax Commander enters the battlefield, each opponent faces a villainous choice — That opponent discards all the cards in their hand, then draws that many cards minus one, or Sycorax Commander deals damage to that player equal to the number of cards in their hand."
The Sixth Doctor,6.0,"['G', 'U']","['G', 'U']",['Legendary'],['Creature'],"['Time Lord', 'Doctor']",Rare,WHO,3,3,None,"Time Lord's Prerogative — Whenever you cast a historic spell, copy it, except the copy isn't legendary. This ability triggers only once each turn. (Artifacts, legendaries, and Sagas are historic. A copy of a permanent spell becomes a token.)"
Temple of Mystery,0.0,None,"['G', 'U']",None,['Land'],None,Rare,WHO,None,None,None,"Temple of Mystery enters the battlefield tapped.\nWhen Temple of Mystery enters the battlefield, scry 1.\n{T}: Add {G} or {U}."
The Second Doctor,4.0,"['U', 'W']","['U', 'W']",['Legendary'],['Creature'],"['Time Lord', 'Doctor']",Rare,WHO,2,4,None,"Players have no maximum hand size.\nHow Civil of You — At the beginning of your end step, each player may draw a card. Each opponent who does can't attack you or permanents you control during their next turn."
Run for Your Life,2.0,"['R', 'U']","['R', 'U']",None,['Instant'],None,Rare,WHO,None,None,None,"One or two target creatures each gain haste until end of turn. They can't be blocked this turn except by creatures with haste.\nEscape—{2}{U}{R}, Exile four other cards from your graveyard. (You may cast this card from your graveyard for its escape cost.)"
River Song,3.0,"['R', 'U']","['R', 'U']",['Legendary'],['Creature'],"['Human', 'Time Lord', 'Rogue']",Rare,WHO,2,2,None,"Meet in Reverse — You draw cards from the bottom of your library rather than the top.\nSpoilers — Whenever an opponent scries, surveils, or searches their library, put a +1/+1 counter on River Song. Then River Song deals damage to that player equal to its power."
"Rassilon, the War President",5.0,"['B', 'U']","['B', 'U']",['Legendary'],['Creature'],"['Time Lord', 'Noble']",Rare,WHO,3,4,None,"At the beginning of your upkeep, you lose 2 life and exile the top card of your library. You may play that card for as long as it remains exiled.\nEach noncreature spell you cast from exile has conspire. (As you cast that spell, you may tap two untapped creatures you control that share a color with it. When you do, copy it and you may choose new targets for the copy.)"
Amy Pond,3.0,['R'],['R'],['Legendary'],['Creature'],['Human'],Rare,WHO,2,2,None,"Partner with Rory Williams (When this creature enters the battlefield, target player may put Rory into their hand from their library, then shuffle.)\nWhenever Amy Pond deals combat damage to a player, choose a suspended card you own and remove that many time counters from it.\nDoctor's companion (You can have two commanders if the other is the Doctor.)"
"Me, the Immortal",5.0,"['G', 'R', 'U']","['G', 'R', 'U']",['Legendary'],['Creature'],"['Human', 'Rogue']",Rare,WHO,3,3,None,"At the beginning of combat on your turn, put your choice of a +1/+1, first strike, vigilance, or menace counter on Me, the Immortal.\nCounters remain on Me as it moves to any zone other than a player's hand or library.\nYou may cast Me from your graveyard by discarding two cards in addition to paying its other costs."
"The Master, Gallifrey's End",4.0,"['B', 'R']","['B', 'R']",['Legendary'],['Creature'],"['Time Lord', 'Rogue']",Rare,WHO,4,3,None,"Make Them Pay — Whenever a nontoken artifact creature you control dies, you may exile it. If you do, choose an opponent with the most life among your opponents. That player faces a villainous choice — They lose 4 life, or you create a token that's a copy of that card."
Madame Vastra,4.0,"['G', 'U']","['G', 'U']",['Legendary'],['Creature'],"['Lizard', 'Detective']",Rare,WHO,3,3,None,"Partner with Jenny Flint (When this creature enters the battlefield, target player may put Jenny Flint into their hand from their library, then shuffle.)\nMadame Vastra must be blocked if able.\nWhenever a creature dealt damage by Madame Vastra this turn dies, create a Clue token and a Food token."
Last Night Together,5.0,"['G', 'R']","['G', 'R']",None,['Sorcery'],None,Rare,WHO,None,None,None,"Choose two target creatures. Untap them. Put two +1/+1 counters on each of them. They gain vigilance, indestructible, and haste until end of turn. After this main phase, there is an additional combat phase. Only the chosen creatures can attack during that combat phase."
Temple of Malice,0.0,None,"['B', 'R']",None,['Land'],None,Rare,WHO,None,None,None,"Temple of Malice enters the battlefield tapped.\nWhen Temple of Malice enters the battlefield, scry 1.\n{T}: Add {B} or {R}."
"Jenny, Generated Anomaly",4.0,"['R', 'W']","['R', 'W']",['Legendary'],['Creature'],"['Time Lord', 'Soldier']",Rare,WHO,2,3,None,"Double strike\nWhenever Jenny deals combat damage to a player, it explores. (Reveal the top card of your library. Put that card into your hand if it's a land. Otherwise, put a +1/+1 counter on this creature, then put the card back or put it into your graveyard.)"
Jenny Flint,3.0,"['R', 'U']","['R', 'U']",['Legendary'],['Creature'],"['Human', 'Detective']",Rare,WHO,2,2,None,"Partner with Madame Vastra\nFirst strike\nTraining (Whenever this creature attacks with another creature with greater power, put a +1/+1 counter on this creature.)\nWhenever you sacrifice a Clue or Food, put a +1/+1 counter on another target creature you control."
Heaven Sent,2.0,"['R', 'U']","['R', 'U']",None,['Enchantment'],['Saga'],Rare,WHO,None,None,None,"(As this Saga enters and after your draw step, add a lore counter. Sacrifice after III.)\nI, II — Investigate.\nIII — Heaven Sent deals 1 damage to each opponent. Then if an opponent has 0 or less life, draw seven cards. Otherwise, exile Heaven Sent and you may cast it this turn."
Gallifrey Stands,6.0,"['U', 'W']","['U', 'W']",['Legendary'],['Enchantment'],None,Rare,WHO,None,None,None,"When Gallifrey Stands enters the battlefield, return all Doctor cards from your graveyard to your hand.\nAt the beginning of your upkeep, you may put a Doctor creature card from your hand onto the battlefield. Then if you control thirteen or more Doctors, you win the game."
This Is How It Ends,4.0,['B'],['B'],None,['Instant'],None,Rare,WHO,None,None,None,"Target creature's owner shuffles it into their library, then faces a villainous choice — They lose 5 life, or they shuffle another creature they own into their library."
Genesis of the Daleks,6.0,['B'],['B'],None,['Enchantment'],['Saga'],Rare,WHO,None,None,None,"(As this Saga enters and after your draw step, add a lore counter. Sacrifice after IV.)\nI, II, III — Create a 3/3 black Dalek artifact creature token with menace for each lore counter on Genesis of the Daleks.\nIV — Target opponent faces a villainous choice — Destroy all Dalek creatures and each of your opponents loses life equal to the total power of Daleks that died this turn, or destroy all non-Dalek creatures."
Gallifrey Falls // No More,9.0,['R'],"['R', 'W']",None,['Instant'],None,Rare,WHO,None,None,None,"Gallifrey Falls deals 4 damage to each creature. If a creature dealt damage this way would die this turn, exile it instead.\nFuse (You may cast one or both halves of this card from your hand.)"
Doomsday Confluence,1.0,['B'],['B'],None,['Sorcery'],None,Rare,WHO,None,None,None,Choose X. You may choose the same mode more than once.\n• Each player sacrifices a nonartifact creature.\n• Create a 3/3 black Dalek artifact creature token with menace.\n• Each opponent discards a card.
Talisman of Conviction,2.0,None,"['R', 'W']",None,['Artifact'],None,Uncommon,WHO,None,None,None,{T}: Add {C}.\n{T}: Add {R} or {W}. Talisman of Conviction deals 1 damage to you.
Frost Fair Lure Fish,7.0,"['R', 'U']","['R', 'U']",None,['Creature'],['Fish'],Rare,WHO,7,7,None,"When Frost Fair Lure Fish enters the battlefield, create two 1/1 blue Fish creature tokens and two tapped Treasure tokens.\nFish you control have haste and can't be blocked by Humans.\nForetell {3}{U}{R}"
Dalek Squadron,3.0,['B'],['B'],None,"['Artifact', 'Creature']",['Dalek'],Uncommon,WHO,3,3,None,"Menace\nMyriad (Whenever this creature attacks, for each opponent other than defending player, you may create a token that's a copy of this creature that's tapped and attacking that player or a planeswalker they control. Exile the tokens at end of combat.)"
Dalek Drone,5.0,['B'],['B'],None,"['Artifact', 'Creature']",['Dalek'],Rare,WHO,3,3,None,"Flying, menace\nExterminate! — When Dalek Drone enters the battlefield, destroy target creature an opponent controls. That player loses 3 life."
Solemn Simulacrum,4.0,None,None,None,"['Artifact', 'Creature']",['Golem'],Rare,WHO,2,2,None,"When Solemn Simulacrum enters the battlefield, you may search your library for a basic land card, put that card onto the battlefield tapped, then shuffle.\nWhen Solemn Simulacrum dies, you may draw a card."
Trenzalore Clocktower,0.0,None,['U'],['Legendary'],['Land'],None,Rare,WHO,None,None,None,"{T}: Add {U}. Put a time counter on Trenzalore Clocktower.\n{1}{U}, {T}, Remove twelve time counters from Trenzalore Clocktower and exile it: Shuffle your graveyard and hand into your library, then draw seven cards. Activate only if you control a Time Lord."
Zygon Infiltrator,3.0,['U'],['U'],None,['Creature'],"['Alien', 'Shapeshifter', 'Soldier']",Uncommon,WHO,3,2,None,"Body-print — {2}{U}: Tap another target creature and put a stun counter on it. Zygon Infiltrator becomes a copy of that creature for as long as that creature remains tapped. Activate only as a sorcery. (If a permanent with a stun counter would become untapped, remove one from it instead.)"
"Wibbly-wobbly, Timey-wimey",2.0,['U'],['U'],None,['Sorcery'],None,Common,WHO,None,None,None,"Time travel. (For each suspended card you own and each permanent you control with a time counter on it, you may add or remove a time counter.)\nDraw a card."
Twice Upon a Time // Unlikely Meeting,6.0,['U'],['U'],None,['Sorcery'],None,Rare,WHO,None,None,None,Cast this spell only if you control two or more Doctors.\nTake an extra turn after this one. Exile Twice Upon a Time.
Sol Ring,1.0,None,None,None,['Artifact'],None,Uncommon,WHO,None,None,None,{T}: Add {C}{C}.
TARDIS,2.0,None,None,None,['Artifact'],['Vehicle'],Uncommon,WHO,2,4,None,"Flying\nWhenever TARDIS attacks, if you control a Time Lord, the next spell you cast this turn has cascade and you may planeswalk.\nCrew 2 (Tap any number of creatures you control with total power 2 or more: This Vehicle becomes an artifact creature until end of turn.)"
"Duggan, Private Detective",4.0,"['G', 'U']","['G', 'U']",['Legendary'],['Creature'],"['Human', 'Detective']",Rare,WHO,*,*,None,"Duggan's power and toughness are each equal to the number of cards in your hand.\nWhenever Duggan enters the battlefield or attacks, investigate.\nThe Most Important Punch in History — {1}{G}, {T}: Duggan deals damage equal to twice its power to another target creature. Activate only once."
Time Lord Regeneration,1.0,['U'],['U'],None,['Instant'],None,Uncommon,WHO,None,None,None,"Until end of turn, target Time Lord you control gains ""When this creature dies, reveal cards from the top of your library until you reveal a Time Lord creature card. Put that card onto the battlefield and the rest on the bottom of your library in a random order."""
The Dalek Emperor,7.0,"['B', 'R']","['B', 'R']",['Legendary'],"['Artifact', 'Creature']",['Dalek'],Rare,WHO,6,6,None,"Affinity for Daleks (This spell costs {1} less to cast for each Dalek you control.)\nOther Daleks you control have haste.\nAt the beginning of combat on your turn, each opponent faces a villainous choice — That player sacrifices a creature they control, or you create a 3/3 black Dalek artifact creature token with menace."
Surge of Brilliance,2.0,['U'],['U'],None,['Instant'],None,Uncommon,WHO,None,None,None,"Paradox — Draw a card for each spell you've cast this turn from anywhere other than your hand.\nForetell {1}{U} (During your turn, you may pay {2} and exile this card from your hand face down. Cast it on a later turn for its foretell cost.)"
The Cyber-Controller,3.0,"['B', 'U']","['B', 'U']",['Legendary'],"['Artifact', 'Creature']",['Cyberman'],Rare,WHO,3,3,None,"When The Cyber-Controller enters the battlefield, each opponent mills X cards. Put all creature cards milled this way onto the battlefield face down under your control. They're 2/2 Cyberman artifact creatures.\nOther artifact creatures you control get +1/+1."
Mind Stone,2.0,None,None,None,['Artifact'],None,Uncommon,WHO,None,None,None,"{T}: Add {C}.\n{1}, {T}, Sacrifice Mind Stone: Draw a card."
Mountain,0.0,None,['R'],['Basic'],['Land'],['Mountain'],Common,WHO,None,None,None,({T}: Add {R}.)
Heroes' Podium,5.0,None,None,['Legendary'],['Artifact'],None,Rare,WHO,None,None,None,"Each legendary creature you control gets +1/+1 for each other legendary creature you control.\n{X}, {T}: Look at the top X cards of your library. You may reveal a legendary creature card from among them and put it into your hand. Put the rest on the bottom of your library in a random order."
Renegade Silent,4.0,['U'],['U'],None,['Creature'],"['Alien', 'Horror']",Uncommon,WHO,3,3,None,"At the beginning of your end step, goad up to one target creature you don't control and put a +1/+1 counter on Renegade Silent. Renegade Silent phases out. (Treat it and anything attached to it as though they don't exist until your next turn.)"
Cult of Skaro,4.0,"['B', 'R', 'U']","['B', 'R', 'U']",['Legendary'],"['Artifact', 'Creature']",['Dalek'],Rare,WHO,4,4,None,"Whenever Cult of Skaro attacks, choose one at random —\n• Thay — Put a +1/+1 counter on each artifact creature you control.\n• Caan — Draw two cards.\n• Sec — Create a 3/3 black Dalek artifact creature token with menace.\n• Jast — Each opponent loses 4 life."
Quantum Misalignment,5.0,['U'],['U'],None,['Sorcery'],None,Rare,WHO,None,None,None,"Create a token that's a copy of target creature you control, except it isn't legendary.\nRebound (If you cast this spell from your hand, exile it as it resolves. At the beginning of your next upkeep, you may cast this card from exile without paying its mana cost.)"
"Nardole, Resourceful Cyborg",2.0,['U'],['U'],['Legendary'],"['Artifact', 'Creature']",['Scientist'],Rare,WHO,1,2,None,"{T}: Add {U} for each counter on Nardole. Spend this mana only to cast noncreature spells.\nUndying (When this creature dies, if it had no +1/+1 counters on it, return it to the battlefield under its owner's control with a +1/+1 counter on it.)\nDoctor's companion (You can have two commanders if the other is the Doctor.)"
Martha Jones,3.0,['U'],['U'],['Legendary'],['Creature'],"['Human', 'Cleric']",Rare,WHO,3,2,None,"Woman Who Walked the Earth — When Martha Jones enters the battlefield, investigate. (Create a Clue token. It's an artifact with ""{2}, Sacrifice this artifact: Draw a card."")\nWhenever you sacrifice a Clue, Martha Jones and up to one other target creature can't be blocked this turn.\nDoctor's companion (You can have two commanders if the other is the Doctor.)"
Hunted by The Family,7.0,['U'],['U'],None,['Sorcery'],None,Rare,WHO,None,None,None,"Choose up to four target creatures you don't control. For each of them, that creature's controller faces a villainous choice — That creature becomes a 1/1 white Human creature and loses all abilities, or you create a token that's a copy of it."
Flesh Duplicate,2.0,['U'],['U'],None,['Creature'],"['Shapeshifter', 'Rebel']",Rare,WHO,0,0,None,"You may have Flesh Duplicate enter the battlefield as a copy of any creature on the battlefield, except it has vanishing 3 if that creature doesn't have vanishing. (A permanent with vanishing 3 enters the battlefield with three time counters on it. At the beginning of your upkeep, remove a time counter from it. When the last is removed, sacrifice it.)"
Hero's Blade,2.0,None,None,None,['Artifact'],['Equipment'],Uncommon,WHO,None,None,None,"Equipped creature gets +3/+2.\nWhenever a legendary creature enters the battlefield under your control, you may attach Hero's Blade to it.\nEquip {4} ({4}: Attach to target creature you control. Equip only as a sorcery.)"
Flatline,3.0,['U'],['U'],None,['Instant'],None,Rare,WHO,None,None,None,Creatures your opponents control have base power and toughness 0/1 until end of turn.
"The Beast, Deathless Prince",4.0,"['B', 'R']","['B', 'R']",['Legendary'],['Creature'],['Demon'],Rare,WHO,6,6,None,"When you cast this spell, gain control of target creature until end of turn. Untap it. It gains menace and haste until end of turn.\nThe Beast enters the battlefield tapped with six stun counters on it. (If it would become untapped, remove a stun counter from it instead.)\nWhenever a creature deals combat damage to its owner, untap The Beast and draw a card."
The Eleventh Hour,4.0,['U'],['U'],None,['Enchantment'],['Saga'],Rare,WHO,None,None,None,"(As this Saga enters and after your draw step, add a lore counter. Sacrifice after III.)\nI — Search your library for a Doctor card, reveal it, put it into your hand, then shuffle.\nII — Create a Food token and a 1/1 white Human creature token with ""Doctor spells you cast cost {1} less to cast.""\nIII — Create a token that's a copy of target creature, except it's a legendary Alien named Prisoner Zero."
Arcane Signet,2.0,None,None,None,['Artifact'],None,Common,WHO,None,None,None,{T}: Add one mana of any color in your commander's color identity.
Don't Blink,2.0,['U'],['U'],None,['Instant'],None,Uncommon,WHO,None,None,None,"Until end of turn, if one or more creatures would enter the battlefield from exile or after being cast from exile, their owners shuffle them into their libraries instead.\nCycling {2} ({2}, Discard this card: Draw a card.)"
"Ashad, the Lone Cyberman",4.0,"['B', 'R', 'U']","['B', 'R', 'U']",['Legendary'],"['Artifact', 'Creature']",['Cyberman'],Rare,WHO,3,3,None,"The first nonlegendary artifact spell you cast each turn has casualty 2. (As you cast it, you may sacrifice a creature with power 2 or greater. When you do, copy it. A copy of an artifact spell becomes a token.)\nWhenever you sacrifice another creature, put a +1/+1 counter on Ashad, the Lone Cyberman."
Cyber Conversion,2.0,['U'],['U'],None,['Instant'],None,Rare,WHO,None,None,None,Turn target creature face down. It's a 2/2 Cyberman artifact creature.
Auton Soldier,6.0,['U'],['U'],None,"['Artifact', 'Creature']","['Alien', 'Soldier']",Rare,WHO,0,0,None,"You may have Auton Soldier enter the battlefield as a copy of any creature on the battlefield, except it isn't legendary, is an artifact in addition to its other types, and has myriad. (Whenever it attacks, for each opponent other than defending player, you may put a token that's a copy of this creature onto the battlefield tapped and attacking that player or a planeswalker they control. Exile the tokens at end of combat.)"
"All of History, All at Once",4.0,['U'],['U'],None,['Sorcery'],None,Rare,WHO,None,None,None,"Time travel. (For each suspended card you own and each permanent you control with a time counter on it, you may add or remove a time counter.)\nStorm (When you cast this spell, copy it for each spell cast before it this turn.)"
"Adric, Mathematical Genius",2.0,['U'],['U'],['Legendary'],['Creature'],"['Human', 'Artificer']",Rare,WHO,1,1,None,"{2}{U}, {T}: Copy target activated or triggered ability you control. You may choose new targets for the copy.\nUltimate Sacrifice — {1}{U}, Sacrifice Adric: Counter target activated or triggered ability.\nDoctor's companion (You can have two commanders if the other is the Doctor.)"
Growth Spiral,2.0,"['G', 'U']","['G', 'U']",None,['Instant'],None,Common,WHO,None,None,None,Draw a card. You may put a land card from your hand onto the battlefield.
The Wedding of River Song,3.0,['W'],['W'],None,['Sorcery'],None,Rare,WHO,None,None,None,"Draw two cards, then you may exile a nonland card from your hand with a number of time counters on it equal to its mana value. Then target opponent does the same. Cards exiled this way that don't have suspend gain suspend.\nTime travel. (For each suspended card you own and each permanent you control with a time counter on it, you may add or remove a time counter.)"
The War Games,4.0,['W'],['W'],None,['Enchantment'],['Saga'],Rare,WHO,None,None,None,"(As this Saga enters and after your draw step, add a lore counter. Sacrifice after IV.)\nI — Each player creates three tapped 1/1 white Warrior creature tokens. The tokens are goaded for as long as The War Games remains on the battlefield.\nII, III — Put a +1/+1 counter on each Warrior creature.\nIV — You may exile a nontoken creature you control. When you do, exile all Warriors."
The Moment,2.0,None,None,['Legendary'],['Artifact'],None,Rare,WHO,None,None,None,"At the beginning of your upkeep, put a time counter on The Moment.\n{2}, {T}: Untap target creature you control. It phases out until The Moment leaves the battlefield.\n{3}, {T}: Destroy each nonland permanent with mana value less than or equal to the number of time counters on The Moment. Then sacrifice The Moment. Activate only as a sorcery."
Fractured Identity,5.0,"['U', 'W']","['U', 'W']",None,['Sorcery'],None,Rare,WHO,None,None,None,Exile target nonland permanent. Each player other than its controller creates a token that's a copy of it.
The Sea Devils,3.0,['G'],['G'],None,['Enchantment'],['Saga'],Rare,WHO,None,None,None,"(As this Saga enters and after your draw step, add a lore counter. Sacrifice after III.)\nI, II — Create a 2/2 green Alien Salamander creature token with islandwalk. (It can't be blocked as long as defending player controls an Island.)\nIII — Until end of turn, whenever a Salamander deals combat damage to a player, it deals that much damage to target creature that player controls."
Day of Destiny,4.0,['W'],['W'],['Legendary'],['Enchantment'],None,Rare,WHO,None,None,None,Legendary creatures you control get +2/+2.
Romana II,4.0,['W'],['W'],['Legendary'],['Creature'],"['Time Lord', 'Scientist']",Rare,WHO,3,3,None,"Vigilance\n{1}, {T}: Create a tapped token that's a copy of target token that entered the battlefield this turn.\nDoctor's companion (You can have two commanders if the other is the Doctor.)"
Peri Brown,4.0,['W'],['W'],['Legendary'],['Creature'],['Human'],Rare,WHO,2,3,None,The first historic spell you cast each turn has convoke. (Your creatures can help cast it. Each creature you tap while casting it pays for {1} or one mana of that creature's color.)\nDoctor's companion (You can have two commanders if the other is the Doctor.)
The Pandorica,3.0,['W'],['W'],['Legendary'],['Artifact'],None,Rare,WHO,None,None,None,"You may choose not to untap The Pandorica during your untap step.\n{1}{W}, {T}: Untap another target nonland permanent, then it phases out. It can't phase in for as long as The Pandorica remains tapped. When The Pandorica becomes untapped or leaves the battlefield, that permanent phases in. Activate only as a sorcery."
The Night of the Doctor,6.0,['W'],['W'],None,['Enchantment'],['Saga'],Rare,WHO,None,None,None,"(As this Saga enters and after your draw step, add a lore counter. Sacrifice after II.)\nI — Destroy all creatures.\nII — Return target legendary creature card from your graveyard to the battlefield. Put your choice of a first strike, vigilance, or lifelink counter on it."
Three Visits,2.0,['G'],['G'],None,['Sorcery'],None,Uncommon,WHO,None,None,None,"Search your library for a Forest card, put it onto the battlefield, then shuffle."
Ian Chesterton,3.0,['W'],['W'],['Legendary'],['Creature'],"['Human', 'Scientist']",Rare,WHO,2,3,None,"Science Teacher — Each Saga spell you cast has replicate. The replicate cost is equal to its mana cost. (When you cast that Saga, copy it for each time you paid its replicate cost. Copies of permanents enter the battlefield as tokens.)\nDoctor's companion (You can have two commanders if the other is the Doctor.)"
Four Knocks,3.0,['W'],['W'],None,['Enchantment'],None,Rare,WHO,None,None,None,"Vanishing 4 (This enchantment enters the battlefield with four time counters on it. At the beginning of your upkeep, remove a time counter from it. When the last is removed, sacrifice it.)\nAt the beginning of your precombat main phase, draw a card."
Heroic Intervention,2.0,['G'],['G'],None,['Instant'],None,Rare,WHO,None,None,None,Permanents you control gain hexproof and indestructible until end of turn.
Everybody Lives!,2.0,['W'],['W'],None,['Instant'],None,Rare,WHO,None,None,None,All creatures gain hexproof and indestructible until end of turn. Players gain hexproof until end of turn. Players can't lose life this turn and players can't lose the game or win the game this turn.
Jamie McCrimmon,3.0,['G'],['G'],['Legendary'],['Creature'],"['Human', 'Warrior']",Rare,WHO,2,2,None,"Trample\nWhenever you cast a historic spell, Jamie McCrimmon gets +X/+X until end of turn, where X is that spell's mana value. (Artifacts, legendaries, and Sagas are historic.)\nDoctor's companion (You can have two commanders if the other is the Doctor.)"
Farseek,2.0,['G'],['G'],None,['Sorcery'],None,Common,WHO,None,None,None,"Search your library for a Plains, Island, Swamp, or Mountain card, put it onto the battlefield tapped, then shuffle."
The Fourth Doctor,4.0,"['G', 'U']","['G', 'U']",['Legendary'],['Creature'],"['Time Lord', 'Doctor']",Mythic,WHO,4,4,None,"You may look at the top card of your library any time.\nWould You Like A...? — Once each turn, you may play a historic land or cast a historic spell from the top of your library. When you do, create a Food token. (Artifacts, legendaries, and Sagas are historic.)"
Banish to Another Universe,5.0,['W'],['W'],None,['Enchantment'],None,Uncommon,WHO,None,None,None,"Affinity for historic permanents (This spell costs {1} less to cast for each artifact, legendary, and/or Saga permanent you control.)\nWhen Banish to Another Universe enters the battlefield, exile target nonland permanent an opponent controls until Banish to Another Universe leaves the battlefield."
The Foretold Soldier,4.0,['G'],['G'],None,['Creature'],"['Alien', 'Zombie', 'Soldier']",Rare,WHO,6,6,None,"The Foretold Soldier must be blocked if able.\nThe Foretold Soldier can't be blocked by more than one creature.\nWhenever The Foretold Soldier deals damage, exile it face down. It becomes foretold.\nForetell {1}{G} (During your turn, you may pay {2} and exile this card from your hand face down. Cast it on a later turn for its foretell cost.)"
Flaming Tyrannosaurus,7.0,['R'],['R'],None,['Creature'],['Dinosaur'],Rare,WHO,5,5,None,"Menace\nParadox — Whenever you cast a spell from anywhere other than your hand, Flaming Tyrannosaurus deals 3 damage to any target. Then put a +1/+1 counter on Flaming Tyrannosaurus.\nWhen Flaming Tyrannosaurus dies, it deals damage equal to its power to each opponent."
Barbara Wright,2.0,['W'],['W'],['Legendary'],['Creature'],"['Human', 'Advisor']",Rare,WHO,1,3,None,"History Teacher — Sagas you control have read ahead. (As a Saga enters the battlefield, choose a chapter and start with that many lore counters. Skipped chapters don't trigger.)\nDoctor's companion (You can have two commanders if the other is the Doctor.)"
Astrid Peth,2.0,['W'],['W'],['Legendary'],['Creature'],['Human'],Rare,WHO,2,2,None,"Whenever Astrid Peth enters the battlefield or attacks, create a Food token.\nBrand-new Sky — Whenever you sacrifice a Clue or Food, Astrid Peth explores. (Reveal the top card of your library. Put that card into your hand if it's a land. Otherwise, put a +1/+1 counter on this creature, then put the card back or put it into your graveyard.)"
Sibylline Soothsayer,3.0,['R'],['R'],None,['Creature'],"['Human', 'Warlock']",Uncommon,WHO,3,2,None,"Temporal Foresight — When Sibylline Soothsayer enters the battlefield, reveal cards from the top of your library until you reveal a nonland card with mana value 3 or greater. Exile that card with three time counters on it. If it doesn't have suspend, it gains suspend. Put the rest of the revealed cards on the bottom of your library in a random order."
Missy,6.0,"['B', 'R', 'U']","['B', 'R', 'U']",['Legendary'],['Creature'],"['Time Lord', 'Rogue']",Rare,WHO,4,5,None,"Whenever another nonartifact creature dies, return it to the battlefield under your control face down and tapped. It's a 2/2 Cyberman artifact creature.\nAt the beginning of your end step, each opponent faces a villainous choice — Each artifact creature you control deals 1 damage to that opponent, or you draw a card and chaos ensues."
Explore,2.0,['G'],['G'],None,['Sorcery'],None,Common,WHO,None,None,None,You may play an additional land this turn.\nDraw a card.
The Tenth Doctor,5.0,"['R', 'U']","['R', 'U']",['Legendary'],['Creature'],"['Time Lord', 'Doctor']",Mythic,WHO,3,5,None,"Allons-y! — Whenever you attack, exile cards from the top of your library until you exile a nonland card. Put three time counters on it. If it doesn't have suspend, it gains suspend.\nTimey-Wimey — {7}: Time travel three times. Activate only as a sorcery. (For each suspended card you own and each permanent you control with a time counter on it, you may add or remove a time counter. Then do it two more times.)"
The Sound of Drums,3.0,['R'],['R'],None,['Enchantment'],['Aura'],Rare,WHO,None,None,None,"Enchant creature\nEnchanted creature is goaded.\nIf enchanted creature would deal combat damage to a permanent or player, it deals double that damage instead.\n{2}{R}: Return The Sound of Drums from your graveyard to your hand."
Beast Within,3.0,['G'],['G'],None,['Instant'],None,Uncommon,WHO,None,None,None,Destroy target permanent. Its controller creates a 3/3 green Beast creature token.
Yasmin Khan,4.0,['R'],['R'],['Legendary'],['Creature'],"['Human', 'Detective']",Rare,WHO,3,3,None,"{T}: Exile the top card of your library. Until your next end step, you may play it.\nDoctor's companion (You can have two commanders if the other is the Doctor.)"
"Davros, Dalek Creator",4.0,"['B', 'R', 'U']","['B', 'R', 'U']",['Legendary'],"['Artifact', 'Creature']","['Alien', 'Scientist']",Mythic,WHO,3,4,None,"Menace\nAt the beginning of your end step, create a 3/3 black Dalek artifact creature token with menace if an opponent lost 3 or more life this turn. Then each opponent who lost 3 or more life this turn faces a villainous choice — You draw a card, or that player discards a card."
Sarah Jane Smith,2.0,['W'],['W'],['Legendary'],['Creature'],"['Human', 'Detective']",Rare,WHO,2,1,None,"Whenever you cast a historic spell, investigate. This ability triggers only once each turn. (Artifacts, legendaries, and Sagas are historic. To investigate, create a Clue token. It's an artifact with ""{2}, Sacrifice this artifact: Draw a card."")\nDoctor's companion (You can have two commanders if the other is the Doctor.)"
RMS Titanic,4.0,['R'],['R'],['Legendary'],['Artifact'],['Vehicle'],Rare,WHO,7,1,None,"Flying, trample\nWhen RMS Titanic deals combat damage to a player, sacrifice it and create that many Treasure tokens.\nCrew 3 (Tap any number of creatures you control with total power 3 or more: This Vehicle becomes an artifact creature until end of turn.)"
Rose Tyler,2.0,['W'],['W'],['Legendary'],['Creature'],['Human'],Rare,WHO,2,2,None,"Rose Tyler gets +1/+1 for each time counter on it.\nBad Wolf — Whenever Rose Tyler attacks, put a time counter on it for each suspended card you own and each other permanent you control with a time counter on it.\nDoctor's companion (You can have two commanders if the other is the Doctor.)"
Return the Past,6.0,['R'],['R'],None,['Enchantment'],None,Rare,WHO,None,None,None,"As long as it's your turn, each instant and sorcery card in your graveyard has flashback. Its flashback cost is equal to its mana cost."
Terramorphic Expanse,0.0,None,None,None,['Land'],None,Common,WHO,None,None,None,"{T}, Sacrifice Terramorphic Expanse: Search your library for a basic land card, put it onto the battlefield tapped, then shuffle."
Temple of Triumph,0.0,None,"['R', 'W']",None,['Land'],None,Rare,WHO,None,None,None,"Temple of Triumph enters the battlefield tapped.\nWhen Temple of Triumph enters the battlefield, scry 1.\n{T}: Add {R} or {W}."
Temple of the False God,0.0,None,None,None,['Land'],None,Uncommon,WHO,None,None,None,{T}: Add {C}{C}. Activate only if you control five or more lands.
Chaos Warp,3.0,['R'],['R'],None,['Instant'],None,Rare,WHO,None,None,None,"The owner of target permanent shuffles it into their library, then reveals the top card of their library. If it's a permanent card, they put it onto the battlefield."
Ecstatic Beauty,3.0,['R'],['R'],None,['Sorcery'],None,Rare,WHO,None,None,None,Exile the top three cards of your library. You may play those cards until end of turn. Put four time counters on each of those cards that has suspend.\nSuspend 4—{R}
Into the Time Vortex,5.0,['R'],['R'],None,['Sorcery'],None,Rare,WHO,None,None,None,"Cascade (When you cast this spell, exile cards from the top of your library until you exile a nonland card that costs less. You may cast it without paying its mana cost. Put the exiled cards on the bottom in a random order.)\nRebound (If you cast this spell from your hand, exile it as it resolves. At the beginning of your next upkeep, you may cast this card from exile without paying its mana cost.)"
Throes of Chaos,4.0,['R'],['R'],None,['Sorcery'],None,Uncommon,WHO,None,None,None,"Cascade (When you cast this spell, exile cards from the top of your library until you exile a nonland card that costs less. You may cast it without paying its mana cost. Put the exiled cards on the bottom in a random order.)\nRetrace (You may cast this card from your graveyard by discarding a land card in addition to paying its other costs.)"
Mountain,0.0,None,['R'],['Basic'],['Land'],['Mountain'],Common,WHO,None,None,None,({T}: Add {R}.)
Impending Flux,3.0,['R'],['R'],None,['Sorcery'],None,Rare,WHO,None,None,None,"Paradox — Impending Flux deals X damage to each opponent and each creature they control, where X is 1 plus the number of spells you've cast from anywhere other than your hand this turn.\nForetell {1}{R}{R} (During your turn, you may pay {2} and exile this card from your hand face down. Cast it on a later turn for its foretell cost.)"
Temple of Plenty,0.0,None,"['G', 'W']",None,['Land'],None,Rare,WHO,None,None,None,"Temple of Plenty enters the battlefield tapped.\nWhen Temple of Plenty enters the battlefield, scry 1.\n{T}: Add {G} or {W}."
Wayfarer's Bauble,1.0,None,None,None,['Artifact'],None,Common,WHO,None,None,None,"{2}, {T}, Sacrifice Wayfarer's Bauble: Search your library for a basic land card, put that card onto the battlefield tapped, then shuffle."
Delete,2.0,['R'],['R'],None,['Sorcery'],None,Rare,WHO,None,None,None,Delete deals X damage to each nonartifact creature and each player.
Sunken Hollow,0.0,None,"['B', 'U']",None,['Land'],"['Island', 'Swamp']",Rare,WHO,None,None,None,({T}: Add {U} or {B}.)\nSunken Hollow enters the battlefield tapped unless you control two or more basic lands.
Smoldering Marsh,0.0,None,"['B', 'R']",None,['Land'],"['Swamp', 'Mountain']",Rare,WHO,None,None,None,({T}: Add {B} or {R}.)\nSmoldering Marsh enters the battlefield tapped unless you control two or more basic lands.
Shipwreck Marsh,0.0,None,"['B', 'U']",None,['Land'],None,Rare,WHO,None,None,None,Shipwreck Marsh enters the battlefield tapped unless you control two or more other lands.\n{T}: Add {U} or {B}.
Rogue's Passage,0.0,None,None,None,['Land'],None,Uncommon,WHO,None,None,None,"{T}: Add {C}.\n{4}, {T}: Target creature can't be blocked this turn."
Decaying Time Loop,4.0,['R'],['R'],None,['Instant'],None,Uncommon,WHO,None,None,None,"Discard all the cards in your hand, then draw that many cards.\nRetrace (You may cast this card from your graveyard by discarding a land card in addition to paying its other costs.)"
Seaside Citadel,0.0,None,"['G', 'U', 'W']",None,['Land'],None,Uncommon,WHO,None,None,None,"Seaside Citadel enters the battlefield tapped.\n{T}: Add {G}, {W}, or {U}."
Rootbound Crag,0.0,None,"['G', 'R']",None,['Land'],None,Rare,WHO,None,None,None,Rootbound Crag enters the battlefield tapped unless you control a Mountain or a Forest.\n{T}: Add {R} or {G}.
Prairie Stream,0.0,None,"['U', 'W']",None,['Land'],"['Plains', 'Island']",Rare,WHO,None,None,None,({T}: Add {W} or {U}.)\nPrairie Stream enters the battlefield tapped unless you control two or more basic lands.
Overgrown Farmland,0.0,None,"['G', 'W']",None,['Land'],None,Rare,WHO,None,None,None,Overgrown Farmland enters the battlefield tapped unless you control two or more other lands.\n{T}: Add {G} or {W}.
Myriad Landscape,0.0,None,None,None,['Land'],None,Uncommon,WHO,None,None,None,"Myriad Landscape enters the battlefield tapped.\n{T}: Add {C}.\n{2}, {T}, Sacrifice Myriad Landscape: Search your library for up to two basic land cards that share a land type, put them onto the battlefield tapped, then shuffle."
Lavaclaw Reaches,0.0,None,"['B', 'R']",None,['Land'],None,Rare,WHO,None,None,None,"Lavaclaw Reaches enters the battlefield tapped.\n{T}: Add {B} or {R}.\n{1}{B}{R}: Until end of turn, Lavaclaw Reaches becomes a 2/2 black and red Elemental creature with ""{X}: This creature gets +X/+0 until end of turn."" It's still a land."
Horizon Canopy,0.0,None,"['G', 'W']",None,['Land'],None,Rare,WHO,None,None,None,"{T}, Pay 1 life: Add {G} or {W}.\n{1}, {T}, Sacrifice Horizon Canopy: Draw a card."
Game Trail,0.0,None,"['G', 'R']",None,['Land'],None,Rare,WHO,None,None,None,"As Game Trail enters the battlefield, you may reveal a Mountain or Forest card from your hand. If you don't, Game Trail enters the battlefield tapped.\n{T}: Add {R} or {G}."
Frostboil Snarl,0.0,None,"['R', 'U']",None,['Land'],None,Rare,WHO,None,None,None,"As Frostboil Snarl enters the battlefield, you may reveal an Island or Mountain card from your hand. If you don't, Frostboil Snarl enters the battlefield tapped.\n{T}: Add {U} or {R}."
Fortified Village,0.0,None,"['G', 'W']",None,['Land'],None,Rare,WHO,None,None,None,"As Fortified Village enters the battlefield, you may reveal a Forest or Plains card from your hand. If you don't, Fortified Village enters the battlefield tapped.\n{T}: Add {G} or {W}."
Foreboding Ruins,0.0,None,"['B', 'R']",None,['Land'],None,Rare,WHO,None,None,None,"As Foreboding Ruins enters the battlefield, you may reveal a Swamp or Mountain card from your hand. If you don't, Foreboding Ruins enters the battlefield tapped.\n{T}: Add {B} or {R}."
Fetid Pools,0.0,None,"['B', 'U']",None,['Land'],"['Island', 'Swamp']",Rare,WHO,None,None,None,"({T}: Add {U} or {B}.)\nFetid Pools enters the battlefield tapped.\nCycling {2} ({2}, Discard this card: Draw a card.)"
Evolving Wilds,0.0,None,None,None,['Land'],None,Common,WHO,None,None,None,"{T}, Sacrifice Evolving Wilds: Search your library for a basic land card, put it onto the battlefield tapped, then shuffle."
Dreamroot Cascade,0.0,None,"['G', 'U']",None,['Land'],None,Rare,WHO,None,None,None,Dreamroot Cascade enters the battlefield tapped unless you control two or more other lands.\n{T}: Add {G} or {U}.
Desolate Lighthouse,0.0,None,"['R', 'U']",None,['Land'],None,Rare,WHO,None,None,None,"{T}: Add {C}.\n{1}{U}{R}, {T}: Draw a card, then discard a card."
Creeping Tar Pit,0.0,None,"['B', 'U']",None,['Land'],None,Rare,WHO,None,None,None,Creeping Tar Pit enters the battlefield tapped.\n{T}: Add {U} or {B}.\n{1}{U}{B}: Creeping Tar Pit becomes a 3/2 blue and black Elemental creature until end of turn and can't be blocked this turn. It's still a land.
Deserted Beach,0.0,None,"['U', 'W']",None,['Land'],None,Rare,WHO,None,None,None,Deserted Beach enters the battlefield tapped unless you control two or more other lands.\n{T}: Add {W} or {U}.
Talisman of Progress,2.0,None,"['U', 'W']",None,['Artifact'],None,Uncommon,WHO,None,None,None,{T}: Add {C}.\n{T}: Add {W} or {U}. Talisman of Progress deals 1 damage to you.
Canyon Slough,0.0,None,"['B', 'R']",None,['Land'],"['Swamp', 'Mountain']",Rare,WHO,None,None,None,"({T}: Add {B} or {R}.)\nCanyon Slough enters the battlefield tapped.\nCycling {2} ({2}, Discard this card: Draw a card.)"
Talisman of Unity,2.0,None,"['G', 'W']",None,['Artifact'],None,Uncommon,WHO,None,None,None,{T}: Add {C}.\n{T}: Add {G} or {W}. Talisman of Unity deals 1 damage to you.
Choked Estuary,0.0,None,"['B', 'U']",None,['Land'],None,Rare,WHO,None,None,None,"As Choked Estuary enters the battlefield, you may reveal an Island or Swamp card from your hand. If you don't, Choked Estuary enters the battlefield tapped.\n{T}: Add {U} or {B}."
Coward // Killer,6.0,['R'],['R'],None,['Sorcery'],None,Rare,WHO,None,None,None,Target creature can't block this turn and becomes a Coward in addition to its other types until end of turn.\nTime travel.
Snuff Out,4.0,['B'],['B'],None,['Instant'],None,Uncommon,WHO,None,None,None,"If you control a Swamp, you may pay 4 life rather than pay this spell's mana cost.\nDestroy target nonblack creature. It can't be regenerated."
Think Twice,2.0,['U'],['U'],None,['Instant'],None,Common,WHO,None,None,None,Draw a card.\nFlashback {2}{U} (You may cast this card from your graveyard for its flashback cost. Then exile it.)
Forest,0.0,None,['G'],['Basic'],['Land'],['Forest'],Common,WHO,None,None,None,({T}: Add {G}.)
Out of Time,3.0,['W'],['W'],None,['Enchantment'],None,Rare,WHO,None,None,None,"When Out of Time enters the battlefield, untap all creatures, then those creatures phase out until Out of Time leaves the battlefield. Put a time counter on Out of Time for each creature that phased out this way.\nVanishing (At the beginning of your upkeep, remove a time counter from this enchantment. When the last is removed, sacrifice it.)"
Inspiring Refrain,6.0,['U'],['U'],None,['Sorcery'],None,Rare,WHO,None,None,None,"Draw two cards. Exile Inspiring Refrain with three time counters on it.\nSuspend 3—{2}{U} (Rather than cast this card from your hand, you may pay {2}{U} and exile it with three time counters on it. At the beginning of your upkeep, remove a time counter. When the last is removed, you may cast it without paying its mana cost.)"
Clockspinning,1.0,['U'],['U'],None,['Instant'],None,Common,WHO,None,None,None,"Buyback {3} (You may pay an additional {3} as you cast this spell. If you do, put this card into your hand as it resolves.)\nChoose a counter on target permanent or suspended card. Remove that counter from that permanent or card or put another of those counters on it."
Laser Screwdriver,3.0,None,None,None,['Artifact'],None,Uncommon,WHO,None,None,None,"{T}: Add one mana of any color.\n{1}, {T}: Tap target artifact.\n{2}, {T}: Surveil 1. (Look at the top card of your library. You may put that card into your graveyard.)\n{3}, {T}: Goad target creature. (Until your next turn, it attacks each combat if able and attacks a player other than you if able.)"
As Foretold,3.0,['U'],['U'],None,['Enchantment'],None,Rare,WHO,None,None,None,"At the beginning of your upkeep, put a time counter on As Foretold.\nOnce each turn, you may pay {0} rather than pay the mana cost for a spell you cast with mana value X or less, where X is the number of time counters on As Foretold."
Path to Exile,1.0,['W'],['W'],None,['Instant'],None,Uncommon,WHO,None,None,None,"Exile target creature. Its controller may search their library for a basic land card, put that card onto the battlefield tapped, then shuffle."
Plains,0.0,None,['W'],['Basic'],['Land'],['Plains'],Common,WHO,None,None,None,({T}: Add {W}.)
Island,0.0,None,['U'],['Basic'],['Land'],['Island'],Common,WHO,None,None,None,({T}: Add {U}.)
Return to Dust,4.0,['W'],['W'],None,['Instant'],None,Uncommon,WHO,None,None,None,"Exile target artifact or enchantment. If you cast this spell during your main phase, you may exile up to one other target artifact or enchantment."
Cybership,6.0,None,None,None,['Artifact'],['Vehicle'],Rare,WHO,8,8,None,"Flying\nWhenever Cybership deals combat damage to a player, put the top two cards of that player's library onto the battlefield face down under your control. They're 2/2 Cyberman artifact creatures.\nCrew 4"
Cybermat,2.0,None,None,None,"['Artifact', 'Creature']",['Robot'],Uncommon,WHO,2,1,None,"Skulk (This creature can't be blocked by creatures with greater power.)\nWhenever Cybermat attacks and isn't blocked, it gets +X/+0 until end of turn, where X is the number of attacking artifact creatures."
Confession Dial,3.0,None,None,None,['Artifact'],None,Rare,WHO,None,None,None,"When Confession Dial enters the battlefield, surveil 3.\n{T}: Target legendary creature card in your graveyard gains escape until end of turn. The escape cost is equal to its mana cost plus exile three other cards from your graveyard. (You may cast it from your graveyard for its escape cost this turn.)"
"Bessie, the Doctor's Roadster",2.0,None,None,['Legendary'],['Artifact'],['Vehicle'],Rare,WHO,3,4,None,"Haste\nWhenever Bessie attacks, another target legendary creature can't be blocked this turn.\nCrew 2 (Tap any number of creatures you control with total power 2 or more: This Vehicle becomes an artifact creature until end of turn.)"
Wreck and Rebuild,3.0,"['G', 'R']","['G', 'R']",None,['Sorcery'],None,Uncommon,WHO,None,None,None,"Choose one —\n• Destroy target artifact or enchantment.\n• Mill five cards, then you may put a land card from your graveyard onto the battlefield tapped.\nFlashback {3}{R}{G}"
Thought Vessel,2.0,None,None,None,['Artifact'],None,Uncommon,WHO,None,None,None,You have no maximum hand size.\n{T}: Add {C}.
"Vrestin, Menoptra Leader",3.0,"['G', 'W']","['G', 'W']",['Legendary'],['Creature'],"['Alien', 'Insect', 'Scout']",Rare,WHO,0,0,None,"Flying\nVrestin enters the battlefield with X +1/+1 counters on it.\nWhen Vrestin enters the battlefield, create X 1/1 green and white Alien Insect creature tokens with flying.\nWhenever you attack with one or more Insects, put a +1/+1 counter on each of them."
The Twelfth Doctor,5.0,"['R', 'U']","['R', 'U']",['Legendary'],['Creature'],"['Time Lord', 'Doctor']",Rare,WHO,4,4,None,"The first spell you cast from anywhere other than your hand each turn has demonstrate. (When you cast that spell, you may copy it. If you do, choose an opponent to also copy it. A copy of a permanent spell becomes a token.)\nWhenever you copy a spell, put a +1/+1 counter on The Twelfth Doctor."
The Third Doctor,4.0,"['G', 'U']","['G', 'U']",['Legendary'],['Creature'],"['Time Lord', 'Doctor']",Rare,WHO,2,2,None,"Trample\nThe Third Doctor gets +1/+1 for each noncreature token you control.\nWhen The Third Doctor enters the battlefield, create your choice of a Clue token, a Food token, or a Treasure token."
"Strax, Sontaran Nurse",5.0,"['G', 'R']","['G', 'R']",['Legendary'],['Creature'],"['Alien', 'Cleric']",Rare,WHO,5,5,None,"Vigilance, trample\nGrenades! — {2}, {T}, Sacrifice an artifact: Choose a player at random. When you do, Strax fights another target creature that player controls.\nGlory of Battle — Whenever Strax deals damage to a creature, put a +1/+1 counter on Strax."
The Seventh Doctor,5.0,"['U', 'W']","['U', 'W']",['Legendary'],['Creature'],"['Time Lord', 'Doctor']",Rare,WHO,3,6,None,"Whenever The Seventh Doctor attacks, choose a card in your hand. Defending player guesses whether that card's mana value is greater than the number of artifacts you control. If they guessed wrong, you may cast it without paying its mana cost. If you don't cast a spell this way, investigate. (Create a Clue token. It's an artifact with ""{2}, Sacrifice this artifact: Draw a card."")"
Sergeant John Benton,3.0,"['G', 'W']","['G', 'W']",['Legendary'],['Creature'],"['Human', 'Soldier']",Rare,WHO,2,4,None,"Trample, haste\nShare Intelligence — Whenever Sergeant John Benton deals combat damage to a player, you and that player each draw that many cards."
Sally Sparrow,4.0,"['U', 'W']","['U', 'W']",['Legendary'],['Creature'],"['Human', 'Detective']",Rare,WHO,2,3,None,"You may cast creature spells as though they had flash.\nWhenever one or more other creatures you control leave the battlefield, investigate. This ability triggers only once each turn. (Create a Clue token. It's an artifact with ""{2}, Sacrifice this artifact: Draw a card."")"
Rory Williams,2.0,"['U', 'W']","['U', 'W']",['Legendary'],['Creature'],"['Human', 'Soldier']",Rare,WHO,3,3,None,"Partner with Amy Pond\nFirst strike, lifelink\nThe Last Centurion — When you cast this spell from anywhere other than exile, exile it with three time counters on it. It gains suspend. Then investigate. (Create a Clue token. It's an artifact with ""{2}, Sacrifice this artifact: Draw a card."")"
Regenerations Restored,2.0,"['U', 'W']","['U', 'W']",None,['Enchantment'],None,Rare,WHO,None,None,None,"Vanishing 12 (This enchantment enters the battlefield with twelve time counters on it. At the beginning of your upkeep, remove a time counter from it. When the last is removed, sacrifice it.)\nWhenever one or more time counters are removed from Regenerations Restored, scry 1 and you gain 1 life. Then if Regenerations Restored has no time counters on it, exile it. When you do, take an extra turn after this one."
The Rani,4.0,"['B', 'R', 'U']","['B', 'R', 'U']",['Legendary'],['Creature'],"['Time Lord', 'Scientist']",Rare,WHO,3,4,None,"Whenever The Rani enters the battlefield or attacks, create a red Aura enchantment token named Mark of the Rani attached to another target creature. That token has enchant creature and ""Enchanted creature gets +2/+2 and is goaded.""\nWhenever a goaded creature deals combat damage to one of your opponents, investigate."
The Ninth Doctor,3.0,"['R', 'U']","['R', 'U']",['Legendary'],['Creature'],"['Time Lord', 'Doctor']",Rare,WHO,2,4,None,"Haste\nInto the TARDIS — Whenever The Ninth Doctor becomes untapped during your untap step, you get an additional upkeep step after this step."
"The Master, Multiplied",6.0,"['B', 'R']","['B', 'R']",['Legendary'],['Creature'],"['Time Lord', 'Rogue']",Rare,WHO,4,3,None,"Myriad\nThe ""legend rule"" doesn't apply to creature tokens you control.\nTriggered abilities you control can't cause you to sacrifice or exile creature tokens you control."
"The Master, Mesmerist",4.0,"['B', 'U']","['B', 'U']",['Legendary'],['Creature'],"['Time Lord', 'Rogue']",Rare,WHO,3,3,None,"{T}: Target creature an opponent controls with power less than or equal to The Master's power gains skulk until end of turn. Goad it. (A creature with skulk can't be blocked by creatures with greater power.)\nWhenever a creature with skulk deals combat damage to one of your opponents, put a +1/+1 counter on The Master and draw a card."
"The Master, Formed Anew",2.0,"['B', 'U']","['B', 'U']",['Legendary'],['Creature'],"['Time Lord', 'Rogue']",Rare,WHO,0,1,None,"Body Thief — When you cast this spell, you may exile a creature you control and put a takeover counter on it.\nYou may have The Master, Formed Anew enter the battlefield as a copy of a creature card in exile with a takeover counter on it."
Lunar Hatchling,6.0,"['G', 'U']","['G', 'U']",None,['Creature'],"['Alien', 'Beast']",Rare,WHO,6,6,None,"Flying, trample\nBasic landcycling {2} ({2}, Discard this card: Search your library for a basic land card, reveal it, put it into your hand, then shuffle.)\nEscape—{4}{G}{U}, Exile a land you control, Exile five other cards from your graveyard. (You may cast this card from your graveyard for its escape cost.)"
Kate Stewart,4.0,"['R', 'U', 'W']","['R', 'U', 'W']",['Legendary'],['Creature'],"['Human', 'Scientist']",Rare,WHO,3,3,None,"Whenever you put one or more time counters on a permanent you control, create a 1/1 white Soldier creature token.\nWhenever Kate Stewart attacks, you may pay {8}. If you do, attacking creatures get +X/+X until end of turn, where X is the number of time counters among permanents you control."
Judoon Enforcers,7.0,"['R', 'W']","['R', 'W']",None,['Creature'],"['Alien', 'Rhino', 'Soldier']",Uncommon,WHO,8,8,None,"Trample\nNo more than one creature can attack you each combat.\nSuspend 6—{1}{R}{W} (Rather than cast this card from your hand, you may pay {1}{R}{W} and exile it with six time counters on it. At the beginning of your upkeep, remove a time counter. When the last is removed, you may cast it without paying its mana cost. It has haste.)"
Vislor Turlough,4.0,['B'],['B'],['Legendary'],['Creature'],['Rogue'],Rare,WHO,2,5,None,"Deal with the Black Guardian — When Vislor Turlough enters the battlefield, you may have an opponent gain control of it. If you do, it's goaded for as long as they control it.\nAt the beginning of your end step, draw a card, then you lose life equal to the number of cards in your hand.\nDoctor's companion (You can have two commanders if the other is the Doctor.)"
Talisman of Impulse,2.0,None,"['G', 'R']",None,['Artifact'],None,Uncommon,WHO,None,None,None,{T}: Add {C}.\n{T}: Add {R} or {G}. Talisman of Impulse deals 1 damage to you.
"Idris, Soul of the TARDIS",3.0,"['R', 'U']","['R', 'U']",['Legendary'],['Creature'],"['Human', 'Incarnation']",Rare,WHO,3,3,None,"Vanishing 3\nImprint — When Idris, Soul of the TARDIS enters the battlefield, exile another artifact you control until Idris leaves the battlefield.\nIdris has all activated and triggered abilities of the exiled card and gets +X/+X, where X is the exiled card's mana value."
Great Intelligence's Plan,6.0,"['B', 'U']","['B', 'U']",None,['Sorcery'],None,Uncommon,WHO,None,None,None,"Draw three cards. Then target opponent faces a villainous choice — They discard three cards, or you may cast a spell from your hand without paying its mana cost."
Vashta Nerada,3.0,['B'],['B'],None,['Creature'],"['Alien', 'Horror']",Rare,WHO,1,1,None,"Indestructible\nShadow (This creature can block or be blocked by only creatures with shadow.)\nMorbid — At the beginning of each end step, if a creature died this turn, put a +1/+1 counter on Vashta Nerada."
The Toymaker's Trap,3.0,['B'],['B'],None,['Enchantment'],None,Rare,WHO,None,None,None,"At the beginning of your upkeep, secretly choose a number between 1 and 5 that hasn't been chosen. If you do, an opponent guesses which number you chose, then you reveal the number you chose. If they guessed wrong, they lose life equal to the number they guessed and you draw a card. If they guessed right, sacrifice The Toymaker's Trap."
Time Reaper,5.0,['B'],['B'],None,['Creature'],"['Alien', 'Horror']",Rare,WHO,4,4,None,"Flying, haste\nConsume Anomaly — Whenever Time Reaper deals combat damage to a player, put target face-up card they own in exile on the bottom of their library. If you do, you gain 3 life."
Talisman of Creativity,2.0,None,"['R', 'U']",None,['Artifact'],None,Uncommon,WHO,None,None,None,{T}: Add {C}.\n{T}: Add {U} or {R}. Talisman of Creativity deals 1 damage to you.
Exterminate!,3.0,['B'],['B'],None,['Sorcery'],None,Uncommon,WHO,None,None,None,"Replicate—Tap an untapped Dalek you control. (When you cast this spell, copy it for each time you paid its replicate cost. You may choose new targets for the copies.)\nDestroy target creature. Its controller loses 3 life."
The Fugitive Doctor,5.0,"['G', 'R']","['G', 'R']",['Legendary'],['Creature'],"['Time Lord', 'Doctor']",Rare,WHO,4,4,None,"When The Fugitive Doctor enters the battlefield, investigate.\nWhenever The Fugitive Doctor attacks, you may sacrifice a Clue. When you do, target instant or sorcery card in your graveyard gains flashback {2}{R}{G} until end of turn. (You may cast that card from your graveyard for its flashback cost. Then exile it.)"
Plains,0.0,None,['W'],['Basic'],['Land'],['Plains'],Common,WHO,None,None,None,({T}: Add {W}.)
Death in Heaven,4.0,['B'],['B'],None,['Enchantment'],['Saga'],Rare,WHO,None,None,None,"(As this Saga enters and after your draw step, add a lore counter. Sacrifice after III.)\nI, II — Target player mills two cards, then exiles their graveyard.\nIII — Put all creature cards exiled with Death in Heaven onto the battlefield face down under your control. They're 2/2 Cyberman artifact creatures."
Temple of Enlightenment,0.0,None,"['U', 'W']",None,['Land'],None,Rare,WHO,None,None,None,"Temple of Enlightenment enters the battlefield tapped.\nWhen Temple of Enlightenment enters the battlefield, scry 1.\n{T}: Add {W} or {U}."
"Osgood, Operation Double",4.0,['U'],['U'],['Legendary'],['Creature'],"['Human', 'Alien', 'Shapeshifter']",Rare,WHO,2,2,None,"When you cast this spell, create a token that's a copy of it, except it isn't legendary.\n{T}: Add {C}. Spend this mana only to cast an artifact spell or activate an ability of an artifact.\nParadox — Whenever you cast a spell from anywhere other than your hand, investigate. (Create a Clue token. It's an artifact with ""{2}, Sacrifice this artifact: Draw a card."")"
The First Doctor,3.0,"['U', 'W']","['U', 'W']",['Legendary'],['Creature'],"['Time Lord', 'Doctor']",Rare,WHO,2,2,None,"When The First Doctor enters the battlefield, search your library and/or graveyard for a card named TARDIS, reveal it, and put it into your hand. If you search your library this way, shuffle.\nWhenever you cast a spell with cascade, put a +1/+1 counter on target artifact or creature."
Ominous Cemetery,0.0,None,None,None,['Land'],None,Uncommon,WHO,None,None,None,"{T}: Add {C}.\n{5}, {T}, Exile Ominous Cemetery: Target creature's owner shuffles it into their library."
Gallifrey Council Chamber,0.0,None,None,['Legendary'],['Land'],None,Rare,WHO,None,None,None,"When Gallifrey Council Chamber enters the battlefield, surveil 1. (Look at the top card of your library. You may put that card into your graveyard.)\n{T}: Add {C}.\n{T}: Add one mana of any color. Spend this mana only to cast a Time Lord or Alien spell or activate an ability of a Time Lord or Alien."
The Fifth Doctor,4.0,"['U', 'W']","['U', 'W']",['Legendary'],['Creature'],"['Time Lord', 'Doctor']",Rare,WHO,2,2,None,"Peaceful Coexistence — At the beginning of your end step, put a +1/+1 counter on each creature you control that didn't attack or enter the battlefield this turn. Untap those creatures."
The Face of Boe,4.0,"['R', 'U', 'W']","['R', 'U', 'W']",['Legendary'],['Creature'],"['Alien', 'Advisor']",Rare,WHO,0,4,None,"{T}: You may cast a spell with suspend from your hand. If you do, pay its suspend cost rather than its mana cost. Activate only as a sorcery."
The Eleventh Doctor,3.0,"['U', 'W']","['U', 'W']",['Legendary'],['Creature'],"['Time Lord', 'Doctor']",Rare,WHO,3,2,None,"I. AM. TALKING! — Whenever The Eleventh Doctor deals combat damage to a player, you may exile a card from your hand with a number of time counters on it equal to its mana value. If it doesn't have suspend, it gains suspend.\n{2}: Target creature with power 3 or less can't be blocked this turn."
The Eighth Doctor,6.0,"['U', 'W']","['U', 'W']",['Legendary'],['Creature'],"['Time Lord', 'Doctor']",Rare,WHO,4,4,None,"When The Eighth Doctor enters the battlefield, mill three cards.\nOnce during each of your turns, you may play a historic land or cast a historic permanent spell from your graveyard. If you do, it gains ""If this permanent would leave the battlefield, exile it instead of putting it anywhere else."""
Traverse Eternity,4.0,['U'],['U'],None,['Sorcery'],None,Rare,WHO,None,None,None,"Draw cards equal to the highest mana value among historic permanents you control. (Artifacts, legendaries, and Sagas are historic.)"
Dinosaurs on a Spaceship,6.0,"['R', 'W']","['R', 'W']",None,['Creature'],['Dinosaur'],Rare,WHO,7,7,None,"Vigilance, trample\nOther Dinosaurs you control get +1/+1 and have vigilance and trample.\nSuspend 4—{3}{R}{W}\nWhenever a time counter is removed from Dinosaurs on a Spaceship while it's exiled, create a 2/2 red and white Dinosaur creature token with flying and haste."
The Day of the Doctor,5.0,"['R', 'W']","['R', 'W']",None,['Enchantment'],['Saga'],Rare,WHO,None,None,None,"(As this Saga enters and after your draw step, add a lore counter. Sacrifice after IV.)\nI, II, III — Exile cards from the top of your library until you exile a legendary card. You may play that card for as long as The Day of the Doctor remains on the battlefield. Put the rest of those exiled cards on the bottom of your library in a random order.\nIV — Choose up to three Doctors. You may exile all other creatures. If you do, The Day of the Doctor deals 13 damage to you."
Time Beetle,2.0,['U'],['U'],None,['Creature'],"['Alien', 'Insect']",Uncommon,WHO,1,1,None,"Skulk (This creature can't be blocked by creatures with greater power.)\nParallel Universe — Whenever Time Beetle deals combat damage to a player, time travel. (For each suspended card you own and each permanent you control with a time counter on it, you may add or remove a time counter.)"
Temple of Epiphany,0.0,None,"['R', 'U']",None,['Land'],None,Rare,WHO,None,None,None,"Temple of Epiphany enters the battlefield tapped.\nWhen Temple of Epiphany enters the battlefield, scry 1.\n{T}: Add {U} or {R}."
Start the TARDIS,2.0,['U'],['U'],None,['Sorcery'],None,Uncommon,WHO,None,None,None,"Surveil 2, then draw a card. You may planeswalk. (To surveil 2, look at the top two cards of your library, then put any number of them into your graveyard and the rest on top of your library in any order.)\nJump-start (You may cast this card from your graveyard by discarding a card in addition to paying its other costs. Then exile this card.)"
Lightning Greaves,2.0,None,None,None,['Artifact'],['Equipment'],Uncommon,WHO,None,None,None,Equipped creature has haste and shroud. (It can't be the target of spells or abilities.)\nEquip {0}
Star Whale,8.0,['U'],['U'],None,['Creature'],"['Alien', 'Whale']",Uncommon,WHO,8,8,None,"Flying, vigilance\nOther creatures you control have ward {2}.\nSuspend 6—{1}{U} (Rather than cast this card from your hand, you may pay {1}{U} and exile it with six time counters on it. At the beginning of your upkeep, remove a time counter. When the last is removed, you may cast it without paying its mana cost. It has haste.)"
Reverse the Polarity,3.0,['U'],['U'],None,['Instant'],None,Rare,WHO,None,None,None,Choose one —\n• Counter all other spells.\n• Switch each creature's power and toughness until end of turn.\n• Creatures can't be blocked this turn.
The Curse of Fenric,4.0,"['G', 'W']","['G', 'W']",None,['Enchantment'],['Saga'],Rare,WHO,None,None,None,"(As this Saga enters and after your draw step, add a lore counter. Sacrifice after III.)\nI — For each player, destroy up to one target creature that player controls. For each creature destroyed this way, its controller creates a 3/3 green Mutant creature token with deathtouch.\nII — Target nontoken creature becomes a 6/6 legendary Horror creature named Fenric and loses all abilities.\nIII — Target Mutant fights another target creature named Fenric."
Blink,4.0,"['B', 'U']","['B', 'U']",None,['Enchantment'],['Saga'],Rare,WHO,None,None,None,"(As this Saga enters and after your draw step, add a lore counter. Sacrifice after IV.)\nI, III — Choose target creature. Its owner shuffles it into their library, then investigates. (They create a Clue token.)\nII, IV — Create a 2/2 black Alien Angel artifact creature token with first strike, vigilance, and ""Whenever an opponent casts a creature spell, this permanent isn't a creature until end of turn."""
Nyssa of Traken,4.0,['U'],['U'],['Legendary'],['Creature'],"['Human', 'Scientist']",Rare,WHO,3,4,None,"You have no maximum hand size.\nSonic Booster — Whenever Nyssa of Traken attacks, sacrifice X artifacts. When you sacrifice one or more artifacts this way, tap up to X target creatures and you draw X cards.\nDoctor's companion (You can have two commanders if the other is the Doctor.)"
Nanogene Conversion,4.0,['U'],['U'],None,['Sorcery'],None,Rare,WHO,None,None,None,"Choose target creature you control. Each other creature becomes a copy of that creature until end of turn, except it isn't legendary."
"K-9, Mark I",1.0,['U'],['U'],['Legendary'],"['Artifact', 'Creature']","['Robot', 'Dog']",Rare,WHO,1,1,None,"Negative — As long as K-9, Mark I is untapped, other legendary creatures you control have ward {1}.\nAffirmative — {1}{U}, {T}: Target legendary creature can't be blocked this turn.\nDoctor's companion (You can have two commanders if the other is the Doctor.)"
The Flood of Mars,4.0,['U'],['U'],None,['Creature'],"['Alien', 'Zombie', 'Horror']",Rare,WHO,3,3,None,"Islandwalk (This creature can't be blocked as long as defending player controls an Island.)\nWater Always Wins — Whenever The Flood of Mars attacks, put a flood counter on another target creature or land. If it's a creature, it becomes a copy of The Flood of Mars. If it's a land, it becomes an Island in addition to its other types."
Bigger on the Inside,5.0,"['G', 'R']","['G', 'R']",None,['Enchantment'],['Aura'],Uncommon,WHO,None,None,None,"Enchant artifact or land\nEnchanted permanent has ""{T}: Target player adds two mana of any one color. The next spell they cast this turn has cascade."" (When they cast their next spell, they exile cards from the top of their library until they exile a nonland card that costs less. They may cast it without paying its mana cost. They put the exiled cards on the bottom in a random order.)"
Commander's Sphere,3.0,None,None,None,['Artifact'],None,Common,WHO,None,None,None,{T}: Add one mana of any color in your commander's color identity.\nSacrifice Commander's Sphere: Draw a card.
Five Hundred Year Diary,4.0,['U'],['U'],['Legendary'],['Artifact'],['Clue'],Rare,WHO,None,None,None,"Five Hundred Year Diary enters the battlefield tapped.\n{T}: Add {U} for each Clue you control.\n{2}, Sacrifice Five Hundred Year Diary: Draw a card."
Displaced Dinosaurs,7.0,['G'],['G'],None,['Creature'],['Dinosaur'],Uncommon,WHO,7,7,None,"As a historic permanent enters the battlefield under your control, it becomes a 7/7 Dinosaur creature in addition to its other types. (Artifacts, legendaries, and Sagas are historic.)"
Susan Foreman,2.0,['G'],['G'],['Legendary'],['Creature'],['Time Lord'],Rare,WHO,1,1,None,"If you would planeswalk, instead look at the top two cards of your planar deck, put one on the bottom of your planar deck and the other on top, then planeswalk.\n{T}: Add {G}.\nDoctor's companion (You can have two commanders if the other is the Doctor.)"
"Alistair, the Brigadier",4.0,"['G', 'U', 'W']","['G', 'U', 'W']",['Legendary'],['Creature'],"['Human', 'Soldier']",Rare,WHO,3,3,None,"Whenever you cast a historic spell, create a 1/1 white Soldier creature token. (Artifacts, legendaries, and Sagas are historic.)\nWhenever Alistair attacks, you may pay {8}. If you do, creatures you control get +X/+X until end of turn, where X is the number of historic permanents you control."
Danny Pink,4.0,['U'],['U'],['Legendary'],['Creature'],"['Human', 'Soldier', 'Advisor']",Rare,WHO,4,3,None,"Mentor (Whenever this creature attacks, put a +1/+1 counter on target attacking creature with lesser power.)\nCreatures you control have ""Whenever one or more counters are put on this creature for the first time each turn, draw a card."""
Time Wipe,5.0,"['U', 'W']","['U', 'W']",None,['Sorcery'],None,Rare,WHO,None,None,None,"Return a creature you control to its owner's hand, then destroy all creatures."
Become the Pilot,5.0,['U'],['U'],None,['Enchantment'],['Aura'],Rare,WHO,None,None,None,Enchant noncommander creature\nYou control enchanted creature.\nEnchanted creature gets +2/+2 and can't be blocked unless it's attacking its owner or a permanent its owner controls.
An Unearthly Child,3.0,['U'],['U'],None,['Enchantment'],['Saga'],Rare,WHO,None,None,None,"(As this Saga enters and after your draw step, add a lore counter. Sacrifice after III.)\nI, II, III — Reveal cards from the top of your library until you reveal a Doctor card, a card with doctor's companion, or a Vehicle card. Put that card into your hand and the rest on the bottom of your library in a random order."
Sonic Screwdriver,3.0,None,None,None,['Artifact'],None,Uncommon,WHO,None,None,None,"{T}: Add one mana of any color.\n{1}, {T}: Untap another target artifact.\n{2}, {T}: Scry 1. (Look at the top card of your library. You may put that card on the bottom.)\n{3}, {T}: Target creature can't be blocked this turn."
Wilfred Mott,4.0,['W'],['W'],['Legendary'],['Creature'],"['Human', 'Soldier']",Rare,WHO,2,4,None,"Look to the Stars — At the beginning of your upkeep, put a time counter on Wilfred Mott. Then look at the top X cards of your library, where X is the number of time counters on Wilfred Mott. You may put a nonland permanent card with mana value 3 or less from among them onto the battlefield. Put the rest on the bottom of your library in a random order."
Thijarian Witness,2.0,['G'],['G'],None,['Creature'],"['Alien', 'Cleric']",Uncommon,WHO,0,4,None,"Flash\nBear Witness — Whenever another creature dies, if it was attacking or blocking alone, exile it and investigate. (Create a Clue token. It's an artifact with ""{2}, Sacrifice this artifact: Draw a card."")"
Sisterhood of Karn,2.0,['G'],['G'],None,['Creature'],['Cleric'],Rare,WHO,0,0,None,"Sisterhood of Karn enters the battlefield with a +1/+1 counter on it.\nParadox — Whenever you cast a spell from anywhere other than your hand, double the number of +1/+1 counters on Sisterhood of Karn."
Trial of a Time Lord,3.0,['W'],['W'],None,['Enchantment'],['Saga'],Rare,WHO,None,None,None,"(As this Saga enters and after your draw step, add a lore counter. Sacrifice after IV.)\nI, II, III — Exile target nontoken creature an opponent controls until Trial of a Time Lord leaves the battlefield.\nIV — Starting with you, each player votes for innocent or guilty. If guilty gets more votes, the owner of each card exiled with Trial of a Time Lord puts that card on the bottom of their library."
Rotating Fireplace,3.0,None,None,None,['Artifact'],None,Rare,WHO,None,None,None,"Rotating Fireplace enters the battlefield tapped with a time counter on it.\n{T}: Add an amount of {C} equal to the number of time counters on Rotating Fireplace.\n{4}, {T}: Time travel. Activate only as a sorcery. (For each suspended card you own and each permanent you control with a time counter on it, you may add or remove a time counter.)"
Thespian's Stage,0.0,None,None,None,['Land'],None,Rare,WHO,None,None,None,"{T}: Add {C}.\n{2}, {T}: Thespian's Stage becomes a copy of target land, except it has this ability."
Sungrass Prairie,0.0,None,"['G', 'W']",None,['Land'],None,Rare,WHO,None,None,None,"{1}, {T}: Add {G}{W}."
Tegan Jovanka,3.0,['W'],['W'],['Legendary'],['Creature'],['Human'],Rare,WHO,2,2,None,"Brave Heart — Whenever you attack, target attacking historic creature gets +1/+1 and gains indestructible until end of turn. (Artifacts, legendaries, and Sagas are historic.)\nDoctor's companion (You can have two commanders if the other is the Doctor.)"
"Leela, Sevateem Warrior",4.0,['G'],['G'],['Legendary'],['Creature'],"['Human', 'Warrior']",Rare,WHO,3,3,None,"Whenever an opponent draws a card except the first one they draw in each of their draw steps, put a +1/+1 counter on Leela, Sevateem Warrior.\nDoctor's companion (You can have two commanders if the other is the Doctor.)"
"Karvanista, Loyal Lupari // Lupari Shield",5.0,['G'],['G'],['Legendary'],['Creature'],"['Alien', 'Dog', 'Soldier']",Rare,WHO,5,5,None,"Vigilance, trample, haste\nWhenever Karvanista attacks, put a +1/+1 counter on each Human you control."
Jo Grant,3.0,['W'],['W'],['Legendary'],['Creature'],"['Human', 'Soldier']",Rare,WHO,3,2,None,"Each historic card in your hand has cycling {2}{W}. ({2}{W}, Discard that card: Draw a card.)\nWhenever you cycle a card, put a +1/+1 counter on Jo Grant.\nDoctor's companion (You can have two commanders if the other is the Doctor.)"
Search for Tomorrow,3.0,['G'],['G'],None,['Sorcery'],None,Common,WHO,None,None,None,"Search your library for a basic land card, put it onto the battlefield, then shuffle.\nSuspend 2—{G} (Rather than cast this card from your hand, you may pay {G} and exile it with two time counters on it. At the beginning of your upkeep, remove a time counter. When the last is removed, you may cast it without paying its mana cost.)"
The Girl in the Fireplace,3.0,['W'],['W'],None,['Enchantment'],['Saga'],Rare,WHO,None,None,None,"(As this Saga enters and after your draw step, add a lore counter. Sacrifice after III.)\nI — Create a 1/1 white Human Noble creature token with vanishing 3 and ""Prevent all damage that would be dealt to this creature.""\nII — Create a 2/2 white Horse creature token with ""Doctors you control have horsemanship."" (They can't be blocked except by creatures with horsemanship.)\nIII — Whenever a creature you control deals combat damage to a player this turn, time travel."
Everything Comes to Dust,10.0,['W'],['W'],None,['Sorcery'],None,Rare,WHO,None,None,None,"Convoke (Your creatures can help cast this spell. Each creature you tap while casting this spell pays for {1} or one mana of that creature's color.)\nExile all creatures except those that share a creature type with a creature that convoked this spell, all artifacts, and all enchantments."
The Five Doctors,6.0,['G'],['G'],None,['Sorcery'],None,Rare,WHO,None,None,None,"Kicker {5} (You may pay an additional {5} as you cast this spell.)\nSearch your library and/or graveyard for up to five Doctor cards, reveal them, and put them into your hand. If you search your library this way, shuffle. If this spell was kicked, put those cards onto the battlefield instead of putting them into your hand."
Crisis of Conscience,6.0,['W'],['W'],None,['Sorcery'],None,Rare,WHO,None,None,None,"Choose one —\n• Destroy all tokens.\n• Destroy all nonland, nontoken permanents."
City of Death,3.0,['G'],['G'],None,['Enchantment'],['Saga'],Rare,WHO,None,None,None,"(As this Saga enters and after your draw step, add a lore counter. Sacrifice after VI.)\nI — Create a Treasure token.\nII, III, IV, V, VI — Create a token that's a copy of target non-Saga token you control."
Graham O'Brien,2.0,['G'],['G'],['Legendary'],['Creature'],"['Human', 'Pilot']",Rare,WHO,2,2,None,"Paradox — Whenever you cast a spell from anywhere other than your hand, create a Food token. (It's an artifact with ""{2}, {T}, Sacrifice this artifact: You gain 3 life."")\nDoctor's companion (You can have two commanders if the other is the Doctor.)"
Fugitive of the Judoon,5.0,['G'],['G'],None,['Enchantment'],['Saga'],Rare,WHO,None,None,None,"(As this Saga enters and after your draw step, add a lore counter. Sacrifice after III.)\nI — Create a 1/1 white Human creature token with ward {2} and a 4/4 white Alien Rhino creature token.\nII — Investigate.\nIII — You may exile a Human you control and an artifact you control. If you do, search your library for a Doctor card, put it onto the battlefield, then shuffle."
The Caves of Androzani,4.0,['W'],['W'],None,['Enchantment'],['Saga'],Rare,WHO,None,None,None,"(As this Saga enters and after your draw step, add a lore counter. Sacrifice after IV.)\nI — Put two stun counters on each of up to two target tapped creatures.\nII, III — For each non-Saga permanent, choose a counter on it. You may put an additional counter of that kind on that permanent.\nIV — Search your library for a Doctor card, reveal it, put it into your hand, then shuffle."
River Song's Diary,3.0,None,None,None,['Artifact'],None,Rare,WHO,None,None,None,"Imprint — Whenever a player casts an instant or sorcery spell from their hand, exile it instead of putting it into a graveyard as it resolves.\nAt the beginning of your upkeep, if there are four or more cards exiled with River Song's Diary, choose one of them at random. You may cast it without paying its mana cost."
Crack in Time,4.0,['W'],['W'],None,['Enchantment'],None,Rare,WHO,None,None,None,"Vanishing 3 (This enchantment enters the battlefield with three time counters on it. At the beginning of your upkeep, remove a time counter from it. When the last is removed, sacrifice it.)\nWhen Crack in Time enters the battlefield and at the beginning of your precombat main phase, exile target creature an opponent controls until Crack in Time leaves the battlefield."
Atraxi Warden,6.0,['W'],['W'],None,['Creature'],"['Alien', 'Eye']",Uncommon,WHO,6,6,None,"Flying\nWhen Atraxi Warden enters the battlefield, exile up to one target tapped creature.\nSuspend 5—{1}{W} (Rather than cast this card from your hand, you may pay {1}{W} and exile it with five time counters on it. At the beginning of your upkeep, remove a time counter. When the last is removed, you may cast it without paying its mana cost. It has haste.)"
Adipose Offspring,4.0,['W'],['W'],None,['Creature'],['Alien'],Rare,WHO,2,2,None,"Emerge {5}{W} (You may cast this spell by sacrificing a creature and paying the emerge cost reduced by that creature's mana value.)\nWhen Adipose Offspring enters the battlefield, create a 2/2 white Alien creature token. If Adipose Offspring's emerge cost was paid, instead create X of those tokens, where X is the sacrificed creature's toughness."
Clara Oswald,6.0,None,None,['Legendary'],['Creature'],"['Human', 'Advisor']",Rare,WHO,2,6,None,"Impossible Girl — If Clara Oswald is your commander, choose a color before the game begins. Clara Oswald is the chosen color.\nIf a triggered ability of a Doctor you control triggers, that ability triggers an additional time.\nDoctor's companion (You can have two commanders if the other is the Doctor.)"
Cultivate,3.0,['G'],['G'],None,['Sorcery'],None,Common,WHO,None,None,None,"Search your library for up to two basic land cards, reveal those cards, put one onto the battlefield tapped and the other into your hand, then shuffle."
Temple of Abandon,0.0,None,"['G', 'R']",None,['Land'],None,Rare,WHO,None,None,None,"Temple of Abandon enters the battlefield tapped.\nWhen Temple of Abandon enters the battlefield, scry 1.\n{T}: Add {R} or {G}."
Carpet of Flowers,1.0,['G'],['G'],None,['Enchantment'],None,Rare,WHO,None,None,None,"At the beginning of each of your main phases, if you haven't added mana with this ability this turn, you may add X mana of any one color, where X is the number of Islands target opponent controls."
Temple of Deceit,0.0,None,"['B', 'U']",None,['Land'],None,Rare,WHO,None,None,None,"Temple of Deceit enters the battlefield tapped.\nWhen Temple of Deceit enters the battlefield, scry 1.\n{T}: Add {U} or {B}."
"Ace, Fearless Rebel",4.0,['G'],['G'],['Legendary'],['Creature'],"['Human', 'Rebel']",Rare,WHO,2,2,None,"Nitro-9 — Whenever Ace, Fearless Rebel attacks, you may sacrifice an artifact. When you do, put a +1/+1 counter on Ace, Fearless Rebel, then it fights up to one target creature defending player controls.\nDoctor's companion (You can have two commanders if the other is the Doctor.)"
Sontaran General,5.0,['R'],['R'],None,['Creature'],"['Alien', 'Soldier']",Uncommon,WHO,5,5,None,"Trample, haste\nBattalion — Whenever Sontaran General and at least two other creatures attack, for each opponent, goad up to one target creature that player controls. Those creatures can't block this turn. (Until your next turn, they attack each combat if able and attack a player other than you if able.)"
Rockfall Vale,0.0,None,"['G', 'R']",None,['Land'],None,Rare,WHO,None,None,None,Rockfall Vale enters the battlefield tapped unless you control two or more other lands.\n{T}: Add {R} or {G}.
Ryan Sinclair,3.0,['R'],['R'],['Legendary'],['Creature'],['Human'],Rare,WHO,2,2,None,"Whenever Ryan attacks, exile cards from the top of your library until you exile a nonland card. You may cast the exiled card without paying its mana cost if it's a spell with mana value less than or equal to Ryan's power. Put the exiled cards not cast this way on the bottom of your library in a random order.\nDoctor's companion (You can have two commanders if the other is the Doctor.)"
Sunbaked Canyon,0.0,None,"['R', 'W']",None,['Land'],None,Rare,WHO,None,None,None,"{T}, Pay 1 life: Add {R} or {W}.\n{1}, {T}, Sacrifice Sunbaked Canyon: Draw a card."
The Thirteenth Doctor,3.0,"['G', 'U']","['G', 'U']",['Legendary'],['Creature'],"['Time Lord', 'Doctor']",Mythic,WHO,2,2,None,"Paradox — Whenever you cast a spell from anywhere other than your hand, put a +1/+1 counter on target creature.\nTeam TARDIS — At the beginning of your end step, untap each creature you control with a counter on it."
The Parting of the Ways,6.0,['R'],['R'],None,['Enchantment'],['Saga'],Rare,WHO,None,None,None,"(As this Saga enters and after your draw step, add a lore counter. Sacrifice after III.)\nI — Exile the top five cards of your library. For each nonland card exiled this way, put a number of time counters on that card equal to its mana value. If it doesn't have suspend, it gains suspend.\nII — Time travel, then time travel.\nIII — For each opponent, destroy up to one target artifact that player controls."
Psychic Paper,2.0,None,None,None,['Artifact'],['Equipment'],Uncommon,WHO,None,None,None,"As Psychic Paper becomes attached to a creature, choose a creature card name and a creature type.\nEquipped creature has ward {1}, it can't be blocked, and its name and creature type are the last chosen name and creature type.\nEquip {2}"
Memory Worm,2.0,['R'],['R'],None,['Creature'],"['Alien', 'Worm']",Uncommon,WHO,1,1,None,"Paradox — Whenever you cast a spell from anywhere other than your hand, Memory Worm deals 2 damage to target player. That player discards a card, then draws a card. Put a +1/+1 counter on Memory Worm."
The Flux,4.0,['R'],['R'],None,['Enchantment'],['Saga'],Rare,WHO,None,None,None,"(As this Saga enters and after your draw step, add a lore counter. Sacrifice after VI.)\nI — The Flux deals 4 damage to target creature an opponent controls.\nII, III, IV, V — Exile the top card of your library. You may play that card this turn.\nVI — Add six {R}."
"Iraxxa, Empress of Mars",4.0,['R'],['R'],['Legendary'],['Creature'],"['Alien', 'Warrior']",Uncommon,WHO,5,4,None,"Trample\nBattle cry (Whenever this creature attacks, each other attacking creature gets +1/+0 until end of turn.)\nParadox — Whenever you cast a spell from anywhere other than your hand, create a 2/2 red Alien Warrior creature token."
Ensnared by the Mara,4.0,['R'],['R'],None,['Sorcery'],None,Rare,WHO,None,None,None,"Each opponent faces a villainous choice — They exile cards from the top of their library until they exile a nonland card, then you may cast that card without paying its mana cost, or that player exiles the top four cards of their library and Ensnared by the Mara deals damage equal to the total mana value of those exiled cards to that player."
Donna Noble,4.0,['R'],['R'],['Legendary'],['Creature'],['Human'],Rare,WHO,2,4,None,"Soulbond (You may pair this creature with another unpaired creature when either enters the battlefield. They remain paired for as long as you control both of them.)\nWhenever Donna or a creature it's paired with is dealt damage, Donna deals that much damage to target opponent.\nDoctor's companion (You can have two commanders if the other is the Doctor.)"
Cursed Mirror,3.0,['R'],['R'],None,['Artifact'],None,Rare,WHO,None,None,None,"{T}: Add {R}.\nAs Cursed Mirror enters the battlefield, you may have it become a copy of any creature on the battlefield until end of turn, except it has haste."
Talisman of Dominance,2.0,None,"['B', 'U']",None,['Artifact'],None,Uncommon,WHO,None,None,None,{T}: Add {C}.\n{T}: Add {U} or {B}. Talisman of Dominance deals 1 damage to you.
Island,0.0,None,['U'],['Basic'],['Land'],['Island'],Common,WHO,None,None,None,({T}: Add {U}.)
Talisman of Curiosity,2.0,None,"['G', 'U']",None,['Artifact'],None,Uncommon,WHO,None,None,None,{T}: Add {C}.\n{T}: Add {G} or {U}. Talisman of Curiosity deals 1 damage to you.
Talisman of Indulgence,2.0,None,"['B', 'R']",None,['Artifact'],None,Uncommon,WHO,None,None,None,{T}: Add {C}.\n{T}: Add {B} or {R}. Talisman of Indulgence deals 1 damage to you.
